Customer_ID,Age,Customer_Type,City,Region,Bank_Name,Branch_ID,Age_Group,Age_Group_Sort
200000,56.0,Employee,Pune,North,HDFC Bank,1350,50-59,4
200001,69.0,Unknown,Kolhapur,East,HDFC Bank,1648,60-69,5
200002,46.0,Business,Pune,West,HDFC Bank,1798,40-49,3
200003,32.0,Individual,Pune,West,HDFC Bank,1900,30-39,2
200004,,Business,Kolhapur,East,HDFC Bank,1227,Unknown,7
200005,25.0,Business,Pune,North,HDFC Bank,1015,18-29,1
200006,78.0,Business,Kolhapur,North,HDFC Bank,1809,70-79,6
200007,38.0,Business,Pune,North,HDFC Bank,1424,30-39,2
200008,56.0,Business,Solapur,West,HDFC Bank,1463,50-59,4
200009,75.0,Individual,Mumbai,South,HDFC Bank,1723,70-79,6
200010,36.0,Individual,Kolhapur,West,HDFC Bank,1245,30-39,2
200011,40.0,Business,Pune,East,HDFC Bank,1797,40-49,3
200012,28.0,Individual,Solapur,North,HDFC Bank,1793,18-29,1
200013,28.0,Individual,Mumbai,South,HDFC Bank,1176,18-29,1
200014,41.0,Employee,Unknown,North,HDFC Bank,1542,40-49,3
200015,70.0,Business,Mumbai,West,HDFC Bank,1508,70-79,6
200016,53.0,Individual,Kolhapur,South,HDFC Bank,1561,50-59,4
200017,57.0,Individual,Mumbai,South,HDFC Bank,1654,50-59,4
200018,41.0,Business,Nagpur,West,HDFC Bank,1563,40-49,3
200019,20.0,Employee,Unknown,North,HDFC Bank,1232,18-29,1
200020,39.0,Business,Nagpur,North,HDFC Bank,1677,30-39,2
200021,70.0,Employee,Kolhapur,North,HDFC Bank,1037,70-79,6
200022,19.0,Business,Kolhapur,West,HDFC Bank,1490,18-29,1
200023,41.0,Business,Mumbai,East,HDFC Bank,1443,40-49,3
200024,61.0,Business,Solapur,East,HDFC Bank,1019,60-69,5
200025,47.0,Business,Pune,North,HDFC Bank,1610,40-49,3
200026,55.0,Employee,Nashik,South,HDFC Bank,1726,50-59,4
200027,19.0,Employee,Pune,East,HDFC Bank,1555,18-29,1
200028,77.0,Unknown,Solapur,North,HDFC Bank,1110,70-79,6
200029,38.0,Business,Kolhapur,East,HDFC Bank,1486,30-39,2
200030,50.0,Employee,Unknown,North,HDFC Bank,1088,50-59,4
200031,29.0,Employee,Nagpur,East,HDFC Bank,1318,18-29,1
200032,75.0,Employee,Kolhapur,East,HDFC Bank,1117,70-79,6
200033,39.0,Business,Kolhapur,South,HDFC Bank,1433,30-39,2
200034,78.0,Individual,Mumbai,South,HDFC Bank,1917,70-79,6
200035,61.0,Employee,Solapur,East,HDFC Bank,1238,60-69,5
200036,42.0,Business,Mumbai,North,HDFC Bank,1071,40-49,3
200037,66.0,Employee,Mumbai,South,HDFC Bank,1821,60-69,5
200038,44.0,Employee,Pune,West,HDFC Bank,1904,40-49,3
200039,76.0,Individual,Unknown,South,HDFC Bank,1398,70-79,6
200040,59.0,Employee,Solapur,East,HDFC Bank,1815,50-59,4
200041,45.0,Employee,Mumbai,East,HDFC Bank,1403,40-49,3
200042,77.0,Business,Nagpur,West,HDFC Bank,1674,70-79,6
200043,33.0,Business,Nashik,South,HDFC Bank,1250,30-39,2
200044,32.0,Individual,Solapur,East,HDFC Bank,1868,30-39,2
200045,79.0,Business,Pune,West,HDFC Bank,1194,70-79,6
200046,79.0,Business,Solapur,West,HDFC Bank,1571,70-79,6
200047,64.0,Individual,Kolhapur,North,HDFC Bank,1609,60-69,5
200048,79.0,Employee,Pune,South,HDFC Bank,1929,70-79,6
200049,68.0,Individual,Nashik,South,HDFC Bank,1867,60-69,5
200050,61.0,Business,Nagpur,South,HDFC Bank,1866,60-69,5
200051,72.0,Individual,Mumbai,East,HDFC Bank,1584,70-79,6
200052,69.0,Employee,Solapur,West,HDFC Bank,1221,60-69,5
200053,74.0,Individual,Pune,North,HDFC Bank,1630,70-79,6
200054,20.0,Business,Nashik,South,HDFC Bank,1181,18-29,1
200055,54.0,Business,Mumbai,North,HDFC Bank,1895,50-59,4
200056,68.0,Individual,Nashik,North,HDFC Bank,1729,60-69,5
200057,,Employee,Nagpur,West,HDFC Bank,1255,Unknown,7
200058,38.0,Individual,Mumbai,South,HDFC Bank,1907,30-39,2
200059,26.0,Employee,Mumbai,North,HDFC Bank,1087,18-29,1
200060,,Employee,Mumbai,South,HDFC Bank,1872,Unknown,7
200061,35.0,Individual,Pune,South,HDFC Bank,1786,30-39,2
200062,21.0,Employee,Mumbai,South,HDFC Bank,1491,18-29,1
200063,42.0,Business,Nashik,North,HDFC Bank,1335,40-49,3
200064,77.0,Individual,Pune,West,HDFC Bank,1537,70-79,6
200065,31.0,Employee,Mumbai,West,HDFC Bank,1406,30-39,2
200066,67.0,Business,Nashik,North,HDFC Bank,1632,60-69,5
200067,75.0,Individual,Nashik,East,HDFC Bank,1288,70-79,6
200068,26.0,Business,Solapur,South,HDFC Bank,1361,18-29,1
200069,43.0,Business,Nashik,South,HDFC Bank,1440,40-49,3
200070,70.0,Business,Kolhapur,West,HDFC Bank,1029,70-79,6
200071,19.0,Employee,Unknown,North,HDFC Bank,1918,18-29,1
200072,37.0,Individual,Mumbai,North,HDFC Bank,1713,30-39,2
200073,45.0,Individual,Unknown,East,HDFC Bank,1893,40-49,3
200074,64.0,Employee,Mumbai,East,HDFC Bank,1547,60-69,5
200075,77.0,Unknown,Unknown,West,HDFC Bank,1636,70-79,6
200076,24.0,Business,Nashik,East,HDFC Bank,1222,18-29,1
200077,61.0,Individual,Mumbai,East,HDFC Bank,1746,60-69,5
200078,78.0,Employee,Kolhapur,North,HDFC Bank,1123,70-79,6
200079,25.0,Business,Pune,North,HDFC Bank,1981,18-29,1
200080,64.0,Employee,Pune,East,HDFC Bank,1682,60-69,5
200081,52.0,Business,Nagpur,West,HDFC Bank,1997,50-59,4
200082,31.0,Business,Solapur,East,HDFC Bank,1961,30-39,2
200083,,Individual,Nagpur,West,HDFC Bank,1692,Unknown,7
200084,53.0,Business,Mumbai,East,HDFC Bank,1214,50-59,4
200085,67.0,Employee,Mumbai,North,HDFC Bank,1117,60-69,5
200086,,Individual,Mumbai,North,HDFC Bank,1226,Unknown,7
200087,21.0,Employee,Solapur,West,HDFC Bank,1890,18-29,1
200088,19.0,Business,Unknown,East,HDFC Bank,1443,18-29,1
200089,79.0,Employee,Solapur,East,HDFC Bank,1548,70-79,6
200090,23.0,Unknown,Unknown,West,HDFC Bank,1828,18-29,1
200091,71.0,Business,Nashik,East,HDFC Bank,1607,70-79,6
200092,59.0,Individual,Unknown,South,HDFC Bank,1631,50-59,4
200093,21.0,Employee,Nagpur,North,HDFC Bank,1436,18-29,1
200094,71.0,Business,Nashik,North,HDFC Bank,1011,70-79,6
200095,46.0,Individual,Pune,West,HDFC Bank,1121,40-49,3
200096,35.0,Individual,Nagpur,East,HDFC Bank,1546,30-39,2
200097,43.0,Individual,Nagpur,West,HDFC Bank,1488,40-49,3
200098,61.0,Employee,Pune,South,HDFC Bank,1250,60-69,5
200099,51.0,Employee,Solapur,East,HDFC Bank,1578,50-59,4
200100,27.0,Employee,Solapur,South,HDFC Bank,1481,18-29,1
200101,79.0,Individual,Unknown,West,HDFC Bank,1549,70-79,6
200102,53.0,Employee,Nashik,North,HDFC Bank,1279,50-59,4
200103,31.0,Business,Pune,South,HDFC Bank,1741,30-39,2
200104,48.0,Employee,Nagpur,East,HDFC Bank,1336,40-49,3
200105,65.0,Unknown,Nagpur,West,HDFC Bank,1167,60-69,5
200106,32.0,Individual,Nagpur,West,HDFC Bank,1960,30-39,2
200107,25.0,Employee,Nashik,West,HDFC Bank,1952,18-29,1
200108,31.0,Unknown,Nashik,North,HDFC Bank,1327,30-39,2
200109,40.0,Individual,Kolhapur,West,HDFC Bank,1245,40-49,3
200110,77.0,Business,Solapur,West,HDFC Bank,1590,70-79,6
200111,74.0,Individual,Kolhapur,North,HDFC Bank,1625,70-79,6
200112,79.0,Individual,Kolhapur,West,HDFC Bank,1300,70-79,6
200113,57.0,Employee,Nashik,West,HDFC Bank,1728,50-59,4
200114,38.0,Business,Solapur,South,HDFC Bank,1199,30-39,2
200115,33.0,Individual,Solapur,West,HDFC Bank,1892,30-39,2
200116,62.0,Employee,Nagpur,North,HDFC Bank,1499,60-69,5
200117,35.0,Individual,Nashik,South,HDFC Bank,1863,30-39,2
200118,64.0,Individual,Solapur,West,HDFC Bank,1753,60-69,5
200119,70.0,Individual,Kolhapur,North,HDFC Bank,1012,70-79,6
200120,41.0,Individual,Pune,East,HDFC Bank,1365,40-49,3
200121,43.0,Individual,Pune,West,HDFC Bank,1718,40-49,3
200122,,Individual,Nashik,East,HDFC Bank,1773,Unknown,7
200123,77.0,Employee,Nagpur,South,HDFC Bank,1096,70-79,6
200124,77.0,Individual,Nagpur,North,HDFC Bank,1070,70-79,6
200125,77.0,Business,Solapur,South,HDFC Bank,1992,70-79,6
200126,62.0,Employee,Nashik,East,HDFC Bank,1814,60-69,5
200127,58.0,Business,Unknown,East,HDFC Bank,1860,50-59,4
200128,46.0,Individual,Kolhapur,East,HDFC Bank,1741,40-49,3
200129,32.0,Business,Unknown,North,HDFC Bank,1356,30-39,2
200130,62.0,Individual,Kolhapur,East,HDFC Bank,1811,60-69,5
200131,18.0,Individual,Solapur,East,HDFC Bank,1543,18-29,1
200132,42.0,Employee,Mumbai,North,HDFC Bank,1249,40-49,3
200133,24.0,Employee,Kolhapur,East,HDFC Bank,1253,18-29,1
200134,26.0,Individual,Nashik,West,HDFC Bank,1770,18-29,1
200135,41.0,Employee,Kolhapur,East,HDFC Bank,1181,40-49,3
200136,18.0,Business,Unknown,North,HDFC Bank,1851,18-29,1
200137,61.0,Employee,Solapur,East,HDFC Bank,1973,60-69,5
200138,25.0,Employee,Pune,North,HDFC Bank,1987,18-29,1
200139,41.0,Business,Mumbai,East,HDFC Bank,1165,40-49,3
200140,28.0,Employee,Kolhapur,West,HDFC Bank,1003,18-29,1
200141,68.0,Individual,Pune,North,HDFC Bank,1462,60-69,5
200142,34.0,Business,Nagpur,North,HDFC Bank,1144,30-39,2
200143,25.0,Individual,Mumbai,North,HDFC Bank,1164,18-29,1
200144,52.0,Business,Mumbai,North,HDFC Bank,1343,50-59,4
200145,52.0,Individual,Solapur,East,HDFC Bank,1997,50-59,4
200146,50.0,Individual,Kolhapur,East,HDFC Bank,1873,50-59,4
200147,,Employee,Nagpur,West,HDFC Bank,1104,Unknown,7
200148,22.0,Individual,Solapur,West,HDFC Bank,1547,18-29,1
200149,59.0,Employee,Nashik,East,HDFC Bank,1313,50-59,4
200150,56.0,Business,Pune,South,HDFC Bank,1168,50-59,4
200151,75.0,Individual,Pune,North,HDFC Bank,1519,70-79,6
200152,58.0,Individual,Solapur,East,HDFC Bank,1962,50-59,4
200153,45.0,Business,Pune,West,HDFC Bank,1925,40-49,3
200154,24.0,Business,Kolhapur,North,HDFC Bank,1597,18-29,1
200155,26.0,Individual,Pune,West,HDFC Bank,1435,18-29,1
200156,25.0,Business,Kolhapur,South,HDFC Bank,1608,18-29,1
200157,29.0,Employee,Nashik,North,HDFC Bank,1511,18-29,1
200158,51.0,Business,Nagpur,South,HDFC Bank,1408,50-59,4
200159,50.0,Business,Mumbai,South,HDFC Bank,1435,50-59,4
200160,65.0,Individual,Solapur,South,HDFC Bank,1314,60-69,5
200161,72.0,Employee,Solapur,East,HDFC Bank,1541,70-79,6
200162,,Business,Kolhapur,West,HDFC Bank,1612,Unknown,7
200163,79.0,Employee,Nashik,North,HDFC Bank,1578,70-79,6
200164,41.0,Employee,Nashik,East,HDFC Bank,1899,40-49,3
200165,54.0,Employee,Mumbai,West,HDFC Bank,1860,50-59,4
200166,52.0,Individual,Nagpur,East,HDFC Bank,1952,50-59,4
200167,61.0,Business,Solapur,West,HDFC Bank,1062,60-69,5
200168,57.0,Individual,Kolhapur,North,HDFC Bank,1031,50-59,4
200169,39.0,Business,Nashik,North,HDFC Bank,1598,30-39,2
200170,44.0,Business,Solapur,North,HDFC Bank,1210,40-49,3
200171,52.0,Individual,Kolhapur,North,HDFC Bank,1462,50-59,4
200172,18.0,Unknown,Pune,West,HDFC Bank,1562,18-29,1
200173,52.0,Employee,Solapur,East,HDFC Bank,1574,50-59,4
200174,54.0,Business,Nagpur,North,HDFC Bank,1079,50-59,4
200175,64.0,Individual,Kolhapur,North,HDFC Bank,1342,60-69,5
200176,31.0,Employee,Nagpur,North,HDFC Bank,1231,30-39,2
200177,20.0,Employee,Solapur,South,HDFC Bank,1877,18-29,1
200178,18.0,Business,Pune,North,HDFC Bank,1612,18-29,1
200179,22.0,Business,Nagpur,North,HDFC Bank,1128,18-29,1
200180,43.0,Individual,Nashik,West,HDFC Bank,1018,40-49,3
200181,72.0,Unknown,Kolhapur,South,HDFC Bank,1356,70-79,6
200182,31.0,Employee,Solapur,West,HDFC Bank,1418,30-39,2
200183,56.0,Employee,Pune,East,HDFC Bank,1958,50-59,4
200184,44.0,Employee,Nashik,South,HDFC Bank,1605,40-49,3
200185,26.0,Employee,Solapur,West,HDFC Bank,1080,18-29,1
200186,32.0,Individual,Pune,West,HDFC Bank,1614,30-39,2
200187,32.0,Individual,Nashik,East,HDFC Bank,1880,30-39,2
200188,,Business,Nagpur,East,HDFC Bank,1665,Unknown,7
200189,59.0,Business,Solapur,North,HDFC Bank,1780,50-59,4
200190,77.0,Business,Solapur,North,HDFC Bank,1117,70-79,6
200191,30.0,Individual,Nagpur,South,HDFC Bank,1853,30-39,2
200192,68.0,Employee,Mumbai,South,HDFC Bank,1493,60-69,5
200193,49.0,Business,Nashik,East,HDFC Bank,1790,40-49,3
200194,56.0,Employee,Nagpur,South,HDFC Bank,1491,50-59,4
200195,66.0,Business,Solapur,North,HDFC Bank,1874,60-69,5
200196,69.0,Business,Nashik,East,HDFC Bank,1224,60-69,5
200197,78.0,Unknown,Nashik,West,HDFC Bank,1986,70-79,6
200198,49.0,Business,Mumbai,East,HDFC Bank,1418,40-49,3
200199,,Business,Solapur,South,HDFC Bank,1779,Unknown,7
200200,47.0,Employee,Pune,North,HDFC Bank,1136,40-49,3
200201,54.0,Business,Mumbai,North,HDFC Bank,1225,50-59,4
200202,40.0,Employee,Mumbai,West,HDFC Bank,1333,40-49,3
200203,56.0,Individual,Pune,West,HDFC Bank,1228,50-59,4
200204,62.0,Business,Pune,East,HDFC Bank,1322,60-69,5
200205,32.0,Employee,Mumbai,North,HDFC Bank,1107,30-39,2
200206,60.0,Individual,Nashik,West,HDFC Bank,1811,60-69,5
200207,46.0,Individual,Nagpur,West,HDFC Bank,1444,40-49,3
200208,53.0,Individual,Nagpur,East,HDFC Bank,1916,50-59,4
200209,30.0,Employee,Mumbai,East,HDFC Bank,1006,30-39,2
200210,49.0,Business,Nashik,North,HDFC Bank,1127,40-49,3
200211,24.0,Business,Pune,South,HDFC Bank,1352,18-29,1
200212,76.0,Employee,Kolhapur,South,HDFC Bank,1994,70-79,6
200213,68.0,Business,Mumbai,North,HDFC Bank,1266,60-69,5
200214,39.0,Employee,Unknown,South,HDFC Bank,1684,30-39,2
200215,45.0,Business,Nashik,North,HDFC Bank,1927,40-49,3
200216,19.0,Individual,Solapur,North,HDFC Bank,1213,18-29,1
200217,59.0,Business,Solapur,West,HDFC Bank,1246,50-59,4
200218,62.0,Employee,Mumbai,South,HDFC Bank,1617,60-69,5
200219,79.0,Employee,Nashik,North,HDFC Bank,1594,70-79,6
200220,74.0,Individual,Solapur,South,HDFC Bank,1803,70-79,6
200221,70.0,Employee,Nashik,South,HDFC Bank,1373,70-79,6
200222,23.0,Business,Nagpur,East,HDFC Bank,1420,18-29,1
200223,,Business,Kolhapur,South,HDFC Bank,1714,Unknown,7
200224,,Individual,Solapur,North,HDFC Bank,1040,Unknown,7
200225,61.0,Employee,Solapur,West,HDFC Bank,1716,60-69,5
200226,61.0,Individual,Nashik,South,HDFC Bank,1347,60-69,5
200227,37.0,Business,Kolhapur,North,HDFC Bank,1560,30-39,2
200228,47.0,Individual,Nagpur,East,HDFC Bank,1142,40-49,3
200229,79.0,Employee,Solapur,South,HDFC Bank,1140,70-79,6
200230,28.0,Individual,Mumbai,West,HDFC Bank,1564,18-29,1
200231,75.0,Employee,Nashik,South,HDFC Bank,1106,70-79,6
200232,72.0,Employee,Nashik,North,HDFC Bank,1032,70-79,6
200233,45.0,Business,Solapur,South,HDFC Bank,1199,40-49,3
200234,42.0,Business,Nagpur,South,HDFC Bank,1118,40-49,3
200235,56.0,Business,Solapur,East,HDFC Bank,1799,50-59,4
200236,79.0,Employee,Pune,South,HDFC Bank,1228,70-79,6
200237,50.0,Individual,Solapur,West,HDFC Bank,1629,50-59,4
200238,18.0,Employee,Unknown,South,HDFC Bank,1687,18-29,1
200239,74.0,Business,Kolhapur,East,HDFC Bank,1963,70-79,6
200240,44.0,Business,Pune,North,HDFC Bank,1184,40-49,3
200241,79.0,Individual,Kolhapur,South,HDFC Bank,1829,70-79,6
200242,74.0,Business,Unknown,South,HDFC Bank,1849,70-79,6
200243,69.0,Business,Mumbai,East,HDFC Bank,1214,60-69,5
200244,30.0,Business,Nashik,East,HDFC Bank,1732,30-39,2
200245,58.0,Individual,Kolhapur,East,HDFC Bank,1129,50-59,4
200246,20.0,Employee,Nashik,South,HDFC Bank,1844,18-29,1
200247,56.0,Business,Nagpur,West,HDFC Bank,1271,50-59,4
200248,23.0,Individual,Solapur,East,HDFC Bank,1757,18-29,1
200249,25.0,Business,Mumbai,North,HDFC Bank,1634,18-29,1
200250,44.0,Individual,Pune,South,HDFC Bank,1007,40-49,3
200251,26.0,Unknown,Nagpur,North,HDFC Bank,1402,18-29,1
200252,79.0,Individual,Mumbai,North,HDFC Bank,1927,70-79,6
200253,54.0,Unknown,Mumbai,West,HDFC Bank,1578,50-59,4
200254,50.0,Employee,Pune,North,HDFC Bank,1626,50-59,4
200255,68.0,Business,Pune,East,HDFC Bank,1368,60-69,5
200256,59.0,Unknown,Nashik,East,HDFC Bank,1799,50-59,4
200257,61.0,Business,Solapur,South,HDFC Bank,1616,60-69,5
200258,41.0,Employee,Nagpur,West,HDFC Bank,1980,40-49,3
200259,32.0,Business,Solapur,West,HDFC Bank,1536,30-39,2
200260,76.0,Individual,Nagpur,North,HDFC Bank,1052,70-79,6
200261,71.0,Unknown,Mumbai,West,HDFC Bank,1246,70-79,6
200262,49.0,Employee,Unknown,North,HDFC Bank,1336,40-49,3
200263,49.0,Individual,Kolhapur,North,HDFC Bank,1280,40-49,3
200264,41.0,Business,Pune,West,HDFC Bank,1032,40-49,3
200265,58.0,Business,Pune,South,HDFC Bank,1798,50-59,4
200266,69.0,Business,Mumbai,North,HDFC Bank,1547,60-69,5
200267,66.0,Individual,Unknown,East,HDFC Bank,1342,60-69,5
200268,,Business,Nagpur,East,HDFC Bank,1890,Unknown,7
200269,66.0,Business,Mumbai,West,HDFC Bank,1238,60-69,5
200270,75.0,Business,Nagpur,West,HDFC Bank,1491,70-79,6
200271,69.0,Employee,Solapur,North,HDFC Bank,1728,60-69,5
200272,29.0,Individual,Pune,North,HDFC Bank,1176,18-29,1
200273,79.0,Unknown,Pune,East,HDFC Bank,1043,70-79,6
200274,56.0,Individual,Kolhapur,North,HDFC Bank,1303,50-59,4
200275,19.0,Employee,Kolhapur,East,HDFC Bank,1669,18-29,1
200276,20.0,Individual,Unknown,North,HDFC Bank,1268,18-29,1
200277,66.0,Unknown,Solapur,South,HDFC Bank,1682,60-69,5
200278,54.0,Employee,Solapur,South,HDFC Bank,1732,50-59,4
200279,66.0,Individual,Nashik,East,HDFC Bank,1399,60-69,5
200280,73.0,Unknown,Nagpur,South,HDFC Bank,1741,70-79,6
200281,34.0,Business,Kolhapur,South,HDFC Bank,1602,30-39,2
200282,76.0,Individual,Nagpur,West,HDFC Bank,1921,70-79,6
200283,66.0,Individual,Kolhapur,North,HDFC Bank,1970,60-69,5
200284,19.0,Employee,Nashik,West,HDFC Bank,1430,18-29,1
200285,19.0,Individual,Pune,East,HDFC Bank,1420,18-29,1
200286,45.0,Employee,Nagpur,West,HDFC Bank,1130,40-49,3
200287,71.0,Individual,Kolhapur,East,HDFC Bank,1409,70-79,6
200288,,Business,Nagpur,South,HDFC Bank,1737,Unknown,7
200289,54.0,Business,Pune,West,HDFC Bank,1224,50-59,4
200290,49.0,Individual,Mumbai,South,HDFC Bank,1142,40-49,3
200291,50.0,Employee,Kolhapur,North,HDFC Bank,1577,50-59,4
200292,18.0,Business,Mumbai,South,HDFC Bank,1539,18-29,1
200293,36.0,Employee,Nashik,North,HDFC Bank,1124,30-39,2
200294,79.0,Individual,Solapur,South,HDFC Bank,1211,70-79,6
200295,19.0,Individual,Nagpur,West,HDFC Bank,1933,18-29,1
200296,70.0,Business,Kolhapur,West,HDFC Bank,1427,70-79,6
200297,61.0,Individual,Nagpur,South,HDFC Bank,1436,60-69,5
200298,43.0,Unknown,Nashik,East,HDFC Bank,1591,40-49,3
200299,49.0,Employee,Nashik,East,HDFC Bank,1237,40-49,3
200300,23.0,Business,Nagpur,North,HDFC Bank,1643,18-29,1
200301,49.0,Business,Kolhapur,North,HDFC Bank,1327,40-49,3
200302,72.0,Employee,Pune,South,HDFC Bank,1811,70-79,6
200303,21.0,Business,Pune,West,HDFC Bank,1118,18-29,1
200304,72.0,Business,Solapur,North,HDFC Bank,1045,70-79,6
200305,28.0,Individual,Nagpur,South,HDFC Bank,1083,18-29,1
200306,73.0,Employee,Nagpur,North,HDFC Bank,1793,70-79,6
200307,76.0,Business,Kolhapur,West,HDFC Bank,1351,70-79,6
200308,34.0,Employee,Nagpur,North,HDFC Bank,1012,30-39,2
200309,55.0,Employee,Kolhapur,South,HDFC Bank,1636,50-59,4
200310,41.0,Business,Nagpur,North,HDFC Bank,1836,40-49,3
200311,22.0,Individual,Nashik,East,HDFC Bank,1171,18-29,1
200312,69.0,Employee,Mumbai,North,HDFC Bank,1233,60-69,5
200313,51.0,Business,Nagpur,West,HDFC Bank,1180,50-59,4
200314,23.0,Employee,Mumbai,West,HDFC Bank,1050,18-29,1
200315,39.0,Individual,Pune,West,HDFC Bank,1780,30-39,2
200316,28.0,Individual,Solapur,West,HDFC Bank,1680,18-29,1
200317,65.0,Individual,Pune,South,HDFC Bank,1394,60-69,5
200318,33.0,Business,Nagpur,North,HDFC Bank,1932,30-39,2
200319,50.0,Business,Kolhapur,North,HDFC Bank,1827,50-59,4
200320,26.0,Individual,Pune,North,HDFC Bank,1799,18-29,1
200321,77.0,Business,Nashik,North,HDFC Bank,1428,70-79,6
200322,76.0,Unknown,Mumbai,South,HDFC Bank,1273,70-79,6
200323,23.0,Business,Kolhapur,West,HDFC Bank,1860,18-29,1
200324,33.0,Individual,Kolhapur,North,HDFC Bank,1206,30-39,2
200325,46.0,Employee,Nagpur,North,HDFC Bank,1147,40-49,3
200326,20.0,Individual,Nashik,West,HDFC Bank,1299,18-29,1
200327,37.0,Individual,Mumbai,East,HDFC Bank,1931,30-39,2
200328,,Business,Nashik,East,HDFC Bank,1452,Unknown,7
200329,76.0,Business,Pune,West,HDFC Bank,1999,70-79,6
200330,53.0,Business,Nagpur,North,HDFC Bank,1548,50-59,4
200331,36.0,Business,Kolhapur,West,HDFC Bank,1672,30-39,2
200332,43.0,Business,Kolhapur,North,HDFC Bank,1977,40-49,3
200333,20.0,Business,Pune,North,HDFC Bank,1382,18-29,1
200334,36.0,Employee,Kolhapur,East,HDFC Bank,1786,30-39,2
200335,37.0,Individual,Solapur,East,HDFC Bank,1946,30-39,2
200336,49.0,Individual,Nagpur,North,HDFC Bank,1799,40-49,3
200337,24.0,Individual,Pune,North,HDFC Bank,1617,18-29,1
200338,,Employee,Nagpur,North,HDFC Bank,1533,Unknown,7
200339,58.0,Individual,Mumbai,East,HDFC Bank,1232,50-59,4
200340,50.0,Employee,Unknown,North,HDFC Bank,1633,50-59,4
200341,57.0,Employee,Nagpur,West,HDFC Bank,1128,50-59,4
200342,56.0,Employee,Mumbai,South,HDFC Bank,1821,50-59,4
200343,35.0,Individual,Pune,South,HDFC Bank,1728,30-39,2
200344,57.0,Employee,Nagpur,North,HDFC Bank,1659,50-59,4
200345,18.0,Individual,Nashik,West,HDFC Bank,1569,18-29,1
200346,28.0,Individual,Nagpur,North,HDFC Bank,1930,18-29,1
200347,45.0,Business,Pune,West,HDFC Bank,1236,40-49,3
200348,74.0,Business,Kolhapur,East,HDFC Bank,1581,70-79,6
200349,42.0,Employee,Mumbai,East,HDFC Bank,1965,40-49,3
200350,67.0,Employee,Kolhapur,North,HDFC Bank,1700,60-69,5
200351,40.0,Individual,Unknown,East,HDFC Bank,1753,40-49,3
200352,48.0,Employee,Solapur,North,HDFC Bank,1574,40-49,3
200353,47.0,Employee,Kolhapur,South,HDFC Bank,1484,40-49,3
200354,59.0,Individual,Nagpur,West,HDFC Bank,1240,50-59,4
200355,52.0,Employee,Nagpur,West,HDFC Bank,1956,50-59,4
200356,24.0,Employee,Mumbai,South,HDFC Bank,1696,18-29,1
200357,77.0,Individual,Nagpur,South,HDFC Bank,1770,70-79,6
200358,33.0,Individual,Nashik,South,HDFC Bank,1740,30-39,2
200359,43.0,Business,Nashik,South,HDFC Bank,1222,40-49,3
200360,65.0,Individual,Kolhapur,East,HDFC Bank,1098,60-69,5
200361,74.0,Business,Pune,West,HDFC Bank,1758,70-79,6
200362,69.0,Employee,Mumbai,West,HDFC Bank,1556,60-69,5
200363,77.0,Individual,Solapur,South,HDFC Bank,1910,70-79,6
200364,66.0,Individual,Kolhapur,North,HDFC Bank,1272,60-69,5
200365,19.0,Individual,Pune,North,HDFC Bank,1398,18-29,1
200366,18.0,Employee,Mumbai,North,HDFC Bank,1516,18-29,1
200367,65.0,Business,Mumbai,North,HDFC Bank,1981,60-69,5
200368,79.0,Employee,Kolhapur,East,HDFC Bank,1429,70-79,6
200369,29.0,Employee,Pune,West,HDFC Bank,1522,18-29,1
200370,22.0,Individual,Pune,West,HDFC Bank,1959,18-29,1
200371,54.0,Business,Nagpur,West,HDFC Bank,1347,50-59,4
200372,49.0,Unknown,Solapur,North,HDFC Bank,1909,40-49,3
200373,76.0,Individual,Nashik,South,HDFC Bank,1550,70-79,6
200374,,Unknown,Nagpur,North,HDFC Bank,1450,Unknown,7
200375,26.0,Employee,Mumbai,West,HDFC Bank,1950,18-29,1
200376,58.0,Individual,Solapur,North,HDFC Bank,1041,50-59,4
200377,52.0,Individual,Solapur,South,HDFC Bank,1714,50-59,4
200378,36.0,Business,Pune,South,HDFC Bank,1093,30-39,2
200379,65.0,Employee,Solapur,North,HDFC Bank,1485,60-69,5
200380,33.0,Individual,Kolhapur,West,HDFC Bank,1516,30-39,2
200381,20.0,Individual,Solapur,East,HDFC Bank,1563,18-29,1
200382,37.0,Business,Mumbai,West,HDFC Bank,1149,30-39,2
200383,41.0,Business,Kolhapur,East,HDFC Bank,1716,40-49,3
200384,71.0,Individual,Kolhapur,West,HDFC Bank,1811,70-79,6
200385,73.0,Business,Nagpur,North,HDFC Bank,1498,70-79,6
200386,50.0,Individual,Solapur,East,HDFC Bank,1370,50-59,4
200387,41.0,Employee,Pune,West,HDFC Bank,1980,40-49,3
200388,69.0,Business,Nagpur,North,HDFC Bank,1698,60-69,5
200389,28.0,Employee,Pune,West,HDFC Bank,1484,18-29,1
200390,66.0,Employee,Solapur,South,HDFC Bank,1664,60-69,5
200391,25.0,Employee,Nagpur,South,HDFC Bank,1382,18-29,1
200392,53.0,Individual,Solapur,West,HDFC Bank,1627,50-59,4
200393,55.0,Employee,Mumbai,North,HDFC Bank,1660,50-59,4
200394,57.0,Employee,Nagpur,West,HDFC Bank,1731,50-59,4
200395,37.0,Employee,Pune,North,HDFC Bank,1191,30-39,2
200396,79.0,Individual,Mumbai,East,HDFC Bank,1744,70-79,6
200397,52.0,Employee,Nashik,South,HDFC Bank,1835,50-59,4
200398,65.0,Employee,Pune,East,HDFC Bank,1220,60-69,5
200399,79.0,Business,Solapur,North,HDFC Bank,1046,70-79,6
200400,42.0,Individual,Pune,West,HDFC Bank,1126,40-49,3
200401,52.0,Employee,Nashik,South,HDFC Bank,1802,50-59,4
200402,42.0,Business,Pune,North,HDFC Bank,1726,40-49,3
200403,46.0,Individual,Mumbai,North,HDFC Bank,1006,40-49,3
200404,35.0,Individual,Kolhapur,South,HDFC Bank,1695,30-39,2
200405,63.0,Individual,Pune,West,HDFC Bank,1115,60-69,5
200406,35.0,Individual,Nagpur,South,HDFC Bank,1563,30-39,2
200407,19.0,Individual,Nashik,West,HDFC Bank,1365,18-29,1
200408,71.0,Individual,Pune,West,HDFC Bank,1045,70-79,6
200409,52.0,Employee,Nashik,North,HDFC Bank,1392,50-59,4
200410,33.0,Employee,Kolhapur,West,HDFC Bank,1953,30-39,2
200411,78.0,Employee,Mumbai,West,HDFC Bank,1022,70-79,6
200412,58.0,Employee,Nagpur,South,HDFC Bank,1130,50-59,4
200413,53.0,Business,Solapur,South,HDFC Bank,1126,50-59,4
200414,50.0,Employee,Pune,West,HDFC Bank,1444,50-59,4
200415,21.0,Individual,Mumbai,North,HDFC Bank,1776,18-29,1
200416,50.0,Employee,Nashik,South,HDFC Bank,1308,50-59,4
200417,31.0,Employee,Kolhapur,East,HDFC Bank,1707,30-39,2
200418,38.0,Individual,Nashik,North,HDFC Bank,1432,30-39,2
200419,65.0,Unknown,Kolhapur,South,HDFC Bank,1472,60-69,5
200420,37.0,Employee,Kolhapur,South,HDFC Bank,1965,30-39,2
200421,73.0,Employee,Mumbai,East,HDFC Bank,1047,70-79,6
200422,25.0,Business,Pune,West,HDFC Bank,1890,18-29,1
200423,24.0,Employee,Solapur,South,HDFC Bank,1081,18-29,1
200424,20.0,Individual,Pune,East,HDFC Bank,1108,18-29,1
200425,34.0,Individual,Nagpur,East,HDFC Bank,1262,30-39,2
200426,50.0,Employee,Pune,South,HDFC Bank,1866,50-59,4
200427,65.0,Employee,Kolhapur,North,HDFC Bank,1030,60-69,5
200428,29.0,Unknown,Kolhapur,South,HDFC Bank,1357,18-29,1
200429,76.0,Individual,Nagpur,East,HDFC Bank,1567,70-79,6
200430,68.0,Individual,Nashik,South,HDFC Bank,1479,60-69,5
200431,39.0,Business,Kolhapur,North,HDFC Bank,1866,30-39,2
200432,,Business,Nagpur,West,HDFC Bank,1188,Unknown,7
200433,39.0,Business,Kolhapur,West,HDFC Bank,1987,30-39,2
200434,63.0,Individual,Solapur,South,HDFC Bank,1004,60-69,5
200435,47.0,Business,Kolhapur,South,HDFC Bank,1285,40-49,3
200436,55.0,Employee,Mumbai,East,HDFC Bank,1789,50-59,4
200437,55.0,Employee,Nagpur,North,HDFC Bank,1656,50-59,4
200438,62.0,Unknown,Pune,East,HDFC Bank,1393,60-69,5
200439,68.0,Business,Nagpur,East,HDFC Bank,1454,60-69,5
200440,71.0,Employee,Nashik,West,HDFC Bank,1707,70-79,6
200441,25.0,Individual,Kolhapur,East,HDFC Bank,1425,18-29,1
200442,44.0,Business,Nagpur,East,HDFC Bank,1026,40-49,3
200443,44.0,Employee,Solapur,West,HDFC Bank,1126,40-49,3
200444,51.0,Business,Nagpur,West,HDFC Bank,1134,50-59,4
200445,38.0,Individual,Solapur,North,HDFC Bank,1534,30-39,2
200446,47.0,Business,Kolhapur,North,HDFC Bank,1330,40-49,3
200447,50.0,Individual,Pune,North,HDFC Bank,1628,50-59,4
200448,45.0,Business,Kolhapur,South,HDFC Bank,1391,40-49,3
200449,64.0,Employee,Nashik,West,HDFC Bank,1007,60-69,5
200450,50.0,Unknown,Mumbai,South,HDFC Bank,1612,50-59,4
200451,22.0,Individual,Pune,South,HDFC Bank,1260,18-29,1
200452,77.0,Individual,Pune,North,HDFC Bank,1198,70-79,6
200453,78.0,Business,Mumbai,West,HDFC Bank,1597,70-79,6
200454,65.0,Business,Nagpur,South,HDFC Bank,1739,60-69,5
200455,36.0,Employee,Kolhapur,East,HDFC Bank,1385,30-39,2
200456,21.0,Individual,Unknown,East,HDFC Bank,1471,18-29,1
200457,52.0,Individual,Nagpur,West,HDFC Bank,1178,50-59,4
200458,66.0,Business,Kolhapur,South,HDFC Bank,1449,60-69,5
200459,34.0,Business,Nashik,North,HDFC Bank,1239,30-39,2
200460,61.0,Employee,Pune,South,HDFC Bank,1523,60-69,5
200461,45.0,Employee,Solapur,East,HDFC Bank,1814,40-49,3
200462,47.0,Business,Mumbai,East,HDFC Bank,1745,40-49,3
200463,46.0,Unknown,Pune,North,HDFC Bank,1182,40-49,3
200464,63.0,Employee,Nagpur,West,HDFC Bank,1793,60-69,5
200465,70.0,Business,Mumbai,South,HDFC Bank,1357,70-79,6
200466,23.0,Business,Solapur,East,HDFC Bank,1375,18-29,1
200467,52.0,Unknown,Pune,South,HDFC Bank,1940,50-59,4
200468,77.0,Business,Pune,North,HDFC Bank,1701,70-79,6
200469,58.0,Business,Nashik,North,HDFC Bank,1837,50-59,4
200470,54.0,Employee,Pune,West,HDFC Bank,1726,50-59,4
200471,41.0,Business,Pune,North,HDFC Bank,1769,40-49,3
200472,46.0,Business,Solapur,West,HDFC Bank,1537,40-49,3
200473,66.0,Employee,Solapur,South,HDFC Bank,1781,60-69,5
200474,63.0,Individual,Mumbai,East,HDFC Bank,1081,60-69,5
200475,70.0,Individual,Nagpur,East,HDFC Bank,1357,70-79,6
200476,48.0,Employee,Solapur,West,HDFC Bank,1184,40-49,3
200477,52.0,Employee,Unknown,East,HDFC Bank,1287,50-59,4
200478,77.0,Individual,Pune,West,HDFC Bank,1061,70-79,6
200479,50.0,Individual,Mumbai,West,HDFC Bank,1882,50-59,4
200480,69.0,Individual,Mumbai,South,HDFC Bank,1506,60-69,5
200481,78.0,Individual,Mumbai,South,HDFC Bank,1461,70-79,6
200482,38.0,Individual,Kolhapur,North,HDFC Bank,1029,30-39,2
200483,49.0,Employee,Mumbai,West,HDFC Bank,1908,40-49,3
200484,40.0,Unknown,Solapur,South,HDFC Bank,1935,40-49,3
200485,50.0,Individual,Kolhapur,West,HDFC Bank,1030,50-59,4
200486,20.0,Unknown,Nagpur,West,HDFC Bank,1292,18-29,1
200487,35.0,Business,Mumbai,West,HDFC Bank,1172,30-39,2
200488,42.0,Business,Nashik,South,HDFC Bank,1613,40-49,3
200489,59.0,Business,Pune,West,HDFC Bank,1127,50-59,4
200490,48.0,Business,Pune,West,HDFC Bank,1085,40-49,3
200491,71.0,Business,Kolhapur,North,HDFC Bank,1314,70-79,6
200492,75.0,Business,Pune,West,HDFC Bank,1027,70-79,6
200493,20.0,Employee,Pune,North,HDFC Bank,1121,18-29,1
200494,57.0,Business,Kolhapur,West,HDFC Bank,1250,50-59,4
200495,63.0,Business,Pune,North,HDFC Bank,1572,60-69,5
200496,41.0,Employee,Mumbai,South,HDFC Bank,1402,40-49,3
200497,67.0,Business,Nagpur,South,HDFC Bank,1682,60-69,5
200498,49.0,Individual,Kolhapur,East,HDFC Bank,1442,40-49,3
200499,64.0,Individual,Nashik,West,HDFC Bank,1271,60-69,5
200500,39.0,Business,Kolhapur,East,HDFC Bank,1836,30-39,2
200501,40.0,Employee,Solapur,East,HDFC Bank,1811,40-49,3
200502,19.0,Individual,Nashik,North,HDFC Bank,1112,18-29,1
200503,44.0,Employee,Solapur,South,HDFC Bank,1705,40-49,3
200504,59.0,Individual,Kolhapur,West,HDFC Bank,1393,50-59,4
200505,19.0,Business,Solapur,West,HDFC Bank,1942,18-29,1
200506,43.0,Employee,Nashik,North,HDFC Bank,1018,40-49,3
200507,34.0,Employee,Mumbai,East,HDFC Bank,1851,30-39,2
200508,,Employee,Kolhapur,North,HDFC Bank,1604,Unknown,7
200509,50.0,Individual,Kolhapur,East,HDFC Bank,1728,50-59,4
200510,26.0,Individual,Pune,West,HDFC Bank,1464,18-29,1
200511,60.0,Individual,Kolhapur,North,HDFC Bank,1690,60-69,5
200512,71.0,Business,Kolhapur,East,HDFC Bank,1908,70-79,6
200513,65.0,Individual,Mumbai,North,HDFC Bank,1190,60-69,5
200514,56.0,Business,Pune,South,HDFC Bank,1492,50-59,4
200515,46.0,Employee,Nagpur,North,HDFC Bank,1911,40-49,3
200516,59.0,Unknown,Solapur,West,HDFC Bank,1948,50-59,4
200517,72.0,Business,Nashik,North,HDFC Bank,1162,70-79,6
200518,43.0,Individual,Nagpur,West,HDFC Bank,1611,40-49,3
200519,52.0,Business,Pune,West,HDFC Bank,1698,50-59,4
200520,67.0,Employee,Mumbai,North,HDFC Bank,1294,60-69,5
200521,42.0,Employee,Nashik,North,HDFC Bank,1578,40-49,3
200522,41.0,Business,Solapur,North,HDFC Bank,1072,40-49,3
200523,30.0,Individual,Kolhapur,South,HDFC Bank,1743,30-39,2
200524,77.0,Individual,Kolhapur,South,HDFC Bank,1700,70-79,6
200525,75.0,Business,Nagpur,East,HDFC Bank,1561,70-79,6
200526,24.0,Business,Solapur,North,HDFC Bank,1308,18-29,1
200527,74.0,Individual,Pune,East,HDFC Bank,1301,70-79,6
200528,53.0,Employee,Solapur,East,HDFC Bank,1307,50-59,4
200529,62.0,Business,Mumbai,West,HDFC Bank,1123,60-69,5
200530,,Individual,Nagpur,East,HDFC Bank,1668,Unknown,7
200531,18.0,Individual,Nagpur,North,HDFC Bank,1260,18-29,1
200532,25.0,Employee,Mumbai,South,HDFC Bank,1194,18-29,1
200533,63.0,Employee,Solapur,East,HDFC Bank,1841,60-69,5
200534,33.0,Employee,Mumbai,East,HDFC Bank,1350,30-39,2
200535,31.0,Employee,Nashik,South,HDFC Bank,1842,30-39,2
200536,29.0,Unknown,Mumbai,East,HDFC Bank,1767,18-29,1
200537,68.0,Business,Unknown,North,HDFC Bank,1976,60-69,5
200538,40.0,Individual,Unknown,East,HDFC Bank,1935,40-49,3
200539,32.0,Business,Pune,West,HDFC Bank,1488,30-39,2
200540,45.0,Business,Kolhapur,East,HDFC Bank,1199,40-49,3
200541,51.0,Business,Mumbai,West,HDFC Bank,1883,50-59,4
200542,19.0,Business,Kolhapur,South,HDFC Bank,1507,18-29,1
200543,49.0,Business,Mumbai,South,HDFC Bank,1897,40-49,3
200544,40.0,Employee,Solapur,East,HDFC Bank,1579,40-49,3
200545,39.0,Employee,Nashik,East,HDFC Bank,1445,30-39,2
200546,68.0,Individual,Nashik,South,HDFC Bank,1079,60-69,5
200547,42.0,Business,Kolhapur,West,HDFC Bank,1744,40-49,3
200548,75.0,Individual,Solapur,South,HDFC Bank,1697,70-79,6
200549,79.0,Employee,Solapur,South,HDFC Bank,1616,70-79,6
200550,78.0,Employee,Solapur,West,HDFC Bank,1468,70-79,6
200551,39.0,Employee,Pune,South,HDFC Bank,1836,30-39,2
200552,,Business,Nagpur,East,HDFC Bank,1441,Unknown,7
200553,75.0,Business,Mumbai,East,HDFC Bank,1930,70-79,6
200554,39.0,Employee,Solapur,South,HDFC Bank,1653,30-39,2
200555,66.0,Individual,Solapur,East,HDFC Bank,1910,60-69,5
200556,69.0,Individual,Solapur,North,HDFC Bank,1901,60-69,5
200557,59.0,Unknown,Nashik,South,HDFC Bank,1271,50-59,4
200558,23.0,Individual,Solapur,North,HDFC Bank,1342,18-29,1
200559,32.0,Employee,Unknown,South,HDFC Bank,1123,30-39,2
200560,71.0,Individual,Solapur,South,HDFC Bank,1222,70-79,6
200561,60.0,Employee,Mumbai,North,HDFC Bank,1489,60-69,5
200562,77.0,Individual,Pune,South,HDFC Bank,1685,70-79,6
200563,54.0,Business,Nagpur,East,HDFC Bank,1702,50-59,4
200564,50.0,Employee,Unknown,North,HDFC Bank,1651,50-59,4
200565,,Employee,Mumbai,South,HDFC Bank,1296,Unknown,7
200566,,Individual,Kolhapur,East,HDFC Bank,1118,Unknown,7
200567,77.0,Employee,Pune,North,HDFC Bank,1786,70-79,6
200568,61.0,Employee,Nagpur,North,HDFC Bank,1075,60-69,5
200569,61.0,Employee,Nagpur,East,HDFC Bank,1620,60-69,5
200570,22.0,Business,Nagpur,South,HDFC Bank,1630,18-29,1
200571,56.0,Business,Mumbai,South,HDFC Bank,1972,50-59,4
200572,21.0,Unknown,Pune,North,HDFC Bank,1880,18-29,1
200573,23.0,Business,Solapur,West,HDFC Bank,1257,18-29,1
200574,62.0,Individual,Kolhapur,South,HDFC Bank,1531,60-69,5
200575,49.0,Business,Pune,South,HDFC Bank,1630,40-49,3
200576,69.0,Unknown,Pune,East,HDFC Bank,1350,60-69,5
200577,47.0,Business,Pune,West,HDFC Bank,1648,40-49,3
200578,64.0,Business,Mumbai,West,HDFC Bank,1276,60-69,5
200579,52.0,Individual,Kolhapur,North,HDFC Bank,1254,50-59,4
200580,72.0,Employee,Mumbai,East,HDFC Bank,1263,70-79,6
200581,57.0,Employee,Kolhapur,East,HDFC Bank,1678,50-59,4
200582,69.0,Unknown,Kolhapur,South,HDFC Bank,1676,60-69,5
200583,33.0,Individual,Mumbai,North,HDFC Bank,1028,30-39,2
200584,30.0,Employee,Kolhapur,South,HDFC Bank,1466,30-39,2
200585,67.0,Individual,Pune,West,HDFC Bank,1034,60-69,5
200586,77.0,Employee,Mumbai,East,HDFC Bank,1748,70-79,6
200587,59.0,Individual,Kolhapur,North,HDFC Bank,1293,50-59,4
200588,47.0,Business,Nagpur,South,HDFC Bank,1601,40-49,3
200589,36.0,Individual,Mumbai,South,HDFC Bank,1202,30-39,2
200590,,Employee,Nashik,West,HDFC Bank,1739,Unknown,7
200591,73.0,Business,Mumbai,East,HDFC Bank,1930,70-79,6
200592,36.0,Individual,Mumbai,West,HDFC Bank,1067,30-39,2
200593,45.0,Employee,Mumbai,South,HDFC Bank,1130,40-49,3
200594,75.0,Business,Kolhapur,East,HDFC Bank,1876,70-79,6
200595,72.0,Individual,Mumbai,East,HDFC Bank,1110,70-79,6
200596,,Employee,Nashik,West,HDFC Bank,1523,Unknown,7
200597,54.0,Individual,Solapur,East,HDFC Bank,1287,50-59,4
200598,43.0,Individual,Mumbai,West,HDFC Bank,1686,40-49,3
200599,70.0,Business,Nagpur,East,HDFC Bank,1830,70-79,6
200600,79.0,Business,Nashik,East,HDFC Bank,1665,70-79,6
200601,40.0,Employee,Solapur,North,HDFC Bank,1042,40-49,3
200602,26.0,Business,Kolhapur,East,HDFC Bank,1874,18-29,1
200603,29.0,Employee,Mumbai,South,HDFC Bank,1716,18-29,1
200604,70.0,Individual,Solapur,North,HDFC Bank,1683,70-79,6
200605,,Individual,Nagpur,West,HDFC Bank,1293,Unknown,7
200606,75.0,Employee,Nashik,South,HDFC Bank,1284,70-79,6
200607,,Individual,Nashik,West,HDFC Bank,1822,Unknown,7
200608,18.0,Business,Kolhapur,West,HDFC Bank,1563,18-29,1
200609,64.0,Individual,Kolhapur,South,HDFC Bank,1626,60-69,5
200610,51.0,Business,Kolhapur,West,HDFC Bank,1018,50-59,4
200611,49.0,Employee,Solapur,North,HDFC Bank,1506,40-49,3
200612,79.0,Employee,Mumbai,South,HDFC Bank,1546,70-79,6
200613,71.0,Individual,Unknown,West,HDFC Bank,1047,70-79,6
200614,65.0,Unknown,Nashik,West,HDFC Bank,1744,60-69,5
200615,42.0,Business,Pune,East,HDFC Bank,1218,40-49,3
200616,57.0,Business,Nashik,East,HDFC Bank,1621,50-59,4
200617,62.0,Individual,Kolhapur,West,HDFC Bank,1765,60-69,5
200618,70.0,Individual,Mumbai,South,HDFC Bank,1187,70-79,6
200619,18.0,Employee,Mumbai,North,HDFC Bank,1030,18-29,1
200620,33.0,Employee,Nashik,West,HDFC Bank,1258,30-39,2
200621,78.0,Employee,Solapur,West,HDFC Bank,1674,70-79,6
200622,56.0,Individual,Kolhapur,West,HDFC Bank,1343,50-59,4
200623,22.0,Individual,Mumbai,East,HDFC Bank,1307,18-29,1
200624,39.0,Individual,Mumbai,South,HDFC Bank,1070,30-39,2
200625,46.0,Employee,Nagpur,West,HDFC Bank,1306,40-49,3
200626,72.0,Individual,Mumbai,East,HDFC Bank,1567,70-79,6
200627,20.0,Business,Nagpur,West,HDFC Bank,1098,18-29,1
200628,,Individual,Mumbai,West,HDFC Bank,1020,Unknown,7
200629,43.0,Individual,Mumbai,South,HDFC Bank,1896,40-49,3
200630,33.0,Individual,Solapur,East,HDFC Bank,1619,30-39,2
200631,68.0,Individual,Unknown,North,HDFC Bank,1564,60-69,5
200632,54.0,Individual,Kolhapur,South,HDFC Bank,1005,50-59,4
200633,39.0,Business,Unknown,North,HDFC Bank,1230,30-39,2
200634,74.0,Business,Kolhapur,East,HDFC Bank,1993,70-79,6
200635,46.0,Individual,Kolhapur,East,HDFC Bank,1081,40-49,3
200636,31.0,Employee,Kolhapur,North,HDFC Bank,1957,30-39,2
200637,45.0,Individual,Kolhapur,East,HDFC Bank,1216,40-49,3
200638,22.0,Individual,Nashik,South,HDFC Bank,1334,18-29,1
200639,64.0,Individual,Nashik,West,HDFC Bank,1558,60-69,5
200640,66.0,Employee,Mumbai,North,HDFC Bank,1863,60-69,5
200641,47.0,Employee,Nashik,West,HDFC Bank,1873,40-49,3
200642,63.0,Employee,Mumbai,North,HDFC Bank,1752,60-69,5
200643,79.0,Business,Unknown,West,HDFC Bank,1689,70-79,6
200644,69.0,Employee,Pune,West,HDFC Bank,1593,60-69,5
200645,22.0,Business,Nagpur,South,HDFC Bank,1798,18-29,1
200646,29.0,Business,Nashik,West,HDFC Bank,1703,18-29,1
200647,33.0,Employee,Nashik,North,HDFC Bank,1924,30-39,2
200648,43.0,Employee,Solapur,West,HDFC Bank,1654,40-49,3
200649,43.0,Employee,Nashik,East,HDFC Bank,1825,40-49,3
200650,65.0,Business,Mumbai,West,HDFC Bank,1790,60-69,5
200651,38.0,Individual,Mumbai,West,HDFC Bank,1933,30-39,2
200652,56.0,Employee,Pune,East,HDFC Bank,1552,50-59,4
200653,53.0,Employee,Pune,East,HDFC Bank,1458,50-59,4
200654,50.0,Employee,Pune,North,HDFC Bank,1782,50-59,4
200655,79.0,Business,Mumbai,East,HDFC Bank,1086,70-79,6
200656,47.0,Business,Kolhapur,East,HDFC Bank,1514,40-49,3
200657,54.0,Individual,Kolhapur,North,HDFC Bank,1722,50-59,4
200658,40.0,Employee,Pune,North,HDFC Bank,1512,40-49,3
200659,75.0,Business,Pune,West,HDFC Bank,1983,70-79,6
200660,27.0,Individual,Mumbai,South,HDFC Bank,1586,18-29,1
200661,71.0,Employee,Solapur,North,HDFC Bank,1477,70-79,6
200662,,Business,Nashik,East,HDFC Bank,1497,Unknown,7
200663,53.0,Unknown,Nagpur,West,HDFC Bank,1906,50-59,4
200664,51.0,Employee,Kolhapur,East,HDFC Bank,1955,50-59,4
200665,69.0,Business,Kolhapur,North,HDFC Bank,1742,60-69,5
200666,48.0,Business,Mumbai,South,HDFC Bank,1448,40-49,3
200667,27.0,Business,Mumbai,West,HDFC Bank,1587,18-29,1
200668,75.0,Employee,Nagpur,North,HDFC Bank,1259,70-79,6
200669,36.0,Employee,Nagpur,North,HDFC Bank,1536,30-39,2
200670,75.0,Individual,Pune,East,HDFC Bank,1199,70-79,6
200671,49.0,Employee,Nagpur,South,HDFC Bank,1462,40-49,3
200672,18.0,Business,Unknown,North,HDFC Bank,1938,18-29,1
200673,73.0,Employee,Nashik,East,HDFC Bank,1093,70-79,6
200674,,Individual,Kolhapur,West,HDFC Bank,1935,Unknown,7
200675,62.0,Individual,Nashik,East,HDFC Bank,1351,60-69,5
200676,21.0,Business,Nashik,West,HDFC Bank,1107,18-29,1
200677,33.0,Business,Nashik,East,HDFC Bank,1354,30-39,2
200678,41.0,Individual,Pune,South,HDFC Bank,1468,40-49,3
200679,33.0,Individual,Kolhapur,East,HDFC Bank,1094,30-39,2
200680,72.0,Individual,Mumbai,South,HDFC Bank,1867,70-79,6
200681,19.0,Business,Kolhapur,South,HDFC Bank,1090,18-29,1
200682,66.0,Individual,Kolhapur,West,HDFC Bank,1043,60-69,5
200683,45.0,Individual,Kolhapur,East,HDFC Bank,1455,40-49,3
200684,49.0,Business,Unknown,East,HDFC Bank,1954,40-49,3
200685,44.0,Employee,Mumbai,East,HDFC Bank,1383,40-49,3
200686,37.0,Employee,Nagpur,South,HDFC Bank,1022,30-39,2
200687,41.0,Individual,Pune,North,HDFC Bank,1701,40-49,3
200688,29.0,Employee,Pune,East,HDFC Bank,1022,18-29,1
200689,67.0,Employee,Solapur,East,HDFC Bank,1233,60-69,5
200690,52.0,Employee,Solapur,North,HDFC Bank,1697,50-59,4
200691,77.0,Employee,Pune,West,HDFC Bank,1310,70-79,6
200692,50.0,Individual,Pune,East,HDFC Bank,1416,50-59,4
200693,50.0,Employee,Nagpur,North,HDFC Bank,1332,50-59,4
200694,78.0,Employee,Pune,East,HDFC Bank,1574,70-79,6
200695,68.0,Business,Mumbai,South,HDFC Bank,1102,60-69,5
200696,60.0,Individual,Unknown,North,HDFC Bank,1499,60-69,5
200697,54.0,Business,Pune,South,HDFC Bank,1827,50-59,4
200698,29.0,Business,Unknown,North,HDFC Bank,1482,18-29,1
200699,20.0,Individual,Nagpur,West,HDFC Bank,1188,18-29,1
200700,18.0,Employee,Nashik,South,HDFC Bank,1847,18-29,1
200701,50.0,Business,Solapur,East,HDFC Bank,1459,50-59,4
200702,57.0,Individual,Nagpur,North,HDFC Bank,1188,50-59,4
200703,27.0,Employee,Unknown,East,HDFC Bank,1350,18-29,1
200704,60.0,Individual,Nagpur,West,HDFC Bank,1580,60-69,5
200705,61.0,Business,Kolhapur,North,HDFC Bank,1113,60-69,5
200706,46.0,Employee,Nashik,West,HDFC Bank,1103,40-49,3
200707,30.0,Employee,Pune,North,HDFC Bank,1619,30-39,2
200708,29.0,Individual,Nagpur,South,HDFC Bank,1507,18-29,1
200709,48.0,Employee,Nashik,East,HDFC Bank,1344,40-49,3
200710,63.0,Business,Mumbai,South,HDFC Bank,1020,60-69,5
200711,19.0,Business,Nashik,South,HDFC Bank,1386,18-29,1
200712,78.0,Business,Solapur,South,HDFC Bank,1943,70-79,6
200713,68.0,Individual,Solapur,South,HDFC Bank,1777,60-69,5
200714,67.0,Employee,Pune,North,HDFC Bank,1854,60-69,5
200715,52.0,Employee,Kolhapur,East,HDFC Bank,1208,50-59,4
200716,40.0,Employee,Pune,North,HDFC Bank,1681,40-49,3
200717,34.0,Business,Kolhapur,North,HDFC Bank,1482,30-39,2
200718,43.0,Employee,Kolhapur,North,HDFC Bank,1472,40-49,3
200719,25.0,Unknown,Kolhapur,South,HDFC Bank,1705,18-29,1
200720,46.0,Employee,Kolhapur,West,HDFC Bank,1858,40-49,3
200721,43.0,Business,Solapur,South,HDFC Bank,1941,40-49,3
200722,27.0,Employee,Solapur,North,HDFC Bank,1392,18-29,1
200723,43.0,Individual,Nagpur,South,HDFC Bank,1634,40-49,3
200724,79.0,Individual,Solapur,East,HDFC Bank,1688,70-79,6
200725,51.0,Business,Pune,East,HDFC Bank,1515,50-59,4
200726,68.0,Business,Solapur,South,HDFC Bank,1187,60-69,5
200727,58.0,Employee,Pune,South,HDFC Bank,1345,50-59,4
200728,24.0,Employee,Mumbai,West,HDFC Bank,1351,18-29,1
200729,21.0,Individual,Solapur,South,HDFC Bank,1540,18-29,1
200730,75.0,Employee,Pune,South,HDFC Bank,1597,70-79,6
200731,70.0,Business,Kolhapur,West,HDFC Bank,1046,70-79,6
200732,67.0,Business,Unknown,South,HDFC Bank,1076,60-69,5
200733,62.0,Business,Kolhapur,South,HDFC Bank,1342,60-69,5
200734,28.0,Business,Nagpur,South,HDFC Bank,1190,18-29,1
200735,46.0,Business,Pune,South,HDFC Bank,1542,40-49,3
200736,73.0,Individual,Kolhapur,South,HDFC Bank,1818,70-79,6
200737,53.0,Individual,Solapur,North,HDFC Bank,1680,50-59,4
200738,42.0,Business,Solapur,South,HDFC Bank,1035,40-49,3
200739,38.0,Employee,Mumbai,West,HDFC Bank,1756,30-39,2
200740,78.0,Business,Nashik,South,HDFC Bank,1423,70-79,6
200741,74.0,Individual,Pune,North,HDFC Bank,1350,70-79,6
200742,53.0,Business,Kolhapur,West,HDFC Bank,1187,50-59,4
200743,27.0,Individual,Nashik,West,HDFC Bank,1526,18-29,1
200744,54.0,Individual,Mumbai,South,HDFC Bank,1333,50-59,4
200745,26.0,Business,Nagpur,East,HDFC Bank,1482,18-29,1
200746,41.0,Unknown,Nashik,North,HDFC Bank,1215,40-49,3
200747,52.0,Employee,Mumbai,East,HDFC Bank,1157,50-59,4
200748,66.0,Individual,Pune,South,HDFC Bank,1925,60-69,5
200749,52.0,Employee,Nagpur,North,HDFC Bank,1666,50-59,4
200750,65.0,Business,Solapur,East,HDFC Bank,1240,60-69,5
200751,53.0,Individual,Mumbai,North,HDFC Bank,1295,50-59,4
200752,,Employee,Solapur,South,HDFC Bank,1461,Unknown,7
200753,66.0,Employee,Nagpur,North,HDFC Bank,1044,60-69,5
200754,56.0,Employee,Mumbai,South,HDFC Bank,1494,50-59,4
200755,49.0,Business,Mumbai,East,HDFC Bank,1970,40-49,3
200756,41.0,Business,Nagpur,North,HDFC Bank,1174,40-49,3
200757,40.0,Business,Pune,West,HDFC Bank,1345,40-49,3
200758,79.0,Individual,Mumbai,South,HDFC Bank,1055,70-79,6
200759,49.0,Business,Nagpur,North,HDFC Bank,1565,40-49,3
200760,54.0,Individual,Nashik,West,HDFC Bank,1340,50-59,4
200761,29.0,Employee,Solapur,West,HDFC Bank,1776,18-29,1
200762,66.0,Employee,Mumbai,West,HDFC Bank,1885,60-69,5
200763,72.0,Business,Nashik,West,HDFC Bank,1750,70-79,6
200764,30.0,Employee,Mumbai,South,HDFC Bank,1832,30-39,2
200765,40.0,Business,Pune,North,HDFC Bank,1107,40-49,3
200766,42.0,Individual,Nagpur,West,HDFC Bank,1709,40-49,3
200767,52.0,Employee,Mumbai,North,HDFC Bank,1896,50-59,4
200768,58.0,Business,Nagpur,North,HDFC Bank,1213,50-59,4
200769,47.0,Employee,Kolhapur,East,HDFC Bank,1498,40-49,3
200770,34.0,Employee,Mumbai,North,HDFC Bank,1757,30-39,2
200771,66.0,Business,Unknown,South,HDFC Bank,1396,60-69,5
200772,79.0,Employee,Pune,South,HDFC Bank,1549,70-79,6
200773,37.0,Employee,Nashik,West,HDFC Bank,1496,30-39,2
200774,65.0,Employee,Pune,North,HDFC Bank,1172,60-69,5
200775,42.0,Employee,Nagpur,South,HDFC Bank,1104,40-49,3
200776,39.0,Individual,Kolhapur,South,HDFC Bank,1551,30-39,2
200777,30.0,Unknown,Pune,South,HDFC Bank,1478,30-39,2
200778,76.0,Employee,Mumbai,West,HDFC Bank,1398,70-79,6
200779,36.0,Business,Pune,South,HDFC Bank,1433,30-39,2
200780,66.0,Individual,Kolhapur,North,HDFC Bank,1641,60-69,5
200781,53.0,Business,Nagpur,South,HDFC Bank,1692,50-59,4
200782,29.0,Business,Mumbai,South,HDFC Bank,1990,18-29,1
200783,78.0,Business,Nashik,West,HDFC Bank,1921,70-79,6
200784,58.0,Individual,Nashik,North,HDFC Bank,1193,50-59,4
200785,36.0,Business,Nashik,South,HDFC Bank,1842,30-39,2
200786,29.0,Business,Mumbai,North,HDFC Bank,1800,18-29,1
200787,26.0,Business,Nashik,North,HDFC Bank,1465,18-29,1
200788,24.0,Employee,Pune,South,HDFC Bank,1340,18-29,1
200789,45.0,Business,Mumbai,West,HDFC Bank,1058,40-49,3
200790,31.0,Individual,Mumbai,North,HDFC Bank,1862,30-39,2
200791,48.0,Individual,Mumbai,East,HDFC Bank,1537,40-49,3
200792,69.0,Employee,Solapur,South,HDFC Bank,1477,60-69,5
200793,36.0,Individual,Nagpur,North,HDFC Bank,1102,30-39,2
200794,,Individual,Solapur,North,HDFC Bank,1532,Unknown,7
200795,,Employee,Solapur,North,HDFC Bank,1944,Unknown,7
200796,33.0,Business,Solapur,South,HDFC Bank,1591,30-39,2
200797,70.0,Employee,Nagpur,East,HDFC Bank,1838,70-79,6
200798,22.0,Business,Solapur,North,HDFC Bank,1981,18-29,1
200799,,Business,Nashik,North,HDFC Bank,1710,Unknown,7
200800,29.0,Individual,Mumbai,West,HDFC Bank,1321,18-29,1
200801,42.0,Employee,Mumbai,South,HDFC Bank,1548,40-49,3
200802,69.0,Individual,Pune,South,HDFC Bank,1013,60-69,5
200803,76.0,Individual,Kolhapur,North,HDFC Bank,1455,70-79,6
200804,38.0,Business,Nashik,West,HDFC Bank,1220,30-39,2
200805,53.0,Individual,Nagpur,North,HDFC Bank,1875,50-59,4
200806,70.0,Employee,Kolhapur,North,HDFC Bank,1390,70-79,6
200807,40.0,Individual,Unknown,South,HDFC Bank,1677,40-49,3
200808,33.0,Individual,Solapur,West,HDFC Bank,1172,30-39,2
200809,74.0,Business,Pune,North,HDFC Bank,1661,70-79,6
200810,56.0,Employee,Pune,South,HDFC Bank,1683,50-59,4
200811,62.0,Individual,Mumbai,North,HDFC Bank,1080,60-69,5
200812,70.0,Business,Nashik,North,HDFC Bank,1335,70-79,6
200813,59.0,Individual,Kolhapur,West,HDFC Bank,1224,50-59,4
200814,75.0,Employee,Pune,West,HDFC Bank,1870,70-79,6
200815,56.0,Individual,Mumbai,West,HDFC Bank,1034,50-59,4
200816,31.0,Individual,Nashik,North,HDFC Bank,1869,30-39,2
200817,48.0,Business,Mumbai,East,HDFC Bank,1187,40-49,3
200818,75.0,Individual,Mumbai,West,HDFC Bank,1223,70-79,6
200819,22.0,Business,Nashik,East,HDFC Bank,1642,18-29,1
200820,52.0,Employee,Nashik,East,HDFC Bank,1885,50-59,4
200821,40.0,Individual,Nashik,East,HDFC Bank,1962,40-49,3
200822,46.0,Employee,Mumbai,South,HDFC Bank,1967,40-49,3
200823,60.0,Employee,Pune,North,HDFC Bank,1493,60-69,5
200824,28.0,Individual,Nagpur,West,HDFC Bank,1862,18-29,1
200825,35.0,Business,Nagpur,North,HDFC Bank,1310,30-39,2
200826,64.0,Employee,Mumbai,North,HDFC Bank,1520,60-69,5
200827,29.0,Employee,Mumbai,South,HDFC Bank,1580,18-29,1
200828,26.0,Individual,Pune,South,HDFC Bank,1539,18-29,1
200829,27.0,Individual,Nashik,South,HDFC Bank,1910,18-29,1
200830,75.0,Individual,Mumbai,North,HDFC Bank,1368,70-79,6
200831,,Individual,Solapur,East,HDFC Bank,1474,Unknown,7
200832,34.0,Individual,Unknown,North,HDFC Bank,1745,30-39,2
200833,78.0,Individual,Mumbai,South,HDFC Bank,1030,70-79,6
200834,55.0,Business,Solapur,North,HDFC Bank,1826,50-59,4
200835,24.0,Employee,Kolhapur,South,HDFC Bank,1231,18-29,1
200836,63.0,Business,Pune,South,HDFC Bank,1849,60-69,5
200837,30.0,Business,Solapur,West,HDFC Bank,1997,30-39,2
200838,57.0,Individual,Mumbai,East,HDFC Bank,1496,50-59,4
200839,59.0,Employee,Nagpur,South,HDFC Bank,1565,50-59,4
200840,26.0,Business,Mumbai,West,HDFC Bank,1963,18-29,1
200841,67.0,Individual,Nagpur,East,HDFC Bank,1980,60-69,5
200842,44.0,Individual,Pune,South,HDFC Bank,1174,40-49,3
200843,75.0,Employee,Pune,East,HDFC Bank,1297,70-79,6
200844,19.0,Business,Nashik,East,HDFC Bank,1790,18-29,1
200845,22.0,Business,Nashik,North,HDFC Bank,1364,18-29,1
200846,46.0,Business,Nagpur,West,HDFC Bank,1085,40-49,3
200847,54.0,Individual,Nagpur,East,HDFC Bank,1576,50-59,4
200848,55.0,Unknown,Pune,North,HDFC Bank,1088,50-59,4
200849,36.0,Employee,Solapur,East,HDFC Bank,1053,30-39,2
200850,,Business,Nagpur,North,HDFC Bank,1629,Unknown,7
200851,65.0,Individual,Nagpur,South,HDFC Bank,1360,60-69,5
200852,,Business,Solapur,South,HDFC Bank,1475,Unknown,7
200853,18.0,Employee,Nashik,North,HDFC Bank,1228,18-29,1
200854,39.0,Individual,Nashik,South,HDFC Bank,1778,30-39,2
200855,69.0,Unknown,Nagpur,South,HDFC Bank,1830,60-69,5
200856,34.0,Unknown,Nashik,South,HDFC Bank,1533,30-39,2
200857,24.0,Individual,Nashik,East,HDFC Bank,1949,18-29,1
200858,,Employee,Unknown,North,HDFC Bank,1758,Unknown,7
200859,62.0,Individual,Nashik,West,HDFC Bank,1984,60-69,5
200860,21.0,Business,Pune,West,HDFC Bank,1372,18-29,1
200861,53.0,Business,Mumbai,North,HDFC Bank,1468,50-59,4
200862,23.0,Business,Nagpur,East,HDFC Bank,1419,18-29,1
200863,77.0,Business,Nagpur,South,HDFC Bank,1825,70-79,6
200864,48.0,Employee,Pune,South,HDFC Bank,1531,40-49,3
200865,36.0,Unknown,Unknown,East,HDFC Bank,1399,30-39,2
200866,78.0,Business,Mumbai,West,HDFC Bank,1987,70-79,6
200867,61.0,Employee,Pune,North,HDFC Bank,1183,60-69,5
200868,71.0,Employee,Unknown,North,HDFC Bank,1860,70-79,6
200869,56.0,Unknown,Solapur,East,HDFC Bank,1561,50-59,4
200870,44.0,Business,Mumbai,South,HDFC Bank,1089,40-49,3
200871,,Individual,Solapur,South,HDFC Bank,1615,Unknown,7
200872,43.0,Individual,Solapur,South,HDFC Bank,1705,40-49,3
200873,36.0,Individual,Solapur,North,HDFC Bank,1382,30-39,2
200874,56.0,Business,Mumbai,West,HDFC Bank,1368,50-59,4
200875,79.0,Employee,Solapur,North,HDFC Bank,1073,70-79,6
200876,20.0,Employee,Nagpur,East,HDFC Bank,1268,18-29,1
200877,62.0,Business,Kolhapur,North,HDFC Bank,1014,60-69,5
200878,30.0,Business,Mumbai,East,HDFC Bank,1328,30-39,2
200879,,Individual,Unknown,North,HDFC Bank,1794,Unknown,7
200880,45.0,Individual,Solapur,West,HDFC Bank,1391,40-49,3
200881,79.0,Unknown,Nashik,East,HDFC Bank,1709,70-79,6
200882,75.0,Individual,Mumbai,South,HDFC Bank,1995,70-79,6
200883,37.0,Employee,Pune,South,HDFC Bank,1433,30-39,2
200884,45.0,Business,Kolhapur,North,HDFC Bank,1343,40-49,3
200885,25.0,Business,Nagpur,North,HDFC Bank,1194,18-29,1
200886,78.0,Employee,Pune,West,HDFC Bank,1921,70-79,6
200887,58.0,Employee,Solapur,West,HDFC Bank,1035,50-59,4
200888,56.0,Employee,Nashik,South,HDFC Bank,1916,50-59,4
200889,18.0,Individual,Solapur,North,HDFC Bank,1204,18-29,1
200890,20.0,Business,Pune,East,HDFC Bank,1819,18-29,1
200891,30.0,Individual,Mumbai,West,HDFC Bank,1650,30-39,2
200892,45.0,Employee,Nashik,East,HDFC Bank,1775,40-49,3
200893,79.0,Individual,Nashik,East,HDFC Bank,1056,70-79,6
200894,74.0,Employee,Pune,West,HDFC Bank,1109,70-79,6
200895,77.0,Individual,Kolhapur,North,HDFC Bank,1685,70-79,6
200896,66.0,Individual,Kolhapur,East,HDFC Bank,1495,60-69,5
200897,42.0,Employee,Solapur,North,HDFC Bank,1717,40-49,3
200898,73.0,Individual,Pune,East,HDFC Bank,1224,70-79,6
200899,50.0,Business,Nashik,North,HDFC Bank,1385,50-59,4
200900,55.0,Individual,Pune,North,HDFC Bank,1063,50-59,4
200901,70.0,Individual,Nashik,North,HDFC Bank,1763,70-79,6
200902,23.0,Unknown,Solapur,North,HDFC Bank,1947,18-29,1
200903,75.0,Employee,Mumbai,West,HDFC Bank,1960,70-79,6
200904,61.0,Business,Mumbai,East,HDFC Bank,1778,60-69,5
200905,62.0,Individual,Pune,North,HDFC Bank,1901,60-69,5
200906,49.0,Employee,Nashik,South,HDFC Bank,1351,40-49,3
200907,62.0,Individual,Mumbai,East,HDFC Bank,1462,60-69,5
200908,78.0,Individual,Nashik,East,HDFC Bank,1843,70-79,6
200909,64.0,Business,Solapur,North,HDFC Bank,1319,60-69,5
200910,38.0,Business,Pune,East,HDFC Bank,1356,30-39,2
200911,33.0,Employee,Nashik,South,HDFC Bank,1092,30-39,2
200912,71.0,Employee,Pune,South,HDFC Bank,1694,70-79,6
200913,38.0,Employee,Nashik,South,HDFC Bank,1299,30-39,2
200914,28.0,Individual,Kolhapur,East,HDFC Bank,1725,18-29,1
200915,77.0,Business,Kolhapur,East,HDFC Bank,1493,70-79,6
200916,54.0,Business,Nashik,North,HDFC Bank,1653,50-59,4
200917,53.0,Business,Solapur,East,HDFC Bank,1594,50-59,4
200918,52.0,Employee,Pune,East,HDFC Bank,1388,50-59,4
200919,36.0,Unknown,Nagpur,North,HDFC Bank,1610,30-39,2
200920,37.0,Unknown,Nashik,South,HDFC Bank,1792,30-39,2
200921,74.0,Business,Nashik,North,HDFC Bank,1433,70-79,6
200922,35.0,Employee,Kolhapur,West,HDFC Bank,1101,30-39,2
200923,64.0,Business,Mumbai,East,HDFC Bank,1840,60-69,5
200924,58.0,Employee,Kolhapur,East,HDFC Bank,1377,50-59,4
200925,66.0,Business,Pune,West,HDFC Bank,1582,60-69,5
200926,31.0,Business,Kolhapur,West,HDFC Bank,1884,30-39,2
200927,,Business,Nagpur,West,HDFC Bank,1337,Unknown,7
200928,48.0,Unknown,Solapur,North,HDFC Bank,1897,40-49,3
200929,18.0,Unknown,Nagpur,South,HDFC Bank,1883,18-29,1
200930,70.0,Business,Solapur,North,HDFC Bank,1777,70-79,6
200931,71.0,Individual,Nagpur,West,HDFC Bank,1491,70-79,6
200932,71.0,Employee,Kolhapur,North,HDFC Bank,1641,70-79,6
200933,20.0,Employee,Nagpur,East,HDFC Bank,1059,18-29,1
200934,33.0,Business,Kolhapur,North,HDFC Bank,1812,30-39,2
200935,40.0,Individual,Kolhapur,West,HDFC Bank,1508,40-49,3
200936,74.0,Unknown,Pune,East,HDFC Bank,1391,70-79,6
200937,28.0,Unknown,Unknown,South,HDFC Bank,1953,18-29,1
200938,29.0,Employee,Mumbai,North,HDFC Bank,1118,18-29,1
200939,27.0,Business,Nagpur,North,HDFC Bank,1774,18-29,1
200940,49.0,Business,Nashik,West,HDFC Bank,1994,40-49,3
200941,33.0,Individual,Nashik,South,HDFC Bank,1470,30-39,2
200942,25.0,Unknown,Nashik,East,HDFC Bank,1327,18-29,1
200943,55.0,Employee,Mumbai,West,HDFC Bank,1020,50-59,4
200944,29.0,Individual,Kolhapur,West,HDFC Bank,1096,18-29,1
200945,41.0,Individual,Nagpur,North,HDFC Bank,1814,40-49,3
200946,45.0,Employee,Solapur,South,HDFC Bank,1512,40-49,3
200947,70.0,Employee,Solapur,West,HDFC Bank,1907,70-79,6
200948,25.0,Employee,Pune,North,HDFC Bank,1714,18-29,1
200949,75.0,Employee,Mumbai,East,HDFC Bank,1943,70-79,6
200950,45.0,Business,Nagpur,West,HDFC Bank,1639,40-49,3
200951,53.0,Employee,Kolhapur,East,HDFC Bank,1349,50-59,4
200952,43.0,Employee,Nashik,East,HDFC Bank,1131,40-49,3
200953,25.0,Employee,Mumbai,North,HDFC Bank,1545,18-29,1
200954,75.0,Individual,Mumbai,South,HDFC Bank,1598,70-79,6
200955,77.0,Employee,Nagpur,East,HDFC Bank,1031,70-79,6
200956,67.0,Business,Kolhapur,West,HDFC Bank,1258,60-69,5
200957,45.0,Business,Pune,South,HDFC Bank,1475,40-49,3
200958,45.0,Employee,Kolhapur,South,HDFC Bank,1835,40-49,3
200959,54.0,Business,Pune,North,HDFC Bank,1824,50-59,4
200960,58.0,Individual,Pune,West,HDFC Bank,1881,50-59,4
200961,53.0,Employee,Nashik,West,HDFC Bank,1971,50-59,4
200962,44.0,Business,Nashik,North,HDFC Bank,1919,40-49,3
200963,71.0,Business,Nagpur,North,HDFC Bank,1032,70-79,6
200964,34.0,Employee,Kolhapur,South,HDFC Bank,1898,30-39,2
200965,26.0,Business,Pune,East,HDFC Bank,1387,18-29,1
200966,50.0,Employee,Nagpur,East,HDFC Bank,1797,50-59,4
200967,70.0,Business,Unknown,East,HDFC Bank,1837,70-79,6
200968,37.0,Individual,Mumbai,East,HDFC Bank,1560,30-39,2
200969,30.0,Business,Solapur,West,HDFC Bank,1797,30-39,2
200970,45.0,Business,Solapur,West,HDFC Bank,1455,40-49,3
200971,65.0,Employee,Pune,North,HDFC Bank,1593,60-69,5
200972,46.0,Business,Nagpur,North,HDFC Bank,1143,40-49,3
200973,30.0,Employee,Nashik,East,HDFC Bank,1948,30-39,2
200974,,Individual,Kolhapur,North,HDFC Bank,1901,Unknown,7
200975,52.0,Employee,Pune,West,HDFC Bank,1791,50-59,4
200976,,Employee,Pune,East,HDFC Bank,1882,Unknown,7
200977,23.0,Business,Kolhapur,East,HDFC Bank,1603,18-29,1
200978,35.0,Individual,Nashik,West,HDFC Bank,1223,30-39,2
200979,68.0,Employee,Pune,South,HDFC Bank,1216,60-69,5
200980,22.0,Business,Mumbai,East,HDFC Bank,1155,18-29,1
200981,64.0,Business,Nashik,North,HDFC Bank,1788,60-69,5
200982,42.0,Employee,Mumbai,South,HDFC Bank,1519,40-49,3
200983,,Business,Solapur,West,HDFC Bank,1035,Unknown,7
200984,27.0,Employee,Kolhapur,South,HDFC Bank,1635,18-29,1
200985,73.0,Employee,Nashik,South,HDFC Bank,1008,70-79,6
200986,,Employee,Nashik,East,HDFC Bank,1039,Unknown,7
200987,67.0,Individual,Nagpur,South,HDFC Bank,1468,60-69,5
200988,76.0,Employee,Nagpur,North,HDFC Bank,1178,70-79,6
200989,62.0,Business,Kolhapur,East,HDFC Bank,1640,60-69,5
200990,22.0,Individual,Unknown,West,HDFC Bank,1958,18-29,1
200991,72.0,Business,Solapur,North,HDFC Bank,1500,70-79,6
200992,73.0,Individual,Pune,East,HDFC Bank,1372,70-79,6
200993,50.0,Individual,Kolhapur,South,HDFC Bank,1067,50-59,4
200994,71.0,Individual,Kolhapur,North,HDFC Bank,1969,70-79,6
200995,18.0,Individual,Nagpur,East,HDFC Bank,1665,18-29,1
200996,35.0,Business,Unknown,East,HDFC Bank,1423,30-39,2
200997,49.0,Employee,Kolhapur,West,HDFC Bank,1514,40-49,3
200998,64.0,Business,Solapur,East,HDFC Bank,1363,60-69,5
200999,66.0,Employee,Unknown,West,HDFC Bank,1889,60-69,5
201000,28.0,Business,Nagpur,South,HDFC Bank,1776,18-29,1
201001,38.0,Individual,Pune,East,HDFC Bank,1927,30-39,2
201002,,Unknown,Nagpur,East,HDFC Bank,1450,Unknown,7
201003,,Employee,Kolhapur,South,HDFC Bank,1515,Unknown,7
201004,39.0,Employee,Solapur,East,HDFC Bank,1773,30-39,2
201005,76.0,Business,Mumbai,East,HDFC Bank,1328,70-79,6
201006,44.0,Employee,Nagpur,North,HDFC Bank,1793,40-49,3
201007,66.0,Business,Solapur,West,HDFC Bank,1897,60-69,5
201008,30.0,Employee,Nagpur,East,HDFC Bank,1961,30-39,2
201009,50.0,Employee,Kolhapur,East,HDFC Bank,1369,50-59,4
201010,51.0,Employee,Solapur,West,HDFC Bank,1596,50-59,4
201011,58.0,Individual,Pune,North,HDFC Bank,1853,50-59,4
201012,52.0,Individual,Solapur,West,HDFC Bank,1386,50-59,4
201013,18.0,Business,Nashik,East,HDFC Bank,1546,18-29,1
201014,38.0,Employee,Mumbai,South,HDFC Bank,1113,30-39,2
201015,65.0,Business,Kolhapur,South,HDFC Bank,1570,60-69,5
201016,72.0,Employee,Unknown,North,HDFC Bank,1037,70-79,6
201017,23.0,Individual,Kolhapur,North,HDFC Bank,1544,18-29,1
201018,45.0,Unknown,Nagpur,East,HDFC Bank,1376,40-49,3
201019,34.0,Employee,Nagpur,North,HDFC Bank,1398,30-39,2
201020,22.0,Employee,Solapur,East,HDFC Bank,1202,18-29,1
201021,48.0,Individual,Nashik,South,HDFC Bank,1201,40-49,3
201022,22.0,Individual,Solapur,North,HDFC Bank,1099,18-29,1
201023,55.0,Business,Pune,East,HDFC Bank,1397,50-59,4
201024,20.0,Individual,Nashik,West,HDFC Bank,1449,18-29,1
201025,70.0,Employee,Kolhapur,North,HDFC Bank,1812,70-79,6
201026,40.0,Business,Solapur,East,HDFC Bank,1815,40-49,3
201027,54.0,Employee,Kolhapur,East,HDFC Bank,1939,50-59,4
201028,70.0,Business,Mumbai,West,HDFC Bank,1117,70-79,6
201029,54.0,Unknown,Nashik,South,HDFC Bank,1420,50-59,4
201030,27.0,Individual,Solapur,West,HDFC Bank,1242,18-29,1
201031,27.0,Employee,Mumbai,East,HDFC Bank,1540,18-29,1
201032,36.0,Business,Solapur,West,HDFC Bank,1226,30-39,2
201033,34.0,Employee,Pune,West,HDFC Bank,1500,30-39,2
201034,38.0,Business,Nagpur,East,HDFC Bank,1851,30-39,2
201035,31.0,Unknown,Unknown,South,HDFC Bank,1212,30-39,2
201036,26.0,Individual,Solapur,West,HDFC Bank,1929,18-29,1
201037,63.0,Individual,Nashik,West,HDFC Bank,1698,60-69,5
201038,18.0,Employee,Solapur,North,HDFC Bank,1112,18-29,1
201039,68.0,Employee,Solapur,North,HDFC Bank,1372,60-69,5
201040,62.0,Employee,Solapur,East,HDFC Bank,1298,60-69,5
201041,30.0,Business,Unknown,East,HDFC Bank,1672,30-39,2
201042,21.0,Employee,Unknown,East,HDFC Bank,1018,18-29,1
201043,79.0,Employee,Nashik,North,HDFC Bank,1775,70-79,6
201044,18.0,Business,Solapur,East,HDFC Bank,1670,18-29,1
201045,66.0,Individual,Nagpur,West,HDFC Bank,1010,60-69,5
201046,57.0,Employee,Solapur,West,HDFC Bank,1007,50-59,4
201047,49.0,Employee,Kolhapur,South,HDFC Bank,1152,40-49,3
201048,51.0,Individual,Kolhapur,East,HDFC Bank,1624,50-59,4
201049,45.0,Individual,Nashik,West,HDFC Bank,1659,40-49,3
201050,48.0,Business,Kolhapur,West,HDFC Bank,1549,40-49,3
201051,25.0,Employee,Kolhapur,South,HDFC Bank,1134,18-29,1
201052,56.0,Employee,Pune,West,HDFC Bank,1372,50-59,4
201053,43.0,Business,Solapur,South,HDFC Bank,1460,40-49,3
201054,75.0,Individual,Solapur,South,HDFC Bank,1934,70-79,6
201055,51.0,Business,Solapur,North,HDFC Bank,1234,50-59,4
201056,71.0,Individual,Solapur,West,HDFC Bank,1254,70-79,6
201057,71.0,Unknown,Mumbai,North,HDFC Bank,1585,70-79,6
201058,20.0,Individual,Solapur,West,HDFC Bank,1327,18-29,1
201059,,Business,Nashik,North,HDFC Bank,1361,Unknown,7
201060,67.0,Individual,Nashik,South,HDFC Bank,1373,60-69,5
201061,29.0,Individual,Mumbai,South,HDFC Bank,1787,18-29,1
201062,18.0,Individual,Solapur,South,HDFC Bank,1208,18-29,1
201063,71.0,Individual,Nagpur,South,HDFC Bank,1266,70-79,6
201064,61.0,Individual,Solapur,West,HDFC Bank,1655,60-69,5
201065,,Employee,Nashik,East,HDFC Bank,1996,Unknown,7
201066,47.0,Individual,Pune,West,HDFC Bank,1553,40-49,3
201067,47.0,Employee,Kolhapur,North,HDFC Bank,1735,40-49,3
201068,76.0,Individual,Pune,West,HDFC Bank,1857,70-79,6
201069,74.0,Employee,Nagpur,West,HDFC Bank,1505,70-79,6
201070,34.0,Employee,Solapur,North,HDFC Bank,1563,30-39,2
201071,65.0,Business,Mumbai,South,HDFC Bank,1420,60-69,5
201072,64.0,Individual,Solapur,North,HDFC Bank,1307,60-69,5
201073,40.0,Business,Nagpur,North,HDFC Bank,1136,40-49,3
201074,32.0,Business,Nagpur,East,HDFC Bank,1418,30-39,2
201075,54.0,Individual,Kolhapur,East,HDFC Bank,1194,50-59,4
201076,38.0,Business,Nagpur,South,HDFC Bank,1094,30-39,2
201077,31.0,Individual,Pune,North,HDFC Bank,1489,30-39,2
201078,19.0,Business,Kolhapur,North,HDFC Bank,1902,18-29,1
201079,28.0,Individual,Solapur,North,HDFC Bank,1257,18-29,1
201080,68.0,Individual,Solapur,West,HDFC Bank,1024,60-69,5
201081,56.0,Individual,Mumbai,East,HDFC Bank,1231,50-59,4
201082,55.0,Employee,Nagpur,East,HDFC Bank,1331,50-59,4
201083,77.0,Business,Nagpur,South,HDFC Bank,1605,70-79,6
201084,51.0,Employee,Nashik,East,HDFC Bank,1861,50-59,4
201085,55.0,Business,Kolhapur,East,HDFC Bank,1220,50-59,4
201086,67.0,Business,Nashik,South,HDFC Bank,1296,60-69,5
201087,51.0,Business,Kolhapur,North,HDFC Bank,1202,50-59,4
201088,35.0,Employee,Pune,West,HDFC Bank,1947,30-39,2
201089,47.0,Business,Kolhapur,South,HDFC Bank,1342,40-49,3
201090,32.0,Employee,Solapur,East,HDFC Bank,1592,30-39,2
201091,44.0,Individual,Mumbai,South,HDFC Bank,1204,40-49,3
201092,68.0,Business,Kolhapur,East,HDFC Bank,1992,60-69,5
201093,51.0,Business,Kolhapur,North,HDFC Bank,1960,50-59,4
201094,69.0,Individual,Kolhapur,North,HDFC Bank,1891,60-69,5
201095,74.0,Individual,Mumbai,North,HDFC Bank,1999,70-79,6
201096,55.0,Business,Nagpur,East,HDFC Bank,1076,50-59,4
201097,50.0,Individual,Mumbai,South,HDFC Bank,1549,50-59,4
201098,41.0,Employee,Nagpur,East,HDFC Bank,1706,40-49,3
201099,32.0,Employee,Solapur,North,HDFC Bank,1975,30-39,2
201100,77.0,Business,Mumbai,North,HDFC Bank,1041,70-79,6
201101,,Employee,Nagpur,North,HDFC Bank,1454,Unknown,7
201102,72.0,Employee,Solapur,East,HDFC Bank,1181,70-79,6
201103,59.0,Business,Solapur,West,HDFC Bank,1756,50-59,4
201104,68.0,Individual,Nagpur,North,HDFC Bank,1194,60-69,5
201105,,Business,Nagpur,South,HDFC Bank,1589,Unknown,7
201106,22.0,Employee,Pune,North,HDFC Bank,1831,18-29,1
201107,46.0,Business,Solapur,East,HDFC Bank,1975,40-49,3
201108,21.0,Business,Nagpur,South,HDFC Bank,1387,18-29,1
201109,27.0,Employee,Solapur,East,HDFC Bank,1926,18-29,1
201110,73.0,Employee,Unknown,West,HDFC Bank,1636,70-79,6
201111,34.0,Business,Nashik,West,HDFC Bank,1140,30-39,2
201112,27.0,Employee,Nashik,East,HDFC Bank,1026,18-29,1
201113,34.0,Employee,Kolhapur,North,HDFC Bank,1314,30-39,2
201114,,Employee,Nagpur,South,HDFC Bank,1320,Unknown,7
201115,37.0,Employee,Nagpur,North,HDFC Bank,1447,30-39,2
201116,41.0,Employee,Solapur,East,HDFC Bank,1792,40-49,3
201117,22.0,Employee,Kolhapur,East,HDFC Bank,1292,18-29,1
201118,51.0,Individual,Unknown,North,HDFC Bank,1753,50-59,4
201119,23.0,Business,Solapur,South,HDFC Bank,1235,18-29,1
201120,70.0,Employee,Nagpur,South,HDFC Bank,1714,70-79,6
201121,19.0,Business,Solapur,South,HDFC Bank,1456,18-29,1
201122,30.0,Individual,Nagpur,South,HDFC Bank,1891,30-39,2
201123,79.0,Employee,Pune,South,HDFC Bank,1838,70-79,6
201124,60.0,Business,Solapur,West,HDFC Bank,1653,60-69,5
201125,60.0,Employee,Pune,West,HDFC Bank,1605,60-69,5
201126,65.0,Employee,Pune,East,HDFC Bank,1663,60-69,5
201127,28.0,Employee,Pune,West,HDFC Bank,1764,18-29,1
201128,68.0,Employee,Pune,South,HDFC Bank,1066,60-69,5
201129,64.0,Employee,Mumbai,South,HDFC Bank,1175,60-69,5
201130,74.0,Employee,Kolhapur,South,HDFC Bank,1509,70-79,6
201131,40.0,Employee,Nashik,East,HDFC Bank,1614,40-49,3
201132,72.0,Individual,Mumbai,East,HDFC Bank,1090,70-79,6
201133,33.0,Individual,Nagpur,North,HDFC Bank,1704,30-39,2
201134,48.0,Employee,Nagpur,West,HDFC Bank,1165,40-49,3
201135,28.0,Employee,Kolhapur,West,HDFC Bank,1601,18-29,1
201136,71.0,Individual,Nashik,North,HDFC Bank,1837,70-79,6
201137,33.0,Individual,Nashik,North,HDFC Bank,1826,30-39,2
201138,25.0,Individual,Nashik,West,HDFC Bank,1779,18-29,1
201139,21.0,Employee,Pune,South,HDFC Bank,1437,18-29,1
201140,57.0,Business,Mumbai,West,HDFC Bank,1050,50-59,4
201141,21.0,Business,Nagpur,South,HDFC Bank,1677,18-29,1
201142,73.0,Business,Mumbai,East,HDFC Bank,1685,70-79,6
201143,42.0,Business,Mumbai,West,HDFC Bank,1738,40-49,3
201144,20.0,Employee,Mumbai,West,HDFC Bank,1265,18-29,1
201145,49.0,Business,Nashik,East,HDFC Bank,1520,40-49,3
201146,20.0,Individual,Kolhapur,East,HDFC Bank,1086,18-29,1
201147,44.0,Individual,Kolhapur,East,HDFC Bank,1605,40-49,3
201148,46.0,Business,Nashik,East,HDFC Bank,1051,40-49,3
201149,,Individual,Nagpur,East,HDFC Bank,1178,Unknown,7
201150,,Employee,Nagpur,North,HDFC Bank,1277,Unknown,7
201151,,Business,Unknown,North,HDFC Bank,1238,Unknown,7
201152,75.0,Business,Kolhapur,East,HDFC Bank,1584,70-79,6
201153,68.0,Employee,Kolhapur,East,HDFC Bank,1338,60-69,5
201154,36.0,Individual,Mumbai,East,HDFC Bank,1071,30-39,2
201155,38.0,Unknown,Unknown,East,HDFC Bank,1373,30-39,2
201156,22.0,Employee,Pune,South,HDFC Bank,1579,18-29,1
201157,35.0,Individual,Mumbai,South,HDFC Bank,1516,30-39,2
201158,45.0,Employee,Solapur,East,HDFC Bank,1850,40-49,3
201159,59.0,Individual,Kolhapur,East,HDFC Bank,1237,50-59,4
201160,78.0,Individual,Unknown,West,HDFC Bank,1465,70-79,6
201161,39.0,Employee,Nashik,East,HDFC Bank,1120,30-39,2
201162,38.0,Individual,Solapur,East,HDFC Bank,1412,30-39,2
201163,,Employee,Mumbai,North,HDFC Bank,1722,Unknown,7
201164,18.0,Individual,Nashik,South,HDFC Bank,1773,18-29,1
201165,22.0,Unknown,Nashik,East,HDFC Bank,1836,18-29,1
201166,58.0,Individual,Kolhapur,South,HDFC Bank,1569,50-59,4
201167,29.0,Individual,Pune,South,HDFC Bank,1042,18-29,1
201168,43.0,Employee,Mumbai,West,HDFC Bank,1503,40-49,3
201169,63.0,Individual,Nashik,South,HDFC Bank,1196,60-69,5
201170,51.0,Business,Nagpur,South,HDFC Bank,1071,50-59,4
201171,,Business,Nashik,East,HDFC Bank,1090,Unknown,7
201172,31.0,Individual,Pune,North,HDFC Bank,1548,30-39,2
201173,43.0,Individual,Nashik,East,HDFC Bank,1490,40-49,3
201174,62.0,Business,Kolhapur,East,HDFC Bank,1825,60-69,5
201175,44.0,Employee,Mumbai,North,HDFC Bank,1748,40-49,3
201176,26.0,Business,Kolhapur,North,HDFC Bank,1997,18-29,1
201177,43.0,Business,Mumbai,West,HDFC Bank,1382,40-49,3
201178,74.0,Individual,Solapur,North,HDFC Bank,1804,70-79,6
201179,,Individual,Mumbai,East,HDFC Bank,1465,Unknown,7
201180,74.0,Business,Solapur,North,HDFC Bank,1153,70-79,6
201181,39.0,Employee,Unknown,North,HDFC Bank,1169,30-39,2
201182,64.0,Business,Nagpur,North,HDFC Bank,1271,60-69,5
201183,73.0,Business,Pune,South,HDFC Bank,1917,70-79,6
201184,47.0,Employee,Nagpur,West,HDFC Bank,1109,40-49,3
201185,60.0,Business,Solapur,South,HDFC Bank,1150,60-69,5
201186,65.0,Business,Nashik,South,HDFC Bank,1430,60-69,5
201187,78.0,Individual,Nashik,West,HDFC Bank,1450,70-79,6
201188,34.0,Employee,Nagpur,South,HDFC Bank,1642,30-39,2
201189,43.0,Individual,Nashik,North,HDFC Bank,1779,40-49,3
201190,53.0,Individual,Solapur,West,HDFC Bank,1022,50-59,4
201191,18.0,Employee,Kolhapur,South,HDFC Bank,1366,18-29,1
201192,25.0,Employee,Pune,East,HDFC Bank,1650,18-29,1
201193,66.0,Business,Mumbai,South,HDFC Bank,1819,60-69,5
201194,52.0,Individual,Solapur,East,HDFC Bank,1238,50-59,4
201195,78.0,Unknown,Solapur,North,HDFC Bank,1433,70-79,6
201196,,Individual,Mumbai,East,HDFC Bank,1952,Unknown,7
201197,32.0,Individual,Mumbai,South,HDFC Bank,1703,30-39,2
201198,64.0,Employee,Pune,South,HDFC Bank,1126,60-69,5
201199,73.0,Business,Pune,South,HDFC Bank,1941,70-79,6
201200,39.0,Individual,Pune,West,HDFC Bank,1540,30-39,2
201201,31.0,Unknown,Nashik,West,HDFC Bank,1632,30-39,2
201202,43.0,Business,Solapur,South,HDFC Bank,1197,40-49,3
201203,45.0,Individual,Kolhapur,South,HDFC Bank,1685,40-49,3
201204,40.0,Employee,Mumbai,North,HDFC Bank,1655,40-49,3
201205,31.0,Individual,Solapur,West,HDFC Bank,1481,30-39,2
201206,41.0,Employee,Solapur,West,HDFC Bank,1178,40-49,3
201207,19.0,Employee,Pune,West,HDFC Bank,1868,18-29,1
201208,62.0,Individual,Pune,East,HDFC Bank,1522,60-69,5
201209,43.0,Individual,Solapur,South,HDFC Bank,1650,40-49,3
201210,31.0,Employee,Pune,North,HDFC Bank,1958,30-39,2
201211,76.0,Business,Nashik,North,HDFC Bank,1436,70-79,6
201212,73.0,Individual,Mumbai,South,HDFC Bank,1764,70-79,6
201213,68.0,Unknown,Unknown,South,HDFC Bank,1856,60-69,5
201214,24.0,Employee,Mumbai,North,HDFC Bank,1313,18-29,1
201215,20.0,Business,Unknown,East,HDFC Bank,1018,18-29,1
201216,64.0,Business,Pune,North,HDFC Bank,1159,60-69,5
201217,40.0,Business,Nagpur,East,HDFC Bank,1817,40-49,3
201218,63.0,Individual,Nashik,East,HDFC Bank,1121,60-69,5
201219,60.0,Employee,Nagpur,West,HDFC Bank,1071,60-69,5
201220,64.0,Employee,Mumbai,South,HDFC Bank,1054,60-69,5
201221,77.0,Employee,Solapur,West,HDFC Bank,1459,70-79,6
201222,62.0,Business,Pune,East,HDFC Bank,1168,60-69,5
201223,35.0,Employee,Nashik,North,HDFC Bank,1610,30-39,2
201224,75.0,Individual,Pune,West,HDFC Bank,1581,70-79,6
201225,55.0,Business,Nagpur,North,HDFC Bank,1148,50-59,4
201226,52.0,Business,Nagpur,East,HDFC Bank,1628,50-59,4
201227,68.0,Business,Kolhapur,North,HDFC Bank,1025,60-69,5
201228,32.0,Business,Solapur,West,HDFC Bank,1247,30-39,2
201229,42.0,Individual,Nagpur,East,HDFC Bank,1896,40-49,3
201230,72.0,Employee,Solapur,South,HDFC Bank,1720,70-79,6
201231,54.0,Individual,Kolhapur,West,HDFC Bank,1226,50-59,4
201232,,Employee,Nashik,West,HDFC Bank,1922,Unknown,7
201233,27.0,Individual,Kolhapur,South,HDFC Bank,1945,18-29,1
201234,56.0,Business,Solapur,East,HDFC Bank,1625,50-59,4
201235,74.0,Business,Nagpur,South,HDFC Bank,1705,70-79,6
201236,34.0,Unknown,Mumbai,West,HDFC Bank,1483,30-39,2
201237,56.0,Individual,Solapur,East,HDFC Bank,1832,50-59,4
201238,39.0,Employee,Pune,North,HDFC Bank,1009,30-39,2
201239,43.0,Individual,Mumbai,West,HDFC Bank,1094,40-49,3
201240,79.0,Individual,Solapur,North,HDFC Bank,1120,70-79,6
201241,61.0,Employee,Pune,South,HDFC Bank,1125,60-69,5
201242,42.0,Employee,Kolhapur,East,HDFC Bank,1548,40-49,3
201243,34.0,Employee,Mumbai,South,HDFC Bank,1068,30-39,2
201244,30.0,Individual,Unknown,North,HDFC Bank,1296,30-39,2
201245,37.0,Employee,Nashik,West,HDFC Bank,1685,30-39,2
201246,42.0,Business,Unknown,East,HDFC Bank,1500,40-49,3
201247,21.0,Business,Pune,South,HDFC Bank,1972,18-29,1
201248,27.0,Business,Nashik,North,HDFC Bank,1044,18-29,1
201249,20.0,Individual,Nagpur,North,HDFC Bank,1634,18-29,1
201250,58.0,Business,Kolhapur,West,HDFC Bank,1381,50-59,4
201251,62.0,Individual,Unknown,North,HDFC Bank,1983,60-69,5
201252,35.0,Individual,Solapur,East,HDFC Bank,1026,30-39,2
201253,64.0,Business,Solapur,North,HDFC Bank,1704,60-69,5
201254,53.0,Employee,Pune,West,HDFC Bank,1496,50-59,4
201255,64.0,Individual,Kolhapur,South,HDFC Bank,1851,60-69,5
201256,39.0,Business,Solapur,East,HDFC Bank,1135,30-39,2
201257,51.0,Individual,Nagpur,South,HDFC Bank,1706,50-59,4
201258,64.0,Employee,Solapur,South,HDFC Bank,1048,60-69,5
201259,25.0,Employee,Kolhapur,North,HDFC Bank,1607,18-29,1
201260,,Business,Mumbai,North,HDFC Bank,1506,Unknown,7
201261,66.0,Individual,Nashik,West,HDFC Bank,1120,60-69,5
201262,61.0,Individual,Kolhapur,North,HDFC Bank,1760,60-69,5
201263,36.0,Individual,Nagpur,North,HDFC Bank,1984,30-39,2
201264,59.0,Individual,Kolhapur,South,HDFC Bank,1216,50-59,4
201265,58.0,Business,Nagpur,East,HDFC Bank,1625,50-59,4
201266,54.0,Employee,Kolhapur,North,HDFC Bank,1525,50-59,4
201267,,Business,Nashik,East,HDFC Bank,1573,Unknown,7
201268,69.0,Individual,Nashik,North,HDFC Bank,1042,60-69,5
201269,43.0,Individual,Nagpur,North,HDFC Bank,1922,40-49,3
201270,51.0,Employee,Kolhapur,West,HDFC Bank,1751,50-59,4
201271,76.0,Individual,Nashik,North,HDFC Bank,1095,70-79,6
201272,73.0,Business,Unknown,West,HDFC Bank,1026,70-79,6
201273,76.0,Business,Kolhapur,South,HDFC Bank,1835,70-79,6
201274,,Employee,Nashik,East,HDFC Bank,1894,Unknown,7
201275,23.0,Business,Mumbai,North,HDFC Bank,1241,18-29,1
201276,,Business,Mumbai,West,HDFC Bank,1486,Unknown,7
201277,74.0,Business,Pune,South,HDFC Bank,1970,70-79,6
201278,50.0,Business,Nashik,North,HDFC Bank,1239,50-59,4
201279,70.0,Individual,Mumbai,West,HDFC Bank,1303,70-79,6
201280,39.0,Business,Kolhapur,West,HDFC Bank,1066,30-39,2
201281,38.0,Employee,Solapur,South,HDFC Bank,1280,30-39,2
201282,23.0,Employee,Nashik,North,HDFC Bank,1191,18-29,1
201283,23.0,Business,Pune,North,HDFC Bank,1118,18-29,1
201284,72.0,Employee,Nashik,East,HDFC Bank,1151,70-79,6
201285,65.0,Business,Nagpur,North,HDFC Bank,1776,60-69,5
201286,21.0,Employee,Nagpur,West,HDFC Bank,1391,18-29,1
201287,47.0,Employee,Mumbai,East,HDFC Bank,1230,40-49,3
201288,28.0,Business,Nagpur,East,HDFC Bank,1350,18-29,1
201289,79.0,Business,Pune,North,HDFC Bank,1760,70-79,6
201290,79.0,Individual,Mumbai,East,HDFC Bank,1570,70-79,6
201291,47.0,Unknown,Pune,West,HDFC Bank,1528,40-49,3
201292,48.0,Business,Kolhapur,West,HDFC Bank,1170,40-49,3
201293,41.0,Individual,Pune,South,HDFC Bank,1862,40-49,3
201294,72.0,Business,Nagpur,West,HDFC Bank,1963,70-79,6
201295,26.0,Business,Kolhapur,South,HDFC Bank,1131,18-29,1
201296,72.0,Individual,Nagpur,East,HDFC Bank,1356,70-79,6
201297,20.0,Business,Pune,South,HDFC Bank,1647,18-29,1
201298,68.0,Business,Nagpur,North,HDFC Bank,1041,60-69,5
201299,48.0,Individual,Nagpur,South,HDFC Bank,1304,40-49,3
201300,57.0,Individual,Nagpur,North,HDFC Bank,1005,50-59,4
201301,54.0,Employee,Nashik,East,HDFC Bank,1328,50-59,4
201302,53.0,Business,Kolhapur,South,HDFC Bank,1169,50-59,4
201303,41.0,Employee,Kolhapur,West,HDFC Bank,1967,40-49,3
201304,48.0,Employee,Kolhapur,North,HDFC Bank,1799,40-49,3
201305,23.0,Individual,Pune,East,HDFC Bank,1910,18-29,1
201306,19.0,Business,Solapur,West,HDFC Bank,1337,18-29,1
201307,37.0,Business,Pune,North,HDFC Bank,1726,30-39,2
201308,45.0,Individual,Kolhapur,East,HDFC Bank,1068,40-49,3
201309,,Employee,Mumbai,East,HDFC Bank,1881,Unknown,7
201310,21.0,Individual,Nagpur,West,HDFC Bank,1538,18-29,1
201311,32.0,Business,Nagpur,East,HDFC Bank,1736,30-39,2
201312,23.0,Individual,Solapur,South,HDFC Bank,1833,18-29,1
201313,71.0,Business,Mumbai,East,HDFC Bank,1506,70-79,6
201314,66.0,Employee,Nashik,North,HDFC Bank,1745,60-69,5
201315,47.0,Business,Pune,North,HDFC Bank,1485,40-49,3
201316,,Employee,Nashik,North,HDFC Bank,1442,Unknown,7
201317,55.0,Employee,Mumbai,South,HDFC Bank,1923,50-59,4
201318,68.0,Business,Solapur,West,HDFC Bank,1919,60-69,5
201319,79.0,Business,Mumbai,South,HDFC Bank,1050,70-79,6
201320,74.0,Employee,Solapur,South,HDFC Bank,1148,70-79,6
201321,19.0,Individual,Nashik,South,HDFC Bank,1926,18-29,1
201322,32.0,Business,Nashik,East,HDFC Bank,1586,30-39,2
201323,28.0,Employee,Mumbai,West,HDFC Bank,1817,18-29,1
201324,25.0,Employee,Mumbai,East,HDFC Bank,1091,18-29,1
201325,43.0,Individual,Nagpur,South,HDFC Bank,1367,40-49,3
201326,68.0,Business,Solapur,North,HDFC Bank,1935,60-69,5
201327,62.0,Employee,Nagpur,South,HDFC Bank,1579,60-69,5
201328,61.0,Individual,Pune,West,HDFC Bank,1746,60-69,5
201329,22.0,Employee,Pune,North,HDFC Bank,1873,18-29,1
201330,23.0,Business,Mumbai,West,HDFC Bank,1655,18-29,1
201331,43.0,Individual,Nashik,South,HDFC Bank,1075,40-49,3
201332,71.0,Employee,Pune,West,HDFC Bank,1085,70-79,6
201333,21.0,Individual,Pune,East,HDFC Bank,1226,18-29,1
201334,36.0,Business,Nagpur,North,HDFC Bank,1362,30-39,2
201335,37.0,Individual,Nagpur,West,HDFC Bank,1958,30-39,2
201336,,Business,Pune,North,HDFC Bank,1567,Unknown,7
201337,37.0,Employee,Mumbai,North,HDFC Bank,1591,30-39,2
201338,66.0,Business,Nagpur,South,HDFC Bank,1023,60-69,5
201339,29.0,Employee,Pune,South,HDFC Bank,1738,18-29,1
201340,64.0,Employee,Nashik,North,HDFC Bank,1027,60-69,5
201341,18.0,Business,Nagpur,West,HDFC Bank,1120,18-29,1
201342,43.0,Employee,Pune,North,HDFC Bank,1489,40-49,3
201343,31.0,Individual,Solapur,South,HDFC Bank,1604,30-39,2
201344,55.0,Employee,Nagpur,West,HDFC Bank,1852,50-59,4
201345,54.0,Business,Solapur,North,HDFC Bank,1623,50-59,4
201346,79.0,Individual,Nagpur,South,HDFC Bank,1889,70-79,6
201347,28.0,Individual,Nagpur,North,HDFC Bank,1344,18-29,1
201348,53.0,Employee,Kolhapur,North,HDFC Bank,1998,50-59,4
201349,30.0,Employee,Kolhapur,North,HDFC Bank,1030,30-39,2
201350,60.0,Business,Solapur,West,HDFC Bank,1654,60-69,5
201351,20.0,Individual,Mumbai,South,HDFC Bank,1878,18-29,1
201352,50.0,Business,Pune,South,HDFC Bank,1809,50-59,4
201353,23.0,Employee,Mumbai,East,HDFC Bank,1226,18-29,1
201354,67.0,Individual,Mumbai,North,HDFC Bank,1869,60-69,5
201355,,Business,Kolhapur,North,HDFC Bank,1249,Unknown,7
201356,27.0,Business,Pune,East,HDFC Bank,1049,18-29,1
201357,22.0,Business,Kolhapur,North,HDFC Bank,1725,18-29,1
201358,40.0,Business,Kolhapur,West,HDFC Bank,1891,40-49,3
201359,27.0,Business,Kolhapur,East,HDFC Bank,1388,18-29,1
201360,61.0,Individual,Nashik,South,HDFC Bank,1943,60-69,5
201361,,Business,Mumbai,North,HDFC Bank,1780,Unknown,7
201362,30.0,Individual,Mumbai,South,HDFC Bank,1287,30-39,2
201363,57.0,Business,Mumbai,North,HDFC Bank,1706,50-59,4
201364,19.0,Employee,Nashik,East,HDFC Bank,1765,18-29,1
201365,37.0,Employee,Nagpur,South,HDFC Bank,1590,30-39,2
201366,18.0,Business,Solapur,North,HDFC Bank,1474,18-29,1
201367,,Employee,Solapur,West,HDFC Bank,1755,Unknown,7
201368,26.0,Individual,Nashik,East,HDFC Bank,1602,18-29,1
201369,34.0,Business,Mumbai,North,HDFC Bank,1925,30-39,2
201370,26.0,Individual,Solapur,North,HDFC Bank,1005,18-29,1
201371,28.0,Unknown,Nashik,North,HDFC Bank,1792,18-29,1
201372,32.0,Employee,Kolhapur,East,HDFC Bank,1411,30-39,2
201373,,Individual,Pune,North,HDFC Bank,1957,Unknown,7
201374,55.0,Employee,Solapur,North,HDFC Bank,1661,50-59,4
201375,72.0,Employee,Pune,South,HDFC Bank,1323,70-79,6
201376,52.0,Business,Mumbai,South,HDFC Bank,1398,50-59,4
201377,47.0,Individual,Solapur,East,HDFC Bank,1281,40-49,3
201378,48.0,Employee,Nashik,East,HDFC Bank,1190,40-49,3
201379,66.0,Business,Nagpur,West,HDFC Bank,1785,60-69,5
201380,22.0,Business,Solapur,North,HDFC Bank,1584,18-29,1
201381,79.0,Business,Solapur,South,HDFC Bank,1958,70-79,6
201382,77.0,Employee,Solapur,South,HDFC Bank,1829,70-79,6
201383,61.0,Business,Solapur,North,HDFC Bank,1499,60-69,5
201384,67.0,Individual,Nashik,North,HDFC Bank,1579,60-69,5
201385,31.0,Individual,Nashik,East,HDFC Bank,1815,30-39,2
201386,70.0,Employee,Nagpur,West,HDFC Bank,1433,70-79,6
201387,73.0,Individual,Nashik,West,HDFC Bank,1062,70-79,6
201388,28.0,Business,Nashik,East,HDFC Bank,1452,18-29,1
201389,26.0,Employee,Mumbai,East,HDFC Bank,1492,18-29,1
201390,51.0,Business,Mumbai,South,HDFC Bank,1645,50-59,4
201391,29.0,Employee,Pune,East,HDFC Bank,1441,18-29,1
201392,52.0,Employee,Nagpur,West,HDFC Bank,1306,50-59,4
201393,52.0,Business,Mumbai,South,HDFC Bank,1779,50-59,4
201394,18.0,Individual,Nagpur,West,HDFC Bank,1734,18-29,1
201395,57.0,Individual,Nagpur,North,HDFC Bank,1942,50-59,4
201396,39.0,Employee,Solapur,West,HDFC Bank,1125,30-39,2
201397,77.0,Business,Kolhapur,South,HDFC Bank,1264,70-79,6
201398,46.0,Unknown,Kolhapur,West,HDFC Bank,1006,40-49,3
201399,25.0,Employee,Kolhapur,South,HDFC Bank,1412,18-29,1
201400,28.0,Individual,Nagpur,South,HDFC Bank,1205,18-29,1
201401,58.0,Business,Solapur,East,HDFC Bank,1178,50-59,4
201402,54.0,Individual,Pune,West,HDFC Bank,1467,50-59,4
201403,31.0,Individual,Pune,East,HDFC Bank,1495,30-39,2
201404,77.0,Unknown,Kolhapur,East,HDFC Bank,1694,70-79,6
201405,47.0,Employee,Pune,West,HDFC Bank,1991,40-49,3
201406,,Individual,Solapur,South,HDFC Bank,1442,Unknown,7
201407,38.0,Business,Kolhapur,North,HDFC Bank,1951,30-39,2
201408,54.0,Business,Solapur,West,HDFC Bank,1917,50-59,4
201409,22.0,Employee,Pune,East,HDFC Bank,1227,18-29,1
201410,36.0,Individual,Kolhapur,East,HDFC Bank,1747,30-39,2
201411,76.0,Business,Solapur,South,HDFC Bank,1145,70-79,6
201412,31.0,Business,Nashik,East,HDFC Bank,1569,30-39,2
201413,43.0,Employee,Unknown,North,HDFC Bank,1295,40-49,3
201414,79.0,Individual,Solapur,East,HDFC Bank,1240,70-79,6
201415,21.0,Business,Solapur,South,HDFC Bank,1856,18-29,1
201416,42.0,Employee,Mumbai,West,HDFC Bank,1286,40-49,3
201417,62.0,Business,Mumbai,South,HDFC Bank,1951,60-69,5
201418,59.0,Business,Nagpur,East,HDFC Bank,1674,50-59,4
201419,42.0,Business,Kolhapur,South,HDFC Bank,1025,40-49,3
201420,35.0,Employee,Nagpur,East,HDFC Bank,1451,30-39,2
201421,57.0,Individual,Unknown,South,HDFC Bank,1105,50-59,4
201422,,Employee,Pune,West,HDFC Bank,1239,Unknown,7
201423,56.0,Individual,Nashik,East,HDFC Bank,1851,50-59,4
201424,57.0,Business,Pune,North,HDFC Bank,1417,50-59,4
201425,31.0,Individual,Kolhapur,North,HDFC Bank,1331,30-39,2
201426,49.0,Business,Solapur,North,HDFC Bank,1911,40-49,3
201427,68.0,Business,Mumbai,North,HDFC Bank,1890,60-69,5
201428,78.0,Employee,Kolhapur,East,HDFC Bank,1041,70-79,6
201429,55.0,Business,Solapur,East,HDFC Bank,1644,50-59,4
201430,50.0,Unknown,Unknown,West,HDFC Bank,1828,50-59,4
201431,40.0,Individual,Solapur,South,HDFC Bank,1555,40-49,3
201432,32.0,Individual,Mumbai,East,HDFC Bank,1034,30-39,2
201433,50.0,Business,Solapur,North,HDFC Bank,1875,50-59,4
201434,42.0,Employee,Nagpur,East,HDFC Bank,1346,40-49,3
201435,34.0,Business,Kolhapur,North,HDFC Bank,1383,30-39,2
201436,50.0,Employee,Mumbai,West,HDFC Bank,1512,50-59,4
201437,64.0,Employee,Solapur,South,HDFC Bank,1737,60-69,5
201438,,Employee,Nagpur,East,HDFC Bank,1810,Unknown,7
201439,19.0,Unknown,Nagpur,South,HDFC Bank,1287,18-29,1
201440,31.0,Employee,Nashik,North,HDFC Bank,1747,30-39,2
201441,70.0,Individual,Nagpur,North,HDFC Bank,1870,70-79,6
201442,57.0,Employee,Pune,South,HDFC Bank,1958,50-59,4
201443,57.0,Individual,Mumbai,West,HDFC Bank,1032,50-59,4
201444,68.0,Individual,Mumbai,South,HDFC Bank,1094,60-69,5
201445,56.0,Individual,Mumbai,South,HDFC Bank,1204,50-59,4
201446,68.0,Business,Solapur,East,HDFC Bank,1620,60-69,5
201447,23.0,Employee,Kolhapur,East,HDFC Bank,1833,18-29,1
201448,23.0,Business,Solapur,North,HDFC Bank,1029,18-29,1
201449,20.0,Employee,Pune,East,HDFC Bank,1265,18-29,1
201450,24.0,Employee,Kolhapur,West,HDFC Bank,1022,18-29,1
201451,68.0,Business,Nagpur,West,HDFC Bank,1608,60-69,5
201452,25.0,Individual,Solapur,West,HDFC Bank,1038,18-29,1
201453,59.0,Employee,Kolhapur,North,HDFC Bank,1172,50-59,4
201454,69.0,Individual,Nagpur,West,HDFC Bank,1759,60-69,5
201455,32.0,Business,Kolhapur,West,HDFC Bank,1890,30-39,2
201456,64.0,Individual,Nagpur,East,HDFC Bank,1412,60-69,5
201457,46.0,Employee,Kolhapur,North,HDFC Bank,1413,40-49,3
201458,50.0,Employee,Solapur,South,HDFC Bank,1673,50-59,4
201459,69.0,Employee,Solapur,West,HDFC Bank,1691,60-69,5
201460,47.0,Business,Pune,East,HDFC Bank,1614,40-49,3
201461,56.0,Employee,Nashik,South,HDFC Bank,1208,50-59,4
201462,44.0,Business,Mumbai,West,HDFC Bank,1021,40-49,3
201463,53.0,Individual,Solapur,South,HDFC Bank,1004,50-59,4
201464,46.0,Employee,Solapur,South,HDFC Bank,1650,40-49,3
201465,55.0,Employee,Nagpur,North,HDFC Bank,1213,50-59,4
201466,74.0,Employee,Nashik,North,HDFC Bank,1671,70-79,6
201467,50.0,Individual,Solapur,West,HDFC Bank,1919,50-59,4
201468,78.0,Employee,Kolhapur,West,HDFC Bank,1906,70-79,6
201469,,Business,Nashik,North,HDFC Bank,1138,Unknown,7
201470,44.0,Individual,Mumbai,West,HDFC Bank,1656,40-49,3
201471,72.0,Individual,Kolhapur,West,HDFC Bank,1671,70-79,6
201472,50.0,Individual,Nagpur,North,HDFC Bank,1594,50-59,4
201473,79.0,Individual,Pune,South,HDFC Bank,1666,70-79,6
201474,21.0,Individual,Kolhapur,West,HDFC Bank,1799,18-29,1
201475,39.0,Business,Mumbai,East,HDFC Bank,1316,30-39,2
201476,19.0,Individual,Unknown,North,HDFC Bank,1792,18-29,1
201477,27.0,Employee,Nashik,West,HDFC Bank,1575,18-29,1
201478,22.0,Individual,Nashik,West,HDFC Bank,1703,18-29,1
201479,76.0,Individual,Mumbai,North,HDFC Bank,1155,70-79,6
201480,27.0,Individual,Nashik,East,HDFC Bank,1423,18-29,1
201481,50.0,Individual,Kolhapur,East,HDFC Bank,1499,50-59,4
201482,71.0,Individual,Pune,North,HDFC Bank,1090,70-79,6
201483,55.0,Business,Kolhapur,East,HDFC Bank,1653,50-59,4
201484,30.0,Business,Pune,West,HDFC Bank,1041,30-39,2
201485,48.0,Individual,Nashik,East,HDFC Bank,1760,40-49,3
201486,64.0,Business,Kolhapur,West,HDFC Bank,1294,60-69,5
201487,53.0,Employee,Nashik,South,HDFC Bank,1769,50-59,4
201488,62.0,Individual,Pune,East,HDFC Bank,1336,60-69,5
201489,41.0,Employee,Nashik,South,HDFC Bank,1000,40-49,3
201490,69.0,Employee,Solapur,North,HDFC Bank,1108,60-69,5
201491,73.0,Individual,Unknown,East,HDFC Bank,1927,70-79,6
201492,32.0,Employee,Kolhapur,West,HDFC Bank,1978,30-39,2
201493,46.0,Employee,Solapur,East,HDFC Bank,1124,40-49,3
201494,25.0,Employee,Nashik,North,HDFC Bank,1063,18-29,1
201495,22.0,Individual,Nashik,North,HDFC Bank,1205,18-29,1
201496,,Individual,Nagpur,West,HDFC Bank,1414,Unknown,7
201497,64.0,Employee,Nashik,East,HDFC Bank,1953,60-69,5
201498,21.0,Individual,Nagpur,South,HDFC Bank,1849,18-29,1
201499,29.0,Individual,Kolhapur,North,HDFC Bank,1243,18-29,1
201500,62.0,Employee,Pune,North,HDFC Bank,1589,60-69,5
201501,19.0,Individual,Nagpur,West,HDFC Bank,1622,18-29,1
201502,44.0,Business,Nagpur,East,HDFC Bank,1653,40-49,3
201503,48.0,Individual,Solapur,South,HDFC Bank,1215,40-49,3
201504,68.0,Business,Nashik,East,HDFC Bank,1964,60-69,5
201505,68.0,Employee,Kolhapur,East,HDFC Bank,1527,60-69,5
201506,53.0,Individual,Pune,South,HDFC Bank,1964,50-59,4
201507,53.0,Employee,Mumbai,West,HDFC Bank,1565,50-59,4
201508,43.0,Employee,Nagpur,North,HDFC Bank,1652,40-49,3
201509,60.0,Employee,Mumbai,West,HDFC Bank,1379,60-69,5
201510,44.0,Employee,Nashik,West,HDFC Bank,1847,40-49,3
201511,22.0,Employee,Nagpur,East,HDFC Bank,1078,18-29,1
201512,37.0,Individual,Mumbai,South,HDFC Bank,1414,30-39,2
201513,28.0,Business,Solapur,North,HDFC Bank,1452,18-29,1
201514,79.0,Individual,Mumbai,East,HDFC Bank,1148,70-79,6
201515,27.0,Individual,Solapur,North,HDFC Bank,1638,18-29,1
201516,57.0,Individual,Pune,East,HDFC Bank,1669,50-59,4
201517,55.0,Individual,Nashik,South,HDFC Bank,1790,50-59,4
201518,23.0,Business,Kolhapur,North,HDFC Bank,1037,18-29,1
201519,25.0,Individual,Mumbai,North,HDFC Bank,1156,18-29,1
201520,40.0,Employee,Nagpur,West,HDFC Bank,1332,40-49,3
201521,64.0,Individual,Nashik,East,HDFC Bank,1287,60-69,5
201522,43.0,Unknown,Mumbai,East,HDFC Bank,1111,40-49,3
201523,63.0,Business,Nagpur,East,HDFC Bank,1701,60-69,5
201524,60.0,Business,Nagpur,West,HDFC Bank,1617,60-69,5
201525,29.0,Employee,Kolhapur,West,HDFC Bank,1090,18-29,1
201526,43.0,Individual,Kolhapur,North,HDFC Bank,1865,40-49,3
201527,,Unknown,Nagpur,East,HDFC Bank,1812,Unknown,7
201528,57.0,Individual,Kolhapur,East,HDFC Bank,1048,50-59,4
201529,79.0,Employee,Nagpur,North,HDFC Bank,1160,70-79,6
201530,35.0,Business,Mumbai,North,HDFC Bank,1515,30-39,2
201531,42.0,Employee,Pune,North,HDFC Bank,1401,40-49,3
201532,50.0,Individual,Kolhapur,South,HDFC Bank,1709,50-59,4
201533,64.0,Business,Solapur,South,HDFC Bank,1319,60-69,5
201534,57.0,Business,Solapur,North,HDFC Bank,1923,50-59,4
201535,77.0,Employee,Solapur,West,HDFC Bank,1363,70-79,6
201536,60.0,Business,Unknown,West,HDFC Bank,1888,60-69,5
201537,29.0,Business,Nagpur,East,HDFC Bank,1441,18-29,1
201538,61.0,Individual,Nagpur,South,HDFC Bank,1474,60-69,5
201539,53.0,Individual,Nashik,South,HDFC Bank,1765,50-59,4
201540,65.0,Business,Solapur,North,HDFC Bank,1601,60-69,5
201541,21.0,Business,Solapur,North,HDFC Bank,1311,18-29,1
201542,22.0,Employee,Nagpur,North,HDFC Bank,1531,18-29,1
201543,73.0,Employee,Solapur,North,HDFC Bank,1588,70-79,6
201544,54.0,Business,Nagpur,North,HDFC Bank,1219,50-59,4
201545,25.0,Individual,Nagpur,West,HDFC Bank,1673,18-29,1
201546,59.0,Business,Kolhapur,West,HDFC Bank,1496,50-59,4
201547,66.0,Business,Nagpur,North,HDFC Bank,1342,60-69,5
201548,45.0,Individual,Mumbai,West,HDFC Bank,1905,40-49,3
201549,48.0,Individual,Mumbai,North,HDFC Bank,1626,40-49,3
201550,75.0,Employee,Mumbai,North,HDFC Bank,1093,70-79,6
201551,26.0,Employee,Mumbai,South,HDFC Bank,1917,18-29,1
201552,71.0,Employee,Unknown,West,HDFC Bank,1132,70-79,6
201553,68.0,Employee,Nashik,West,HDFC Bank,1500,60-69,5
201554,46.0,Individual,Nashik,South,HDFC Bank,1171,40-49,3
201555,31.0,Business,Nagpur,West,HDFC Bank,1625,30-39,2
201556,57.0,Employee,Solapur,South,HDFC Bank,1008,50-59,4
201557,58.0,Employee,Mumbai,East,HDFC Bank,1810,50-59,4
201558,39.0,Individual,Nashik,West,HDFC Bank,1771,30-39,2
201559,28.0,Individual,Nashik,North,HDFC Bank,1681,18-29,1
201560,40.0,Business,Mumbai,South,HDFC Bank,1320,40-49,3
201561,18.0,Business,Pune,North,HDFC Bank,1097,18-29,1
201562,63.0,Individual,Pune,North,HDFC Bank,1168,60-69,5
201563,54.0,Employee,Nashik,West,HDFC Bank,1959,50-59,4
201564,38.0,Employee,Pune,South,HDFC Bank,1310,30-39,2
201565,43.0,Employee,Kolhapur,East,HDFC Bank,1729,40-49,3
201566,63.0,Business,Mumbai,North,HDFC Bank,1913,60-69,5
201567,53.0,Employee,Nashik,North,HDFC Bank,1911,50-59,4
201568,,Employee,Mumbai,East,HDFC Bank,1342,Unknown,7
201569,40.0,Individual,Pune,South,HDFC Bank,1429,40-49,3
201570,74.0,Employee,Mumbai,West,HDFC Bank,1931,70-79,6
201571,18.0,Individual,Pune,North,HDFC Bank,1857,18-29,1
201572,71.0,Employee,Pune,West,HDFC Bank,1961,70-79,6
201573,72.0,Unknown,Mumbai,South,HDFC Bank,1555,70-79,6
201574,68.0,Employee,Pune,East,HDFC Bank,1499,60-69,5
201575,57.0,Employee,Kolhapur,West,HDFC Bank,1772,50-59,4
201576,32.0,Individual,Nagpur,South,HDFC Bank,1284,30-39,2
201577,38.0,Individual,Unknown,West,HDFC Bank,1637,30-39,2
201578,64.0,Individual,Nagpur,West,HDFC Bank,1259,60-69,5
201579,26.0,Employee,Mumbai,North,HDFC Bank,1494,18-29,1
201580,70.0,Employee,Pune,West,HDFC Bank,1354,70-79,6
201581,26.0,Business,Pune,North,HDFC Bank,1213,18-29,1
201582,27.0,Employee,Nashik,South,HDFC Bank,1816,18-29,1
201583,69.0,Business,Kolhapur,South,HDFC Bank,1199,60-69,5
201584,74.0,Unknown,Nashik,North,HDFC Bank,1235,70-79,6
201585,70.0,Individual,Nagpur,East,HDFC Bank,1852,70-79,6
201586,43.0,Individual,Pune,West,HDFC Bank,1135,40-49,3
201587,,Business,Unknown,South,HDFC Bank,1889,Unknown,7
201588,52.0,Employee,Pune,South,HDFC Bank,1947,50-59,4
201589,69.0,Unknown,Unknown,East,HDFC Bank,1627,60-69,5
201590,42.0,Employee,Nashik,South,HDFC Bank,1964,40-49,3
201591,43.0,Employee,Nagpur,North,HDFC Bank,1916,40-49,3
201592,,Individual,Nashik,East,HDFC Bank,1666,Unknown,7
201593,55.0,Business,Unknown,South,HDFC Bank,1421,50-59,4
201594,19.0,Employee,Solapur,East,HDFC Bank,1900,18-29,1
201595,24.0,Individual,Unknown,East,HDFC Bank,1340,18-29,1
201596,35.0,Employee,Kolhapur,South,HDFC Bank,1828,30-39,2
201597,44.0,Employee,Pune,South,HDFC Bank,1903,40-49,3
201598,51.0,Employee,Mumbai,South,HDFC Bank,1341,50-59,4
201599,,Employee,Nashik,East,HDFC Bank,1529,Unknown,7
201600,34.0,Employee,Solapur,North,HDFC Bank,1387,30-39,2
201601,60.0,Business,Mumbai,North,HDFC Bank,1003,60-69,5
201602,76.0,Business,Pune,West,HDFC Bank,1676,70-79,6
201603,61.0,Individual,Mumbai,South,HDFC Bank,1638,60-69,5
201604,76.0,Business,Pune,North,HDFC Bank,1398,70-79,6
201605,68.0,Business,Unknown,West,HDFC Bank,1421,60-69,5
201606,71.0,Business,Nashik,West,HDFC Bank,1410,70-79,6
201607,41.0,Employee,Mumbai,South,HDFC Bank,1212,40-49,3
201608,42.0,Employee,Nashik,West,HDFC Bank,1559,40-49,3
201609,24.0,Individual,Mumbai,North,HDFC Bank,1557,18-29,1
201610,69.0,Individual,Pune,West,HDFC Bank,1557,60-69,5
201611,23.0,Unknown,Pune,West,HDFC Bank,1047,18-29,1
201612,70.0,Employee,Mumbai,North,HDFC Bank,1186,70-79,6
201613,41.0,Business,Kolhapur,West,HDFC Bank,1501,40-49,3
201614,50.0,Business,Pune,West,HDFC Bank,1631,50-59,4
201615,66.0,Employee,Nagpur,East,HDFC Bank,1643,60-69,5
201616,46.0,Individual,Nagpur,West,HDFC Bank,1970,40-49,3
201617,60.0,Individual,Nashik,West,HDFC Bank,1530,60-69,5
201618,39.0,Individual,Nagpur,East,HDFC Bank,1952,30-39,2
201619,43.0,Employee,Nagpur,East,HDFC Bank,1786,40-49,3
201620,45.0,Individual,Kolhapur,East,HDFC Bank,1474,40-49,3
201621,67.0,Individual,Kolhapur,South,HDFC Bank,1743,60-69,5
201622,38.0,Employee,Solapur,South,HDFC Bank,1041,30-39,2
201623,66.0,Business,Solapur,North,HDFC Bank,1603,60-69,5
201624,24.0,Employee,Kolhapur,West,HDFC Bank,1260,18-29,1
201625,34.0,Employee,Solapur,North,HDFC Bank,1047,30-39,2
201626,,Employee,Kolhapur,South,HDFC Bank,1920,Unknown,7
201627,58.0,Employee,Solapur,West,HDFC Bank,1962,50-59,4
201628,66.0,Business,Pune,West,HDFC Bank,1793,60-69,5
201629,37.0,Individual,Kolhapur,East,HDFC Bank,1585,30-39,2
201630,71.0,Employee,Nashik,South,HDFC Bank,1727,70-79,6
201631,39.0,Business,Nashik,West,HDFC Bank,1445,30-39,2
201632,45.0,Individual,Kolhapur,East,HDFC Bank,1220,40-49,3
201633,78.0,Individual,Nagpur,West,HDFC Bank,1620,70-79,6
201634,57.0,Individual,Nashik,South,HDFC Bank,1646,50-59,4
201635,66.0,Employee,Nagpur,North,HDFC Bank,1939,60-69,5
201636,24.0,Employee,Nashik,North,HDFC Bank,1342,18-29,1
201637,18.0,Individual,Mumbai,West,HDFC Bank,1237,18-29,1
201638,49.0,Individual,Mumbai,East,HDFC Bank,1154,40-49,3
201639,30.0,Individual,Kolhapur,East,HDFC Bank,1937,30-39,2
201640,47.0,Individual,Nashik,East,HDFC Bank,1840,40-49,3
201641,40.0,Unknown,Pune,South,HDFC Bank,1055,40-49,3
201642,,Individual,Nagpur,North,HDFC Bank,1386,Unknown,7
201643,76.0,Business,Nashik,North,HDFC Bank,1893,70-79,6
201644,73.0,Individual,Kolhapur,West,HDFC Bank,1908,70-79,6
201645,36.0,Employee,Nagpur,North,HDFC Bank,1709,30-39,2
201646,79.0,Employee,Solapur,East,HDFC Bank,1314,70-79,6
201647,49.0,Employee,Kolhapur,South,HDFC Bank,1037,40-49,3
201648,,Individual,Nashik,East,HDFC Bank,1340,Unknown,7
201649,46.0,Employee,Pune,East,HDFC Bank,1850,40-49,3
201650,66.0,Business,Solapur,North,HDFC Bank,1728,60-69,5
201651,62.0,Individual,Kolhapur,South,HDFC Bank,1230,60-69,5
201652,46.0,Employee,Nashik,South,HDFC Bank,1451,40-49,3
201653,47.0,Business,Mumbai,East,HDFC Bank,1341,40-49,3
201654,33.0,Business,Nashik,West,HDFC Bank,1452,30-39,2
201655,57.0,Employee,Mumbai,North,HDFC Bank,1256,50-59,4
201656,36.0,Business,Mumbai,West,HDFC Bank,1433,30-39,2
201657,35.0,Employee,Kolhapur,East,HDFC Bank,1208,30-39,2
201658,18.0,Business,Nashik,North,HDFC Bank,1200,18-29,1
201659,31.0,Individual,Nashik,West,HDFC Bank,1136,30-39,2
201660,68.0,Individual,Mumbai,West,HDFC Bank,1639,60-69,5
201661,64.0,Individual,Nagpur,West,HDFC Bank,1564,60-69,5
201662,67.0,Individual,Solapur,North,HDFC Bank,1855,60-69,5
201663,19.0,Unknown,Pune,West,HDFC Bank,1393,18-29,1
201664,71.0,Employee,Nashik,South,HDFC Bank,1595,70-79,6
201665,45.0,Individual,Solapur,East,HDFC Bank,1720,40-49,3
201666,66.0,Individual,Solapur,North,HDFC Bank,1844,60-69,5
201667,67.0,Individual,Nagpur,South,HDFC Bank,1796,60-69,5
201668,47.0,Individual,Solapur,West,HDFC Bank,1035,40-49,3
201669,55.0,Business,Nashik,East,HDFC Bank,1214,50-59,4
201670,68.0,Individual,Kolhapur,West,HDFC Bank,1026,60-69,5
201671,21.0,Individual,Kolhapur,South,HDFC Bank,1657,18-29,1
201672,18.0,Employee,Solapur,West,HDFC Bank,1017,18-29,1
201673,25.0,Business,Unknown,North,HDFC Bank,1629,18-29,1
201674,46.0,Employee,Nashik,South,HDFC Bank,1136,40-49,3
201675,72.0,Individual,Mumbai,North,HDFC Bank,1578,70-79,6
201676,56.0,Employee,Nagpur,East,HDFC Bank,1902,50-59,4
201677,20.0,Employee,Pune,North,HDFC Bank,1825,18-29,1
201678,49.0,Individual,Mumbai,North,HDFC Bank,1974,40-49,3
201679,,Business,Pune,West,HDFC Bank,1029,Unknown,7
201680,27.0,Business,Nashik,West,HDFC Bank,1072,18-29,1
201681,36.0,Employee,Kolhapur,South,HDFC Bank,1122,30-39,2
201682,63.0,Individual,Mumbai,East,HDFC Bank,1956,60-69,5
201683,51.0,Employee,Unknown,South,HDFC Bank,1986,50-59,4
201684,77.0,Employee,Solapur,East,HDFC Bank,1227,70-79,6
201685,50.0,Employee,Pune,East,HDFC Bank,1337,50-59,4
201686,40.0,Individual,Nashik,North,HDFC Bank,1990,40-49,3
201687,72.0,Individual,Kolhapur,West,HDFC Bank,1272,70-79,6
201688,45.0,Business,Unknown,East,HDFC Bank,1757,40-49,3
201689,49.0,Individual,Kolhapur,West,HDFC Bank,1436,40-49,3
201690,67.0,Employee,Nagpur,East,HDFC Bank,1901,60-69,5
201691,24.0,Employee,Kolhapur,West,HDFC Bank,1038,18-29,1
201692,46.0,Business,Solapur,South,HDFC Bank,1920,40-49,3
201693,25.0,Individual,Mumbai,West,HDFC Bank,1681,18-29,1
201694,,Employee,Mumbai,North,HDFC Bank,1425,Unknown,7
201695,74.0,Business,Mumbai,East,HDFC Bank,1314,70-79,6
201696,72.0,Business,Kolhapur,North,HDFC Bank,1613,70-79,6
201697,20.0,Employee,Solapur,East,HDFC Bank,1805,18-29,1
201698,41.0,Employee,Kolhapur,North,HDFC Bank,1508,40-49,3
201699,40.0,Individual,Nashik,East,HDFC Bank,1926,40-49,3
201700,76.0,Business,Solapur,West,HDFC Bank,1754,70-79,6
201701,78.0,Employee,Solapur,East,HDFC Bank,1156,70-79,6
201702,25.0,Business,Kolhapur,North,HDFC Bank,1871,18-29,1
201703,71.0,Individual,Kolhapur,North,HDFC Bank,1776,70-79,6
201704,74.0,Unknown,Mumbai,East,HDFC Bank,1256,70-79,6
201705,64.0,Individual,Solapur,East,HDFC Bank,1975,60-69,5
201706,54.0,Business,Mumbai,South,HDFC Bank,1869,50-59,4
201707,20.0,Individual,Nashik,South,HDFC Bank,1854,18-29,1
201708,68.0,Individual,Nagpur,West,HDFC Bank,1634,60-69,5
201709,50.0,Business,Mumbai,West,HDFC Bank,1455,50-59,4
201710,,Individual,Kolhapur,West,HDFC Bank,1046,Unknown,7
201711,64.0,Business,Pune,West,HDFC Bank,1331,60-69,5
201712,25.0,Employee,Nagpur,West,HDFC Bank,1009,18-29,1
201713,51.0,Business,Nashik,East,HDFC Bank,1143,50-59,4
201714,52.0,Business,Kolhapur,South,HDFC Bank,1430,50-59,4
201715,49.0,Employee,Nagpur,East,HDFC Bank,1810,40-49,3
201716,41.0,Business,Kolhapur,South,HDFC Bank,1151,40-49,3
201717,31.0,Employee,Mumbai,South,HDFC Bank,1486,30-39,2
201718,49.0,Employee,Kolhapur,North,HDFC Bank,1135,40-49,3
201719,73.0,Business,Nashik,North,HDFC Bank,1586,70-79,6
201720,63.0,Individual,Pune,South,HDFC Bank,1872,60-69,5
201721,60.0,Individual,Mumbai,East,HDFC Bank,1025,60-69,5
201722,33.0,Employee,Mumbai,South,HDFC Bank,1006,30-39,2
201723,21.0,Individual,Nashik,West,HDFC Bank,1590,18-29,1
201724,69.0,Individual,Nashik,East,HDFC Bank,1014,60-69,5
201725,54.0,Business,Nagpur,East,HDFC Bank,1431,50-59,4
201726,71.0,Employee,Pune,South,HDFC Bank,1898,70-79,6
201727,38.0,Employee,Kolhapur,West,HDFC Bank,1399,30-39,2
201728,31.0,Business,Nagpur,South,HDFC Bank,1206,30-39,2
201729,,Individual,Kolhapur,West,HDFC Bank,1600,Unknown,7
201730,72.0,Employee,Kolhapur,East,HDFC Bank,1608,70-79,6
201731,65.0,Individual,Kolhapur,South,HDFC Bank,1909,60-69,5
201732,35.0,Employee,Nagpur,West,HDFC Bank,1215,30-39,2
201733,24.0,Employee,Mumbai,North,HDFC Bank,1501,18-29,1
201734,27.0,Employee,Nashik,East,HDFC Bank,1458,18-29,1
201735,24.0,Employee,Mumbai,East,HDFC Bank,1258,18-29,1
201736,50.0,Unknown,Pune,North,HDFC Bank,1328,50-59,4
201737,40.0,Individual,Nagpur,West,HDFC Bank,1453,40-49,3
201738,38.0,Individual,Pune,East,HDFC Bank,1798,30-39,2
201739,36.0,Individual,Nashik,West,HDFC Bank,1374,30-39,2
201740,65.0,Business,Nashik,North,HDFC Bank,1463,60-69,5
201741,78.0,Employee,Solapur,South,HDFC Bank,1074,70-79,6
201742,36.0,Employee,Pune,East,HDFC Bank,1241,30-39,2
201743,53.0,Employee,Mumbai,East,HDFC Bank,1016,50-59,4
201744,46.0,Business,Pune,West,HDFC Bank,1688,40-49,3
201745,77.0,Individual,Nagpur,East,HDFC Bank,1258,70-79,6
201746,35.0,Employee,Nashik,South,HDFC Bank,1122,30-39,2
201747,19.0,Individual,Nashik,North,HDFC Bank,1978,18-29,1
201748,18.0,Individual,Pune,East,HDFC Bank,1983,18-29,1
201749,64.0,Business,Pune,North,HDFC Bank,1310,60-69,5
201750,22.0,Business,Kolhapur,West,HDFC Bank,1110,18-29,1
201751,37.0,Individual,Pune,South,HDFC Bank,1255,30-39,2
201752,28.0,Employee,Kolhapur,East,HDFC Bank,1233,18-29,1
201753,59.0,Employee,Nagpur,North,HDFC Bank,1967,50-59,4
201754,19.0,Business,Nagpur,South,HDFC Bank,1496,18-29,1
201755,20.0,Business,Mumbai,North,HDFC Bank,1867,18-29,1
201756,40.0,Business,Pune,West,HDFC Bank,1039,40-49,3
201757,72.0,Business,Mumbai,South,HDFC Bank,1121,70-79,6
201758,29.0,Business,Unknown,South,HDFC Bank,1449,18-29,1
201759,37.0,Business,Nagpur,West,HDFC Bank,1726,30-39,2
201760,22.0,Business,Nashik,West,HDFC Bank,1807,18-29,1
201761,54.0,Employee,Kolhapur,East,HDFC Bank,1797,50-59,4
201762,55.0,Business,Solapur,West,HDFC Bank,1792,50-59,4
201763,47.0,Business,Nashik,West,HDFC Bank,1518,40-49,3
201764,26.0,Unknown,Unknown,North,HDFC Bank,1091,18-29,1
201765,51.0,Employee,Mumbai,South,HDFC Bank,1360,50-59,4
201766,70.0,Individual,Mumbai,North,HDFC Bank,1945,70-79,6
201767,61.0,Business,Kolhapur,West,HDFC Bank,1122,60-69,5
201768,52.0,Business,Nagpur,East,HDFC Bank,1336,50-59,4
201769,69.0,Business,Kolhapur,North,HDFC Bank,1607,60-69,5
201770,75.0,Business,Nashik,North,HDFC Bank,1512,70-79,6
201771,39.0,Individual,Solapur,South,HDFC Bank,1602,30-39,2
201772,61.0,Employee,Kolhapur,South,HDFC Bank,1427,60-69,5
201773,41.0,Employee,Pune,South,HDFC Bank,1995,40-49,3
201774,34.0,Business,Pune,East,HDFC Bank,1432,30-39,2
201775,27.0,Business,Nagpur,East,HDFC Bank,1006,18-29,1
201776,47.0,Business,Unknown,West,HDFC Bank,1119,40-49,3
201777,73.0,Individual,Nashik,West,HDFC Bank,1386,70-79,6
201778,76.0,Individual,Pune,South,HDFC Bank,1349,70-79,6
201779,63.0,Employee,Nagpur,North,HDFC Bank,1640,60-69,5
201780,40.0,Business,Kolhapur,South,HDFC Bank,1690,40-49,3
201781,49.0,Business,Nagpur,West,HDFC Bank,1097,40-49,3
201782,34.0,Business,Nashik,North,HDFC Bank,1933,30-39,2
201783,67.0,Business,Pune,West,HDFC Bank,1042,60-69,5
201784,68.0,Individual,Pune,East,HDFC Bank,1182,60-69,5
201785,34.0,Employee,Pune,South,HDFC Bank,1696,30-39,2
201786,31.0,Employee,Unknown,South,HDFC Bank,1564,30-39,2
201787,26.0,Individual,Pune,North,HDFC Bank,1739,18-29,1
201788,57.0,Business,Solapur,South,HDFC Bank,1672,50-59,4
201789,19.0,Employee,Mumbai,West,HDFC Bank,1234,18-29,1
201790,62.0,Employee,Kolhapur,West,HDFC Bank,1975,60-69,5
201791,42.0,Individual,Mumbai,East,HDFC Bank,1445,40-49,3
201792,56.0,Business,Mumbai,West,HDFC Bank,1869,50-59,4
201793,26.0,Employee,Mumbai,North,HDFC Bank,1906,18-29,1
201794,71.0,Business,Nagpur,West,HDFC Bank,1199,70-79,6
201795,39.0,Employee,Solapur,East,HDFC Bank,1947,30-39,2
201796,60.0,Individual,Nashik,East,HDFC Bank,1512,60-69,5
201797,63.0,Business,Pune,South,HDFC Bank,1525,60-69,5
201798,21.0,Individual,Unknown,North,HDFC Bank,1989,18-29,1
201799,43.0,Employee,Nashik,West,HDFC Bank,1212,40-49,3
201800,75.0,Individual,Nagpur,East,HDFC Bank,1377,70-79,6
201801,46.0,Individual,Nashik,West,HDFC Bank,1788,40-49,3
201802,62.0,Individual,Mumbai,East,HDFC Bank,1545,60-69,5
201803,51.0,Employee,Kolhapur,South,HDFC Bank,1485,50-59,4
201804,40.0,Business,Solapur,East,HDFC Bank,1985,40-49,3
201805,54.0,Individual,Nashik,South,HDFC Bank,1360,50-59,4
201806,28.0,Unknown,Mumbai,North,HDFC Bank,1781,18-29,1
201807,23.0,Employee,Mumbai,West,HDFC Bank,1167,18-29,1
201808,35.0,Unknown,Pune,West,HDFC Bank,1889,30-39,2
201809,38.0,Individual,Kolhapur,South,HDFC Bank,1930,30-39,2
201810,59.0,Individual,Pune,North,HDFC Bank,1681,50-59,4
201811,53.0,Individual,Kolhapur,South,HDFC Bank,1593,50-59,4
201812,58.0,Individual,Solapur,East,HDFC Bank,1403,50-59,4
201813,55.0,Individual,Pune,South,HDFC Bank,1827,50-59,4
201814,51.0,Unknown,Solapur,North,HDFC Bank,1136,50-59,4
201815,,Employee,Nagpur,East,HDFC Bank,1232,Unknown,7
201816,54.0,Employee,Nagpur,West,HDFC Bank,1114,50-59,4
201817,42.0,Employee,Kolhapur,West,HDFC Bank,1251,40-49,3
201818,55.0,Business,Kolhapur,West,HDFC Bank,1492,50-59,4
201819,75.0,Business,Pune,North,HDFC Bank,1288,70-79,6
201820,29.0,Employee,Nagpur,North,HDFC Bank,1048,18-29,1
201821,40.0,Business,Nashik,North,HDFC Bank,1451,40-49,3
201822,,Business,Nashik,North,HDFC Bank,1515,Unknown,7
201823,59.0,Individual,Nashik,North,HDFC Bank,1890,50-59,4
201824,39.0,Individual,Unknown,East,HDFC Bank,1687,30-39,2
201825,38.0,Business,Nashik,South,HDFC Bank,1271,30-39,2
201826,44.0,Business,Solapur,West,HDFC Bank,1430,40-49,3
201827,74.0,Employee,Mumbai,North,HDFC Bank,1025,70-79,6
201828,48.0,Business,Kolhapur,West,HDFC Bank,1069,40-49,3
201829,23.0,Individual,Pune,North,HDFC Bank,1292,18-29,1
201830,44.0,Business,Solapur,West,HDFC Bank,1405,40-49,3
201831,57.0,Employee,Nashik,South,HDFC Bank,1233,50-59,4
201832,51.0,Individual,Mumbai,West,HDFC Bank,1230,50-59,4
201833,29.0,Unknown,Pune,West,HDFC Bank,1262,18-29,1
201834,62.0,Individual,Solapur,North,HDFC Bank,1937,60-69,5
201835,74.0,Individual,Pune,East,HDFC Bank,1797,70-79,6
201836,70.0,Business,Kolhapur,East,HDFC Bank,1585,70-79,6
201837,24.0,Employee,Nagpur,West,HDFC Bank,1120,18-29,1
201838,27.0,Business,Nashik,East,HDFC Bank,1462,18-29,1
201839,62.0,Unknown,Solapur,South,HDFC Bank,1517,60-69,5
201840,34.0,Individual,Solapur,South,HDFC Bank,1023,30-39,2
201841,43.0,Employee,Unknown,East,HDFC Bank,1705,40-49,3
201842,38.0,Individual,Mumbai,East,HDFC Bank,1679,30-39,2
201843,45.0,Business,Mumbai,South,HDFC Bank,1376,40-49,3
201844,79.0,Business,Pune,East,HDFC Bank,1499,70-79,6
201845,,Unknown,Nashik,East,HDFC Bank,1910,Unknown,7
201846,63.0,Business,Pune,North,HDFC Bank,1436,60-69,5
201847,19.0,Business,Nashik,North,HDFC Bank,1852,18-29,1
201848,77.0,Individual,Solapur,East,HDFC Bank,1721,70-79,6
201849,71.0,Business,Pune,East,HDFC Bank,1644,70-79,6
201850,60.0,Employee,Pune,North,HDFC Bank,1856,60-69,5
201851,18.0,Individual,Pune,North,HDFC Bank,1803,18-29,1
201852,68.0,Employee,Nagpur,East,HDFC Bank,1969,60-69,5
201853,70.0,Business,Kolhapur,North,HDFC Bank,1498,70-79,6
201854,53.0,Business,Nashik,South,HDFC Bank,1173,50-59,4
201855,68.0,Individual,Nashik,West,HDFC Bank,1662,60-69,5
201856,43.0,Business,Pune,South,HDFC Bank,1599,40-49,3
201857,46.0,Individual,Nagpur,North,HDFC Bank,1812,40-49,3
201858,38.0,Individual,Pune,South,HDFC Bank,1508,30-39,2
201859,28.0,Individual,Nashik,West,HDFC Bank,1777,18-29,1
201860,57.0,Individual,Kolhapur,North,HDFC Bank,1309,50-59,4
201861,28.0,Individual,Kolhapur,South,HDFC Bank,1069,18-29,1
201862,53.0,Unknown,Solapur,South,HDFC Bank,1204,50-59,4
201863,66.0,Individual,Nagpur,West,HDFC Bank,1340,60-69,5
201864,76.0,Employee,Kolhapur,North,HDFC Bank,1031,70-79,6
201865,56.0,Business,Nagpur,East,HDFC Bank,1042,50-59,4
201866,57.0,Individual,Pune,North,HDFC Bank,1117,50-59,4
201867,52.0,Business,Solapur,West,HDFC Bank,1888,50-59,4
201868,71.0,Individual,Nashik,West,HDFC Bank,1014,70-79,6
201869,51.0,Employee,Unknown,West,HDFC Bank,1321,50-59,4
201870,72.0,Unknown,Unknown,West,HDFC Bank,1910,70-79,6
201871,64.0,Employee,Mumbai,East,HDFC Bank,1626,60-69,5
201872,41.0,Business,Nashik,North,HDFC Bank,1336,40-49,3
201873,71.0,Individual,Kolhapur,North,HDFC Bank,1531,70-79,6
201874,39.0,Business,Kolhapur,South,HDFC Bank,1689,30-39,2
201875,22.0,Employee,Unknown,East,HDFC Bank,1773,18-29,1
201876,73.0,Business,Solapur,East,HDFC Bank,1590,70-79,6
201877,50.0,Employee,Nagpur,South,HDFC Bank,1380,50-59,4
201878,75.0,Employee,Nashik,South,HDFC Bank,1510,70-79,6
201879,53.0,Employee,Nagpur,North,HDFC Bank,1912,50-59,4
201880,64.0,Individual,Solapur,North,HDFC Bank,1119,60-69,5
201881,37.0,Individual,Solapur,North,HDFC Bank,1025,30-39,2
201882,36.0,Employee,Pune,East,HDFC Bank,1533,30-39,2
201883,52.0,Business,Mumbai,East,HDFC Bank,1712,50-59,4
201884,69.0,Business,Solapur,South,HDFC Bank,1063,60-69,5
201885,60.0,Individual,Solapur,West,HDFC Bank,1459,60-69,5
201886,34.0,Employee,Nagpur,West,HDFC Bank,1725,30-39,2
201887,79.0,Business,Unknown,West,HDFC Bank,1313,70-79,6
201888,76.0,Employee,Nashik,West,HDFC Bank,1982,70-79,6
201889,62.0,Business,Pune,West,HDFC Bank,1804,60-69,5
201890,60.0,Individual,Pune,North,HDFC Bank,1589,60-69,5
201891,51.0,Employee,Nashik,South,HDFC Bank,1215,50-59,4
201892,26.0,Employee,Kolhapur,West,HDFC Bank,1455,18-29,1
201893,43.0,Business,Solapur,West,HDFC Bank,1985,40-49,3
201894,19.0,Business,Mumbai,West,HDFC Bank,1735,18-29,1
201895,70.0,Business,Solapur,North,HDFC Bank,1888,70-79,6
201896,26.0,Employee,Pune,West,HDFC Bank,1539,18-29,1
201897,26.0,Individual,Mumbai,South,HDFC Bank,1991,18-29,1
201898,57.0,Individual,Kolhapur,North,HDFC Bank,1981,50-59,4
201899,34.0,Business,Nagpur,North,HDFC Bank,1816,30-39,2
201900,18.0,Individual,Nagpur,East,HDFC Bank,1712,18-29,1
201901,42.0,Business,Solapur,East,HDFC Bank,1578,40-49,3
201902,,Individual,Solapur,North,HDFC Bank,1472,Unknown,7
201903,60.0,Employee,Mumbai,West,HDFC Bank,1358,60-69,5
201904,57.0,Business,Mumbai,West,HDFC Bank,1125,50-59,4
201905,59.0,Individual,Kolhapur,West,HDFC Bank,1971,50-59,4
201906,42.0,Employee,Solapur,West,HDFC Bank,1860,40-49,3
201907,56.0,Individual,Pune,East,HDFC Bank,1706,50-59,4
201908,52.0,Employee,Nagpur,South,HDFC Bank,1936,50-59,4
201909,20.0,Employee,Kolhapur,North,HDFC Bank,1685,18-29,1
201910,,Individual,Mumbai,West,HDFC Bank,1086,Unknown,7
201911,54.0,Individual,Pune,East,HDFC Bank,1342,50-59,4
201912,61.0,Employee,Solapur,South,HDFC Bank,1822,60-69,5
201913,61.0,Employee,Nashik,North,HDFC Bank,1977,60-69,5
201914,68.0,Employee,Mumbai,North,HDFC Bank,1394,60-69,5
201915,47.0,Business,Kolhapur,North,HDFC Bank,1483,40-49,3
201916,,Employee,Nashik,West,HDFC Bank,1665,Unknown,7
201917,,Business,Pune,North,HDFC Bank,1455,Unknown,7
201918,29.0,Employee,Nagpur,West,HDFC Bank,1475,18-29,1
201919,36.0,Business,Pune,South,HDFC Bank,1209,30-39,2
201920,54.0,Employee,Nagpur,East,HDFC Bank,1524,50-59,4
201921,,Unknown,Pune,East,HDFC Bank,1675,Unknown,7
201922,76.0,Employee,Mumbai,East,HDFC Bank,1999,70-79,6
201923,76.0,Individual,Mumbai,North,HDFC Bank,1766,70-79,6
201924,66.0,Individual,Kolhapur,East,HDFC Bank,1895,60-69,5
201925,78.0,Employee,Nashik,South,HDFC Bank,1575,70-79,6
201926,34.0,Business,Pune,West,HDFC Bank,1306,30-39,2
201927,27.0,Business,Pune,East,HDFC Bank,1075,18-29,1
201928,74.0,Employee,Nashik,West,HDFC Bank,1021,70-79,6
201929,72.0,Individual,Solapur,West,HDFC Bank,1059,70-79,6
201930,66.0,Business,Kolhapur,East,HDFC Bank,1385,60-69,5
201931,64.0,Individual,Pune,East,HDFC Bank,1055,60-69,5
201932,,Business,Kolhapur,East,HDFC Bank,1167,Unknown,7
201933,79.0,Employee,Pune,North,HDFC Bank,1411,70-79,6
201934,33.0,Individual,Pune,East,HDFC Bank,1716,30-39,2
201935,41.0,Unknown,Solapur,North,HDFC Bank,1864,40-49,3
201936,36.0,Employee,Mumbai,South,HDFC Bank,1770,30-39,2
201937,25.0,Employee,Kolhapur,West,HDFC Bank,1190,18-29,1
201938,48.0,Employee,Nashik,South,HDFC Bank,1481,40-49,3
201939,38.0,Individual,Unknown,East,HDFC Bank,1918,30-39,2
201940,34.0,Individual,Solapur,West,HDFC Bank,1566,30-39,2
201941,40.0,Employee,Nagpur,East,HDFC Bank,1415,40-49,3
201942,54.0,Individual,Unknown,East,HDFC Bank,1339,50-59,4
201943,71.0,Business,Solapur,West,HDFC Bank,1795,70-79,6
201944,33.0,Employee,Solapur,South,HDFC Bank,1891,30-39,2
201945,23.0,Employee,Mumbai,East,HDFC Bank,1775,18-29,1
201946,25.0,Individual,Kolhapur,West,HDFC Bank,1258,18-29,1
201947,42.0,Employee,Kolhapur,South,HDFC Bank,1349,40-49,3
201948,35.0,Business,Nagpur,North,HDFC Bank,1600,30-39,2
201949,42.0,Individual,Nashik,South,HDFC Bank,1436,40-49,3
201950,29.0,Individual,Kolhapur,South,HDFC Bank,1221,18-29,1
201951,32.0,Employee,Unknown,West,HDFC Bank,1412,30-39,2
201952,76.0,Employee,Pune,South,HDFC Bank,1349,70-79,6
201953,43.0,Employee,Mumbai,North,HDFC Bank,1481,40-49,3
201954,58.0,Individual,Mumbai,North,HDFC Bank,1600,50-59,4
201955,62.0,Employee,Nagpur,East,HDFC Bank,1976,60-69,5
201956,43.0,Business,Nashik,North,HDFC Bank,1058,40-49,3
201957,64.0,Employee,Nashik,East,HDFC Bank,1151,60-69,5
201958,49.0,Employee,Unknown,North,HDFC Bank,1933,40-49,3
201959,27.0,Individual,Mumbai,South,HDFC Bank,1539,18-29,1
201960,33.0,Employee,Kolhapur,East,HDFC Bank,1224,30-39,2
201961,24.0,Individual,Pune,North,HDFC Bank,1317,18-29,1
201962,34.0,Employee,Kolhapur,South,HDFC Bank,1995,30-39,2
201963,40.0,Business,Unknown,South,HDFC Bank,1562,40-49,3
201964,43.0,Business,Nagpur,East,HDFC Bank,1774,40-49,3
201965,38.0,Individual,Pune,West,HDFC Bank,1278,30-39,2
201966,39.0,Individual,Kolhapur,South,HDFC Bank,1557,30-39,2
201967,75.0,Employee,Unknown,South,HDFC Bank,1473,70-79,6
201968,24.0,Employee,Nashik,West,HDFC Bank,1845,18-29,1
201969,31.0,Business,Nashik,East,HDFC Bank,1617,30-39,2
201970,,Employee,Mumbai,North,HDFC Bank,1795,Unknown,7
201971,70.0,Business,Kolhapur,North,HDFC Bank,1023,70-79,6
201972,24.0,Individual,Nagpur,South,HDFC Bank,1518,18-29,1
201973,26.0,Employee,Pune,West,HDFC Bank,1367,18-29,1
201974,68.0,Individual,Mumbai,South,HDFC Bank,1995,60-69,5
201975,65.0,Employee,Solapur,East,HDFC Bank,1998,60-69,5
201976,25.0,Business,Solapur,South,HDFC Bank,1334,18-29,1
201977,67.0,Individual,Pune,North,HDFC Bank,1432,60-69,5
201978,76.0,Individual,Pune,West,HDFC Bank,1002,70-79,6
201979,40.0,Employee,Pune,East,HDFC Bank,1257,40-49,3
201980,46.0,Individual,Nashik,South,HDFC Bank,1262,40-49,3
201981,35.0,Business,Pune,North,HDFC Bank,1120,30-39,2
201982,48.0,Individual,Solapur,South,HDFC Bank,1719,40-49,3
201983,47.0,Individual,Pune,North,HDFC Bank,1020,40-49,3
201984,69.0,Employee,Kolhapur,West,HDFC Bank,1904,60-69,5
201985,56.0,Individual,Nagpur,East,HDFC Bank,1139,50-59,4
201986,52.0,Employee,Solapur,South,HDFC Bank,1476,50-59,4
201987,35.0,Employee,Nagpur,East,HDFC Bank,1791,30-39,2
201988,76.0,Individual,Solapur,West,HDFC Bank,1288,70-79,6
201989,59.0,Business,Unknown,North,HDFC Bank,1205,50-59,4
201990,56.0,Employee,Kolhapur,West,HDFC Bank,1042,50-59,4
201991,34.0,Individual,Solapur,West,HDFC Bank,1849,30-39,2
201992,31.0,Employee,Kolhapur,East,HDFC Bank,1117,30-39,2
201993,48.0,Business,Solapur,West,HDFC Bank,1004,40-49,3
201994,41.0,Business,Nagpur,South,HDFC Bank,1206,40-49,3
201995,52.0,Employee,Nagpur,North,HDFC Bank,1634,50-59,4
201996,61.0,Business,Solapur,West,HDFC Bank,1838,60-69,5
201997,77.0,Individual,Solapur,South,HDFC Bank,1344,70-79,6
201998,62.0,Individual,Nashik,North,HDFC Bank,1141,60-69,5
201999,51.0,Employee,Kolhapur,East,HDFC Bank,1371,50-59,4
202000,20.0,Business,Kolhapur,North,HDFC Bank,1231,18-29,1
202001,54.0,Individual,Kolhapur,East,HDFC Bank,1163,50-59,4
202002,60.0,Individual,Kolhapur,North,HDFC Bank,1546,60-69,5
202003,57.0,Individual,Mumbai,West,HDFC Bank,1363,50-59,4
202004,,Employee,Mumbai,East,HDFC Bank,1945,Unknown,7
202005,72.0,Employee,Pune,East,HDFC Bank,1983,70-79,6
202006,40.0,Individual,Solapur,East,HDFC Bank,1334,40-49,3
202007,61.0,Individual,Solapur,West,HDFC Bank,1010,60-69,5
202008,56.0,Business,Solapur,West,HDFC Bank,1407,50-59,4
202009,32.0,Business,Solapur,North,HDFC Bank,1074,30-39,2
202010,73.0,Business,Kolhapur,North,HDFC Bank,1299,70-79,6
202011,66.0,Employee,Unknown,West,HDFC Bank,1946,60-69,5
202012,21.0,Individual,Mumbai,West,HDFC Bank,1912,18-29,1
202013,46.0,Employee,Nagpur,East,HDFC Bank,1380,40-49,3
202014,39.0,Individual,Nashik,North,HDFC Bank,1709,30-39,2
202015,42.0,Business,Kolhapur,North,HDFC Bank,1852,40-49,3
202016,30.0,Business,Kolhapur,East,HDFC Bank,1775,30-39,2
202017,35.0,Business,Kolhapur,East,HDFC Bank,1846,30-39,2
202018,50.0,Business,Nagpur,East,HDFC Bank,1885,50-59,4
202019,33.0,Individual,Nagpur,South,HDFC Bank,1735,30-39,2
202020,62.0,Business,Mumbai,South,HDFC Bank,1633,60-69,5
202021,,Individual,Kolhapur,West,HDFC Bank,1585,Unknown,7
202022,61.0,Individual,Nashik,North,HDFC Bank,1027,60-69,5
202023,79.0,Employee,Solapur,East,HDFC Bank,1462,70-79,6
202024,19.0,Business,Kolhapur,East,HDFC Bank,1395,18-29,1
202025,72.0,Business,Mumbai,North,HDFC Bank,1682,70-79,6
202026,52.0,Employee,Mumbai,South,HDFC Bank,1977,50-59,4
202027,59.0,Individual,Nashik,North,HDFC Bank,1375,50-59,4
202028,51.0,Unknown,Pune,West,HDFC Bank,1420,50-59,4
202029,47.0,Unknown,Mumbai,South,HDFC Bank,1363,40-49,3
202030,76.0,Employee,Nagpur,North,HDFC Bank,1894,70-79,6
202031,72.0,Individual,Nagpur,North,HDFC Bank,1215,70-79,6
202032,30.0,Business,Solapur,West,HDFC Bank,1830,30-39,2
202033,30.0,Individual,Mumbai,North,HDFC Bank,1100,30-39,2
202034,35.0,Individual,Solapur,South,HDFC Bank,1757,30-39,2
202035,49.0,Business,Mumbai,East,HDFC Bank,1092,40-49,3
202036,49.0,Business,Nashik,East,HDFC Bank,1574,40-49,3
202037,52.0,Individual,Kolhapur,East,HDFC Bank,1265,50-59,4
202038,76.0,Individual,Mumbai,South,HDFC Bank,1205,70-79,6
202039,56.0,Employee,Unknown,North,HDFC Bank,1079,50-59,4
202040,63.0,Business,Nagpur,North,HDFC Bank,1036,60-69,5
202041,69.0,Individual,Nashik,North,HDFC Bank,1010,60-69,5
202042,,Business,Kolhapur,North,HDFC Bank,1626,Unknown,7
202043,79.0,Unknown,Kolhapur,East,HDFC Bank,1089,70-79,6
202044,66.0,Individual,Unknown,South,HDFC Bank,1743,60-69,5
202045,46.0,Individual,Kolhapur,West,HDFC Bank,1018,40-49,3
202046,79.0,Individual,Solapur,South,HDFC Bank,1563,70-79,6
202047,70.0,Business,Unknown,North,HDFC Bank,1373,70-79,6
202048,61.0,Employee,Pune,North,HDFC Bank,1785,60-69,5
202049,74.0,Business,Nagpur,South,HDFC Bank,1093,70-79,6
202050,33.0,Individual,Mumbai,South,HDFC Bank,1031,30-39,2
202051,73.0,Employee,Mumbai,East,HDFC Bank,1662,70-79,6
202052,61.0,Individual,Mumbai,North,HDFC Bank,1139,60-69,5
202053,64.0,Individual,Nashik,South,HDFC Bank,1569,60-69,5
202054,74.0,Business,Pune,North,HDFC Bank,1972,70-79,6
202055,27.0,Individual,Kolhapur,South,HDFC Bank,1020,18-29,1
202056,47.0,Employee,Pune,North,HDFC Bank,1148,40-49,3
202057,42.0,Individual,Pune,South,HDFC Bank,1220,40-49,3
202058,56.0,Individual,Nagpur,North,HDFC Bank,1732,50-59,4
202059,37.0,Business,Nashik,West,HDFC Bank,1753,30-39,2
202060,22.0,Employee,Mumbai,East,HDFC Bank,1218,18-29,1
202061,18.0,Business,Nagpur,West,HDFC Bank,1540,18-29,1
202062,47.0,Individual,Kolhapur,East,HDFC Bank,1974,40-49,3
202063,66.0,Business,Pune,East,HDFC Bank,1558,60-69,5
202064,20.0,Business,Mumbai,South,HDFC Bank,1907,18-29,1
202065,62.0,Business,Nashik,West,HDFC Bank,1057,60-69,5
202066,31.0,Business,Solapur,East,HDFC Bank,1424,30-39,2
202067,73.0,Individual,Pune,North,HDFC Bank,1274,70-79,6
202068,47.0,Individual,Pune,South,HDFC Bank,1139,40-49,3
202069,67.0,Employee,Pune,South,HDFC Bank,1022,60-69,5
202070,21.0,Business,Pune,North,HDFC Bank,1900,18-29,1
202071,35.0,Business,Mumbai,North,HDFC Bank,1377,30-39,2
202072,79.0,Employee,Nashik,East,HDFC Bank,1921,70-79,6
202073,54.0,Business,Nagpur,North,HDFC Bank,1372,50-59,4
202074,42.0,Employee,Mumbai,South,HDFC Bank,1062,40-49,3
202075,65.0,Individual,Nashik,North,HDFC Bank,1563,60-69,5
202076,18.0,Employee,Nagpur,West,HDFC Bank,1777,18-29,1
202077,70.0,Business,Pune,South,HDFC Bank,1341,70-79,6
202078,63.0,Employee,Nashik,North,HDFC Bank,1166,60-69,5
202079,32.0,Unknown,Pune,South,HDFC Bank,1150,30-39,2
202080,26.0,Business,Nashik,East,HDFC Bank,1522,18-29,1
202081,32.0,Individual,Kolhapur,West,HDFC Bank,1987,30-39,2
202082,66.0,Individual,Solapur,East,HDFC Bank,1606,60-69,5
202083,74.0,Employee,Pune,West,HDFC Bank,1583,70-79,6
202084,41.0,Individual,Pune,North,HDFC Bank,1500,40-49,3
202085,21.0,Business,Pune,South,HDFC Bank,1895,18-29,1
202086,29.0,Individual,Kolhapur,North,HDFC Bank,1998,18-29,1
202087,76.0,Individual,Mumbai,East,HDFC Bank,1559,70-79,6
202088,75.0,Employee,Nagpur,South,HDFC Bank,1347,70-79,6
202089,54.0,Individual,Pune,North,HDFC Bank,1271,50-59,4
202090,78.0,Employee,Pune,North,HDFC Bank,1429,70-79,6
202091,54.0,Employee,Mumbai,South,HDFC Bank,1942,50-59,4
202092,60.0,Business,Mumbai,South,HDFC Bank,1606,60-69,5
202093,77.0,Business,Solapur,East,HDFC Bank,1232,70-79,6
202094,23.0,Business,Nashik,West,HDFC Bank,1559,18-29,1
202095,56.0,Unknown,Pune,West,HDFC Bank,1207,50-59,4
202096,73.0,Employee,Nashik,South,HDFC Bank,1452,70-79,6
202097,63.0,Individual,Mumbai,West,HDFC Bank,1738,60-69,5
202098,41.0,Business,Mumbai,East,HDFC Bank,1500,40-49,3
202099,28.0,Business,Solapur,West,HDFC Bank,1920,18-29,1
202100,79.0,Business,Nagpur,South,HDFC Bank,1588,70-79,6
202101,30.0,Unknown,Kolhapur,East,HDFC Bank,1860,30-39,2
202102,51.0,Business,Kolhapur,South,HDFC Bank,1218,50-59,4
202103,42.0,Individual,Kolhapur,East,HDFC Bank,1871,40-49,3
202104,24.0,Employee,Mumbai,East,HDFC Bank,1080,18-29,1
202105,69.0,Employee,Unknown,South,HDFC Bank,1548,60-69,5
202106,21.0,Employee,Solapur,North,HDFC Bank,1613,18-29,1
202107,76.0,Individual,Nagpur,South,HDFC Bank,1702,70-79,6
202108,,Business,Kolhapur,East,HDFC Bank,1540,Unknown,7
202109,37.0,Business,Solapur,South,HDFC Bank,1825,30-39,2
202110,46.0,Business,Mumbai,South,HDFC Bank,1764,40-49,3
202111,71.0,Business,Kolhapur,East,HDFC Bank,1250,70-79,6
202112,70.0,Business,Nagpur,West,HDFC Bank,1737,70-79,6
202113,68.0,Individual,Nashik,East,HDFC Bank,1605,60-69,5
202114,62.0,Employee,Nagpur,South,HDFC Bank,1414,60-69,5
202115,,Business,Pune,East,HDFC Bank,1085,Unknown,7
202116,,Employee,Kolhapur,East,HDFC Bank,1621,Unknown,7
202117,60.0,Individual,Kolhapur,West,HDFC Bank,1216,60-69,5
202118,,Individual,Nashik,North,HDFC Bank,1195,Unknown,7
202119,74.0,Business,Nashik,South,HDFC Bank,1994,70-79,6
202120,43.0,Individual,Kolhapur,South,HDFC Bank,1296,40-49,3
202121,58.0,Employee,Pune,West,HDFC Bank,1945,50-59,4
202122,66.0,Business,Nashik,East,HDFC Bank,1043,60-69,5
202123,75.0,Business,Mumbai,North,HDFC Bank,1392,70-79,6
202124,20.0,Employee,Kolhapur,South,HDFC Bank,1442,18-29,1
202125,73.0,Business,Nagpur,North,HDFC Bank,1089,70-79,6
202126,23.0,Business,Nagpur,North,HDFC Bank,1986,18-29,1
202127,,Employee,Pune,East,HDFC Bank,1154,Unknown,7
202128,22.0,Business,Mumbai,East,HDFC Bank,1977,18-29,1
202129,71.0,Unknown,Nashik,East,HDFC Bank,1477,70-79,6
202130,64.0,Employee,Kolhapur,South,HDFC Bank,1620,60-69,5
202131,40.0,Individual,Nagpur,North,HDFC Bank,1058,40-49,3
202132,66.0,Employee,Unknown,North,HDFC Bank,1109,60-69,5
202133,26.0,Business,Nagpur,South,HDFC Bank,1478,18-29,1
202134,52.0,Employee,Nagpur,West,HDFC Bank,1617,50-59,4
202135,37.0,Business,Solapur,East,HDFC Bank,1898,30-39,2
202136,75.0,Business,Pune,South,HDFC Bank,1732,70-79,6
202137,66.0,Employee,Unknown,East,HDFC Bank,1774,60-69,5
202138,78.0,Business,Kolhapur,North,HDFC Bank,1593,70-79,6
202139,76.0,Individual,Kolhapur,South,HDFC Bank,1783,70-79,6
202140,59.0,Unknown,Kolhapur,West,HDFC Bank,1048,50-59,4
202141,52.0,Employee,Nashik,East,HDFC Bank,1376,50-59,4
202142,67.0,Individual,Pune,North,HDFC Bank,1031,60-69,5
202143,35.0,Individual,Mumbai,North,HDFC Bank,1485,30-39,2
202144,79.0,Business,Pune,West,HDFC Bank,1600,70-79,6
202145,34.0,Employee,Nagpur,West,HDFC Bank,1939,30-39,2
202146,41.0,Business,Nagpur,East,HDFC Bank,1991,40-49,3
202147,20.0,Business,Pune,North,HDFC Bank,1530,18-29,1
202148,,Employee,Pune,West,HDFC Bank,1002,Unknown,7
202149,,Employee,Nashik,South,HDFC Bank,1377,Unknown,7
202150,55.0,Business,Nashik,West,HDFC Bank,1571,50-59,4
202151,30.0,Unknown,Solapur,South,HDFC Bank,1930,30-39,2
202152,73.0,Unknown,Kolhapur,North,HDFC Bank,1241,70-79,6
202153,78.0,Individual,Solapur,East,HDFC Bank,1540,70-79,6
202154,64.0,Business,Kolhapur,North,HDFC Bank,1586,60-69,5
202155,42.0,Employee,Nagpur,North,HDFC Bank,1581,40-49,3
202156,26.0,Individual,Solapur,North,HDFC Bank,1594,18-29,1
202157,21.0,Employee,Solapur,North,HDFC Bank,1356,18-29,1
202158,31.0,Employee,Mumbai,East,HDFC Bank,1684,30-39,2
202159,54.0,Employee,Pune,West,HDFC Bank,1922,50-59,4
202160,51.0,Employee,Nashik,East,HDFC Bank,1196,50-59,4
202161,28.0,Employee,Solapur,East,HDFC Bank,1857,18-29,1
202162,58.0,Business,Nashik,East,HDFC Bank,1418,50-59,4
202163,73.0,Individual,Kolhapur,East,HDFC Bank,1658,70-79,6
202164,20.0,Business,Solapur,West,HDFC Bank,1272,18-29,1
202165,76.0,Business,Kolhapur,North,HDFC Bank,1501,70-79,6
202166,45.0,Business,Solapur,West,HDFC Bank,1034,40-49,3
202167,46.0,Employee,Nagpur,West,HDFC Bank,1624,40-49,3
202168,26.0,Unknown,Mumbai,North,HDFC Bank,1460,18-29,1
202169,20.0,Individual,Kolhapur,West,HDFC Bank,1717,18-29,1
202170,42.0,Business,Pune,East,HDFC Bank,1669,40-49,3
202171,51.0,Employee,Pune,East,HDFC Bank,1252,50-59,4
202172,29.0,Individual,Nagpur,North,HDFC Bank,1633,18-29,1
202173,59.0,Individual,Nagpur,North,HDFC Bank,1511,50-59,4
202174,26.0,Individual,Pune,North,HDFC Bank,1047,18-29,1
202175,32.0,Individual,Kolhapur,East,HDFC Bank,1184,30-39,2
202176,57.0,Business,Pune,North,HDFC Bank,1490,50-59,4
202177,42.0,Employee,Mumbai,West,HDFC Bank,1272,40-49,3
202178,22.0,Individual,Solapur,West,HDFC Bank,1612,18-29,1
202179,28.0,Individual,Mumbai,South,HDFC Bank,1526,18-29,1
202180,76.0,Employee,Pune,South,HDFC Bank,1127,70-79,6
202181,51.0,Business,Solapur,North,HDFC Bank,1209,50-59,4
202182,41.0,Individual,Pune,South,HDFC Bank,1623,40-49,3
202183,77.0,Business,Mumbai,East,HDFC Bank,1781,70-79,6
202184,32.0,Business,Unknown,East,HDFC Bank,1141,30-39,2
202185,55.0,Business,Kolhapur,West,HDFC Bank,1172,50-59,4
202186,25.0,Business,Kolhapur,West,HDFC Bank,1864,18-29,1
202187,76.0,Individual,Mumbai,South,HDFC Bank,1677,70-79,6
202188,22.0,Individual,Solapur,South,HDFC Bank,1446,18-29,1
202189,65.0,Business,Kolhapur,East,HDFC Bank,1118,60-69,5
202190,43.0,Business,Kolhapur,West,HDFC Bank,1714,40-49,3
202191,35.0,Employee,Nashik,South,HDFC Bank,1010,30-39,2
202192,23.0,Employee,Nashik,East,HDFC Bank,1760,18-29,1
202193,54.0,Employee,Kolhapur,West,HDFC Bank,1303,50-59,4
202194,77.0,Individual,Pune,East,HDFC Bank,1759,70-79,6
202195,65.0,Employee,Solapur,East,HDFC Bank,1153,60-69,5
202196,30.0,Individual,Nagpur,West,HDFC Bank,1322,30-39,2
202197,45.0,Individual,Kolhapur,East,HDFC Bank,1536,40-49,3
202198,22.0,Individual,Nashik,South,HDFC Bank,1976,18-29,1
202199,30.0,Individual,Solapur,East,HDFC Bank,1444,30-39,2
202200,34.0,Employee,Solapur,South,HDFC Bank,1341,30-39,2
202201,67.0,Business,Nashik,North,HDFC Bank,1220,60-69,5
202202,57.0,Business,Solapur,North,HDFC Bank,1109,50-59,4
202203,62.0,Business,Solapur,North,HDFC Bank,1409,60-69,5
202204,49.0,Employee,Nashik,East,HDFC Bank,1417,40-49,3
202205,79.0,Business,Mumbai,North,HDFC Bank,1601,70-79,6
202206,46.0,Employee,Kolhapur,North,HDFC Bank,1504,40-49,3
202207,68.0,Employee,Pune,East,HDFC Bank,1776,60-69,5
202208,75.0,Employee,Unknown,West,HDFC Bank,1039,70-79,6
202209,20.0,Business,Pune,East,HDFC Bank,1508,18-29,1
202210,73.0,Unknown,Mumbai,South,HDFC Bank,1458,70-79,6
202211,57.0,Business,Mumbai,East,HDFC Bank,1262,50-59,4
202212,51.0,Individual,Solapur,West,HDFC Bank,1669,50-59,4
202213,57.0,Employee,Unknown,North,HDFC Bank,1117,50-59,4
202214,,Individual,Mumbai,East,HDFC Bank,1449,Unknown,7
202215,30.0,Employee,Pune,North,HDFC Bank,1767,30-39,2
202216,62.0,Business,Mumbai,South,HDFC Bank,1413,60-69,5
202217,50.0,Employee,Nagpur,West,HDFC Bank,1707,50-59,4
202218,23.0,Employee,Mumbai,North,HDFC Bank,1825,18-29,1
202219,,Individual,Pune,North,HDFC Bank,1822,Unknown,7
202220,36.0,Employee,Solapur,North,HDFC Bank,1525,30-39,2
202221,33.0,Business,Pune,North,HDFC Bank,1460,30-39,2
202222,57.0,Employee,Nashik,East,HDFC Bank,1117,50-59,4
202223,45.0,Employee,Pune,West,HDFC Bank,1216,40-49,3
202224,50.0,Employee,Nagpur,West,HDFC Bank,1716,50-59,4
202225,76.0,Unknown,Kolhapur,North,HDFC Bank,1076,70-79,6
202226,76.0,Employee,Nagpur,West,HDFC Bank,1420,70-79,6
202227,65.0,Unknown,Nagpur,North,HDFC Bank,1891,60-69,5
202228,58.0,Individual,Mumbai,South,HDFC Bank,1171,50-59,4
202229,30.0,Individual,Nagpur,South,HDFC Bank,1389,30-39,2
202230,60.0,Individual,Pune,South,HDFC Bank,1025,60-69,5
202231,62.0,Individual,Kolhapur,West,HDFC Bank,1127,60-69,5
202232,42.0,Business,Solapur,North,HDFC Bank,1373,40-49,3
202233,70.0,Business,Nagpur,East,HDFC Bank,1653,70-79,6
202234,59.0,Employee,Pune,East,HDFC Bank,1903,50-59,4
202235,53.0,Business,Mumbai,South,HDFC Bank,1023,50-59,4
202236,44.0,Employee,Mumbai,South,HDFC Bank,1469,40-49,3
202237,55.0,Business,Solapur,West,HDFC Bank,1743,50-59,4
202238,77.0,Individual,Solapur,East,HDFC Bank,1422,70-79,6
202239,24.0,Individual,Pune,West,HDFC Bank,1176,18-29,1
202240,22.0,Business,Solapur,South,HDFC Bank,1852,18-29,1
202241,60.0,Business,Unknown,North,HDFC Bank,1746,60-69,5
202242,62.0,Employee,Mumbai,North,HDFC Bank,1830,60-69,5
202243,75.0,Employee,Pune,North,HDFC Bank,1537,70-79,6
202244,74.0,Employee,Kolhapur,South,HDFC Bank,1265,70-79,6
202245,68.0,Individual,Solapur,West,HDFC Bank,1972,60-69,5
202246,,Individual,Pune,North,HDFC Bank,1873,Unknown,7
202247,40.0,Individual,Nagpur,East,HDFC Bank,1628,40-49,3
202248,59.0,Individual,Mumbai,East,HDFC Bank,1569,50-59,4
202249,27.0,Employee,Kolhapur,South,HDFC Bank,1269,18-29,1
202250,49.0,Individual,Mumbai,East,HDFC Bank,1328,40-49,3
202251,60.0,Individual,Mumbai,East,HDFC Bank,1454,60-69,5
202252,70.0,Individual,Nashik,South,HDFC Bank,1294,70-79,6
202253,47.0,Individual,Pune,West,HDFC Bank,1121,40-49,3
202254,56.0,Business,Nagpur,North,HDFC Bank,1158,50-59,4
202255,48.0,Unknown,Solapur,South,HDFC Bank,1177,40-49,3
202256,35.0,Employee,Nagpur,East,HDFC Bank,1655,30-39,2
202257,53.0,Individual,Pune,North,HDFC Bank,1327,50-59,4
202258,19.0,Business,Mumbai,North,HDFC Bank,1879,18-29,1
202259,31.0,Employee,Nashik,North,HDFC Bank,1306,30-39,2
202260,30.0,Employee,Pune,South,HDFC Bank,1910,30-39,2
202261,46.0,Individual,Kolhapur,North,HDFC Bank,1088,40-49,3
202262,29.0,Individual,Kolhapur,West,HDFC Bank,1750,18-29,1
202263,56.0,Employee,Pune,East,HDFC Bank,1037,50-59,4
202264,19.0,Employee,Solapur,South,HDFC Bank,1872,18-29,1
202265,49.0,Business,Nagpur,South,HDFC Bank,1590,40-49,3
202266,30.0,Employee,Nagpur,North,HDFC Bank,1856,30-39,2
202267,63.0,Employee,Solapur,East,HDFC Bank,1838,60-69,5
202268,44.0,Individual,Nashik,North,HDFC Bank,1345,40-49,3
202269,66.0,Employee,Mumbai,North,HDFC Bank,1251,60-69,5
202270,58.0,Individual,Mumbai,South,HDFC Bank,1839,50-59,4
202271,,Employee,Kolhapur,West,HDFC Bank,1977,Unknown,7
202272,57.0,Employee,Nashik,East,HDFC Bank,1148,50-59,4
202273,,Employee,Solapur,East,HDFC Bank,1015,Unknown,7
202274,51.0,Business,Pune,East,HDFC Bank,1366,50-59,4
202275,77.0,Individual,Nagpur,East,HDFC Bank,1834,70-79,6
202276,41.0,Business,Pune,West,HDFC Bank,1832,40-49,3
202277,62.0,Employee,Nagpur,South,HDFC Bank,1780,60-69,5
202278,52.0,Business,Pune,West,HDFC Bank,1117,50-59,4
202279,65.0,Individual,Solapur,North,HDFC Bank,1703,60-69,5
202280,23.0,Employee,Solapur,South,HDFC Bank,1316,18-29,1
202281,36.0,Business,Nashik,West,HDFC Bank,1287,30-39,2
202282,47.0,Business,Pune,East,HDFC Bank,1907,40-49,3
202283,24.0,Individual,Pune,East,HDFC Bank,1350,18-29,1
202284,27.0,Business,Nashik,South,HDFC Bank,1296,18-29,1
202285,58.0,Unknown,Nashik,West,HDFC Bank,1193,50-59,4
202286,49.0,Employee,Solapur,South,HDFC Bank,1391,40-49,3
202287,51.0,Employee,Solapur,East,HDFC Bank,1442,50-59,4
202288,45.0,Business,Kolhapur,West,HDFC Bank,1280,40-49,3
202289,77.0,Employee,Pune,East,HDFC Bank,1900,70-79,6
202290,32.0,Employee,Solapur,South,HDFC Bank,1300,30-39,2
202291,47.0,Business,Unknown,South,HDFC Bank,1897,40-49,3
202292,54.0,Employee,Pune,South,HDFC Bank,1425,50-59,4
202293,46.0,Business,Nashik,South,HDFC Bank,1249,40-49,3
202294,39.0,Individual,Pune,South,HDFC Bank,1933,30-39,2
202295,21.0,Individual,Mumbai,North,HDFC Bank,1742,18-29,1
202296,37.0,Individual,Pune,South,HDFC Bank,1514,30-39,2
202297,49.0,Business,Mumbai,South,HDFC Bank,1685,40-49,3
202298,53.0,Business,Pune,East,HDFC Bank,1751,50-59,4
202299,67.0,Employee,Mumbai,South,HDFC Bank,1997,60-69,5
202300,21.0,Employee,Mumbai,West,HDFC Bank,1405,18-29,1
202301,44.0,Employee,Pune,South,HDFC Bank,1615,40-49,3
202302,34.0,Employee,Kolhapur,North,HDFC Bank,1800,30-39,2
202303,29.0,Employee,Solapur,South,HDFC Bank,1243,18-29,1
202304,39.0,Business,Nagpur,East,HDFC Bank,1799,30-39,2
202305,34.0,Business,Solapur,West,HDFC Bank,1366,30-39,2
202306,27.0,Individual,Mumbai,West,HDFC Bank,1784,18-29,1
202307,71.0,Individual,Pune,South,HDFC Bank,1119,70-79,6
202308,18.0,Individual,Pune,South,HDFC Bank,1849,18-29,1
202309,,Individual,Pune,South,HDFC Bank,1439,Unknown,7
202310,43.0,Business,Pune,South,HDFC Bank,1770,40-49,3
202311,,Business,Kolhapur,East,HDFC Bank,1503,Unknown,7
202312,76.0,Business,Nagpur,East,HDFC Bank,1581,70-79,6
202313,35.0,Employee,Nashik,West,HDFC Bank,1432,30-39,2
202314,67.0,Employee,Mumbai,South,HDFC Bank,1182,60-69,5
202315,31.0,Individual,Nagpur,East,HDFC Bank,1460,30-39,2
202316,64.0,Employee,Solapur,East,HDFC Bank,1758,60-69,5
202317,46.0,Business,Nashik,West,HDFC Bank,1117,40-49,3
202318,,Individual,Nashik,West,HDFC Bank,1030,Unknown,7
202319,53.0,Individual,Pune,North,HDFC Bank,1976,50-59,4
202320,76.0,Employee,Nagpur,East,HDFC Bank,1148,70-79,6
202321,52.0,Unknown,Solapur,West,HDFC Bank,1527,50-59,4
202322,69.0,Employee,Pune,East,HDFC Bank,1272,60-69,5
202323,78.0,Employee,Pune,East,HDFC Bank,1863,70-79,6
202324,29.0,Individual,Kolhapur,South,HDFC Bank,1384,18-29,1
202325,24.0,Employee,Mumbai,South,HDFC Bank,1879,18-29,1
202326,46.0,Employee,Nashik,South,HDFC Bank,1101,40-49,3
202327,28.0,Employee,Solapur,South,HDFC Bank,1071,18-29,1
202328,50.0,Employee,Nashik,East,HDFC Bank,1704,50-59,4
202329,23.0,Individual,Nagpur,North,HDFC Bank,1833,18-29,1
202330,64.0,Business,Mumbai,North,HDFC Bank,1622,60-69,5
202331,32.0,Business,Pune,North,HDFC Bank,1804,30-39,2
202332,49.0,Employee,Mumbai,East,HDFC Bank,1407,40-49,3
202333,68.0,Employee,Pune,North,HDFC Bank,1346,60-69,5
202334,28.0,Employee,Mumbai,East,HDFC Bank,1851,18-29,1
202335,75.0,Business,Pune,West,HDFC Bank,1366,70-79,6
202336,,Employee,Nashik,North,HDFC Bank,1829,Unknown,7
202337,43.0,Individual,Nashik,East,HDFC Bank,1788,40-49,3
202338,51.0,Unknown,Nashik,West,HDFC Bank,1617,50-59,4
202339,63.0,Individual,Unknown,South,HDFC Bank,1548,60-69,5
202340,51.0,Business,Mumbai,West,HDFC Bank,1290,50-59,4
202341,46.0,Unknown,Pune,West,HDFC Bank,1421,40-49,3
202342,21.0,Employee,Nashik,North,HDFC Bank,1180,18-29,1
202343,34.0,Employee,Mumbai,South,HDFC Bank,1654,30-39,2
202344,52.0,Business,Pune,South,HDFC Bank,1113,50-59,4
202345,,Business,Mumbai,North,HDFC Bank,1237,Unknown,7
202346,58.0,Business,Kolhapur,West,HDFC Bank,1937,50-59,4
202347,56.0,Business,Nashik,East,HDFC Bank,1093,50-59,4
202348,32.0,Individual,Nagpur,North,HDFC Bank,1259,30-39,2
202349,,Business,Mumbai,West,HDFC Bank,1106,Unknown,7
202350,46.0,Business,Nashik,East,HDFC Bank,1243,40-49,3
202351,46.0,Business,Solapur,North,HDFC Bank,1422,40-49,3
202352,,Employee,Pune,North,HDFC Bank,1334,Unknown,7
202353,69.0,Unknown,Kolhapur,South,HDFC Bank,1022,60-69,5
202354,49.0,Employee,Nashik,South,HDFC Bank,1872,40-49,3
202355,19.0,Individual,Solapur,South,HDFC Bank,1270,18-29,1
202356,64.0,Individual,Mumbai,East,HDFC Bank,1985,60-69,5
202357,31.0,Business,Mumbai,North,HDFC Bank,1139,30-39,2
202358,37.0,Employee,Solapur,South,HDFC Bank,1465,30-39,2
202359,39.0,Individual,Kolhapur,South,HDFC Bank,1453,30-39,2
202360,28.0,Employee,Solapur,North,HDFC Bank,1383,18-29,1
202361,44.0,Individual,Pune,East,HDFC Bank,1593,40-49,3
202362,20.0,Individual,Mumbai,South,HDFC Bank,1376,18-29,1
202363,34.0,Business,Solapur,West,HDFC Bank,1437,30-39,2
202364,79.0,Business,Nagpur,East,HDFC Bank,1855,70-79,6
202365,61.0,Individual,Nagpur,South,HDFC Bank,1421,60-69,5
202366,73.0,Business,Solapur,West,HDFC Bank,1155,70-79,6
202367,45.0,Individual,Pune,South,HDFC Bank,1334,40-49,3
202368,46.0,Individual,Mumbai,East,HDFC Bank,1530,40-49,3
202369,38.0,Employee,Nagpur,North,HDFC Bank,1580,30-39,2
202370,64.0,Business,Solapur,North,HDFC Bank,1959,60-69,5
202371,33.0,Business,Solapur,East,HDFC Bank,1131,30-39,2
202372,54.0,Business,Nashik,South,HDFC Bank,1767,50-59,4
202373,76.0,Employee,Solapur,East,HDFC Bank,1720,70-79,6
202374,37.0,Employee,Pune,West,HDFC Bank,1500,30-39,2
202375,23.0,Employee,Nagpur,South,HDFC Bank,1521,18-29,1
202376,36.0,Business,Nashik,East,HDFC Bank,1139,30-39,2
202377,74.0,Business,Nagpur,North,HDFC Bank,1964,70-79,6
202378,22.0,Business,Nagpur,East,HDFC Bank,1134,18-29,1
202379,20.0,Employee,Unknown,South,HDFC Bank,1766,18-29,1
202380,76.0,Employee,Solapur,East,HDFC Bank,1811,70-79,6
202381,18.0,Individual,Pune,North,HDFC Bank,1406,18-29,1
202382,75.0,Employee,Solapur,West,HDFC Bank,1769,70-79,6
202383,77.0,Individual,Nashik,East,HDFC Bank,1093,70-79,6
202384,55.0,Business,Pune,East,HDFC Bank,1883,50-59,4
202385,32.0,Employee,Pune,West,HDFC Bank,1240,30-39,2
202386,51.0,Business,Kolhapur,East,HDFC Bank,1748,50-59,4
202387,78.0,Business,Mumbai,North,HDFC Bank,1164,70-79,6
202388,52.0,Business,Pune,West,HDFC Bank,1324,50-59,4
202389,66.0,Business,Kolhapur,North,HDFC Bank,1659,60-69,5
202390,42.0,Employee,Mumbai,North,HDFC Bank,1217,40-49,3
202391,41.0,Business,Solapur,North,HDFC Bank,1939,40-49,3
202392,29.0,Individual,Solapur,South,HDFC Bank,1619,18-29,1
202393,35.0,Employee,Solapur,West,HDFC Bank,1230,30-39,2
202394,32.0,Business,Kolhapur,South,HDFC Bank,1581,30-39,2
202395,61.0,Employee,Kolhapur,South,HDFC Bank,1732,60-69,5
202396,33.0,Individual,Mumbai,East,HDFC Bank,1585,30-39,2
202397,44.0,Business,Solapur,West,HDFC Bank,1178,40-49,3
202398,25.0,Individual,Nagpur,East,HDFC Bank,1079,18-29,1
202399,77.0,Business,Unknown,South,HDFC Bank,1353,70-79,6
202400,,Individual,Kolhapur,East,HDFC Bank,1670,Unknown,7
202401,42.0,Business,Kolhapur,North,HDFC Bank,1867,40-49,3
202402,34.0,Employee,Kolhapur,South,HDFC Bank,1680,30-39,2
202403,46.0,Business,Mumbai,North,HDFC Bank,1825,40-49,3
202404,70.0,Employee,Solapur,West,HDFC Bank,1900,70-79,6
202405,25.0,Business,Nagpur,East,HDFC Bank,1160,18-29,1
202406,32.0,Business,Pune,South,HDFC Bank,1426,30-39,2
202407,44.0,Individual,Pune,West,HDFC Bank,1402,40-49,3
202408,,Individual,Solapur,North,HDFC Bank,1031,Unknown,7
202409,67.0,Unknown,Nagpur,East,HDFC Bank,1120,60-69,5
202410,69.0,Unknown,Mumbai,East,HDFC Bank,1726,60-69,5
202411,24.0,Business,Kolhapur,South,HDFC Bank,1514,18-29,1
202412,20.0,Business,Kolhapur,East,HDFC Bank,1384,18-29,1
202413,46.0,Employee,Solapur,East,HDFC Bank,1739,40-49,3
202414,61.0,Employee,Pune,North,HDFC Bank,1424,60-69,5
202415,70.0,Business,Kolhapur,North,HDFC Bank,1475,70-79,6
202416,41.0,Individual,Pune,North,HDFC Bank,1559,40-49,3
202417,77.0,Individual,Pune,West,HDFC Bank,1166,70-79,6
202418,75.0,Individual,Solapur,West,HDFC Bank,1388,70-79,6
202419,20.0,Business,Nashik,East,HDFC Bank,1332,18-29,1
202420,37.0,Individual,Nashik,West,HDFC Bank,1522,30-39,2
202421,63.0,Business,Nashik,South,HDFC Bank,1749,60-69,5
202422,32.0,Employee,Nagpur,North,HDFC Bank,1789,30-39,2
202423,42.0,Individual,Solapur,West,HDFC Bank,1752,40-49,3
202424,47.0,Employee,Pune,East,HDFC Bank,1470,40-49,3
202425,31.0,Individual,Kolhapur,North,HDFC Bank,1703,30-39,2
202426,24.0,Business,Nagpur,West,HDFC Bank,1523,18-29,1
202427,34.0,Business,Nashik,North,HDFC Bank,1052,30-39,2
202428,79.0,Business,Mumbai,West,HDFC Bank,1566,70-79,6
202429,61.0,Business,Nagpur,East,HDFC Bank,1820,60-69,5
202430,37.0,Individual,Nagpur,West,HDFC Bank,1020,30-39,2
202431,53.0,Employee,Solapur,West,HDFC Bank,1018,50-59,4
202432,26.0,Business,Kolhapur,West,HDFC Bank,1964,18-29,1
202433,55.0,Individual,Nagpur,North,HDFC Bank,1855,50-59,4
202434,65.0,Employee,Kolhapur,West,HDFC Bank,1861,60-69,5
202435,74.0,Business,Solapur,West,HDFC Bank,1455,70-79,6
202436,77.0,Employee,Mumbai,West,HDFC Bank,1321,70-79,6
202437,39.0,Business,Pune,North,HDFC Bank,1826,30-39,2
202438,71.0,Unknown,Pune,East,HDFC Bank,1432,70-79,6
202439,70.0,Employee,Nashik,East,HDFC Bank,1993,70-79,6
202440,70.0,Business,Nashik,East,HDFC Bank,1058,70-79,6
202441,19.0,Individual,Mumbai,West,HDFC Bank,1150,18-29,1
202442,41.0,Employee,Pune,North,HDFC Bank,1770,40-49,3
202443,25.0,Business,Nashik,East,HDFC Bank,1439,18-29,1
202444,28.0,Employee,Kolhapur,East,HDFC Bank,1883,18-29,1
202445,30.0,Employee,Nagpur,East,HDFC Bank,1057,30-39,2
202446,34.0,Individual,Solapur,South,HDFC Bank,1727,30-39,2
202447,25.0,Employee,Nashik,North,HDFC Bank,1573,18-29,1
202448,38.0,Employee,Mumbai,South,HDFC Bank,1657,30-39,2
202449,35.0,Business,Pune,West,HDFC Bank,1956,30-39,2
202450,47.0,Business,Mumbai,East,HDFC Bank,1893,40-49,3
202451,35.0,Individual,Solapur,West,HDFC Bank,1750,30-39,2
202452,63.0,Employee,Solapur,North,HDFC Bank,1292,60-69,5
202453,64.0,Employee,Mumbai,West,HDFC Bank,1181,60-69,5
202454,48.0,Employee,Nashik,West,HDFC Bank,1880,40-49,3
202455,55.0,Individual,Nashik,East,HDFC Bank,1606,50-59,4
202456,49.0,Employee,Pune,North,HDFC Bank,1077,40-49,3
202457,28.0,Business,Kolhapur,West,HDFC Bank,1960,18-29,1
202458,62.0,Individual,Pune,South,HDFC Bank,1653,60-69,5
202459,,Business,Nagpur,East,HDFC Bank,1104,Unknown,7
202460,50.0,Business,Kolhapur,South,HDFC Bank,1260,50-59,4
202461,77.0,Individual,Nagpur,East,HDFC Bank,1606,70-79,6
202462,55.0,Business,Pune,West,HDFC Bank,1222,50-59,4
202463,58.0,Employee,Kolhapur,East,HDFC Bank,1989,50-59,4
202464,25.0,Individual,Kolhapur,West,HDFC Bank,1483,18-29,1
202465,28.0,Business,Nagpur,South,HDFC Bank,1701,18-29,1
202466,39.0,Employee,Mumbai,West,HDFC Bank,1128,30-39,2
202467,68.0,Unknown,Nashik,East,HDFC Bank,1318,60-69,5
202468,41.0,Unknown,Kolhapur,East,HDFC Bank,1706,40-49,3
202469,58.0,Employee,Kolhapur,East,HDFC Bank,1508,50-59,4
202470,34.0,Individual,Nagpur,South,HDFC Bank,1019,30-39,2
202471,29.0,Business,Kolhapur,North,HDFC Bank,1810,18-29,1
202472,74.0,Employee,Nagpur,South,HDFC Bank,1751,70-79,6
202473,63.0,Employee,Mumbai,West,HDFC Bank,1234,60-69,5
202474,49.0,Business,Kolhapur,West,HDFC Bank,1596,40-49,3
202475,32.0,Business,Solapur,South,HDFC Bank,1605,30-39,2
202476,33.0,Business,Pune,South,HDFC Bank,1553,30-39,2
202477,71.0,Business,Unknown,West,HDFC Bank,1875,70-79,6
202478,39.0,Individual,Solapur,West,HDFC Bank,1349,30-39,2
202479,45.0,Business,Mumbai,West,HDFC Bank,1452,40-49,3
202480,37.0,Individual,Unknown,North,HDFC Bank,1585,30-39,2
202481,50.0,Individual,Mumbai,North,HDFC Bank,1983,50-59,4
202482,27.0,Business,Mumbai,South,HDFC Bank,1876,18-29,1
202483,57.0,Individual,Nashik,South,HDFC Bank,1508,50-59,4
202484,49.0,Business,Unknown,North,HDFC Bank,1626,40-49,3
202485,67.0,Business,Pune,East,HDFC Bank,1422,60-69,5
202486,77.0,Employee,Solapur,North,HDFC Bank,1189,70-79,6
202487,50.0,Business,Nagpur,South,HDFC Bank,1943,50-59,4
202488,19.0,Employee,Pune,North,HDFC Bank,1124,18-29,1
202489,50.0,Individual,Mumbai,East,HDFC Bank,1005,50-59,4
202490,50.0,Employee,Nagpur,South,HDFC Bank,1457,50-59,4
202491,58.0,Individual,Nashik,West,HDFC Bank,1890,50-59,4
202492,30.0,Business,Pune,South,HDFC Bank,1553,30-39,2
202493,,Individual,Kolhapur,North,HDFC Bank,1569,Unknown,7
202494,50.0,Individual,Unknown,North,HDFC Bank,1938,50-59,4
202495,30.0,Business,Pune,East,HDFC Bank,1521,30-39,2
202496,69.0,Individual,Pune,North,HDFC Bank,1088,60-69,5
202497,43.0,Business,Kolhapur,East,HDFC Bank,1845,40-49,3
202498,39.0,Employee,Nagpur,South,HDFC Bank,1110,30-39,2
202499,56.0,Business,Nashik,North,HDFC Bank,1550,50-59,4
202500,19.0,Business,Kolhapur,South,HDFC Bank,1396,18-29,1
202501,55.0,Individual,Nashik,West,HDFC Bank,1970,50-59,4
202502,56.0,Employee,Kolhapur,West,HDFC Bank,1678,50-59,4
202503,43.0,Business,Pune,East,HDFC Bank,1010,40-49,3
202504,63.0,Employee,Nashik,North,HDFC Bank,1621,60-69,5
202505,75.0,Employee,Nagpur,South,HDFC Bank,1496,70-79,6
202506,67.0,Individual,Nagpur,South,HDFC Bank,1015,60-69,5
202507,32.0,Business,Solapur,North,HDFC Bank,1032,30-39,2
202508,,Individual,Nashik,South,HDFC Bank,1744,Unknown,7
202509,59.0,Business,Solapur,North,HDFC Bank,1488,50-59,4
202510,72.0,Employee,Kolhapur,North,HDFC Bank,1187,70-79,6
202511,61.0,Business,Mumbai,West,HDFC Bank,1735,60-69,5
202512,66.0,Business,Nagpur,North,HDFC Bank,1570,60-69,5
202513,57.0,Employee,Pune,South,HDFC Bank,1457,50-59,4
202514,28.0,Employee,Unknown,North,HDFC Bank,1050,18-29,1
202515,78.0,Business,Mumbai,West,HDFC Bank,1270,70-79,6
202516,,Individual,Pune,West,HDFC Bank,1463,Unknown,7
202517,76.0,Business,Nashik,East,HDFC Bank,1042,70-79,6
202518,23.0,Unknown,Nashik,South,HDFC Bank,1538,18-29,1
202519,26.0,Individual,Nagpur,North,HDFC Bank,1567,18-29,1
202520,23.0,Employee,Pune,South,HDFC Bank,1120,18-29,1
202521,26.0,Employee,Kolhapur,South,HDFC Bank,1624,18-29,1
202522,,Individual,Pune,North,HDFC Bank,1315,Unknown,7
202523,48.0,Employee,Solapur,West,HDFC Bank,1114,40-49,3
202524,49.0,Employee,Mumbai,South,HDFC Bank,1620,40-49,3
202525,,Employee,Nashik,East,HDFC Bank,1991,Unknown,7
202526,67.0,Employee,Unknown,South,HDFC Bank,1453,60-69,5
202527,29.0,Unknown,Pune,West,HDFC Bank,1686,18-29,1
202528,25.0,Employee,Nashik,East,HDFC Bank,1623,18-29,1
202529,25.0,Employee,Unknown,East,HDFC Bank,1611,18-29,1
202530,67.0,Employee,Nashik,East,HDFC Bank,1519,60-69,5
202531,,Employee,Nagpur,East,HDFC Bank,1958,Unknown,7
202532,79.0,Business,Nashik,North,HDFC Bank,1984,70-79,6
202533,37.0,Business,Kolhapur,North,HDFC Bank,1646,30-39,2
202534,79.0,Employee,Solapur,North,HDFC Bank,1762,70-79,6
202535,64.0,Business,Mumbai,East,HDFC Bank,1336,60-69,5
202536,76.0,Individual,Nashik,West,HDFC Bank,1239,70-79,6
202537,24.0,Business,Mumbai,South,HDFC Bank,1733,18-29,1
202538,28.0,Employee,Nashik,East,HDFC Bank,1385,18-29,1
202539,37.0,Employee,Pune,West,HDFC Bank,1144,30-39,2
202540,33.0,Business,Solapur,South,HDFC Bank,1376,30-39,2
202541,21.0,Employee,Kolhapur,East,HDFC Bank,1003,18-29,1
202542,23.0,Individual,Solapur,South,HDFC Bank,1793,18-29,1
202543,75.0,Individual,Mumbai,North,HDFC Bank,1845,70-79,6
202544,39.0,Unknown,Pune,North,HDFC Bank,1327,30-39,2
202545,43.0,Individual,Nagpur,North,HDFC Bank,1196,40-49,3
202546,20.0,Individual,Solapur,West,HDFC Bank,1388,18-29,1
202547,58.0,Business,Unknown,North,HDFC Bank,1639,50-59,4
202548,77.0,Individual,Pune,West,HDFC Bank,1260,70-79,6
202549,59.0,Business,Pune,North,HDFC Bank,1602,50-59,4
202550,31.0,Unknown,Mumbai,North,HDFC Bank,1836,30-39,2
202551,28.0,Business,Kolhapur,North,HDFC Bank,1770,18-29,1
202552,35.0,Employee,Pune,West,HDFC Bank,1933,30-39,2
202553,71.0,Employee,Pune,South,HDFC Bank,1093,70-79,6
202554,29.0,Employee,Nagpur,West,HDFC Bank,1256,18-29,1
202555,40.0,Employee,Mumbai,East,HDFC Bank,1135,40-49,3
202556,29.0,Employee,Mumbai,East,HDFC Bank,1524,18-29,1
202557,30.0,Business,Kolhapur,West,HDFC Bank,1979,30-39,2
202558,42.0,Employee,Pune,West,HDFC Bank,1709,40-49,3
202559,,Individual,Nagpur,South,HDFC Bank,1497,Unknown,7
202560,68.0,Individual,Nashik,West,HDFC Bank,1177,60-69,5
202561,75.0,Employee,Solapur,North,HDFC Bank,1111,70-79,6
202562,36.0,Individual,Mumbai,South,HDFC Bank,1263,30-39,2
202563,72.0,Business,Nagpur,West,HDFC Bank,1413,70-79,6
202564,63.0,Business,Kolhapur,West,HDFC Bank,1368,60-69,5
202565,53.0,Employee,Nagpur,East,HDFC Bank,1935,50-59,4
202566,62.0,Employee,Pune,South,HDFC Bank,1590,60-69,5
202567,25.0,Employee,Solapur,East,HDFC Bank,1377,18-29,1
202568,46.0,Individual,Mumbai,West,HDFC Bank,1767,40-49,3
202569,72.0,Individual,Nashik,South,HDFC Bank,1585,70-79,6
202570,70.0,Business,Pune,North,HDFC Bank,1382,70-79,6
202571,72.0,Individual,Mumbai,West,HDFC Bank,1672,70-79,6
202572,49.0,Business,Kolhapur,West,HDFC Bank,1510,40-49,3
202573,68.0,Individual,Mumbai,East,HDFC Bank,1712,60-69,5
202574,61.0,Business,Nagpur,North,HDFC Bank,1880,60-69,5
202575,35.0,Employee,Solapur,West,HDFC Bank,1819,30-39,2
202576,23.0,Individual,Nashik,East,HDFC Bank,1376,18-29,1
202577,35.0,Business,Solapur,East,HDFC Bank,1544,30-39,2
202578,36.0,Individual,Nagpur,West,HDFC Bank,1072,30-39,2
202579,39.0,Employee,Nashik,South,HDFC Bank,1973,30-39,2
202580,54.0,Business,Nashik,West,HDFC Bank,1503,50-59,4
202581,49.0,Individual,Pune,North,HDFC Bank,1351,40-49,3
202582,73.0,Individual,Nashik,West,HDFC Bank,1804,70-79,6
202583,58.0,Employee,Mumbai,South,HDFC Bank,1709,50-59,4
202584,76.0,Employee,Unknown,East,HDFC Bank,1324,70-79,6
202585,20.0,Business,Kolhapur,North,HDFC Bank,1387,18-29,1
202586,45.0,Individual,Kolhapur,North,HDFC Bank,1827,40-49,3
202587,27.0,Individual,Solapur,North,HDFC Bank,1239,18-29,1
202588,68.0,Employee,Pune,North,HDFC Bank,1975,60-69,5
202589,52.0,Employee,Nashik,South,HDFC Bank,1073,50-59,4
202590,78.0,Business,Nagpur,South,HDFC Bank,1030,70-79,6
202591,46.0,Individual,Mumbai,South,HDFC Bank,1478,40-49,3
202592,71.0,Individual,Pune,South,HDFC Bank,1013,70-79,6
202593,32.0,Business,Nashik,East,HDFC Bank,1716,30-39,2
202594,50.0,Business,Kolhapur,West,HDFC Bank,1315,50-59,4
202595,24.0,Employee,Nagpur,South,HDFC Bank,1067,18-29,1
202596,,Employee,Nashik,West,HDFC Bank,1639,Unknown,7
202597,66.0,Business,Pune,North,HDFC Bank,1537,60-69,5
202598,47.0,Business,Nagpur,East,HDFC Bank,1919,40-49,3
202599,,Individual,Nagpur,East,HDFC Bank,1695,Unknown,7
202600,48.0,Business,Nagpur,West,HDFC Bank,1648,40-49,3
202601,75.0,Business,Nagpur,West,HDFC Bank,1290,70-79,6
202602,78.0,Unknown,Nashik,West,HDFC Bank,1617,70-79,6
202603,41.0,Business,Nagpur,East,HDFC Bank,1974,40-49,3
202604,37.0,Employee,Nashik,South,HDFC Bank,1023,30-39,2
202605,54.0,Employee,Nagpur,East,HDFC Bank,1414,50-59,4
202606,21.0,Individual,Unknown,South,HDFC Bank,1850,18-29,1
202607,45.0,Business,Pune,North,HDFC Bank,1961,40-49,3
202608,61.0,Employee,Nashik,South,HDFC Bank,1705,60-69,5
202609,79.0,Employee,Kolhapur,West,HDFC Bank,1680,70-79,6
202610,37.0,Employee,Nashik,South,HDFC Bank,1035,30-39,2
202611,77.0,Employee,Solapur,South,HDFC Bank,1100,70-79,6
202612,41.0,Business,Kolhapur,East,HDFC Bank,1545,40-49,3
202613,67.0,Business,Pune,West,HDFC Bank,1888,60-69,5
202614,66.0,Business,Unknown,North,HDFC Bank,1038,60-69,5
202615,68.0,Business,Pune,South,HDFC Bank,1210,60-69,5
202616,49.0,Employee,Kolhapur,North,HDFC Bank,1741,40-49,3
202617,58.0,Individual,Unknown,West,HDFC Bank,1790,50-59,4
202618,53.0,Individual,Pune,South,HDFC Bank,1591,50-59,4
202619,75.0,Employee,Mumbai,East,HDFC Bank,1749,70-79,6
202620,70.0,Employee,Nashik,North,HDFC Bank,1171,70-79,6
202621,51.0,Individual,Pune,East,HDFC Bank,1837,50-59,4
202622,53.0,Individual,Mumbai,North,HDFC Bank,1441,50-59,4
202623,19.0,Employee,Mumbai,West,HDFC Bank,1058,18-29,1
202624,32.0,Employee,Nagpur,South,HDFC Bank,1409,30-39,2
202625,51.0,Unknown,Nagpur,North,HDFC Bank,1533,50-59,4
202626,53.0,Business,Kolhapur,East,HDFC Bank,1364,50-59,4
202627,23.0,Individual,Nashik,North,HDFC Bank,1366,18-29,1
202628,56.0,Employee,Nagpur,North,HDFC Bank,1343,50-59,4
202629,59.0,Individual,Kolhapur,North,HDFC Bank,1749,50-59,4
202630,68.0,Business,Nashik,North,HDFC Bank,1295,60-69,5
202631,68.0,Business,Kolhapur,North,HDFC Bank,1340,60-69,5
202632,75.0,Individual,Unknown,North,HDFC Bank,1605,70-79,6
202633,71.0,Business,Mumbai,East,HDFC Bank,1755,70-79,6
202634,78.0,Unknown,Nashik,North,HDFC Bank,1522,70-79,6
202635,29.0,Individual,Kolhapur,North,HDFC Bank,1628,18-29,1
202636,20.0,Employee,Kolhapur,North,HDFC Bank,1264,18-29,1
202637,62.0,Employee,Nagpur,South,HDFC Bank,1523,60-69,5
202638,35.0,Business,Nagpur,West,HDFC Bank,1665,30-39,2
202639,57.0,Employee,Nashik,West,HDFC Bank,1037,50-59,4
202640,38.0,Individual,Solapur,West,HDFC Bank,1130,30-39,2
202641,32.0,Employee,Nagpur,East,HDFC Bank,1381,30-39,2
202642,50.0,Employee,Pune,East,HDFC Bank,1224,50-59,4
202643,52.0,Employee,Nagpur,East,HDFC Bank,1142,50-59,4
202644,43.0,Employee,Solapur,North,HDFC Bank,1430,40-49,3
202645,25.0,Employee,Kolhapur,West,HDFC Bank,1388,18-29,1
202646,53.0,Business,Mumbai,North,HDFC Bank,1053,50-59,4
202647,65.0,Individual,Mumbai,South,HDFC Bank,1023,60-69,5
202648,47.0,Business,Kolhapur,West,HDFC Bank,1394,40-49,3
202649,40.0,Individual,Mumbai,South,HDFC Bank,1632,40-49,3
202650,59.0,Individual,Nagpur,South,HDFC Bank,1118,50-59,4
202651,61.0,Individual,Mumbai,North,HDFC Bank,1672,60-69,5
202652,31.0,Unknown,Solapur,West,HDFC Bank,1982,30-39,2
202653,31.0,Individual,Solapur,South,HDFC Bank,1585,30-39,2
202654,19.0,Employee,Nagpur,West,HDFC Bank,1184,18-29,1
202655,72.0,Business,Kolhapur,South,HDFC Bank,1947,70-79,6
202656,54.0,Business,Unknown,South,HDFC Bank,1191,50-59,4
202657,,Employee,Nagpur,North,HDFC Bank,1938,Unknown,7
202658,55.0,Individual,Mumbai,West,HDFC Bank,1731,50-59,4
202659,62.0,Business,Nagpur,North,HDFC Bank,1486,60-69,5
202660,58.0,Employee,Solapur,North,HDFC Bank,1632,50-59,4
202661,79.0,Employee,Nagpur,North,HDFC Bank,1720,70-79,6
202662,71.0,Business,Nagpur,North,HDFC Bank,1383,70-79,6
202663,77.0,Business,Pune,North,HDFC Bank,1811,70-79,6
202664,78.0,Individual,Solapur,South,HDFC Bank,1345,70-79,6
202665,64.0,Individual,Nashik,West,HDFC Bank,1472,60-69,5
202666,31.0,Business,Nashik,West,HDFC Bank,1675,30-39,2
202667,,Individual,Solapur,North,HDFC Bank,1779,Unknown,7
202668,56.0,Employee,Nashik,West,HDFC Bank,1951,50-59,4
202669,42.0,Individual,Mumbai,South,HDFC Bank,1002,40-49,3
202670,37.0,Individual,Unknown,North,HDFC Bank,1049,30-39,2
202671,19.0,Employee,Mumbai,East,HDFC Bank,1924,18-29,1
202672,56.0,Individual,Solapur,East,HDFC Bank,1875,50-59,4
202673,23.0,Employee,Nashik,South,HDFC Bank,1503,18-29,1
202674,34.0,Individual,Nashik,South,HDFC Bank,1983,30-39,2
202675,76.0,Business,Kolhapur,East,HDFC Bank,1210,70-79,6
202676,42.0,Individual,Mumbai,North,HDFC Bank,1972,40-49,3
202677,74.0,Business,Mumbai,South,HDFC Bank,1527,70-79,6
202678,45.0,Business,Nagpur,East,HDFC Bank,1679,40-49,3
202679,19.0,Business,Pune,North,HDFC Bank,1282,18-29,1
202680,52.0,Business,Nashik,South,HDFC Bank,1378,50-59,4
202681,54.0,Business,Kolhapur,West,HDFC Bank,1325,50-59,4
202682,22.0,Employee,Pune,West,HDFC Bank,1297,18-29,1
202683,18.0,Employee,Kolhapur,West,HDFC Bank,1696,18-29,1
202684,,Employee,Unknown,North,HDFC Bank,1137,Unknown,7
202685,29.0,Business,Nashik,South,HDFC Bank,1124,18-29,1
202686,73.0,Individual,Kolhapur,East,HDFC Bank,1933,70-79,6
202687,53.0,Employee,Mumbai,South,HDFC Bank,1391,50-59,4
202688,62.0,Individual,Nagpur,West,HDFC Bank,1401,60-69,5
202689,40.0,Individual,Kolhapur,West,HDFC Bank,1479,40-49,3
202690,64.0,Business,Solapur,North,HDFC Bank,1400,60-69,5
202691,48.0,Business,Nashik,East,HDFC Bank,1569,40-49,3
202692,28.0,Business,Nashik,North,HDFC Bank,1361,18-29,1
202693,27.0,Employee,Solapur,East,HDFC Bank,1065,18-29,1
202694,20.0,Business,Pune,South,HDFC Bank,1427,18-29,1
202695,71.0,Employee,Nagpur,North,HDFC Bank,1851,70-79,6
202696,31.0,Unknown,Pune,North,HDFC Bank,1713,30-39,2
202697,33.0,Employee,Solapur,North,HDFC Bank,1520,30-39,2
202698,27.0,Employee,Solapur,West,HDFC Bank,1431,18-29,1
202699,46.0,Business,Nagpur,West,HDFC Bank,1934,40-49,3
202700,27.0,Employee,Solapur,East,HDFC Bank,1104,18-29,1
202701,29.0,Business,Solapur,South,HDFC Bank,1088,18-29,1
202702,47.0,Business,Kolhapur,North,HDFC Bank,1600,40-49,3
202703,58.0,Employee,Nagpur,West,HDFC Bank,1855,50-59,4
202704,18.0,Business,Nashik,North,HDFC Bank,1005,18-29,1
202705,22.0,Individual,Pune,East,HDFC Bank,1157,18-29,1
202706,,Business,Nashik,East,HDFC Bank,1378,Unknown,7
202707,25.0,Business,Nashik,South,HDFC Bank,1329,18-29,1
202708,60.0,Employee,Kolhapur,East,HDFC Bank,1102,60-69,5
202709,29.0,Employee,Pune,North,HDFC Bank,1222,18-29,1
202710,18.0,Business,Nashik,South,HDFC Bank,1401,18-29,1
202711,74.0,Employee,Unknown,South,HDFC Bank,1682,70-79,6
202712,71.0,Individual,Pune,West,HDFC Bank,1544,70-79,6
202713,37.0,Individual,Mumbai,North,HDFC Bank,1508,30-39,2
202714,45.0,Employee,Kolhapur,East,HDFC Bank,1692,40-49,3
202715,74.0,Unknown,Nashik,West,HDFC Bank,1183,70-79,6
202716,60.0,Individual,Solapur,North,HDFC Bank,1914,60-69,5
202717,54.0,Individual,Pune,North,HDFC Bank,1086,50-59,4
202718,64.0,Business,Mumbai,South,HDFC Bank,1580,60-69,5
202719,54.0,Unknown,Solapur,South,HDFC Bank,1379,50-59,4
202720,29.0,Individual,Unknown,North,HDFC Bank,1537,18-29,1
202721,54.0,Business,Nashik,West,HDFC Bank,1412,50-59,4
202722,66.0,Business,Solapur,South,HDFC Bank,1919,60-69,5
202723,66.0,Individual,Nashik,South,HDFC Bank,1517,60-69,5
202724,73.0,Employee,Solapur,North,HDFC Bank,1767,70-79,6
202725,61.0,Individual,Pune,North,HDFC Bank,1693,60-69,5
202726,73.0,Business,Unknown,South,HDFC Bank,1294,70-79,6
202727,45.0,Individual,Unknown,West,HDFC Bank,1259,40-49,3
202728,64.0,Employee,Mumbai,South,HDFC Bank,1383,60-69,5
202729,32.0,Business,Kolhapur,North,HDFC Bank,1825,30-39,2
202730,23.0,Employee,Solapur,South,HDFC Bank,1303,18-29,1
202731,61.0,Individual,Nashik,North,HDFC Bank,1315,60-69,5
202732,76.0,Individual,Kolhapur,South,HDFC Bank,1745,70-79,6
202733,78.0,Employee,Pune,North,HDFC Bank,1793,70-79,6
202734,,Individual,Pune,North,HDFC Bank,1718,Unknown,7
202735,67.0,Employee,Pune,West,HDFC Bank,1076,60-69,5
202736,31.0,Individual,Nagpur,North,HDFC Bank,1679,30-39,2
202737,19.0,Employee,Nashik,South,HDFC Bank,1853,18-29,1
202738,26.0,Employee,Pune,North,HDFC Bank,1378,18-29,1
202739,54.0,Business,Pune,East,HDFC Bank,1460,50-59,4
202740,37.0,Business,Mumbai,South,HDFC Bank,1055,30-39,2
202741,,Employee,Solapur,West,HDFC Bank,1806,Unknown,7
202742,46.0,Individual,Solapur,South,HDFC Bank,1080,40-49,3
202743,18.0,Individual,Solapur,West,HDFC Bank,1995,18-29,1
202744,72.0,Individual,Kolhapur,East,HDFC Bank,1678,70-79,6
202745,52.0,Employee,Mumbai,West,HDFC Bank,1175,50-59,4
202746,23.0,Employee,Nagpur,North,HDFC Bank,1792,18-29,1
202747,54.0,Unknown,Kolhapur,East,HDFC Bank,1929,50-59,4
202748,,Employee,Mumbai,East,HDFC Bank,1382,Unknown,7
202749,76.0,Business,Pune,West,HDFC Bank,1148,70-79,6
202750,22.0,Employee,Nashik,South,HDFC Bank,1767,18-29,1
202751,50.0,Individual,Kolhapur,West,HDFC Bank,1280,50-59,4
202752,66.0,Business,Kolhapur,West,HDFC Bank,1344,60-69,5
202753,68.0,Individual,Pune,East,HDFC Bank,1789,60-69,5
202754,31.0,Employee,Pune,North,HDFC Bank,1790,30-39,2
202755,29.0,Business,Nashik,South,HDFC Bank,1408,18-29,1
202756,59.0,Unknown,Solapur,West,HDFC Bank,1717,50-59,4
202757,37.0,Business,Kolhapur,North,HDFC Bank,1973,30-39,2
202758,70.0,Unknown,Mumbai,North,HDFC Bank,1921,70-79,6
202759,67.0,Employee,Nagpur,South,HDFC Bank,1999,60-69,5
202760,41.0,Employee,Pune,North,HDFC Bank,1029,40-49,3
202761,76.0,Business,Pune,West,HDFC Bank,1729,70-79,6
202762,60.0,Business,Nagpur,East,HDFC Bank,1421,60-69,5
202763,79.0,Employee,Mumbai,North,HDFC Bank,1981,70-79,6
202764,51.0,Business,Pune,East,HDFC Bank,1230,50-59,4
202765,42.0,Employee,Nagpur,South,HDFC Bank,1358,40-49,3
202766,67.0,Business,Pune,South,HDFC Bank,1161,60-69,5
202767,46.0,Individual,Solapur,North,HDFC Bank,1728,40-49,3
202768,74.0,Business,Solapur,East,HDFC Bank,1227,70-79,6
202769,56.0,Individual,Pune,West,HDFC Bank,1844,50-59,4
202770,48.0,Business,Pune,East,HDFC Bank,1220,40-49,3
202771,73.0,Business,Solapur,North,HDFC Bank,1745,70-79,6
202772,64.0,Employee,Pune,East,HDFC Bank,1072,60-69,5
202773,60.0,Unknown,Mumbai,East,HDFC Bank,1398,60-69,5
202774,67.0,Business,Mumbai,South,HDFC Bank,1094,60-69,5
202775,40.0,Individual,Nashik,North,HDFC Bank,1939,40-49,3
202776,61.0,Business,Unknown,East,HDFC Bank,1474,60-69,5
202777,55.0,Employee,Kolhapur,North,HDFC Bank,1094,50-59,4
202778,37.0,Individual,Kolhapur,West,HDFC Bank,1905,30-39,2
202779,40.0,Employee,Kolhapur,North,HDFC Bank,1754,40-49,3
202780,,Employee,Pune,West,HDFC Bank,1884,Unknown,7
202781,62.0,Employee,Pune,North,HDFC Bank,1804,60-69,5
202782,69.0,Employee,Nagpur,North,HDFC Bank,1774,60-69,5
202783,33.0,Individual,Kolhapur,East,HDFC Bank,1123,30-39,2
202784,67.0,Business,Kolhapur,East,HDFC Bank,1799,60-69,5
202785,59.0,Employee,Mumbai,West,HDFC Bank,1499,50-59,4
202786,77.0,Individual,Solapur,West,HDFC Bank,1778,70-79,6
202787,72.0,Unknown,Unknown,South,HDFC Bank,1943,70-79,6
202788,25.0,Business,Nashik,East,HDFC Bank,1620,18-29,1
202789,67.0,Individual,Nagpur,West,HDFC Bank,1859,60-69,5
202790,38.0,Individual,Solapur,East,HDFC Bank,1963,30-39,2
202791,18.0,Business,Nashik,North,HDFC Bank,1047,18-29,1
202792,72.0,Individual,Mumbai,South,HDFC Bank,1812,70-79,6
202793,25.0,Business,Nagpur,East,HDFC Bank,1094,18-29,1
202794,46.0,Unknown,Nagpur,East,HDFC Bank,1476,40-49,3
202795,49.0,Unknown,Kolhapur,East,HDFC Bank,1032,40-49,3
202796,55.0,Business,Pune,East,HDFC Bank,1117,50-59,4
202797,22.0,Business,Unknown,West,HDFC Bank,1643,18-29,1
202798,64.0,Unknown,Mumbai,West,HDFC Bank,1250,60-69,5
202799,39.0,Individual,Kolhapur,South,HDFC Bank,1302,30-39,2
202800,64.0,Business,Nagpur,North,HDFC Bank,1121,60-69,5
202801,51.0,Business,Kolhapur,North,HDFC Bank,1217,50-59,4
202802,18.0,Individual,Nashik,South,HDFC Bank,1052,18-29,1
202803,,Individual,Kolhapur,North,HDFC Bank,1125,Unknown,7
202804,,Individual,Solapur,West,HDFC Bank,1158,Unknown,7
202805,43.0,Business,Mumbai,East,HDFC Bank,1670,40-49,3
202806,60.0,Individual,Mumbai,North,HDFC Bank,1794,60-69,5
202807,27.0,Employee,Nagpur,East,HDFC Bank,1600,18-29,1
202808,47.0,Business,Kolhapur,East,HDFC Bank,1175,40-49,3
202809,67.0,Individual,Nagpur,West,HDFC Bank,1291,60-69,5
202810,,Business,Nagpur,East,HDFC Bank,1944,Unknown,7
202811,34.0,Employee,Nashik,North,HDFC Bank,1158,30-39,2
202812,43.0,Business,Pune,West,HDFC Bank,1490,40-49,3
202813,25.0,Individual,Nagpur,South,HDFC Bank,1760,18-29,1
202814,64.0,Employee,Pune,West,HDFC Bank,1356,60-69,5
202815,57.0,Employee,Pune,North,HDFC Bank,1633,50-59,4
202816,66.0,Individual,Mumbai,West,HDFC Bank,1236,60-69,5
202817,29.0,Individual,Solapur,North,HDFC Bank,1427,18-29,1
202818,44.0,Individual,Unknown,North,HDFC Bank,1124,40-49,3
202819,25.0,Unknown,Kolhapur,West,HDFC Bank,1314,18-29,1
202820,42.0,Business,Nashik,North,HDFC Bank,1278,40-49,3
202821,63.0,Business,Nashik,South,HDFC Bank,1866,60-69,5
202822,21.0,Individual,Solapur,North,HDFC Bank,1835,18-29,1
202823,50.0,Individual,Unknown,South,HDFC Bank,1603,50-59,4
202824,18.0,Business,Solapur,South,HDFC Bank,1937,18-29,1
202825,36.0,Employee,Kolhapur,North,HDFC Bank,1104,30-39,2
202826,48.0,Business,Kolhapur,East,HDFC Bank,1041,40-49,3
202827,33.0,Employee,Kolhapur,South,HDFC Bank,1396,30-39,2
202828,31.0,Individual,Kolhapur,South,HDFC Bank,1640,30-39,2
202829,70.0,Individual,Mumbai,West,HDFC Bank,1459,70-79,6
202830,65.0,Business,Mumbai,South,HDFC Bank,1490,60-69,5
202831,22.0,Business,Solapur,South,HDFC Bank,1564,18-29,1
202832,58.0,Individual,Kolhapur,South,HDFC Bank,1167,50-59,4
202833,43.0,Business,Nagpur,South,HDFC Bank,1601,40-49,3
202834,,Individual,Unknown,East,HDFC Bank,1758,Unknown,7
202835,45.0,Individual,Nagpur,South,HDFC Bank,1173,40-49,3
202836,19.0,Employee,Mumbai,North,HDFC Bank,1371,18-29,1
202837,67.0,Business,Kolhapur,East,HDFC Bank,1598,60-69,5
202838,23.0,Individual,Pune,South,HDFC Bank,1880,18-29,1
202839,26.0,Business,Solapur,North,HDFC Bank,1149,18-29,1
202840,50.0,Employee,Kolhapur,North,HDFC Bank,1248,50-59,4
202841,58.0,Employee,Nashik,East,HDFC Bank,1626,50-59,4
202842,42.0,Business,Nagpur,East,HDFC Bank,1179,40-49,3
202843,65.0,Business,Kolhapur,North,HDFC Bank,1119,60-69,5
202844,30.0,Individual,Pune,East,HDFC Bank,1027,30-39,2
202845,26.0,Employee,Nagpur,East,HDFC Bank,1820,18-29,1
202846,70.0,Employee,Unknown,West,HDFC Bank,1116,70-79,6
202847,30.0,Employee,Solapur,East,HDFC Bank,1702,30-39,2
202848,48.0,Business,Solapur,West,HDFC Bank,1656,40-49,3
202849,58.0,Individual,Unknown,East,HDFC Bank,1831,50-59,4
202850,28.0,Business,Mumbai,East,HDFC Bank,1261,18-29,1
202851,21.0,Business,Pune,North,HDFC Bank,1653,18-29,1
202852,51.0,Business,Kolhapur,West,HDFC Bank,1625,50-59,4
202853,,Individual,Unknown,East,HDFC Bank,1895,Unknown,7
202854,55.0,Business,Nashik,South,HDFC Bank,1784,50-59,4
202855,,Employee,Solapur,East,HDFC Bank,1037,Unknown,7
202856,21.0,Employee,Nashik,North,HDFC Bank,1196,18-29,1
202857,55.0,Employee,Nagpur,North,HDFC Bank,1524,50-59,4
202858,36.0,Individual,Pune,North,HDFC Bank,1623,30-39,2
202859,23.0,Unknown,Pune,West,HDFC Bank,1436,18-29,1
202860,51.0,Individual,Unknown,West,HDFC Bank,1648,50-59,4
202861,35.0,Business,Nagpur,West,HDFC Bank,1683,30-39,2
202862,30.0,Employee,Kolhapur,South,HDFC Bank,1638,30-39,2
202863,58.0,Business,Mumbai,West,HDFC Bank,1873,50-59,4
202864,40.0,Business,Nagpur,North,HDFC Bank,1409,40-49,3
202865,36.0,Business,Unknown,West,HDFC Bank,1332,30-39,2
202866,62.0,Individual,Pune,West,HDFC Bank,1530,60-69,5
202867,28.0,Business,Pune,East,HDFC Bank,1943,18-29,1
202868,18.0,Business,Kolhapur,West,HDFC Bank,1464,18-29,1
202869,41.0,Business,Nashik,East,HDFC Bank,1719,40-49,3
202870,79.0,Individual,Mumbai,West,HDFC Bank,1157,70-79,6
202871,71.0,Individual,Nagpur,East,HDFC Bank,1159,70-79,6
202872,24.0,Individual,Pune,North,HDFC Bank,1333,18-29,1
202873,42.0,Business,Solapur,West,HDFC Bank,1751,40-49,3
202874,,Employee,Mumbai,North,HDFC Bank,1375,Unknown,7
202875,32.0,Employee,Solapur,West,HDFC Bank,1078,30-39,2
202876,18.0,Employee,Mumbai,South,HDFC Bank,1843,18-29,1
202877,29.0,Business,Pune,South,HDFC Bank,1868,18-29,1
202878,75.0,Employee,Unknown,North,HDFC Bank,1842,70-79,6
202879,24.0,Employee,Mumbai,North,HDFC Bank,1196,18-29,1
202880,32.0,Employee,Unknown,South,HDFC Bank,1119,30-39,2
202881,38.0,Business,Kolhapur,South,HDFC Bank,1759,30-39,2
202882,36.0,Employee,Solapur,East,HDFC Bank,1650,30-39,2
202883,77.0,Employee,Kolhapur,West,HDFC Bank,1225,70-79,6
202884,46.0,Business,Solapur,South,HDFC Bank,1594,40-49,3
202885,42.0,Individual,Nashik,North,HDFC Bank,1409,40-49,3
202886,50.0,Employee,Solapur,North,HDFC Bank,1537,50-59,4
202887,66.0,Individual,Solapur,South,HDFC Bank,1639,60-69,5
202888,49.0,Employee,Mumbai,North,HDFC Bank,1912,40-49,3
202889,,Business,Nashik,West,HDFC Bank,1734,Unknown,7
202890,52.0,Unknown,Pune,East,HDFC Bank,1338,50-59,4
202891,61.0,Individual,Pune,West,HDFC Bank,1555,60-69,5
202892,55.0,Individual,Nagpur,East,HDFC Bank,1595,50-59,4
202893,43.0,Individual,Nashik,East,HDFC Bank,1918,40-49,3
202894,28.0,Employee,Mumbai,South,HDFC Bank,1536,18-29,1
202895,,Employee,Nagpur,North,HDFC Bank,1219,Unknown,7
202896,25.0,Individual,Nagpur,East,HDFC Bank,1292,18-29,1
202897,63.0,Employee,Pune,South,HDFC Bank,1203,60-69,5
202898,31.0,Individual,Solapur,North,HDFC Bank,1879,30-39,2
202899,27.0,Individual,Mumbai,North,HDFC Bank,1704,18-29,1
202900,19.0,Business,Nashik,East,HDFC Bank,1513,18-29,1
202901,63.0,Individual,Nagpur,North,HDFC Bank,1201,60-69,5
202902,,Employee,Mumbai,West,HDFC Bank,1865,Unknown,7
202903,,Individual,Pune,North,HDFC Bank,1031,Unknown,7
202904,38.0,Unknown,Nagpur,West,HDFC Bank,1088,30-39,2
202905,43.0,Employee,Nagpur,North,HDFC Bank,1201,40-49,3
202906,25.0,Business,Kolhapur,East,HDFC Bank,1950,18-29,1
202907,65.0,Business,Pune,East,HDFC Bank,1689,60-69,5
202908,19.0,Individual,Kolhapur,South,HDFC Bank,1704,18-29,1
202909,23.0,Business,Pune,West,HDFC Bank,1671,18-29,1
202910,45.0,Business,Pune,West,HDFC Bank,1292,40-49,3
202911,70.0,Employee,Kolhapur,East,HDFC Bank,1715,70-79,6
202912,46.0,Business,Mumbai,East,HDFC Bank,1752,40-49,3
202913,43.0,Individual,Mumbai,East,HDFC Bank,1114,40-49,3
202914,,Individual,Mumbai,West,HDFC Bank,1721,Unknown,7
202915,29.0,Individual,Solapur,South,HDFC Bank,1221,18-29,1
202916,22.0,Business,Nagpur,West,HDFC Bank,1908,18-29,1
202917,51.0,Employee,Unknown,East,HDFC Bank,1181,50-59,4
202918,65.0,Individual,Solapur,South,HDFC Bank,1770,60-69,5
202919,54.0,Business,Nagpur,North,HDFC Bank,1468,50-59,4
202920,32.0,Individual,Mumbai,North,HDFC Bank,1425,30-39,2
202921,61.0,Individual,Pune,East,HDFC Bank,1973,60-69,5
202922,53.0,Employee,Nashik,South,HDFC Bank,1551,50-59,4
202923,32.0,Individual,Mumbai,East,HDFC Bank,1841,30-39,2
202924,60.0,Employee,Nashik,West,HDFC Bank,1833,60-69,5
202925,65.0,Business,Mumbai,West,HDFC Bank,1059,60-69,5
202926,40.0,Individual,Pune,South,HDFC Bank,1484,40-49,3
202927,23.0,Business,Nashik,East,HDFC Bank,1010,18-29,1
202928,63.0,Business,Solapur,East,HDFC Bank,1631,60-69,5
202929,67.0,Business,Pune,North,HDFC Bank,1384,60-69,5
202930,61.0,Individual,Nashik,South,HDFC Bank,1409,60-69,5
202931,76.0,Employee,Nashik,East,HDFC Bank,1041,70-79,6
202932,60.0,Individual,Kolhapur,West,HDFC Bank,1701,60-69,5
202933,62.0,Business,Kolhapur,East,HDFC Bank,1122,60-69,5
202934,38.0,Employee,Pune,East,HDFC Bank,1700,30-39,2
202935,40.0,Business,Pune,West,HDFC Bank,1251,40-49,3
202936,60.0,Employee,Pune,West,HDFC Bank,1972,60-69,5
202937,72.0,Individual,Nagpur,East,HDFC Bank,1603,70-79,6
202938,33.0,Employee,Solapur,West,HDFC Bank,1483,30-39,2
202939,64.0,Individual,Mumbai,North,HDFC Bank,1212,60-69,5
202940,70.0,Business,Kolhapur,North,HDFC Bank,1829,70-79,6
202941,77.0,Employee,Nashik,North,HDFC Bank,1713,70-79,6
202942,32.0,Business,Kolhapur,West,HDFC Bank,1267,30-39,2
202943,42.0,Employee,Mumbai,West,HDFC Bank,1666,40-49,3
202944,53.0,Individual,Pune,West,HDFC Bank,1706,50-59,4
202945,28.0,Employee,Kolhapur,South,HDFC Bank,1539,18-29,1
202946,68.0,Employee,Solapur,West,HDFC Bank,1705,60-69,5
202947,32.0,Individual,Solapur,North,HDFC Bank,1923,30-39,2
202948,21.0,Individual,Nagpur,North,HDFC Bank,1734,18-29,1
202949,38.0,Unknown,Kolhapur,North,HDFC Bank,1618,30-39,2
202950,30.0,Employee,Pune,South,HDFC Bank,1660,30-39,2
202951,39.0,Business,Nashik,East,HDFC Bank,1134,30-39,2
202952,36.0,Employee,Nagpur,North,HDFC Bank,1497,30-39,2
202953,51.0,Employee,Pune,South,HDFC Bank,1606,50-59,4
202954,31.0,Business,Nagpur,East,HDFC Bank,1781,30-39,2
202955,78.0,Individual,Kolhapur,South,HDFC Bank,1934,70-79,6
202956,21.0,Employee,Mumbai,South,HDFC Bank,1885,18-29,1
202957,65.0,Business,Kolhapur,East,HDFC Bank,1125,60-69,5
202958,70.0,Individual,Pune,West,HDFC Bank,1358,70-79,6
202959,69.0,Individual,Nashik,West,HDFC Bank,1502,60-69,5
202960,,Employee,Nashik,North,HDFC Bank,1840,Unknown,7
202961,44.0,Individual,Pune,East,HDFC Bank,1982,40-49,3
202962,46.0,Individual,Unknown,North,HDFC Bank,1317,40-49,3
202963,64.0,Business,Solapur,South,HDFC Bank,1011,60-69,5
202964,45.0,Business,Pune,West,HDFC Bank,1476,40-49,3
202965,52.0,Individual,Kolhapur,North,HDFC Bank,1293,50-59,4
202966,25.0,Business,Nashik,North,HDFC Bank,1953,18-29,1
202967,33.0,Individual,Mumbai,West,HDFC Bank,1439,30-39,2
202968,59.0,Employee,Nashik,South,HDFC Bank,1806,50-59,4
202969,,Business,Solapur,North,HDFC Bank,1853,Unknown,7
202970,47.0,Individual,Nashik,North,HDFC Bank,1515,40-49,3
202971,35.0,Individual,Solapur,East,HDFC Bank,1815,30-39,2
202972,19.0,Business,Pune,East,HDFC Bank,1390,18-29,1
202973,66.0,Business,Nashik,West,HDFC Bank,1315,60-69,5
202974,30.0,Employee,Nagpur,West,HDFC Bank,1679,30-39,2
202975,21.0,Individual,Kolhapur,South,HDFC Bank,1007,18-29,1
202976,43.0,Employee,Nagpur,South,HDFC Bank,1507,40-49,3
202977,42.0,Employee,Kolhapur,North,HDFC Bank,1123,40-49,3
202978,47.0,Employee,Nashik,East,HDFC Bank,1371,40-49,3
202979,,Business,Nashik,South,HDFC Bank,1313,Unknown,7
202980,24.0,Employee,Kolhapur,North,HDFC Bank,1184,18-29,1
202981,48.0,Business,Mumbai,North,HDFC Bank,1546,40-49,3
202982,61.0,Business,Nashik,West,HDFC Bank,1584,60-69,5
202983,27.0,Employee,Mumbai,East,HDFC Bank,1882,18-29,1
202984,,Employee,Mumbai,North,HDFC Bank,1524,Unknown,7
202985,30.0,Individual,Kolhapur,West,HDFC Bank,1038,30-39,2
202986,48.0,Employee,Mumbai,North,HDFC Bank,1083,40-49,3
202987,24.0,Individual,Mumbai,East,HDFC Bank,1020,18-29,1
202988,73.0,Employee,Pune,North,HDFC Bank,1252,70-79,6
202989,66.0,Employee,Unknown,North,HDFC Bank,1302,60-69,5
202990,59.0,Unknown,Mumbai,South,HDFC Bank,1978,50-59,4
202991,78.0,Employee,Nagpur,South,HDFC Bank,1257,70-79,6
202992,59.0,Individual,Mumbai,West,HDFC Bank,1811,50-59,4
202993,73.0,Individual,Nagpur,North,HDFC Bank,1999,70-79,6
202994,53.0,Employee,Nashik,West,HDFC Bank,1541,50-59,4
202995,37.0,Employee,Nashik,East,HDFC Bank,1982,30-39,2
202996,21.0,Individual,Nagpur,West,HDFC Bank,1639,18-29,1
202997,71.0,Business,Mumbai,North,HDFC Bank,1822,70-79,6
202998,24.0,Business,Pune,South,HDFC Bank,1551,18-29,1
202999,71.0,Business,Nagpur,South,HDFC Bank,1460,70-79,6
203000,18.0,Individual,Solapur,West,HDFC Bank,1608,18-29,1
203001,61.0,Individual,Pune,South,HDFC Bank,1223,60-69,5
203002,73.0,Business,Solapur,North,HDFC Bank,1091,70-79,6
203003,62.0,Business,Nagpur,North,HDFC Bank,1279,60-69,5
203004,59.0,Employee,Mumbai,East,HDFC Bank,1169,50-59,4
203005,64.0,Unknown,Solapur,South,HDFC Bank,1795,60-69,5
203006,76.0,Unknown,Nagpur,South,HDFC Bank,1733,70-79,6
203007,30.0,Business,Pune,East,HDFC Bank,1628,30-39,2
203008,72.0,Unknown,Mumbai,West,HDFC Bank,1247,70-79,6
203009,39.0,Individual,Solapur,East,HDFC Bank,1360,30-39,2
203010,71.0,Employee,Nagpur,South,HDFC Bank,1348,70-79,6
203011,,Business,Mumbai,West,HDFC Bank,1865,Unknown,7
203012,39.0,Individual,Mumbai,North,HDFC Bank,1434,30-39,2
203013,45.0,Individual,Nashik,North,HDFC Bank,1405,40-49,3
203014,26.0,Employee,Mumbai,East,HDFC Bank,1600,18-29,1
203015,43.0,Employee,Nagpur,North,HDFC Bank,1077,40-49,3
203016,26.0,Business,Pune,South,HDFC Bank,1457,18-29,1
203017,32.0,Business,Kolhapur,East,HDFC Bank,1585,30-39,2
203018,27.0,Business,Nashik,South,HDFC Bank,1391,18-29,1
203019,,Individual,Nagpur,South,HDFC Bank,1013,Unknown,7
203020,,Business,Nagpur,West,HDFC Bank,1044,Unknown,7
203021,74.0,Individual,Nagpur,West,HDFC Bank,1037,70-79,6
203022,78.0,Business,Solapur,West,HDFC Bank,1415,70-79,6
203023,59.0,Employee,Solapur,North,HDFC Bank,1244,50-59,4
203024,25.0,Employee,Pune,West,HDFC Bank,1061,18-29,1
203025,,Individual,Nagpur,South,HDFC Bank,1492,Unknown,7
203026,33.0,Unknown,Solapur,East,HDFC Bank,1607,30-39,2
203027,66.0,Individual,Solapur,East,HDFC Bank,1322,60-69,5
203028,43.0,Unknown,Solapur,South,HDFC Bank,1251,40-49,3
203029,44.0,Employee,Pune,North,HDFC Bank,1467,40-49,3
203030,54.0,Individual,Pune,East,HDFC Bank,1060,50-59,4
203031,21.0,Employee,Nagpur,South,HDFC Bank,1780,18-29,1
203032,67.0,Business,Nashik,South,HDFC Bank,1118,60-69,5
203033,41.0,Business,Nagpur,South,HDFC Bank,1086,40-49,3
203034,36.0,Employee,Solapur,East,HDFC Bank,1594,30-39,2
203035,53.0,Employee,Kolhapur,East,HDFC Bank,1079,50-59,4
203036,77.0,Employee,Solapur,West,HDFC Bank,1227,70-79,6
203037,56.0,Employee,Mumbai,West,HDFC Bank,1482,50-59,4
203038,27.0,Business,Kolhapur,South,HDFC Bank,1814,18-29,1
203039,42.0,Individual,Kolhapur,South,HDFC Bank,1622,40-49,3
203040,35.0,Individual,Nagpur,South,HDFC Bank,1881,30-39,2
203041,36.0,Business,Solapur,South,HDFC Bank,1309,30-39,2
203042,53.0,Individual,Solapur,East,HDFC Bank,1582,50-59,4
203043,27.0,Business,Nashik,West,HDFC Bank,1947,18-29,1
203044,50.0,Individual,Mumbai,North,HDFC Bank,1484,50-59,4
203045,72.0,Unknown,Nagpur,South,HDFC Bank,1839,70-79,6
203046,67.0,Employee,Pune,West,HDFC Bank,1024,60-69,5
203047,22.0,Employee,Nagpur,South,HDFC Bank,1790,18-29,1
203048,64.0,Business,Kolhapur,East,HDFC Bank,1201,60-69,5
203049,66.0,Business,Nagpur,North,HDFC Bank,1925,60-69,5
203050,52.0,Individual,Nashik,West,HDFC Bank,1224,50-59,4
203051,61.0,Individual,Nagpur,West,HDFC Bank,1778,60-69,5
203052,,Individual,Nashik,North,HDFC Bank,1509,Unknown,7
203053,50.0,Business,Kolhapur,East,HDFC Bank,1930,50-59,4
203054,72.0,Individual,Nashik,North,HDFC Bank,1794,70-79,6
203055,38.0,Employee,Solapur,West,HDFC Bank,1628,30-39,2
203056,34.0,Unknown,Pune,North,HDFC Bank,1578,30-39,2
203057,39.0,Employee,Kolhapur,East,HDFC Bank,1558,30-39,2
203058,65.0,Business,Nashik,East,HDFC Bank,1752,60-69,5
203059,54.0,Employee,Mumbai,South,HDFC Bank,1689,50-59,4
203060,32.0,Employee,Unknown,North,HDFC Bank,1519,30-39,2
203061,52.0,Employee,Mumbai,North,HDFC Bank,1182,50-59,4
203062,45.0,Business,Pune,West,HDFC Bank,1076,40-49,3
203063,24.0,Business,Nashik,East,HDFC Bank,1425,18-29,1
203064,49.0,Business,Kolhapur,North,HDFC Bank,1066,40-49,3
203065,28.0,Business,Kolhapur,West,HDFC Bank,1659,18-29,1
203066,27.0,Individual,Pune,South,HDFC Bank,1493,18-29,1
203067,26.0,Business,Solapur,North,HDFC Bank,1684,18-29,1
203068,31.0,Unknown,Mumbai,North,HDFC Bank,1546,30-39,2
203069,30.0,Business,Kolhapur,West,HDFC Bank,1076,30-39,2
203070,78.0,Individual,Nagpur,West,HDFC Bank,1915,70-79,6
203071,74.0,Individual,Mumbai,East,HDFC Bank,1791,70-79,6
203072,79.0,Individual,Nashik,East,HDFC Bank,1696,70-79,6
203073,42.0,Employee,Pune,East,HDFC Bank,1054,40-49,3
203074,19.0,Business,Mumbai,North,HDFC Bank,1904,18-29,1
203075,52.0,Business,Nagpur,West,HDFC Bank,1605,50-59,4
203076,24.0,Business,Nagpur,East,HDFC Bank,1472,18-29,1
203077,38.0,Employee,Pune,North,HDFC Bank,1655,30-39,2
203078,35.0,Employee,Pune,East,HDFC Bank,1246,30-39,2
203079,20.0,Individual,Mumbai,South,HDFC Bank,1438,18-29,1
203080,59.0,Individual,Nashik,North,HDFC Bank,1711,50-59,4
203081,71.0,Business,Solapur,East,HDFC Bank,1747,70-79,6
203082,78.0,Employee,Nagpur,East,HDFC Bank,1313,70-79,6
203083,56.0,Unknown,Pune,South,HDFC Bank,1319,50-59,4
203084,58.0,Business,Solapur,South,HDFC Bank,1219,50-59,4
203085,66.0,Business,Solapur,East,HDFC Bank,1843,60-69,5
203086,28.0,Individual,Solapur,East,HDFC Bank,1370,18-29,1
203087,56.0,Individual,Nashik,West,HDFC Bank,1215,50-59,4
203088,41.0,Individual,Pune,East,HDFC Bank,1048,40-49,3
203089,77.0,Business,Nagpur,East,HDFC Bank,1796,70-79,6
203090,,Business,Pune,West,HDFC Bank,1462,Unknown,7
203091,36.0,Individual,Mumbai,West,HDFC Bank,1117,30-39,2
203092,21.0,Individual,Nagpur,East,HDFC Bank,1081,18-29,1
203093,43.0,Employee,Pune,West,HDFC Bank,1262,40-49,3
203094,55.0,Employee,Nagpur,North,HDFC Bank,1588,50-59,4
203095,,Individual,Unknown,South,HDFC Bank,1722,Unknown,7
203096,49.0,Individual,Kolhapur,North,HDFC Bank,1495,40-49,3
203097,56.0,Employee,Nagpur,South,HDFC Bank,1633,50-59,4
203098,62.0,Individual,Kolhapur,South,HDFC Bank,1836,60-69,5
203099,63.0,Employee,Solapur,East,HDFC Bank,1601,60-69,5
203100,53.0,Employee,Nashik,South,HDFC Bank,1769,50-59,4
203101,57.0,Employee,Mumbai,North,HDFC Bank,1672,50-59,4
203102,54.0,Business,Nagpur,East,HDFC Bank,1175,50-59,4
203103,50.0,Business,Mumbai,West,HDFC Bank,1804,50-59,4
203104,53.0,Individual,Solapur,North,HDFC Bank,1088,50-59,4
203105,20.0,Employee,Kolhapur,East,HDFC Bank,1638,18-29,1
203106,26.0,Business,Nashik,South,HDFC Bank,1984,18-29,1
203107,25.0,Individual,Mumbai,North,HDFC Bank,1358,18-29,1
203108,50.0,Individual,Kolhapur,South,HDFC Bank,1285,50-59,4
203109,76.0,Individual,Solapur,East,HDFC Bank,1296,70-79,6
203110,23.0,Individual,Solapur,East,HDFC Bank,1259,18-29,1
203111,58.0,Individual,Solapur,West,HDFC Bank,1850,50-59,4
203112,56.0,Employee,Kolhapur,West,HDFC Bank,1474,50-59,4
203113,21.0,Individual,Nagpur,North,HDFC Bank,1755,18-29,1
203114,30.0,Employee,Pune,West,HDFC Bank,1622,30-39,2
203115,66.0,Business,Mumbai,South,HDFC Bank,1934,60-69,5
203116,77.0,Individual,Pune,South,HDFC Bank,1535,70-79,6
203117,19.0,Business,Solapur,West,HDFC Bank,1561,18-29,1
203118,77.0,Employee,Pune,West,HDFC Bank,1036,70-79,6
203119,22.0,Employee,Kolhapur,West,HDFC Bank,1180,18-29,1
203120,61.0,Business,Solapur,North,HDFC Bank,1764,60-69,5
203121,44.0,Unknown,Solapur,North,HDFC Bank,1024,40-49,3
203122,49.0,Individual,Nashik,South,HDFC Bank,1348,40-49,3
203123,38.0,Business,Nashik,North,HDFC Bank,1636,30-39,2
203124,25.0,Business,Kolhapur,North,HDFC Bank,1542,18-29,1
203125,55.0,Business,Kolhapur,East,HDFC Bank,1748,50-59,4
203126,25.0,Individual,Pune,South,HDFC Bank,1226,18-29,1
203127,67.0,Individual,Mumbai,South,HDFC Bank,1347,60-69,5
203128,20.0,Individual,Pune,West,HDFC Bank,1037,18-29,1
203129,71.0,Business,Kolhapur,East,HDFC Bank,1382,70-79,6
203130,61.0,Individual,Mumbai,West,HDFC Bank,1569,60-69,5
203131,78.0,Employee,Pune,North,HDFC Bank,1235,70-79,6
203132,75.0,Business,Nagpur,South,HDFC Bank,1180,70-79,6
203133,20.0,Individual,Nagpur,North,HDFC Bank,1113,18-29,1
203134,39.0,Business,Mumbai,North,HDFC Bank,1305,30-39,2
203135,23.0,Employee,Nashik,East,HDFC Bank,1131,18-29,1
203136,,Employee,Mumbai,East,HDFC Bank,1347,Unknown,7
203137,40.0,Business,Pune,South,HDFC Bank,1179,40-49,3
203138,61.0,Business,Solapur,South,HDFC Bank,1414,60-69,5
203139,19.0,Employee,Nagpur,East,HDFC Bank,1982,18-29,1
203140,55.0,Business,Solapur,East,HDFC Bank,1589,50-59,4
203141,34.0,Employee,Nagpur,East,HDFC Bank,1731,30-39,2
203142,52.0,Employee,Pune,East,HDFC Bank,1653,50-59,4
203143,51.0,Individual,Nagpur,South,HDFC Bank,1384,50-59,4
203144,40.0,Business,Mumbai,South,HDFC Bank,1511,40-49,3
203145,47.0,Business,Solapur,North,HDFC Bank,1042,40-49,3
203146,69.0,Individual,Kolhapur,North,HDFC Bank,1479,60-69,5
203147,25.0,Employee,Solapur,North,HDFC Bank,1117,18-29,1
203148,39.0,Business,Pune,South,HDFC Bank,1570,30-39,2
203149,,Individual,Kolhapur,West,HDFC Bank,1060,Unknown,7
203150,75.0,Individual,Solapur,North,HDFC Bank,1552,70-79,6
203151,53.0,Business,Pune,West,HDFC Bank,1785,50-59,4
203152,22.0,Individual,Nashik,West,HDFC Bank,1187,18-29,1
203153,30.0,Employee,Mumbai,West,HDFC Bank,1452,30-39,2
203154,46.0,Individual,Nagpur,East,HDFC Bank,1846,40-49,3
203155,48.0,Employee,Nagpur,South,HDFC Bank,1186,40-49,3
203156,64.0,Employee,Nagpur,South,HDFC Bank,1937,60-69,5
203157,74.0,Business,Nashik,North,HDFC Bank,1463,70-79,6
203158,72.0,Individual,Mumbai,North,HDFC Bank,1739,70-79,6
203159,33.0,Employee,Solapur,South,HDFC Bank,1163,30-39,2
203160,59.0,Employee,Solapur,East,HDFC Bank,1423,50-59,4
203161,79.0,Individual,Mumbai,South,HDFC Bank,1797,70-79,6
203162,47.0,Employee,Kolhapur,West,HDFC Bank,1101,40-49,3
203163,74.0,Individual,Unknown,South,HDFC Bank,1982,70-79,6
203164,72.0,Unknown,Nagpur,East,HDFC Bank,1266,70-79,6
203165,33.0,Employee,Solapur,South,HDFC Bank,1635,30-39,2
203166,29.0,Employee,Mumbai,South,HDFC Bank,1152,18-29,1
203167,34.0,Individual,Solapur,South,HDFC Bank,1428,30-39,2
203168,33.0,Individual,Mumbai,West,HDFC Bank,1690,30-39,2
203169,29.0,Individual,Pune,North,HDFC Bank,1426,18-29,1
203170,25.0,Individual,Nagpur,East,HDFC Bank,1577,18-29,1
203171,37.0,Employee,Mumbai,West,HDFC Bank,1610,30-39,2
203172,,Business,Nashik,South,HDFC Bank,1942,Unknown,7
203173,33.0,Business,Mumbai,South,HDFC Bank,1535,30-39,2
203174,47.0,Business,Pune,North,HDFC Bank,1332,40-49,3
203175,62.0,Business,Nashik,North,HDFC Bank,1760,60-69,5
203176,40.0,Individual,Nashik,North,HDFC Bank,1676,40-49,3
203177,45.0,Employee,Unknown,West,HDFC Bank,1895,40-49,3
203178,68.0,Employee,Pune,East,HDFC Bank,1439,60-69,5
203179,57.0,Employee,Nashik,North,HDFC Bank,1605,50-59,4
203180,71.0,Individual,Nagpur,South,HDFC Bank,1970,70-79,6
203181,22.0,Employee,Kolhapur,East,HDFC Bank,1854,18-29,1
203182,37.0,Individual,Unknown,South,HDFC Bank,1123,30-39,2
203183,57.0,Employee,Solapur,South,HDFC Bank,1301,50-59,4
203184,73.0,Business,Solapur,East,HDFC Bank,1667,70-79,6
203185,61.0,Individual,Pune,West,HDFC Bank,1348,60-69,5
203186,18.0,Employee,Nashik,East,HDFC Bank,1248,18-29,1
203187,74.0,Business,Nagpur,North,HDFC Bank,1947,70-79,6
203188,47.0,Business,Nagpur,East,HDFC Bank,1270,40-49,3
203189,38.0,Business,Kolhapur,North,HDFC Bank,1428,30-39,2
203190,37.0,Individual,Pune,North,HDFC Bank,1569,30-39,2
203191,,Individual,Nashik,East,HDFC Bank,1706,Unknown,7
203192,39.0,Employee,Pune,East,HDFC Bank,1712,30-39,2
203193,35.0,Business,Mumbai,North,HDFC Bank,1583,30-39,2
203194,25.0,Employee,Unknown,South,HDFC Bank,1246,18-29,1
203195,56.0,Employee,Pune,East,HDFC Bank,1480,50-59,4
203196,49.0,Business,Pune,West,HDFC Bank,1097,40-49,3
203197,50.0,Employee,Kolhapur,North,HDFC Bank,1328,50-59,4
203198,70.0,Individual,Mumbai,South,HDFC Bank,1592,70-79,6
203199,33.0,Employee,Solapur,East,HDFC Bank,1424,30-39,2
203200,29.0,Business,Nagpur,East,HDFC Bank,1576,18-29,1
203201,55.0,Individual,Kolhapur,South,HDFC Bank,1423,50-59,4
203202,69.0,Unknown,Pune,West,HDFC Bank,1004,60-69,5
203203,51.0,Employee,Nagpur,North,HDFC Bank,1989,50-59,4
203204,78.0,Employee,Solapur,East,HDFC Bank,1458,70-79,6
203205,31.0,Individual,Pune,West,HDFC Bank,1795,30-39,2
203206,53.0,Employee,Mumbai,North,HDFC Bank,1805,50-59,4
203207,50.0,Business,Nagpur,West,HDFC Bank,1592,50-59,4
203208,40.0,Employee,Kolhapur,North,HDFC Bank,1497,40-49,3
203209,67.0,Employee,Mumbai,North,HDFC Bank,1086,60-69,5
203210,62.0,Individual,Solapur,West,HDFC Bank,1401,60-69,5
203211,19.0,Employee,Solapur,North,HDFC Bank,1292,18-29,1
203212,58.0,Employee,Nagpur,East,HDFC Bank,1922,50-59,4
203213,38.0,Employee,Solapur,East,HDFC Bank,1280,30-39,2
203214,19.0,Business,Nashik,West,HDFC Bank,1196,18-29,1
203215,44.0,Employee,Kolhapur,West,HDFC Bank,1763,40-49,3
203216,74.0,Business,Nagpur,North,HDFC Bank,1082,70-79,6
203217,26.0,Business,Nashik,North,HDFC Bank,1026,18-29,1
203218,18.0,Business,Solapur,West,HDFC Bank,1844,18-29,1
203219,28.0,Business,Nagpur,South,HDFC Bank,1693,18-29,1
203220,20.0,Individual,Nashik,West,HDFC Bank,1134,18-29,1
203221,,Business,Solapur,South,HDFC Bank,1089,Unknown,7
203222,79.0,Employee,Pune,South,HDFC Bank,1205,70-79,6
203223,40.0,Business,Pune,West,HDFC Bank,1026,40-49,3
203224,43.0,Employee,Mumbai,West,HDFC Bank,1377,40-49,3
203225,21.0,Business,Pune,West,HDFC Bank,1570,18-29,1
203226,35.0,Individual,Unknown,South,HDFC Bank,1583,30-39,2
203227,72.0,Business,Kolhapur,East,HDFC Bank,1414,70-79,6
203228,23.0,Business,Pune,East,HDFC Bank,1226,18-29,1
203229,52.0,Individual,Nagpur,West,HDFC Bank,1602,50-59,4
203230,39.0,Business,Nagpur,West,HDFC Bank,1067,30-39,2
203231,60.0,Employee,Nagpur,North,HDFC Bank,1361,60-69,5
203232,32.0,Business,Pune,North,HDFC Bank,1259,30-39,2
203233,39.0,Business,Pune,North,HDFC Bank,1657,30-39,2
203234,77.0,Business,Mumbai,West,HDFC Bank,1062,70-79,6
203235,54.0,Individual,Kolhapur,East,HDFC Bank,1854,50-59,4
203236,,Business,Kolhapur,East,HDFC Bank,1991,Unknown,7
203237,59.0,Business,Solapur,West,HDFC Bank,1971,50-59,4
203238,29.0,Employee,Mumbai,West,HDFC Bank,1691,18-29,1
203239,64.0,Business,Nashik,South,HDFC Bank,1979,60-69,5
203240,66.0,Business,Nagpur,South,HDFC Bank,1622,60-69,5
203241,59.0,Business,Pune,East,HDFC Bank,1702,50-59,4
203242,55.0,Unknown,Solapur,North,HDFC Bank,1940,50-59,4
203243,35.0,Employee,Solapur,East,HDFC Bank,1907,30-39,2
203244,62.0,Employee,Pune,South,HDFC Bank,1391,60-69,5
203245,52.0,Individual,Unknown,East,HDFC Bank,1245,50-59,4
203246,47.0,Business,Solapur,South,HDFC Bank,1277,40-49,3
203247,41.0,Unknown,Kolhapur,South,HDFC Bank,1346,40-49,3
203248,59.0,Individual,Mumbai,North,HDFC Bank,1936,50-59,4
203249,47.0,Business,Pune,North,HDFC Bank,1371,40-49,3
203250,31.0,Employee,Unknown,South,HDFC Bank,1808,30-39,2
203251,23.0,Employee,Kolhapur,West,HDFC Bank,1848,18-29,1
203252,20.0,Business,Nagpur,North,HDFC Bank,1122,18-29,1
203253,33.0,Business,Pune,South,HDFC Bank,1056,30-39,2
203254,24.0,Employee,Kolhapur,West,HDFC Bank,1159,18-29,1
203255,69.0,Business,Pune,West,HDFC Bank,1126,60-69,5
203256,31.0,Business,Kolhapur,East,HDFC Bank,1736,30-39,2
203257,26.0,Business,Kolhapur,East,HDFC Bank,1606,18-29,1
203258,32.0,Employee,Solapur,North,HDFC Bank,1310,30-39,2
203259,38.0,Individual,Solapur,West,HDFC Bank,1517,30-39,2
203260,52.0,Individual,Solapur,North,HDFC Bank,1934,50-59,4
203261,19.0,Business,Nagpur,South,HDFC Bank,1264,18-29,1
203262,44.0,Employee,Nagpur,North,HDFC Bank,1745,40-49,3
203263,19.0,Business,Kolhapur,West,HDFC Bank,1287,18-29,1
203264,52.0,Employee,Nashik,East,HDFC Bank,1419,50-59,4
203265,35.0,Business,Pune,North,HDFC Bank,1895,30-39,2
203266,31.0,Employee,Solapur,East,HDFC Bank,1527,30-39,2
203267,,Employee,Pune,North,HDFC Bank,1139,Unknown,7
203268,,Individual,Kolhapur,South,HDFC Bank,1808,Unknown,7
203269,27.0,Business,Unknown,West,HDFC Bank,1706,18-29,1
203270,42.0,Unknown,Kolhapur,North,HDFC Bank,1697,40-49,3
203271,19.0,Individual,Nagpur,South,HDFC Bank,1986,18-29,1
203272,,Unknown,Nashik,South,HDFC Bank,1474,Unknown,7
203273,78.0,Business,Mumbai,South,HDFC Bank,1904,70-79,6
203274,71.0,Employee,Pune,East,HDFC Bank,1636,70-79,6
203275,50.0,Employee,Nagpur,East,HDFC Bank,1528,50-59,4
203276,53.0,Employee,Solapur,South,HDFC Bank,1877,50-59,4
203277,48.0,Business,Mumbai,South,HDFC Bank,1388,40-49,3
203278,31.0,Business,Nagpur,North,HDFC Bank,1510,30-39,2
203279,18.0,Employee,Pune,North,HDFC Bank,1537,18-29,1
203280,63.0,Business,Kolhapur,West,HDFC Bank,1212,60-69,5
203281,33.0,Employee,Pune,North,HDFC Bank,1896,30-39,2
203282,71.0,Business,Mumbai,West,HDFC Bank,1512,70-79,6
203283,63.0,Business,Unknown,West,HDFC Bank,1802,60-69,5
203284,78.0,Individual,Kolhapur,West,HDFC Bank,1264,70-79,6
203285,69.0,Employee,Mumbai,East,HDFC Bank,1342,60-69,5
203286,20.0,Individual,Nashik,North,HDFC Bank,1037,18-29,1
203287,52.0,Individual,Solapur,South,HDFC Bank,1232,50-59,4
203288,58.0,Employee,Nagpur,West,HDFC Bank,1259,50-59,4
203289,23.0,Employee,Kolhapur,South,HDFC Bank,1307,18-29,1
203290,42.0,Business,Pune,West,HDFC Bank,1402,40-49,3
203291,30.0,Employee,Pune,North,HDFC Bank,1996,30-39,2
203292,70.0,Individual,Solapur,West,HDFC Bank,1260,70-79,6
203293,51.0,Individual,Mumbai,North,HDFC Bank,1475,50-59,4
203294,25.0,Employee,Mumbai,South,HDFC Bank,1749,18-29,1
203295,38.0,Individual,Pune,North,HDFC Bank,1105,30-39,2
203296,51.0,Business,Solapur,South,HDFC Bank,1246,50-59,4
203297,21.0,Individual,Pune,North,HDFC Bank,1303,18-29,1
203298,42.0,Business,Mumbai,West,HDFC Bank,1342,40-49,3
203299,32.0,Individual,Kolhapur,West,HDFC Bank,1446,30-39,2
203300,21.0,Business,Nagpur,North,HDFC Bank,1037,18-29,1
203301,62.0,Business,Mumbai,South,HDFC Bank,1819,60-69,5
203302,77.0,Employee,Kolhapur,South,HDFC Bank,1854,70-79,6
203303,29.0,Business,Nagpur,South,HDFC Bank,1045,18-29,1
203304,49.0,Employee,Nashik,North,HDFC Bank,1721,40-49,3
203305,49.0,Individual,Solapur,North,HDFC Bank,1604,40-49,3
203306,45.0,Individual,Kolhapur,North,HDFC Bank,1219,40-49,3
203307,30.0,Individual,Nashik,North,HDFC Bank,1255,30-39,2
203308,48.0,Business,Mumbai,South,HDFC Bank,1136,40-49,3
203309,31.0,Individual,Solapur,South,HDFC Bank,1230,30-39,2
203310,37.0,Individual,Kolhapur,East,HDFC Bank,1817,30-39,2
203311,35.0,Employee,Mumbai,North,HDFC Bank,1713,30-39,2
203312,46.0,Employee,Solapur,East,HDFC Bank,1577,40-49,3
203313,77.0,Individual,Solapur,North,HDFC Bank,1972,70-79,6
203314,,Individual,Mumbai,East,HDFC Bank,1037,Unknown,7
203315,49.0,Business,Mumbai,South,HDFC Bank,1154,40-49,3
203316,46.0,Business,Kolhapur,South,HDFC Bank,1502,40-49,3
203317,60.0,Individual,Solapur,East,HDFC Bank,1104,60-69,5
203318,79.0,Employee,Unknown,West,HDFC Bank,1254,70-79,6
203319,19.0,Individual,Solapur,North,HDFC Bank,1403,18-29,1
203320,77.0,Business,Kolhapur,East,HDFC Bank,1487,70-79,6
203321,40.0,Employee,Mumbai,East,HDFC Bank,1957,40-49,3
203322,36.0,Employee,Mumbai,West,HDFC Bank,1457,30-39,2
203323,48.0,Business,Pune,South,HDFC Bank,1527,40-49,3
203324,68.0,Individual,Kolhapur,East,HDFC Bank,1590,60-69,5
203325,22.0,Individual,Pune,South,HDFC Bank,1524,18-29,1
203326,36.0,Individual,Pune,North,HDFC Bank,1369,30-39,2
203327,51.0,Business,Nashik,West,HDFC Bank,1101,50-59,4
203328,27.0,Employee,Unknown,South,HDFC Bank,1915,18-29,1
203329,42.0,Unknown,Nagpur,East,HDFC Bank,1663,40-49,3
203330,19.0,Unknown,Nashik,West,HDFC Bank,1689,18-29,1
203331,79.0,Business,Solapur,West,HDFC Bank,1902,70-79,6
203332,28.0,Employee,Nagpur,West,HDFC Bank,1598,18-29,1
203333,67.0,Business,Pune,West,HDFC Bank,1599,60-69,5
203334,78.0,Individual,Nagpur,West,HDFC Bank,1540,70-79,6
203335,48.0,Employee,Unknown,North,HDFC Bank,1511,40-49,3
203336,73.0,Business,Mumbai,North,HDFC Bank,1388,70-79,6
203337,32.0,Business,Kolhapur,West,HDFC Bank,1362,30-39,2
203338,26.0,Employee,Solapur,East,HDFC Bank,1930,18-29,1
203339,40.0,Employee,Nashik,East,HDFC Bank,1832,40-49,3
203340,36.0,Individual,Pune,North,HDFC Bank,1611,30-39,2
203341,26.0,Employee,Solapur,South,HDFC Bank,1114,18-29,1
203342,52.0,Individual,Pune,West,HDFC Bank,1721,50-59,4
203343,38.0,Business,Mumbai,East,HDFC Bank,1965,30-39,2
203344,26.0,Individual,Nashik,North,HDFC Bank,1342,18-29,1
203345,45.0,Business,Nashik,North,HDFC Bank,1073,40-49,3
203346,79.0,Employee,Mumbai,South,HDFC Bank,1134,70-79,6
203347,63.0,Business,Nagpur,South,HDFC Bank,1939,60-69,5
203348,68.0,Employee,Nashik,East,HDFC Bank,1967,60-69,5
203349,24.0,Business,Nagpur,South,HDFC Bank,1780,18-29,1
203350,33.0,Business,Pune,South,HDFC Bank,1861,30-39,2
203351,33.0,Business,Nashik,West,HDFC Bank,1977,30-39,2
203352,77.0,Business,Kolhapur,North,HDFC Bank,1589,70-79,6
203353,50.0,Individual,Mumbai,North,HDFC Bank,1970,50-59,4
203354,21.0,Business,Unknown,South,HDFC Bank,1379,18-29,1
203355,21.0,Individual,Kolhapur,North,HDFC Bank,1489,18-29,1
203356,56.0,Employee,Pune,North,HDFC Bank,1124,50-59,4
203357,57.0,Employee,Pune,East,HDFC Bank,1037,50-59,4
203358,34.0,Individual,Unknown,North,HDFC Bank,1780,30-39,2
203359,54.0,Employee,Nashik,South,HDFC Bank,1309,50-59,4
203360,56.0,Employee,Kolhapur,East,HDFC Bank,1105,50-59,4
203361,77.0,Business,Solapur,North,HDFC Bank,1555,70-79,6
203362,69.0,Business,Solapur,North,HDFC Bank,1224,60-69,5
203363,46.0,Business,Nashik,East,HDFC Bank,1241,40-49,3
203364,69.0,Individual,Solapur,East,HDFC Bank,1396,60-69,5
203365,53.0,Individual,Mumbai,North,HDFC Bank,1152,50-59,4
203366,77.0,Employee,Kolhapur,West,HDFC Bank,1535,70-79,6
203367,55.0,Business,Mumbai,West,HDFC Bank,1635,50-59,4
203368,56.0,Individual,Solapur,North,HDFC Bank,1796,50-59,4
203369,67.0,Individual,Nashik,North,HDFC Bank,1995,60-69,5
203370,54.0,Business,Mumbai,East,HDFC Bank,1965,50-59,4
203371,69.0,Individual,Pune,East,HDFC Bank,1401,60-69,5
203372,79.0,Business,Nashik,North,HDFC Bank,1859,70-79,6
203373,78.0,Employee,Kolhapur,North,HDFC Bank,1772,70-79,6
203374,,Employee,Nagpur,North,HDFC Bank,1145,Unknown,7
203375,24.0,Employee,Nagpur,North,HDFC Bank,1190,18-29,1
203376,44.0,Business,Nashik,West,HDFC Bank,1892,40-49,3
203377,45.0,Individual,Solapur,East,HDFC Bank,1676,40-49,3
203378,39.0,Employee,Mumbai,South,HDFC Bank,1582,30-39,2
203379,31.0,Employee,Mumbai,North,HDFC Bank,1950,30-39,2
203380,24.0,Employee,Nashik,North,HDFC Bank,1200,18-29,1
203381,54.0,Individual,Pune,North,HDFC Bank,1866,50-59,4
203382,78.0,Individual,Kolhapur,South,HDFC Bank,1011,70-79,6
203383,39.0,Business,Solapur,East,HDFC Bank,1051,30-39,2
203384,22.0,Employee,Pune,East,HDFC Bank,1952,18-29,1
203385,79.0,Unknown,Nashik,North,HDFC Bank,1767,70-79,6
203386,72.0,Business,Nashik,North,HDFC Bank,1301,70-79,6
203387,19.0,Employee,Unknown,East,HDFC Bank,1871,18-29,1
203388,79.0,Individual,Nagpur,South,HDFC Bank,1299,70-79,6
203389,44.0,Individual,Nashik,North,HDFC Bank,1998,40-49,3
203390,38.0,Business,Kolhapur,South,HDFC Bank,1919,30-39,2
203391,71.0,Employee,Solapur,South,HDFC Bank,1520,70-79,6
203392,55.0,Employee,Pune,East,HDFC Bank,1139,50-59,4
203393,32.0,Individual,Nagpur,North,HDFC Bank,1099,30-39,2
203394,38.0,Employee,Pune,West,HDFC Bank,1484,30-39,2
203395,27.0,Business,Nagpur,East,HDFC Bank,1136,18-29,1
203396,,Individual,Nagpur,East,HDFC Bank,1870,Unknown,7
203397,75.0,Individual,Kolhapur,West,HDFC Bank,1365,70-79,6
203398,73.0,Business,Solapur,North,HDFC Bank,1883,70-79,6
203399,56.0,Individual,Nashik,South,HDFC Bank,1533,50-59,4
203400,22.0,Employee,Nagpur,South,HDFC Bank,1506,18-29,1
203401,18.0,Employee,Nashik,South,HDFC Bank,1656,18-29,1
203402,30.0,Individual,Solapur,North,HDFC Bank,1160,30-39,2
203403,38.0,Business,Nashik,East,HDFC Bank,1760,30-39,2
203404,43.0,Business,Kolhapur,East,HDFC Bank,1174,40-49,3
203405,67.0,Employee,Kolhapur,East,HDFC Bank,1087,60-69,5
203406,62.0,Business,Mumbai,East,HDFC Bank,1398,60-69,5
203407,38.0,Unknown,Kolhapur,East,HDFC Bank,1988,30-39,2
203408,70.0,Individual,Nagpur,West,HDFC Bank,1479,70-79,6
203409,35.0,Employee,Solapur,South,HDFC Bank,1544,30-39,2
203410,54.0,Employee,Kolhapur,South,HDFC Bank,1476,50-59,4
203411,62.0,Employee,Pune,North,HDFC Bank,1782,60-69,5
203412,49.0,Business,Solapur,West,HDFC Bank,1282,40-49,3
203413,53.0,Individual,Nagpur,East,HDFC Bank,1737,50-59,4
203414,34.0,Individual,Solapur,East,HDFC Bank,1956,30-39,2
203415,52.0,Individual,Kolhapur,East,HDFC Bank,1451,50-59,4
203416,66.0,Unknown,Pune,West,HDFC Bank,1623,60-69,5
203417,77.0,Individual,Mumbai,North,HDFC Bank,1081,70-79,6
203418,28.0,Business,Nagpur,West,HDFC Bank,1212,18-29,1
203419,38.0,Business,Nagpur,North,HDFC Bank,1815,30-39,2
203420,69.0,Individual,Unknown,South,HDFC Bank,1519,60-69,5
203421,72.0,Employee,Nashik,North,HDFC Bank,1133,70-79,6
203422,70.0,Individual,Nashik,South,HDFC Bank,1446,70-79,6
203423,43.0,Business,Pune,North,HDFC Bank,1117,40-49,3
203424,79.0,Business,Mumbai,South,HDFC Bank,1595,70-79,6
203425,21.0,Unknown,Mumbai,South,HDFC Bank,1769,18-29,1
203426,51.0,Individual,Solapur,East,HDFC Bank,1242,50-59,4
203427,69.0,Business,Solapur,North,HDFC Bank,1748,60-69,5
203428,65.0,Employee,Nashik,East,HDFC Bank,1149,60-69,5
203429,77.0,Individual,Kolhapur,South,HDFC Bank,1885,70-79,6
203430,35.0,Individual,Mumbai,East,HDFC Bank,1532,30-39,2
203431,57.0,Business,Kolhapur,West,HDFC Bank,1645,50-59,4
203432,52.0,Business,Mumbai,East,HDFC Bank,1378,50-59,4
203433,58.0,Employee,Kolhapur,North,HDFC Bank,1607,50-59,4
203434,46.0,Individual,Unknown,East,HDFC Bank,1965,40-49,3
203435,69.0,Business,Mumbai,West,HDFC Bank,1524,60-69,5
203436,46.0,Employee,Pune,East,HDFC Bank,1512,40-49,3
203437,55.0,Business,Pune,South,HDFC Bank,1661,50-59,4
203438,59.0,Individual,Solapur,South,HDFC Bank,1116,50-59,4
203439,38.0,Business,Kolhapur,South,HDFC Bank,1663,30-39,2
203440,59.0,Individual,Kolhapur,North,HDFC Bank,1575,50-59,4
203441,30.0,Business,Kolhapur,East,HDFC Bank,1936,30-39,2
203442,66.0,Individual,Kolhapur,South,HDFC Bank,1989,60-69,5
203443,58.0,Employee,Kolhapur,East,HDFC Bank,1661,50-59,4
203444,,Individual,Nashik,West,HDFC Bank,1316,Unknown,7
203445,73.0,Employee,Nagpur,West,HDFC Bank,1875,70-79,6
203446,26.0,Individual,Kolhapur,North,HDFC Bank,1011,18-29,1
203447,58.0,Employee,Nashik,East,HDFC Bank,1089,50-59,4
203448,18.0,Business,Pune,West,HDFC Bank,1387,18-29,1
203449,19.0,Individual,Kolhapur,North,HDFC Bank,1082,18-29,1
203450,77.0,Business,Pune,North,HDFC Bank,1975,70-79,6
203451,65.0,Employee,Solapur,South,HDFC Bank,1761,60-69,5
203452,46.0,Individual,Nagpur,West,HDFC Bank,1895,40-49,3
203453,50.0,Individual,Mumbai,East,HDFC Bank,1395,50-59,4
203454,27.0,Business,Nagpur,West,HDFC Bank,1544,18-29,1
203455,67.0,Individual,Kolhapur,West,HDFC Bank,1660,60-69,5
203456,75.0,Individual,Kolhapur,East,HDFC Bank,1639,70-79,6
203457,77.0,Business,Nagpur,East,HDFC Bank,1099,70-79,6
203458,57.0,Individual,Nagpur,South,HDFC Bank,1456,50-59,4
203459,38.0,Business,Solapur,North,HDFC Bank,1998,30-39,2
203460,45.0,Business,Pune,East,HDFC Bank,1873,40-49,3
203461,28.0,Business,Mumbai,East,HDFC Bank,1327,18-29,1
203462,72.0,Business,Unknown,West,HDFC Bank,1723,70-79,6
203463,51.0,Business,Mumbai,East,HDFC Bank,1073,50-59,4
203464,25.0,Employee,Nagpur,East,HDFC Bank,1095,18-29,1
203465,76.0,Employee,Pune,West,HDFC Bank,1091,70-79,6
203466,39.0,Business,Mumbai,West,HDFC Bank,1329,30-39,2
203467,25.0,Employee,Nashik,West,HDFC Bank,1839,18-29,1
203468,66.0,Employee,Pune,South,HDFC Bank,1947,60-69,5
203469,32.0,Individual,Mumbai,North,HDFC Bank,1174,30-39,2
203470,34.0,Unknown,Nagpur,East,HDFC Bank,1736,30-39,2
203471,77.0,Employee,Nagpur,West,HDFC Bank,1314,70-79,6
203472,40.0,Individual,Pune,West,HDFC Bank,1686,40-49,3
203473,41.0,Individual,Pune,North,HDFC Bank,1567,40-49,3
203474,62.0,Business,Nagpur,South,HDFC Bank,1496,60-69,5
203475,36.0,Unknown,Unknown,East,HDFC Bank,1268,30-39,2
203476,22.0,Unknown,Nashik,South,HDFC Bank,1427,18-29,1
203477,49.0,Business,Solapur,South,HDFC Bank,1034,40-49,3
203478,61.0,Business,Pune,South,HDFC Bank,1118,60-69,5
203479,18.0,Individual,Unknown,West,HDFC Bank,1370,18-29,1
203480,40.0,Individual,Mumbai,North,HDFC Bank,1924,40-49,3
203481,54.0,Business,Pune,North,HDFC Bank,1567,50-59,4
203482,25.0,Employee,Mumbai,North,HDFC Bank,1900,18-29,1
203483,30.0,Business,Pune,South,HDFC Bank,1450,30-39,2
203484,25.0,Employee,Nagpur,East,HDFC Bank,1308,18-29,1
203485,74.0,Individual,Mumbai,South,HDFC Bank,1356,70-79,6
203486,40.0,Employee,Nagpur,North,HDFC Bank,1375,40-49,3
203487,60.0,Individual,Mumbai,West,HDFC Bank,1827,60-69,5
203488,18.0,Business,Pune,South,HDFC Bank,1104,18-29,1
203489,62.0,Business,Solapur,West,HDFC Bank,1389,60-69,5
203490,68.0,Individual,Solapur,North,HDFC Bank,1175,60-69,5
203491,41.0,Individual,Nashik,South,HDFC Bank,1105,40-49,3
203492,52.0,Individual,Nashik,West,HDFC Bank,1591,50-59,4
203493,41.0,Business,Kolhapur,South,HDFC Bank,1162,40-49,3
203494,34.0,Business,Nagpur,North,HDFC Bank,1913,30-39,2
203495,22.0,Employee,Mumbai,East,HDFC Bank,1266,18-29,1
203496,37.0,Individual,Nashik,North,HDFC Bank,1562,30-39,2
203497,38.0,Unknown,Pune,East,HDFC Bank,1888,30-39,2
203498,57.0,Business,Solapur,East,HDFC Bank,1278,50-59,4
203499,75.0,Employee,Mumbai,North,HDFC Bank,1302,70-79,6
203500,48.0,Employee,Kolhapur,West,HDFC Bank,1586,40-49,3
203501,63.0,Business,Unknown,South,HDFC Bank,1954,60-69,5
203502,53.0,Business,Mumbai,South,HDFC Bank,1952,50-59,4
203503,28.0,Individual,Nashik,South,HDFC Bank,1860,18-29,1
203504,69.0,Employee,Nashik,East,HDFC Bank,1126,60-69,5
203505,32.0,Business,Unknown,East,HDFC Bank,1245,30-39,2
203506,36.0,Business,Kolhapur,North,HDFC Bank,1823,30-39,2
203507,24.0,Employee,Mumbai,West,HDFC Bank,1233,18-29,1
203508,,Business,Kolhapur,North,HDFC Bank,1666,Unknown,7
203509,45.0,Individual,Pune,North,HDFC Bank,1584,40-49,3
203510,68.0,Individual,Kolhapur,West,HDFC Bank,1930,60-69,5
203511,60.0,Employee,Nashik,East,HDFC Bank,1438,60-69,5
203512,75.0,Individual,Nagpur,North,HDFC Bank,1136,70-79,6
203513,22.0,Business,Nashik,North,HDFC Bank,1785,18-29,1
203514,22.0,Business,Solapur,East,HDFC Bank,1555,18-29,1
203515,47.0,Business,Nashik,South,HDFC Bank,1758,40-49,3
203516,71.0,Business,Mumbai,West,HDFC Bank,1148,70-79,6
203517,49.0,Employee,Nagpur,West,HDFC Bank,1055,40-49,3
203518,25.0,Individual,Mumbai,South,HDFC Bank,1687,18-29,1
203519,27.0,Individual,Pune,West,HDFC Bank,1355,18-29,1
203520,55.0,Business,Pune,South,HDFC Bank,1256,50-59,4
203521,,Employee,Nashik,North,HDFC Bank,1922,Unknown,7
203522,49.0,Unknown,Nagpur,West,HDFC Bank,1812,40-49,3
203523,,Business,Kolhapur,West,HDFC Bank,1062,Unknown,7
203524,45.0,Employee,Nagpur,North,HDFC Bank,1825,40-49,3
203525,34.0,Employee,Nagpur,East,HDFC Bank,1935,30-39,2
203526,48.0,Business,Nagpur,East,HDFC Bank,1062,40-49,3
203527,25.0,Individual,Nashik,North,HDFC Bank,1805,18-29,1
203528,57.0,Unknown,Mumbai,West,HDFC Bank,1028,50-59,4
203529,42.0,Individual,Nashik,West,HDFC Bank,1551,40-49,3
203530,26.0,Individual,Kolhapur,West,HDFC Bank,1658,18-29,1
203531,19.0,Employee,Unknown,South,HDFC Bank,1599,18-29,1
203532,32.0,Employee,Kolhapur,East,HDFC Bank,1567,30-39,2
203533,67.0,Business,Solapur,West,HDFC Bank,1299,60-69,5
203534,20.0,Individual,Solapur,East,HDFC Bank,1704,18-29,1
203535,66.0,Individual,Mumbai,East,HDFC Bank,1611,60-69,5
203536,53.0,Business,Nashik,West,HDFC Bank,1214,50-59,4
203537,79.0,Business,Kolhapur,North,HDFC Bank,1140,70-79,6
203538,21.0,Business,Kolhapur,North,HDFC Bank,1925,18-29,1
203539,31.0,Employee,Pune,East,HDFC Bank,1506,30-39,2
203540,58.0,Business,Kolhapur,South,HDFC Bank,1560,50-59,4
203541,58.0,Business,Nashik,East,HDFC Bank,1498,50-59,4
203542,42.0,Individual,Pune,East,HDFC Bank,1626,40-49,3
203543,75.0,Business,Nashik,North,HDFC Bank,1501,70-79,6
203544,72.0,Unknown,Nagpur,West,HDFC Bank,1740,70-79,6
203545,79.0,Individual,Kolhapur,West,HDFC Bank,1763,70-79,6
203546,67.0,Employee,Nagpur,South,HDFC Bank,1586,60-69,5
203547,27.0,Unknown,Solapur,North,HDFC Bank,1190,18-29,1
203548,38.0,Business,Solapur,North,HDFC Bank,1710,30-39,2
203549,53.0,Individual,Mumbai,East,HDFC Bank,1674,50-59,4
203550,29.0,Employee,Kolhapur,North,HDFC Bank,1650,18-29,1
203551,44.0,Employee,Pune,East,HDFC Bank,1048,40-49,3
203552,57.0,Business,Nagpur,South,HDFC Bank,1362,50-59,4
203553,19.0,Individual,Nashik,North,HDFC Bank,1878,18-29,1
203554,71.0,Business,Kolhapur,North,HDFC Bank,1626,70-79,6
203555,30.0,Business,Mumbai,East,HDFC Bank,1679,30-39,2
203556,70.0,Business,Nashik,North,HDFC Bank,1495,70-79,6
203557,49.0,Business,Nagpur,West,HDFC Bank,1276,40-49,3
203558,48.0,Individual,Kolhapur,South,HDFC Bank,1046,40-49,3
203559,33.0,Employee,Nagpur,West,HDFC Bank,1770,30-39,2
203560,49.0,Business,Kolhapur,East,HDFC Bank,1925,40-49,3
203561,49.0,Business,Kolhapur,East,HDFC Bank,1215,40-49,3
203562,77.0,Business,Nagpur,East,HDFC Bank,1229,70-79,6
203563,51.0,Unknown,Nagpur,South,HDFC Bank,1638,50-59,4
203564,28.0,Employee,Unknown,North,HDFC Bank,1322,18-29,1
203565,,Employee,Mumbai,West,HDFC Bank,1829,Unknown,7
203566,32.0,Employee,Nagpur,North,HDFC Bank,1420,30-39,2
203567,34.0,Employee,Solapur,East,HDFC Bank,1224,30-39,2
203568,57.0,Business,Mumbai,North,HDFC Bank,1661,50-59,4
203569,35.0,Individual,Solapur,South,HDFC Bank,1286,30-39,2
203570,72.0,Employee,Nashik,East,HDFC Bank,1045,70-79,6
203571,26.0,Employee,Nagpur,North,HDFC Bank,1971,18-29,1
203572,42.0,Business,Mumbai,West,HDFC Bank,1812,40-49,3
203573,57.0,Business,Nagpur,East,HDFC Bank,1013,50-59,4
203574,76.0,Business,Kolhapur,East,HDFC Bank,1632,70-79,6
203575,31.0,Business,Nagpur,South,HDFC Bank,1907,30-39,2
203576,77.0,Individual,Mumbai,South,HDFC Bank,1374,70-79,6
203577,75.0,Individual,Nagpur,West,HDFC Bank,1702,70-79,6
203578,42.0,Employee,Nagpur,North,HDFC Bank,1986,40-49,3
203579,67.0,Individual,Pune,North,HDFC Bank,1332,60-69,5
203580,39.0,Employee,Pune,East,HDFC Bank,1855,30-39,2
203581,69.0,Employee,Mumbai,East,HDFC Bank,1165,60-69,5
203582,47.0,Individual,Mumbai,North,HDFC Bank,1506,40-49,3
203583,37.0,Employee,Kolhapur,North,HDFC Bank,1116,30-39,2
203584,38.0,Business,Kolhapur,North,HDFC Bank,1942,30-39,2
203585,61.0,Employee,Nagpur,East,HDFC Bank,1635,60-69,5
203586,49.0,Business,Solapur,South,HDFC Bank,1565,40-49,3
203587,68.0,Individual,Mumbai,South,HDFC Bank,1438,60-69,5
203588,63.0,Individual,Nagpur,West,HDFC Bank,1303,60-69,5
203589,66.0,Employee,Solapur,North,HDFC Bank,1456,60-69,5
203590,73.0,Business,Pune,North,HDFC Bank,1967,70-79,6
203591,38.0,Employee,Kolhapur,North,HDFC Bank,1868,30-39,2
203592,52.0,Individual,Mumbai,West,HDFC Bank,1270,50-59,4
203593,75.0,Employee,Nagpur,North,HDFC Bank,1710,70-79,6
203594,49.0,Employee,Pune,South,HDFC Bank,1215,40-49,3
203595,47.0,Business,Nashik,North,HDFC Bank,1112,40-49,3
203596,72.0,Individual,Pune,West,HDFC Bank,1015,70-79,6
203597,56.0,Employee,Nagpur,East,HDFC Bank,1215,50-59,4
203598,66.0,Business,Kolhapur,East,HDFC Bank,1426,60-69,5
203599,29.0,Employee,Solapur,South,HDFC Bank,1134,18-29,1
203600,58.0,Business,Nashik,South,HDFC Bank,1042,50-59,4
203601,64.0,Business,Nashik,South,HDFC Bank,1763,60-69,5
203602,35.0,Employee,Kolhapur,East,HDFC Bank,1283,30-39,2
203603,38.0,Individual,Nashik,North,HDFC Bank,1833,30-39,2
203604,30.0,Individual,Mumbai,West,HDFC Bank,1097,30-39,2
203605,79.0,Business,Nagpur,West,HDFC Bank,1059,70-79,6
203606,38.0,Individual,Nashik,North,HDFC Bank,1229,30-39,2
203607,79.0,Business,Pune,East,HDFC Bank,1895,70-79,6
203608,25.0,Individual,Solapur,East,HDFC Bank,1642,18-29,1
203609,63.0,Employee,Nagpur,West,HDFC Bank,1384,60-69,5
203610,57.0,Individual,Kolhapur,South,HDFC Bank,1158,50-59,4
203611,63.0,Business,Pune,South,HDFC Bank,1823,60-69,5
203612,24.0,Business,Mumbai,West,HDFC Bank,1470,18-29,1
203613,40.0,Individual,Nashik,West,HDFC Bank,1595,40-49,3
203614,61.0,Employee,Pune,North,HDFC Bank,1207,60-69,5
203615,49.0,Business,Nagpur,North,HDFC Bank,1173,40-49,3
203616,28.0,Business,Pune,North,HDFC Bank,1799,18-29,1
203617,39.0,Business,Mumbai,North,HDFC Bank,1080,30-39,2
203618,39.0,Business,Solapur,North,HDFC Bank,1017,30-39,2
203619,60.0,Business,Nashik,North,HDFC Bank,1707,60-69,5
203620,42.0,Employee,Nagpur,South,HDFC Bank,1290,40-49,3
203621,39.0,Individual,Nashik,West,HDFC Bank,1359,30-39,2
203622,45.0,Employee,Nashik,East,HDFC Bank,1867,40-49,3
203623,46.0,Employee,Kolhapur,North,HDFC Bank,1278,40-49,3
203624,30.0,Business,Nashik,South,HDFC Bank,1974,30-39,2
203625,35.0,Employee,Pune,West,HDFC Bank,1396,30-39,2
203626,19.0,Unknown,Pune,West,HDFC Bank,1973,18-29,1
203627,46.0,Employee,Solapur,West,HDFC Bank,1765,40-49,3
203628,38.0,Business,Mumbai,North,HDFC Bank,1141,30-39,2
203629,32.0,Business,Nagpur,North,HDFC Bank,1676,30-39,2
203630,69.0,Employee,Pune,East,HDFC Bank,1516,60-69,5
203631,44.0,Employee,Nashik,North,HDFC Bank,1250,40-49,3
203632,67.0,Individual,Unknown,West,HDFC Bank,1661,60-69,5
203633,48.0,Individual,Nagpur,West,HDFC Bank,1539,40-49,3
203634,32.0,Individual,Nagpur,South,HDFC Bank,1236,30-39,2
203635,68.0,Employee,Nagpur,South,HDFC Bank,1131,60-69,5
203636,40.0,Employee,Nagpur,East,HDFC Bank,1305,40-49,3
203637,41.0,Business,Unknown,South,HDFC Bank,1357,40-49,3
203638,61.0,Individual,Nagpur,East,HDFC Bank,1284,60-69,5
203639,30.0,Business,Mumbai,South,HDFC Bank,1292,30-39,2
203640,39.0,Business,Pune,West,HDFC Bank,1162,30-39,2
203641,60.0,Business,Mumbai,North,HDFC Bank,1915,60-69,5
203642,54.0,Business,Nashik,North,HDFC Bank,1418,50-59,4
203643,78.0,Individual,Kolhapur,East,HDFC Bank,1738,70-79,6
203644,50.0,Business,Solapur,North,HDFC Bank,1467,50-59,4
203645,73.0,Employee,Solapur,North,HDFC Bank,1641,70-79,6
203646,20.0,Employee,Nashik,South,HDFC Bank,1883,18-29,1
203647,71.0,Employee,Mumbai,West,HDFC Bank,1569,70-79,6
203648,36.0,Individual,Mumbai,North,HDFC Bank,1506,30-39,2
203649,40.0,Business,Nashik,West,HDFC Bank,1657,40-49,3
203650,46.0,Individual,Kolhapur,South,HDFC Bank,1477,40-49,3
203651,47.0,Business,Nagpur,South,HDFC Bank,1361,40-49,3
203652,56.0,Individual,Nagpur,North,HDFC Bank,1311,50-59,4
203653,61.0,Individual,Pune,North,HDFC Bank,1633,60-69,5
203654,64.0,Business,Mumbai,South,HDFC Bank,1703,60-69,5
203655,42.0,Individual,Mumbai,South,HDFC Bank,1244,40-49,3
203656,54.0,Business,Nashik,East,HDFC Bank,1476,50-59,4
203657,64.0,Employee,Nashik,East,HDFC Bank,1614,60-69,5
203658,25.0,Employee,Unknown,West,HDFC Bank,1890,18-29,1
203659,59.0,Employee,Mumbai,South,HDFC Bank,1435,50-59,4
203660,75.0,Individual,Mumbai,West,HDFC Bank,1249,70-79,6
203661,33.0,Employee,Solapur,South,HDFC Bank,1021,30-39,2
203662,25.0,Business,Pune,West,HDFC Bank,1476,18-29,1
203663,18.0,Employee,Pune,East,HDFC Bank,1571,18-29,1
203664,61.0,Employee,Nagpur,South,HDFC Bank,1749,60-69,5
203665,22.0,Unknown,Kolhapur,South,HDFC Bank,1905,18-29,1
203666,20.0,Business,Mumbai,West,HDFC Bank,1851,18-29,1
203667,18.0,Individual,Solapur,West,HDFC Bank,1510,18-29,1
203668,21.0,Individual,Mumbai,North,HDFC Bank,1895,18-29,1
203669,57.0,Business,Nashik,North,HDFC Bank,1335,50-59,4
203670,52.0,Individual,Nagpur,East,HDFC Bank,1645,50-59,4
203671,,Business,Unknown,South,HDFC Bank,1848,Unknown,7
203672,59.0,Employee,Pune,South,HDFC Bank,1773,50-59,4
203673,51.0,Business,Mumbai,West,HDFC Bank,1341,50-59,4
203674,60.0,Business,Kolhapur,East,HDFC Bank,1337,60-69,5
203675,42.0,Business,Nagpur,South,HDFC Bank,1479,40-49,3
203676,27.0,Individual,Pune,East,HDFC Bank,1923,18-29,1
203677,38.0,Business,Unknown,North,HDFC Bank,1041,30-39,2
203678,63.0,Business,Solapur,West,HDFC Bank,1073,60-69,5
203679,56.0,Business,Nagpur,South,HDFC Bank,1808,50-59,4
203680,44.0,Employee,Mumbai,West,HDFC Bank,1830,40-49,3
203681,44.0,Business,Pune,North,HDFC Bank,1021,40-49,3
203682,19.0,Individual,Pune,East,HDFC Bank,1219,18-29,1
203683,58.0,Business,Solapur,East,HDFC Bank,1078,50-59,4
203684,65.0,Business,Nagpur,North,HDFC Bank,1234,60-69,5
203685,30.0,Employee,Unknown,North,HDFC Bank,1156,30-39,2
203686,26.0,Business,Kolhapur,South,HDFC Bank,1326,18-29,1
203687,69.0,Individual,Mumbai,South,HDFC Bank,1113,60-69,5
203688,53.0,Business,Kolhapur,South,HDFC Bank,1801,50-59,4
203689,39.0,Individual,Pune,South,HDFC Bank,1607,30-39,2
203690,59.0,Unknown,Pune,South,HDFC Bank,1641,50-59,4
203691,43.0,Business,Solapur,East,HDFC Bank,1921,40-49,3
203692,75.0,Employee,Solapur,South,HDFC Bank,1620,70-79,6
203693,71.0,Business,Nagpur,North,HDFC Bank,1586,70-79,6
203694,29.0,Individual,Kolhapur,North,HDFC Bank,1984,18-29,1
203695,34.0,Employee,Pune,South,HDFC Bank,1274,30-39,2
203696,31.0,Business,Mumbai,North,HDFC Bank,1380,30-39,2
203697,31.0,Individual,Nashik,West,HDFC Bank,1019,30-39,2
203698,74.0,Employee,Mumbai,East,HDFC Bank,1672,70-79,6
203699,51.0,Business,Solapur,East,HDFC Bank,1208,50-59,4
203700,70.0,Employee,Mumbai,South,HDFC Bank,1883,70-79,6
203701,74.0,Business,Unknown,West,HDFC Bank,1605,70-79,6
203702,37.0,Individual,Kolhapur,South,HDFC Bank,1593,30-39,2
203703,28.0,Individual,Nagpur,South,HDFC Bank,1863,18-29,1
203704,33.0,Employee,Kolhapur,North,HDFC Bank,1615,30-39,2
203705,68.0,Employee,Nashik,East,HDFC Bank,1748,60-69,5
203706,48.0,Unknown,Nagpur,West,HDFC Bank,1771,40-49,3
203707,72.0,Individual,Nashik,North,HDFC Bank,1159,70-79,6
203708,23.0,Business,Nashik,East,HDFC Bank,1914,18-29,1
203709,73.0,Individual,Unknown,East,HDFC Bank,1898,70-79,6
203710,36.0,Employee,Pune,South,HDFC Bank,1997,30-39,2
203711,54.0,Business,Solapur,West,HDFC Bank,1859,50-59,4
203712,75.0,Business,Solapur,South,HDFC Bank,1572,70-79,6
203713,21.0,Individual,Nashik,North,HDFC Bank,1037,18-29,1
203714,64.0,Unknown,Kolhapur,South,HDFC Bank,1117,60-69,5
203715,78.0,Individual,Solapur,South,HDFC Bank,1389,70-79,6
203716,21.0,Employee,Pune,East,HDFC Bank,1823,18-29,1
203717,,Business,Solapur,East,HDFC Bank,1679,Unknown,7
203718,27.0,Individual,Nashik,North,HDFC Bank,1376,18-29,1
203719,41.0,Employee,Nagpur,East,HDFC Bank,1848,40-49,3
203720,71.0,Individual,Kolhapur,East,HDFC Bank,1873,70-79,6
203721,52.0,Business,Kolhapur,East,HDFC Bank,1375,50-59,4
203722,43.0,Individual,Mumbai,South,HDFC Bank,1580,40-49,3
203723,54.0,Business,Solapur,West,HDFC Bank,1594,50-59,4
203724,55.0,Employee,Kolhapur,North,HDFC Bank,1746,50-59,4
203725,38.0,Employee,Pune,South,HDFC Bank,1041,30-39,2
203726,71.0,Individual,Nagpur,North,HDFC Bank,1610,70-79,6
203727,57.0,Business,Pune,South,HDFC Bank,1469,50-59,4
203728,56.0,Business,Solapur,North,HDFC Bank,1983,50-59,4
203729,38.0,Business,Nashik,East,HDFC Bank,1457,30-39,2
203730,27.0,Individual,Mumbai,North,HDFC Bank,1129,18-29,1
203731,55.0,Business,Mumbai,West,HDFC Bank,1027,50-59,4
203732,63.0,Business,Nagpur,North,HDFC Bank,1744,60-69,5
203733,21.0,Unknown,Kolhapur,West,HDFC Bank,1740,18-29,1
203734,77.0,Business,Kolhapur,North,HDFC Bank,1628,70-79,6
203735,74.0,Individual,Kolhapur,East,HDFC Bank,1912,70-79,6
203736,62.0,Individual,Mumbai,North,HDFC Bank,1325,60-69,5
203737,37.0,Business,Nashik,South,HDFC Bank,1508,30-39,2
203738,34.0,Business,Kolhapur,East,HDFC Bank,1618,30-39,2
203739,72.0,Employee,Pune,East,HDFC Bank,1890,70-79,6
203740,24.0,Employee,Kolhapur,South,HDFC Bank,1324,18-29,1
203741,21.0,Business,Nashik,East,HDFC Bank,1806,18-29,1
203742,46.0,Business,Nagpur,East,HDFC Bank,1902,40-49,3
203743,31.0,Employee,Nagpur,South,HDFC Bank,1159,30-39,2
203744,20.0,Employee,Mumbai,East,HDFC Bank,1515,18-29,1
203745,41.0,Business,Nashik,East,HDFC Bank,1660,40-49,3
203746,54.0,Individual,Pune,East,HDFC Bank,1745,50-59,4
203747,33.0,Individual,Nashik,East,HDFC Bank,1253,30-39,2
203748,75.0,Business,Pune,North,HDFC Bank,1927,70-79,6
203749,72.0,Business,Pune,East,HDFC Bank,1247,70-79,6
203750,69.0,Employee,Nashik,East,HDFC Bank,1849,60-69,5
203751,21.0,Employee,Solapur,East,HDFC Bank,1352,18-29,1
203752,73.0,Individual,Nashik,North,HDFC Bank,1397,70-79,6
203753,79.0,Business,Pune,West,HDFC Bank,1581,70-79,6
203754,41.0,Employee,Kolhapur,East,HDFC Bank,1202,40-49,3
203755,51.0,Unknown,Nagpur,West,HDFC Bank,1301,50-59,4
203756,47.0,Individual,Nagpur,West,HDFC Bank,1147,40-49,3
203757,35.0,Individual,Mumbai,South,HDFC Bank,1220,30-39,2
203758,36.0,Employee,Nagpur,South,HDFC Bank,1697,30-39,2
203759,48.0,Employee,Solapur,West,HDFC Bank,1866,40-49,3
203760,77.0,Business,Pune,North,HDFC Bank,1847,70-79,6
203761,77.0,Business,Nashik,East,HDFC Bank,1559,70-79,6
203762,36.0,Individual,Nashik,East,HDFC Bank,1262,30-39,2
203763,66.0,Individual,Solapur,East,HDFC Bank,1295,60-69,5
203764,63.0,Employee,Nagpur,South,HDFC Bank,1314,60-69,5
203765,36.0,Employee,Pune,South,HDFC Bank,1291,30-39,2
203766,39.0,Business,Nagpur,East,HDFC Bank,1683,30-39,2
203767,41.0,Business,Mumbai,West,HDFC Bank,1875,40-49,3
203768,62.0,Business,Nagpur,South,HDFC Bank,1030,60-69,5
203769,29.0,Employee,Mumbai,East,HDFC Bank,1681,18-29,1
203770,47.0,Unknown,Nashik,West,HDFC Bank,1043,40-49,3
203771,75.0,Business,Pune,East,HDFC Bank,1938,70-79,6
203772,55.0,Business,Kolhapur,South,HDFC Bank,1554,50-59,4
203773,70.0,Employee,Mumbai,North,HDFC Bank,1942,70-79,6
203774,48.0,Business,Nagpur,North,HDFC Bank,1133,40-49,3
203775,53.0,Individual,Nagpur,South,HDFC Bank,1348,50-59,4
203776,36.0,Employee,Nashik,West,HDFC Bank,1218,30-39,2
203777,65.0,Business,Solapur,East,HDFC Bank,1449,60-69,5
203778,62.0,Business,Kolhapur,South,HDFC Bank,1503,60-69,5
203779,,Employee,Unknown,West,HDFC Bank,1085,Unknown,7
203780,,Employee,Nagpur,East,HDFC Bank,1250,Unknown,7
203781,72.0,Business,Solapur,East,HDFC Bank,1264,70-79,6
203782,66.0,Individual,Kolhapur,South,HDFC Bank,1522,60-69,5
203783,72.0,Employee,Kolhapur,East,HDFC Bank,1079,70-79,6
203784,50.0,Individual,Pune,North,HDFC Bank,1620,50-59,4
203785,35.0,Business,Solapur,North,HDFC Bank,1460,30-39,2
203786,69.0,Individual,Pune,East,HDFC Bank,1629,60-69,5
203787,66.0,Business,Nagpur,South,HDFC Bank,1251,60-69,5
203788,76.0,Business,Nagpur,East,HDFC Bank,1017,70-79,6
203789,45.0,Business,Nagpur,South,HDFC Bank,1255,40-49,3
203790,76.0,Business,Nashik,South,HDFC Bank,1244,70-79,6
203791,64.0,Individual,Solapur,North,HDFC Bank,1152,60-69,5
203792,28.0,Business,Mumbai,North,HDFC Bank,1608,18-29,1
203793,74.0,Business,Kolhapur,West,HDFC Bank,1499,70-79,6
203794,77.0,Individual,Mumbai,South,HDFC Bank,1457,70-79,6
203795,71.0,Employee,Nagpur,East,HDFC Bank,1697,70-79,6
203796,62.0,Individual,Solapur,South,HDFC Bank,1541,60-69,5
203797,50.0,Individual,Pune,North,HDFC Bank,1114,50-59,4
203798,34.0,Individual,Mumbai,South,HDFC Bank,1752,30-39,2
203799,23.0,Unknown,Nagpur,West,HDFC Bank,1768,18-29,1
203800,21.0,Business,Mumbai,East,HDFC Bank,1446,18-29,1
203801,37.0,Business,Mumbai,South,HDFC Bank,1352,30-39,2
203802,65.0,Employee,Kolhapur,East,HDFC Bank,1624,60-69,5
203803,64.0,Business,Mumbai,East,HDFC Bank,1846,60-69,5
203804,44.0,Employee,Nagpur,North,HDFC Bank,1540,40-49,3
203805,32.0,Business,Kolhapur,South,HDFC Bank,1321,30-39,2
203806,23.0,Unknown,Nagpur,East,HDFC Bank,1458,18-29,1
203807,64.0,Business,Nashik,North,HDFC Bank,1948,60-69,5
203808,31.0,Employee,Nashik,West,HDFC Bank,1225,30-39,2
203809,77.0,Employee,Nashik,West,HDFC Bank,1755,70-79,6
203810,28.0,Business,Mumbai,South,HDFC Bank,1360,18-29,1
203811,56.0,Individual,Solapur,East,HDFC Bank,1530,50-59,4
203812,26.0,Business,Nagpur,South,HDFC Bank,1833,18-29,1
203813,43.0,Business,Nashik,East,HDFC Bank,1111,40-49,3
203814,33.0,Business,Solapur,North,HDFC Bank,1211,30-39,2
203815,22.0,Individual,Nashik,West,HDFC Bank,1232,18-29,1
203816,74.0,Employee,Nashik,West,HDFC Bank,1947,70-79,6
203817,69.0,Individual,Solapur,West,HDFC Bank,1158,60-69,5
203818,78.0,Employee,Nashik,West,HDFC Bank,1571,70-79,6
203819,27.0,Employee,Unknown,South,HDFC Bank,1884,18-29,1
203820,67.0,Employee,Mumbai,East,HDFC Bank,1323,60-69,5
203821,20.0,Individual,Kolhapur,South,HDFC Bank,1092,18-29,1
203822,30.0,Business,Mumbai,North,HDFC Bank,1247,30-39,2
203823,60.0,Business,Pune,West,HDFC Bank,1669,60-69,5
203824,66.0,Business,Kolhapur,East,HDFC Bank,1140,60-69,5
203825,47.0,Business,Nashik,South,HDFC Bank,1910,40-49,3
203826,79.0,Business,Pune,East,HDFC Bank,1403,70-79,6
203827,71.0,Individual,Nagpur,South,HDFC Bank,1929,70-79,6
203828,62.0,Individual,Solapur,East,HDFC Bank,1731,60-69,5
203829,23.0,Individual,Nagpur,East,HDFC Bank,1403,18-29,1
203830,34.0,Individual,Pune,West,HDFC Bank,1817,30-39,2
203831,76.0,Individual,Mumbai,South,HDFC Bank,1600,70-79,6
203832,62.0,Individual,Nashik,North,HDFC Bank,1666,60-69,5
203833,68.0,Individual,Unknown,East,HDFC Bank,1413,60-69,5
203834,70.0,Business,Nashik,North,HDFC Bank,1439,70-79,6
203835,36.0,Employee,Mumbai,West,HDFC Bank,1232,30-39,2
203836,59.0,Individual,Nashik,North,HDFC Bank,1979,50-59,4
203837,52.0,Unknown,Solapur,East,HDFC Bank,1192,50-59,4
203838,63.0,Individual,Solapur,East,HDFC Bank,1098,60-69,5
203839,43.0,Individual,Solapur,East,HDFC Bank,1950,40-49,3
203840,68.0,Business,Nagpur,South,HDFC Bank,1112,60-69,5
203841,22.0,Employee,Mumbai,North,HDFC Bank,1618,18-29,1
203842,46.0,Business,Solapur,South,HDFC Bank,1535,40-49,3
203843,54.0,Business,Pune,East,HDFC Bank,1280,50-59,4
203844,37.0,Unknown,Solapur,East,HDFC Bank,1999,30-39,2
203845,66.0,Business,Kolhapur,West,HDFC Bank,1948,60-69,5
203846,38.0,Individual,Nagpur,West,HDFC Bank,1715,30-39,2
203847,27.0,Individual,Pune,East,HDFC Bank,1522,18-29,1
203848,22.0,Individual,Mumbai,South,HDFC Bank,1349,18-29,1
203849,53.0,Individual,Mumbai,South,HDFC Bank,1315,50-59,4
203850,23.0,Individual,Kolhapur,East,HDFC Bank,1716,18-29,1
203851,43.0,Business,Solapur,North,HDFC Bank,1942,40-49,3
203852,21.0,Business,Pune,South,HDFC Bank,1920,18-29,1
203853,79.0,Individual,Kolhapur,East,HDFC Bank,1499,70-79,6
203854,56.0,Unknown,Pune,West,HDFC Bank,1536,50-59,4
203855,56.0,Business,Solapur,East,HDFC Bank,1912,50-59,4
203856,67.0,Employee,Solapur,South,HDFC Bank,1651,60-69,5
203857,52.0,Business,Nashik,East,HDFC Bank,1634,50-59,4
203858,18.0,Business,Nashik,North,HDFC Bank,1435,18-29,1
203859,41.0,Business,Solapur,North,HDFC Bank,1522,40-49,3
203860,74.0,Business,Nagpur,South,HDFC Bank,1777,70-79,6
203861,53.0,Business,Kolhapur,East,HDFC Bank,1592,50-59,4
203862,23.0,Employee,Nashik,North,HDFC Bank,1443,18-29,1
203863,58.0,Individual,Solapur,North,HDFC Bank,1821,50-59,4
203864,71.0,Individual,Pune,West,HDFC Bank,1620,70-79,6
203865,63.0,Employee,Kolhapur,South,HDFC Bank,1207,60-69,5
203866,77.0,Individual,Nashik,West,HDFC Bank,1830,70-79,6
203867,61.0,Individual,Nagpur,West,HDFC Bank,1755,60-69,5
203868,77.0,Individual,Kolhapur,North,HDFC Bank,1275,70-79,6
203869,74.0,Employee,Kolhapur,East,HDFC Bank,1496,70-79,6
203870,48.0,Employee,Mumbai,West,HDFC Bank,1772,40-49,3
203871,37.0,Individual,Pune,South,HDFC Bank,1296,30-39,2
203872,41.0,Individual,Nagpur,South,HDFC Bank,1373,40-49,3
203873,42.0,Individual,Nagpur,East,HDFC Bank,1574,40-49,3
203874,,Business,Nagpur,South,HDFC Bank,1183,Unknown,7
203875,38.0,Business,Pune,West,HDFC Bank,1031,30-39,2
203876,47.0,Business,Nagpur,East,HDFC Bank,1282,40-49,3
203877,41.0,Employee,Mumbai,South,HDFC Bank,1835,40-49,3
203878,61.0,Individual,Nashik,South,HDFC Bank,1872,60-69,5
203879,59.0,Employee,Pune,West,HDFC Bank,1431,50-59,4
203880,47.0,Employee,Nagpur,West,HDFC Bank,1518,40-49,3
203881,39.0,Employee,Solapur,West,HDFC Bank,1685,30-39,2
203882,,Individual,Nashik,West,HDFC Bank,1461,Unknown,7
203883,24.0,Business,Unknown,East,HDFC Bank,1870,18-29,1
203884,52.0,Individual,Pune,East,HDFC Bank,1983,50-59,4
203885,72.0,Individual,Solapur,East,HDFC Bank,1367,70-79,6
203886,45.0,Employee,Kolhapur,North,HDFC Bank,1657,40-49,3
203887,31.0,Employee,Solapur,West,HDFC Bank,1251,30-39,2
203888,73.0,Employee,Nagpur,West,HDFC Bank,1165,70-79,6
203889,27.0,Business,Pune,East,HDFC Bank,1614,18-29,1
203890,33.0,Business,Nagpur,South,HDFC Bank,1999,30-39,2
203891,,Business,Kolhapur,South,HDFC Bank,1704,Unknown,7
203892,71.0,Individual,Mumbai,West,HDFC Bank,1528,70-79,6
203893,48.0,Employee,Solapur,West,HDFC Bank,1601,40-49,3
203894,59.0,Individual,Mumbai,East,HDFC Bank,1370,50-59,4
203895,42.0,Business,Kolhapur,West,HDFC Bank,1597,40-49,3
203896,30.0,Employee,Nagpur,South,HDFC Bank,1102,30-39,2
203897,23.0,Business,Nashik,South,HDFC Bank,1593,18-29,1
203898,61.0,Employee,Solapur,West,HDFC Bank,1125,60-69,5
203899,26.0,Employee,Nashik,East,HDFC Bank,1037,18-29,1
203900,62.0,Individual,Pune,East,HDFC Bank,1347,60-69,5
203901,53.0,Individual,Solapur,South,HDFC Bank,1212,50-59,4
203902,73.0,Business,Mumbai,East,HDFC Bank,1318,70-79,6
203903,60.0,Individual,Nashik,South,HDFC Bank,1997,60-69,5
203904,37.0,Individual,Kolhapur,West,HDFC Bank,1736,30-39,2
203905,35.0,Individual,Pune,South,HDFC Bank,1733,30-39,2
203906,75.0,Employee,Solapur,West,HDFC Bank,1425,70-79,6
203907,,Individual,Kolhapur,East,HDFC Bank,1246,Unknown,7
203908,74.0,Business,Pune,North,HDFC Bank,1647,70-79,6
203909,,Employee,Mumbai,North,HDFC Bank,1285,Unknown,7
203910,21.0,Employee,Kolhapur,North,HDFC Bank,1230,18-29,1
203911,,Individual,Solapur,South,HDFC Bank,1319,Unknown,7
203912,50.0,Employee,Pune,North,HDFC Bank,1511,50-59,4
203913,44.0,Business,Nagpur,South,HDFC Bank,1520,40-49,3
203914,24.0,Business,Solapur,East,HDFC Bank,1224,18-29,1
203915,23.0,Employee,Solapur,West,HDFC Bank,1505,18-29,1
203916,32.0,Individual,Solapur,North,HDFC Bank,1824,30-39,2
203917,35.0,Individual,Solapur,South,HDFC Bank,1106,30-39,2
203918,,Employee,Nagpur,East,HDFC Bank,1698,Unknown,7
203919,73.0,Business,Kolhapur,East,HDFC Bank,1732,70-79,6
203920,28.0,Employee,Kolhapur,North,HDFC Bank,1606,18-29,1
203921,37.0,Unknown,Kolhapur,East,HDFC Bank,1706,30-39,2
203922,41.0,Individual,Mumbai,East,HDFC Bank,1753,40-49,3
203923,32.0,Employee,Nagpur,East,HDFC Bank,1741,30-39,2
203924,65.0,Business,Nagpur,South,HDFC Bank,1330,60-69,5
203925,24.0,Employee,Pune,East,HDFC Bank,1004,18-29,1
203926,38.0,Business,Nashik,East,HDFC Bank,1862,30-39,2
203927,59.0,Business,Kolhapur,East,HDFC Bank,1467,50-59,4
203928,43.0,Employee,Nashik,East,HDFC Bank,1515,40-49,3
203929,61.0,Employee,Pune,East,HDFC Bank,1775,60-69,5
203930,73.0,Business,Nagpur,South,HDFC Bank,1937,70-79,6
203931,31.0,Business,Pune,East,HDFC Bank,1764,30-39,2
203932,74.0,Business,Solapur,East,HDFC Bank,1162,70-79,6
203933,54.0,Business,Pune,West,HDFC Bank,1652,50-59,4
203934,75.0,Individual,Pune,East,HDFC Bank,1900,70-79,6
203935,38.0,Employee,Solapur,East,HDFC Bank,1807,30-39,2
203936,35.0,Business,Nashik,South,HDFC Bank,1530,30-39,2
203937,22.0,Employee,Solapur,East,HDFC Bank,1081,18-29,1
203938,20.0,Business,Mumbai,South,HDFC Bank,1480,18-29,1
203939,40.0,Unknown,Pune,North,HDFC Bank,1892,40-49,3
203940,43.0,Employee,Pune,East,HDFC Bank,1515,40-49,3
203941,,Business,Nashik,West,HDFC Bank,1639,Unknown,7
203942,41.0,Business,Nagpur,South,HDFC Bank,1186,40-49,3
203943,66.0,Employee,Solapur,North,HDFC Bank,1145,60-69,5
203944,36.0,Employee,Unknown,West,HDFC Bank,1151,30-39,2
203945,68.0,Employee,Mumbai,South,HDFC Bank,1362,60-69,5
203946,42.0,Individual,Solapur,North,HDFC Bank,1092,40-49,3
203947,38.0,Business,Mumbai,West,HDFC Bank,1030,30-39,2
203948,29.0,Individual,Mumbai,East,HDFC Bank,1825,18-29,1
203949,74.0,Individual,Mumbai,West,HDFC Bank,1539,70-79,6
203950,78.0,Business,Kolhapur,West,HDFC Bank,1648,70-79,6
203951,58.0,Business,Solapur,West,HDFC Bank,1940,50-59,4
203952,50.0,Individual,Solapur,South,HDFC Bank,1601,50-59,4
203953,67.0,Business,Unknown,East,HDFC Bank,1048,60-69,5
203954,70.0,Employee,Nashik,East,HDFC Bank,1878,70-79,6
203955,21.0,Employee,Kolhapur,South,HDFC Bank,1257,18-29,1
203956,59.0,Individual,Pune,West,HDFC Bank,1517,50-59,4
203957,74.0,Individual,Nagpur,East,HDFC Bank,1540,70-79,6
203958,,Business,Nagpur,West,HDFC Bank,1409,Unknown,7
203959,39.0,Business,Mumbai,East,HDFC Bank,1155,30-39,2
203960,72.0,Individual,Solapur,South,HDFC Bank,1774,70-79,6
203961,50.0,Individual,Solapur,North,HDFC Bank,1545,50-59,4
203962,34.0,Employee,Mumbai,West,HDFC Bank,1439,30-39,2
203963,41.0,Employee,Pune,East,HDFC Bank,1236,40-49,3
203964,78.0,Business,Nagpur,East,HDFC Bank,1649,70-79,6
203965,78.0,Employee,Kolhapur,East,HDFC Bank,1367,70-79,6
203966,51.0,Unknown,Nashik,South,HDFC Bank,1999,50-59,4
203967,45.0,Business,Pune,South,HDFC Bank,1056,40-49,3
203968,75.0,Business,Unknown,North,HDFC Bank,1174,70-79,6
203969,60.0,Employee,Mumbai,South,HDFC Bank,1213,60-69,5
203970,58.0,Individual,Nagpur,West,HDFC Bank,1026,50-59,4
203971,56.0,Individual,Mumbai,South,HDFC Bank,1806,50-59,4
203972,39.0,Employee,Solapur,East,HDFC Bank,1917,30-39,2
203973,66.0,Individual,Mumbai,West,HDFC Bank,1118,60-69,5
203974,34.0,Business,Kolhapur,South,HDFC Bank,1146,30-39,2
203975,51.0,Individual,Nagpur,West,HDFC Bank,1867,50-59,4
203976,,Employee,Mumbai,West,HDFC Bank,1264,Unknown,7
203977,63.0,Unknown,Nagpur,South,HDFC Bank,1402,60-69,5
203978,23.0,Business,Mumbai,West,HDFC Bank,1257,18-29,1
203979,51.0,Business,Mumbai,East,HDFC Bank,1859,50-59,4
203980,18.0,Employee,Nagpur,East,HDFC Bank,1188,18-29,1
203981,27.0,Employee,Kolhapur,South,HDFC Bank,1826,18-29,1
203982,38.0,Employee,Mumbai,South,HDFC Bank,1742,30-39,2
203983,22.0,Business,Kolhapur,East,HDFC Bank,1981,18-29,1
203984,19.0,Individual,Pune,South,HDFC Bank,1498,18-29,1
203985,39.0,Individual,Nashik,East,HDFC Bank,1709,30-39,2
203986,,Employee,Pune,West,HDFC Bank,1238,Unknown,7
203987,74.0,Individual,Nashik,South,HDFC Bank,1326,70-79,6
203988,19.0,Individual,Pune,North,HDFC Bank,1069,18-29,1
203989,27.0,Employee,Nashik,East,HDFC Bank,1928,18-29,1
203990,51.0,Employee,Mumbai,East,HDFC Bank,1763,50-59,4
203991,33.0,Business,Nagpur,West,HDFC Bank,1973,30-39,2
203992,65.0,Business,Nagpur,North,HDFC Bank,1704,60-69,5
203993,68.0,Business,Solapur,North,HDFC Bank,1024,60-69,5
203994,78.0,Business,Nashik,North,HDFC Bank,1581,70-79,6
203995,,Individual,Solapur,East,HDFC Bank,1155,Unknown,7
203996,39.0,Individual,Kolhapur,East,HDFC Bank,1657,30-39,2
203997,29.0,Business,Kolhapur,North,HDFC Bank,1830,18-29,1
203998,41.0,Business,Solapur,South,HDFC Bank,1218,40-49,3
203999,64.0,Employee,Nashik,North,HDFC Bank,1560,60-69,5
204000,57.0,Individual,Nagpur,West,HDFC Bank,1378,50-59,4
204001,55.0,Individual,Nashik,North,HDFC Bank,1891,50-59,4
204002,77.0,Business,Kolhapur,North,HDFC Bank,1193,70-79,6
204003,76.0,Individual,Mumbai,North,HDFC Bank,1039,70-79,6
204004,27.0,Employee,Solapur,South,HDFC Bank,1596,18-29,1
204005,52.0,Employee,Solapur,North,HDFC Bank,1342,50-59,4
204006,68.0,Individual,Kolhapur,North,HDFC Bank,1502,60-69,5
204007,66.0,Business,Nashik,East,HDFC Bank,1449,60-69,5
204008,49.0,Individual,Solapur,North,HDFC Bank,1335,40-49,3
204009,24.0,Employee,Nagpur,West,HDFC Bank,1003,18-29,1
204010,38.0,Business,Solapur,East,HDFC Bank,1801,30-39,2
204011,37.0,Individual,Nashik,South,HDFC Bank,1758,30-39,2
204012,43.0,Business,Kolhapur,East,HDFC Bank,1516,40-49,3
204013,21.0,Business,Nagpur,South,HDFC Bank,1496,18-29,1
204014,63.0,Employee,Nagpur,South,HDFC Bank,1225,60-69,5
204015,,Business,Solapur,West,HDFC Bank,1149,Unknown,7
204016,39.0,Individual,Nashik,North,HDFC Bank,1237,30-39,2
204017,32.0,Business,Solapur,West,HDFC Bank,1659,30-39,2
204018,73.0,Business,Mumbai,East,HDFC Bank,1102,70-79,6
204019,57.0,Unknown,Kolhapur,South,HDFC Bank,1174,50-59,4
204020,38.0,Employee,Mumbai,East,HDFC Bank,1460,30-39,2
204021,,Employee,Nagpur,South,HDFC Bank,1747,Unknown,7
204022,39.0,Individual,Solapur,East,HDFC Bank,1033,30-39,2
204023,69.0,Individual,Mumbai,South,HDFC Bank,1683,60-69,5
204024,45.0,Employee,Pune,West,HDFC Bank,1517,40-49,3
204025,31.0,Business,Unknown,South,HDFC Bank,1439,30-39,2
204026,44.0,Individual,Solapur,North,HDFC Bank,1284,40-49,3
204027,78.0,Business,Solapur,West,HDFC Bank,1224,70-79,6
204028,58.0,Individual,Kolhapur,North,HDFC Bank,1564,50-59,4
204029,57.0,Employee,Mumbai,East,HDFC Bank,1256,50-59,4
204030,75.0,Business,Solapur,East,HDFC Bank,1058,70-79,6
204031,45.0,Business,Solapur,South,HDFC Bank,1943,40-49,3
204032,43.0,Individual,Kolhapur,South,HDFC Bank,1245,40-49,3
204033,66.0,Business,Kolhapur,East,HDFC Bank,1518,60-69,5
204034,19.0,Individual,Kolhapur,West,HDFC Bank,1213,18-29,1
204035,42.0,Employee,Kolhapur,North,HDFC Bank,1927,40-49,3
204036,73.0,Business,Pune,East,HDFC Bank,1589,70-79,6
204037,79.0,Individual,Nagpur,West,HDFC Bank,1700,70-79,6
204038,20.0,Business,Solapur,North,HDFC Bank,1952,18-29,1
204039,25.0,Individual,Nashik,South,HDFC Bank,1818,18-29,1
204040,61.0,Individual,Kolhapur,West,HDFC Bank,1215,60-69,5
204041,50.0,Individual,Nagpur,West,HDFC Bank,1402,50-59,4
204042,59.0,Employee,Kolhapur,East,HDFC Bank,1282,50-59,4
204043,69.0,Business,Nagpur,North,HDFC Bank,1830,60-69,5
204044,52.0,Employee,Nashik,East,HDFC Bank,1955,50-59,4
204045,23.0,Individual,Mumbai,South,HDFC Bank,1572,18-29,1
204046,56.0,Individual,Pune,South,HDFC Bank,1572,50-59,4
204047,69.0,Employee,Unknown,North,HDFC Bank,1214,60-69,5
204048,40.0,Employee,Mumbai,North,HDFC Bank,1381,40-49,3
204049,42.0,Business,Nashik,North,HDFC Bank,1044,40-49,3
204050,76.0,Individual,Pune,East,HDFC Bank,1916,70-79,6
204051,67.0,Employee,Pune,North,HDFC Bank,1171,60-69,5
204052,60.0,Individual,Pune,North,HDFC Bank,1220,60-69,5
204053,36.0,Individual,Nashik,East,HDFC Bank,1384,30-39,2
204054,22.0,Business,Kolhapur,South,HDFC Bank,1094,18-29,1
204055,68.0,Business,Kolhapur,South,HDFC Bank,1858,60-69,5
204056,28.0,Business,Kolhapur,West,HDFC Bank,1043,18-29,1
204057,73.0,Unknown,Mumbai,South,HDFC Bank,1227,70-79,6
204058,29.0,Individual,Solapur,North,HDFC Bank,1573,18-29,1
204059,27.0,Employee,Pune,South,HDFC Bank,1316,18-29,1
204060,25.0,Unknown,Pune,East,HDFC Bank,1730,18-29,1
204061,41.0,Unknown,Mumbai,South,HDFC Bank,1334,40-49,3
204062,77.0,Individual,Kolhapur,South,HDFC Bank,1600,70-79,6
204063,45.0,Individual,Pune,West,HDFC Bank,1623,40-49,3
204064,58.0,Business,Pune,West,HDFC Bank,1718,50-59,4
204065,53.0,Individual,Nashik,North,HDFC Bank,1999,50-59,4
204066,54.0,Business,Nagpur,East,HDFC Bank,1466,50-59,4
204067,38.0,Employee,Mumbai,North,HDFC Bank,1878,30-39,2
204068,25.0,Employee,Mumbai,East,HDFC Bank,1817,18-29,1
204069,72.0,Business,Kolhapur,East,HDFC Bank,1714,70-79,6
204070,26.0,Employee,Mumbai,West,HDFC Bank,1296,18-29,1
204071,64.0,Employee,Kolhapur,South,HDFC Bank,1544,60-69,5
204072,32.0,Business,Nashik,South,HDFC Bank,1488,30-39,2
204073,65.0,Employee,Nashik,West,HDFC Bank,1214,60-69,5
204074,63.0,Individual,Solapur,North,HDFC Bank,1523,60-69,5
204075,57.0,Employee,Kolhapur,South,HDFC Bank,1001,50-59,4
204076,35.0,Business,Nashik,North,HDFC Bank,1874,30-39,2
204077,59.0,Individual,Kolhapur,South,HDFC Bank,1660,50-59,4
204078,77.0,Individual,Mumbai,North,HDFC Bank,1653,70-79,6
204079,37.0,Employee,Solapur,East,HDFC Bank,1801,30-39,2
204080,23.0,Individual,Nagpur,East,HDFC Bank,1206,18-29,1
204081,29.0,Business,Unknown,South,HDFC Bank,1340,18-29,1
204082,19.0,Individual,Pune,North,HDFC Bank,1703,18-29,1
204083,24.0,Employee,Solapur,North,HDFC Bank,1406,18-29,1
204084,33.0,Employee,Kolhapur,East,HDFC Bank,1852,30-39,2
204085,20.0,Individual,Kolhapur,North,HDFC Bank,1305,18-29,1
204086,62.0,Business,Kolhapur,West,HDFC Bank,1506,60-69,5
204087,20.0,Unknown,Nagpur,North,HDFC Bank,1909,18-29,1
204088,44.0,Employee,Pune,East,HDFC Bank,1468,40-49,3
204089,67.0,Employee,Solapur,West,HDFC Bank,1763,60-69,5
204090,60.0,Business,Kolhapur,West,HDFC Bank,1715,60-69,5
204091,57.0,Individual,Nashik,North,HDFC Bank,1873,50-59,4
204092,55.0,Individual,Mumbai,East,HDFC Bank,1557,50-59,4
204093,50.0,Individual,Nagpur,East,HDFC Bank,1885,50-59,4
204094,45.0,Individual,Kolhapur,East,HDFC Bank,1494,40-49,3
204095,18.0,Unknown,Pune,West,HDFC Bank,1260,18-29,1
204096,72.0,Employee,Mumbai,East,HDFC Bank,1577,70-79,6
204097,25.0,Employee,Solapur,West,HDFC Bank,1661,18-29,1
204098,54.0,Individual,Kolhapur,West,HDFC Bank,1581,50-59,4
204099,49.0,Business,Unknown,South,HDFC Bank,1363,40-49,3
204100,77.0,Business,Mumbai,North,HDFC Bank,1513,70-79,6
204101,65.0,Individual,Nashik,East,HDFC Bank,1540,60-69,5
204102,60.0,Individual,Nagpur,West,HDFC Bank,1767,60-69,5
204103,54.0,Individual,Solapur,North,HDFC Bank,1572,50-59,4
204104,21.0,Employee,Pune,West,HDFC Bank,1611,18-29,1
204105,47.0,Individual,Nashik,North,HDFC Bank,1895,40-49,3
204106,23.0,Employee,Nagpur,West,HDFC Bank,1454,18-29,1
204107,63.0,Business,Nagpur,East,HDFC Bank,1143,60-69,5
204108,71.0,Business,Nashik,South,HDFC Bank,1191,70-79,6
204109,36.0,Employee,Pune,South,HDFC Bank,1864,30-39,2
204110,49.0,Employee,Nagpur,South,HDFC Bank,1352,40-49,3
204111,26.0,Employee,Solapur,West,HDFC Bank,1781,18-29,1
204112,29.0,Employee,Mumbai,North,HDFC Bank,1298,18-29,1
204113,28.0,Individual,Solapur,East,HDFC Bank,1459,18-29,1
204114,63.0,Business,Kolhapur,East,HDFC Bank,1426,60-69,5
204115,72.0,Individual,Nagpur,West,HDFC Bank,1837,70-79,6
204116,33.0,Employee,Mumbai,South,HDFC Bank,1822,30-39,2
204117,18.0,Individual,Nashik,West,HDFC Bank,1715,18-29,1
204118,62.0,Individual,Mumbai,North,HDFC Bank,1756,60-69,5
204119,72.0,Business,Mumbai,South,HDFC Bank,1030,70-79,6
204120,,Individual,Mumbai,West,HDFC Bank,1331,Unknown,7
204121,38.0,Business,Nagpur,North,HDFC Bank,1969,30-39,2
204122,47.0,Unknown,Kolhapur,South,HDFC Bank,1935,40-49,3
204123,30.0,Individual,Kolhapur,East,HDFC Bank,1410,30-39,2
204124,51.0,Employee,Pune,North,HDFC Bank,1051,50-59,4
204125,21.0,Unknown,Kolhapur,East,HDFC Bank,1383,18-29,1
204126,45.0,Employee,Nagpur,North,HDFC Bank,1242,40-49,3
204127,55.0,Employee,Pune,South,HDFC Bank,1774,50-59,4
204128,75.0,Business,Nashik,West,HDFC Bank,1685,70-79,6
204129,48.0,Employee,Nashik,West,HDFC Bank,1611,40-49,3
204130,76.0,Employee,Nashik,West,HDFC Bank,1416,70-79,6
204131,72.0,Employee,Unknown,West,HDFC Bank,1474,70-79,6
204132,44.0,Individual,Nashik,North,HDFC Bank,1391,40-49,3
204133,22.0,Employee,Solapur,West,HDFC Bank,1388,18-29,1
204134,42.0,Business,Nagpur,West,HDFC Bank,1572,40-49,3
204135,20.0,Individual,Pune,North,HDFC Bank,1967,18-29,1
204136,50.0,Individual,Nashik,North,HDFC Bank,1871,50-59,4
204137,21.0,Business,Solapur,South,HDFC Bank,1699,18-29,1
204138,42.0,Employee,Kolhapur,North,HDFC Bank,1468,40-49,3
204139,37.0,Individual,Solapur,East,HDFC Bank,1407,30-39,2
204140,51.0,Individual,Solapur,South,HDFC Bank,1518,50-59,4
204141,43.0,Individual,Nagpur,South,HDFC Bank,1188,40-49,3
204142,79.0,Employee,Nashik,West,HDFC Bank,1594,70-79,6
204143,79.0,Unknown,Solapur,West,HDFC Bank,1350,70-79,6
204144,22.0,Business,Solapur,East,HDFC Bank,1931,18-29,1
204145,52.0,Employee,Nashik,West,HDFC Bank,1282,50-59,4
204146,78.0,Business,Unknown,North,HDFC Bank,1635,70-79,6
204147,45.0,Business,Solapur,North,HDFC Bank,1156,40-49,3
204148,46.0,Individual,Pune,West,HDFC Bank,1598,40-49,3
204149,26.0,Individual,Mumbai,West,HDFC Bank,1147,18-29,1
204150,69.0,Individual,Kolhapur,North,HDFC Bank,1069,60-69,5
204151,55.0,Business,Mumbai,South,HDFC Bank,1971,50-59,4
204152,67.0,Employee,Mumbai,East,HDFC Bank,1369,60-69,5
204153,23.0,Individual,Nagpur,East,HDFC Bank,1587,18-29,1
204154,36.0,Individual,Solapur,South,HDFC Bank,1625,30-39,2
204155,77.0,Business,Mumbai,East,HDFC Bank,1514,70-79,6
204156,61.0,Employee,Mumbai,West,HDFC Bank,1233,60-69,5
204157,74.0,Business,Kolhapur,West,HDFC Bank,1678,70-79,6
204158,28.0,Individual,Nashik,West,HDFC Bank,1610,18-29,1
204159,19.0,Business,Solapur,East,HDFC Bank,1635,18-29,1
204160,64.0,Individual,Solapur,South,HDFC Bank,1466,60-69,5
204161,61.0,Unknown,Kolhapur,West,HDFC Bank,1556,60-69,5
204162,,Business,Nashik,South,HDFC Bank,1893,Unknown,7
204163,,Unknown,Solapur,North,HDFC Bank,1835,Unknown,7
204164,38.0,Individual,Pune,North,HDFC Bank,1286,30-39,2
204165,41.0,Individual,Kolhapur,North,HDFC Bank,1617,40-49,3
204166,51.0,Individual,Nagpur,East,HDFC Bank,1293,50-59,4
204167,39.0,Unknown,Nashik,East,HDFC Bank,1480,30-39,2
204168,20.0,Individual,Kolhapur,West,HDFC Bank,1133,18-29,1
204169,29.0,Business,Mumbai,North,HDFC Bank,1007,18-29,1
204170,45.0,Individual,Solapur,South,HDFC Bank,1027,40-49,3
204171,47.0,Business,Pune,East,HDFC Bank,1782,40-49,3
204172,43.0,Business,Pune,South,HDFC Bank,1734,40-49,3
204173,65.0,Individual,Nagpur,South,HDFC Bank,1519,60-69,5
204174,38.0,Individual,Kolhapur,West,HDFC Bank,1309,30-39,2
204175,45.0,Individual,Pune,West,HDFC Bank,1645,40-49,3
204176,73.0,Individual,Kolhapur,South,HDFC Bank,1540,70-79,6
204177,43.0,Employee,Solapur,South,HDFC Bank,1626,40-49,3
204178,79.0,Individual,Solapur,South,HDFC Bank,1493,70-79,6
204179,50.0,Individual,Pune,South,HDFC Bank,1033,50-59,4
204180,38.0,Individual,Solapur,North,HDFC Bank,1006,30-39,2
204181,52.0,Business,Kolhapur,South,HDFC Bank,1039,50-59,4
204182,69.0,Individual,Solapur,East,HDFC Bank,1329,60-69,5
204183,51.0,Business,Mumbai,West,HDFC Bank,1908,50-59,4
204184,,Unknown,Kolhapur,East,HDFC Bank,1061,Unknown,7
204185,68.0,Business,Nashik,West,HDFC Bank,1085,60-69,5
204186,64.0,Business,Solapur,West,HDFC Bank,1724,60-69,5
204187,35.0,Employee,Solapur,West,HDFC Bank,1115,30-39,2
204188,75.0,Individual,Unknown,East,HDFC Bank,1576,70-79,6
204189,28.0,Business,Nagpur,West,HDFC Bank,1296,18-29,1
204190,74.0,Individual,Nashik,South,HDFC Bank,1378,70-79,6
204191,40.0,Business,Nashik,South,HDFC Bank,1681,40-49,3
204192,65.0,Employee,Nashik,North,HDFC Bank,1627,60-69,5
204193,39.0,Business,Pune,North,HDFC Bank,1321,30-39,2
204194,34.0,Individual,Mumbai,North,HDFC Bank,1627,30-39,2
204195,22.0,Individual,Mumbai,South,HDFC Bank,1732,18-29,1
204196,61.0,Employee,Nagpur,East,HDFC Bank,1394,60-69,5
204197,28.0,Individual,Nashik,North,HDFC Bank,1356,18-29,1
204198,47.0,Individual,Nashik,South,HDFC Bank,1561,40-49,3
204199,32.0,Business,Solapur,West,HDFC Bank,1838,30-39,2
204200,,Individual,Kolhapur,East,HDFC Bank,1418,Unknown,7
204201,52.0,Business,Pune,East,HDFC Bank,1477,50-59,4
204202,50.0,Employee,Pune,South,HDFC Bank,1335,50-59,4
204203,37.0,Individual,Nagpur,South,HDFC Bank,1590,30-39,2
204204,78.0,Business,Mumbai,West,HDFC Bank,1999,70-79,6
204205,33.0,Individual,Nashik,West,HDFC Bank,1019,30-39,2
204206,51.0,Business,Kolhapur,West,HDFC Bank,1411,50-59,4
204207,19.0,Employee,Nagpur,East,HDFC Bank,1890,18-29,1
204208,52.0,Business,Pune,East,HDFC Bank,1548,50-59,4
204209,57.0,Individual,Pune,North,HDFC Bank,1258,50-59,4
204210,73.0,Business,Pune,North,HDFC Bank,1604,70-79,6
204211,45.0,Individual,Nashik,North,HDFC Bank,1698,40-49,3
204212,64.0,Employee,Nashik,East,HDFC Bank,1356,60-69,5
204213,56.0,Business,Nashik,West,HDFC Bank,1200,50-59,4
204214,23.0,Individual,Solapur,North,HDFC Bank,1410,18-29,1
204215,26.0,Individual,Mumbai,West,HDFC Bank,1287,18-29,1
204216,37.0,Individual,Pune,West,HDFC Bank,1047,30-39,2
204217,77.0,Business,Pune,West,HDFC Bank,1764,70-79,6
204218,18.0,Business,Solapur,North,HDFC Bank,1557,18-29,1
204219,,Business,Unknown,North,HDFC Bank,1369,Unknown,7
204220,72.0,Employee,Pune,West,HDFC Bank,1230,70-79,6
204221,40.0,Individual,Nashik,North,HDFC Bank,1094,40-49,3
204222,20.0,Individual,Nashik,South,HDFC Bank,1302,18-29,1
204223,21.0,Unknown,Mumbai,North,HDFC Bank,1217,18-29,1
204224,75.0,Employee,Pune,West,HDFC Bank,1551,70-79,6
204225,42.0,Business,Nagpur,West,HDFC Bank,1386,40-49,3
204226,64.0,Business,Pune,East,HDFC Bank,1714,60-69,5
204227,55.0,Business,Pune,East,HDFC Bank,1627,50-59,4
204228,32.0,Business,Mumbai,West,HDFC Bank,1924,30-39,2
204229,38.0,Business,Nagpur,South,HDFC Bank,1090,30-39,2
204230,52.0,Business,Pune,East,HDFC Bank,1057,50-59,4
204231,74.0,Unknown,Kolhapur,West,HDFC Bank,1433,70-79,6
204232,70.0,Employee,Kolhapur,East,HDFC Bank,1521,70-79,6
204233,70.0,Employee,Nagpur,East,HDFC Bank,1767,70-79,6
204234,63.0,Individual,Kolhapur,West,HDFC Bank,1828,60-69,5
204235,69.0,Individual,Nashik,North,HDFC Bank,1760,60-69,5
204236,31.0,Business,Nashik,South,HDFC Bank,1482,30-39,2
204237,53.0,Employee,Nagpur,North,HDFC Bank,1366,50-59,4
204238,29.0,Individual,Pune,West,HDFC Bank,1888,18-29,1
204239,34.0,Individual,Nagpur,West,HDFC Bank,1828,30-39,2
204240,56.0,Employee,Kolhapur,South,HDFC Bank,1406,50-59,4
204241,26.0,Individual,Nagpur,West,HDFC Bank,1517,18-29,1
204242,52.0,Individual,Kolhapur,East,HDFC Bank,1330,50-59,4
204243,77.0,Employee,Nashik,South,HDFC Bank,1699,70-79,6
204244,30.0,Individual,Nagpur,North,HDFC Bank,1234,30-39,2
204245,32.0,Employee,Solapur,South,HDFC Bank,1882,30-39,2
204246,,Individual,Kolhapur,North,HDFC Bank,1410,Unknown,7
204247,68.0,Employee,Solapur,West,HDFC Bank,1182,60-69,5
204248,,Individual,Nashik,North,HDFC Bank,1286,Unknown,7
204249,23.0,Individual,Pune,North,HDFC Bank,1122,18-29,1
204250,76.0,Employee,Kolhapur,North,HDFC Bank,1157,70-79,6
204251,44.0,Individual,Pune,South,HDFC Bank,1322,40-49,3
204252,40.0,Employee,Nashik,East,HDFC Bank,1012,40-49,3
204253,76.0,Employee,Pune,North,HDFC Bank,1826,70-79,6
204254,44.0,Individual,Kolhapur,South,HDFC Bank,1565,40-49,3
204255,51.0,Business,Mumbai,South,HDFC Bank,1871,50-59,4
204256,73.0,Individual,Unknown,East,HDFC Bank,1788,70-79,6
204257,63.0,Business,Kolhapur,South,HDFC Bank,1554,60-69,5
204258,55.0,Business,Solapur,West,HDFC Bank,1778,50-59,4
204259,31.0,Individual,Mumbai,West,HDFC Bank,1620,30-39,2
204260,53.0,Business,Unknown,West,HDFC Bank,1834,50-59,4
204261,70.0,Employee,Mumbai,East,HDFC Bank,1677,70-79,6
204262,25.0,Employee,Kolhapur,South,HDFC Bank,1862,18-29,1
204263,79.0,Business,Nashik,West,HDFC Bank,1919,70-79,6
204264,,Employee,Unknown,North,HDFC Bank,1617,Unknown,7
204265,36.0,Individual,Nagpur,South,HDFC Bank,1562,30-39,2
204266,47.0,Employee,Pune,West,HDFC Bank,1203,40-49,3
204267,31.0,Business,Nashik,South,HDFC Bank,1956,30-39,2
204268,76.0,Individual,Nagpur,West,HDFC Bank,1301,70-79,6
204269,37.0,Employee,Kolhapur,North,HDFC Bank,1042,30-39,2
204270,66.0,Individual,Kolhapur,South,HDFC Bank,1794,60-69,5
204271,42.0,Business,Nagpur,West,HDFC Bank,1596,40-49,3
204272,57.0,Employee,Solapur,West,HDFC Bank,1728,50-59,4
204273,,Individual,Unknown,North,HDFC Bank,1669,Unknown,7
204274,31.0,Individual,Nagpur,North,HDFC Bank,1861,30-39,2
204275,43.0,Employee,Solapur,West,HDFC Bank,1505,40-49,3
204276,55.0,Individual,Pune,West,HDFC Bank,1638,50-59,4
204277,40.0,Individual,Pune,East,HDFC Bank,1190,40-49,3
204278,39.0,Business,Kolhapur,East,HDFC Bank,1777,30-39,2
204279,65.0,Business,Solapur,South,HDFC Bank,1898,60-69,5
204280,74.0,Business,Mumbai,South,HDFC Bank,1972,70-79,6
204281,36.0,Business,Nagpur,East,HDFC Bank,1059,30-39,2
204282,63.0,Business,Pune,West,HDFC Bank,1794,60-69,5
204283,68.0,Business,Solapur,North,HDFC Bank,1465,60-69,5
204284,20.0,Employee,Solapur,South,HDFC Bank,1378,18-29,1
204285,59.0,Business,Pune,West,HDFC Bank,1428,50-59,4
204286,36.0,Individual,Pune,North,HDFC Bank,1061,30-39,2
204287,26.0,Employee,Mumbai,North,HDFC Bank,1919,18-29,1
204288,45.0,Individual,Solapur,West,HDFC Bank,1301,40-49,3
204289,37.0,Business,Solapur,West,HDFC Bank,1637,30-39,2
204290,62.0,Business,Nashik,South,HDFC Bank,1973,60-69,5
204291,24.0,Individual,Kolhapur,East,HDFC Bank,1998,18-29,1
204292,,Individual,Mumbai,West,HDFC Bank,1171,Unknown,7
204293,26.0,Individual,Pune,East,HDFC Bank,1504,18-29,1
204294,76.0,Employee,Unknown,South,HDFC Bank,1062,70-79,6
204295,77.0,Business,Nagpur,East,HDFC Bank,1771,70-79,6
204296,72.0,Individual,Kolhapur,East,HDFC Bank,1015,70-79,6
204297,74.0,Business,Pune,North,HDFC Bank,1690,70-79,6
204298,77.0,Unknown,Solapur,South,HDFC Bank,1841,70-79,6
204299,36.0,Business,Pune,West,HDFC Bank,1879,30-39,2
204300,64.0,Employee,Solapur,East,HDFC Bank,1100,60-69,5
204301,69.0,Business,Solapur,South,HDFC Bank,1986,60-69,5
204302,31.0,Individual,Mumbai,North,HDFC Bank,1175,30-39,2
204303,73.0,Business,Pune,North,HDFC Bank,1192,70-79,6
204304,55.0,Employee,Mumbai,East,HDFC Bank,1964,50-59,4
204305,70.0,Employee,Kolhapur,East,HDFC Bank,1972,70-79,6
204306,78.0,Business,Unknown,West,HDFC Bank,1812,70-79,6
204307,53.0,Individual,Kolhapur,South,HDFC Bank,1898,50-59,4
204308,57.0,Employee,Pune,West,HDFC Bank,1272,50-59,4
204309,34.0,Employee,Kolhapur,West,HDFC Bank,1466,30-39,2
204310,47.0,Business,Kolhapur,North,HDFC Bank,1932,40-49,3
204311,26.0,Employee,Pune,South,HDFC Bank,1772,18-29,1
204312,50.0,Employee,Mumbai,West,HDFC Bank,1174,50-59,4
204313,73.0,Individual,Mumbai,North,HDFC Bank,1233,70-79,6
204314,69.0,Individual,Solapur,East,HDFC Bank,1811,60-69,5
204315,42.0,Individual,Solapur,West,HDFC Bank,1215,40-49,3
204316,31.0,Business,Pune,East,HDFC Bank,1490,30-39,2
204317,28.0,Employee,Pune,South,HDFC Bank,1416,18-29,1
204318,70.0,Business,Nashik,West,HDFC Bank,1758,70-79,6
204319,52.0,Employee,Nashik,East,HDFC Bank,1532,50-59,4
204320,58.0,Employee,Nagpur,East,HDFC Bank,1450,50-59,4
204321,76.0,Employee,Solapur,South,HDFC Bank,1835,70-79,6
204322,31.0,Individual,Unknown,North,HDFC Bank,1754,30-39,2
204323,47.0,Business,Nagpur,North,HDFC Bank,1799,40-49,3
204324,58.0,Business,Nagpur,West,HDFC Bank,1279,50-59,4
204325,21.0,Employee,Mumbai,East,HDFC Bank,1243,18-29,1
204326,76.0,Business,Kolhapur,North,HDFC Bank,1674,70-79,6
204327,21.0,Individual,Mumbai,West,HDFC Bank,1145,18-29,1
204328,,Business,Nashik,East,HDFC Bank,1066,Unknown,7
204329,25.0,Employee,Nagpur,West,HDFC Bank,1102,18-29,1
204330,19.0,Individual,Nashik,South,HDFC Bank,1309,18-29,1
204331,58.0,Individual,Kolhapur,West,HDFC Bank,1921,50-59,4
204332,,Employee,Kolhapur,South,HDFC Bank,1955,Unknown,7
204333,63.0,Business,Solapur,East,HDFC Bank,1636,60-69,5
204334,39.0,Employee,Pune,East,HDFC Bank,1116,30-39,2
204335,58.0,Business,Unknown,East,HDFC Bank,1471,50-59,4
204336,73.0,Business,Solapur,West,HDFC Bank,1762,70-79,6
204337,72.0,Individual,Solapur,East,HDFC Bank,1320,70-79,6
204338,33.0,Employee,Mumbai,East,HDFC Bank,1434,30-39,2
204339,46.0,Individual,Mumbai,South,HDFC Bank,1369,40-49,3
204340,,Employee,Kolhapur,East,HDFC Bank,1737,Unknown,7
204341,66.0,Employee,Kolhapur,East,HDFC Bank,1699,60-69,5
204342,65.0,Individual,Nagpur,East,HDFC Bank,1186,60-69,5
204343,47.0,Employee,Nashik,North,HDFC Bank,1587,40-49,3
204344,29.0,Employee,Kolhapur,East,HDFC Bank,1784,18-29,1
204345,52.0,Business,Unknown,West,HDFC Bank,1468,50-59,4
204346,28.0,Employee,Nagpur,South,HDFC Bank,1660,18-29,1
204347,63.0,Employee,Nagpur,East,HDFC Bank,1706,60-69,5
204348,67.0,Individual,Solapur,West,HDFC Bank,1875,60-69,5
204349,38.0,Individual,Kolhapur,South,HDFC Bank,1795,30-39,2
204350,38.0,Employee,Solapur,South,HDFC Bank,1472,30-39,2
204351,22.0,Business,Pune,West,HDFC Bank,1555,18-29,1
204352,65.0,Business,Kolhapur,West,HDFC Bank,1453,60-69,5
204353,37.0,Individual,Nashik,North,HDFC Bank,1445,30-39,2
204354,54.0,Employee,Solapur,North,HDFC Bank,1681,50-59,4
204355,20.0,Employee,Kolhapur,East,HDFC Bank,1093,18-29,1
204356,61.0,Business,Mumbai,North,HDFC Bank,1735,60-69,5
204357,50.0,Business,Unknown,West,HDFC Bank,1789,50-59,4
204358,70.0,Business,Nashik,North,HDFC Bank,1037,70-79,6
204359,78.0,Individual,Kolhapur,South,HDFC Bank,1781,70-79,6
204360,26.0,Employee,Mumbai,West,HDFC Bank,1481,18-29,1
204361,78.0,Individual,Kolhapur,East,HDFC Bank,1746,70-79,6
204362,26.0,Employee,Mumbai,South,HDFC Bank,1110,18-29,1
204363,,Individual,Nashik,South,HDFC Bank,1889,Unknown,7
204364,52.0,Employee,Pune,South,HDFC Bank,1409,50-59,4
204365,34.0,Business,Mumbai,West,HDFC Bank,1167,30-39,2
204366,51.0,Business,Nagpur,West,HDFC Bank,1565,50-59,4
204367,41.0,Business,Nashik,East,HDFC Bank,1396,40-49,3
204368,49.0,Individual,Nashik,North,HDFC Bank,1126,40-49,3
204369,18.0,Business,Solapur,North,HDFC Bank,1989,18-29,1
204370,25.0,Employee,Pune,North,HDFC Bank,1786,18-29,1
204371,62.0,Individual,Nagpur,North,HDFC Bank,1041,60-69,5
204372,40.0,Employee,Nagpur,South,HDFC Bank,1040,40-49,3
204373,64.0,Individual,Solapur,West,HDFC Bank,1561,60-69,5
204374,57.0,Employee,Mumbai,North,HDFC Bank,1486,50-59,4
204375,29.0,Employee,Mumbai,South,HDFC Bank,1898,18-29,1
204376,71.0,Individual,Nagpur,West,HDFC Bank,1670,70-79,6
204377,29.0,Individual,Pune,West,HDFC Bank,1843,18-29,1
204378,63.0,Business,Mumbai,West,HDFC Bank,1398,60-69,5
204379,64.0,Business,Nashik,South,HDFC Bank,1181,60-69,5
204380,32.0,Employee,Kolhapur,North,HDFC Bank,1180,30-39,2
204381,58.0,Employee,Unknown,West,HDFC Bank,1940,50-59,4
204382,36.0,Employee,Pune,South,HDFC Bank,1677,30-39,2
204383,43.0,Individual,Mumbai,West,HDFC Bank,1743,40-49,3
204384,69.0,Individual,Kolhapur,East,HDFC Bank,1717,60-69,5
204385,46.0,Unknown,Nagpur,East,HDFC Bank,1866,40-49,3
204386,39.0,Employee,Solapur,South,HDFC Bank,1463,30-39,2
204387,57.0,Business,Mumbai,North,HDFC Bank,1049,50-59,4
204388,38.0,Individual,Nagpur,North,HDFC Bank,1407,30-39,2
204389,68.0,Individual,Mumbai,West,HDFC Bank,1400,60-69,5
204390,55.0,Individual,Solapur,North,HDFC Bank,1145,50-59,4
204391,37.0,Business,Nashik,North,HDFC Bank,1297,30-39,2
204392,74.0,Individual,Nashik,East,HDFC Bank,1144,70-79,6
204393,46.0,Employee,Kolhapur,South,HDFC Bank,1015,40-49,3
204394,68.0,Business,Nagpur,East,HDFC Bank,1084,60-69,5
204395,21.0,Individual,Nashik,South,HDFC Bank,1215,18-29,1
204396,72.0,Business,Solapur,West,HDFC Bank,1481,70-79,6
204397,24.0,Business,Nagpur,East,HDFC Bank,1051,18-29,1
204398,,Individual,Mumbai,South,HDFC Bank,1547,Unknown,7
204399,45.0,Individual,Pune,North,HDFC Bank,1106,40-49,3
204400,21.0,Business,Mumbai,South,HDFC Bank,1218,18-29,1
204401,39.0,Business,Solapur,North,HDFC Bank,1934,30-39,2
204402,29.0,Unknown,Kolhapur,West,HDFC Bank,1336,18-29,1
204403,62.0,Employee,Nagpur,North,HDFC Bank,1920,60-69,5
204404,20.0,Business,Mumbai,South,HDFC Bank,1370,18-29,1
204405,39.0,Business,Nagpur,East,HDFC Bank,1997,30-39,2
204406,61.0,Employee,Nashik,South,HDFC Bank,1809,60-69,5
204407,,Individual,Pune,East,HDFC Bank,1253,Unknown,7
204408,41.0,Individual,Solapur,South,HDFC Bank,1404,40-49,3
204409,51.0,Employee,Mumbai,South,HDFC Bank,1579,50-59,4
204410,44.0,Individual,Pune,West,HDFC Bank,1984,40-49,3
204411,,Individual,Solapur,North,HDFC Bank,1698,Unknown,7
204412,58.0,Business,Solapur,South,HDFC Bank,1635,50-59,4
204413,18.0,Business,Kolhapur,East,HDFC Bank,1029,18-29,1
204414,25.0,Business,Nashik,North,HDFC Bank,1184,18-29,1
204415,40.0,Employee,Kolhapur,West,HDFC Bank,1288,40-49,3
204416,55.0,Individual,Kolhapur,North,HDFC Bank,1358,50-59,4
204417,23.0,Individual,Nagpur,South,HDFC Bank,1473,18-29,1
204418,39.0,Business,Nagpur,East,HDFC Bank,1984,30-39,2
204419,42.0,Business,Pune,East,HDFC Bank,1564,40-49,3
204420,35.0,Employee,Nashik,North,HDFC Bank,1399,30-39,2
204421,34.0,Individual,Solapur,East,HDFC Bank,1688,30-39,2
204422,78.0,Employee,Nashik,South,HDFC Bank,1983,70-79,6
204423,29.0,Individual,Nashik,East,HDFC Bank,1132,18-29,1
204424,23.0,Employee,Pune,East,HDFC Bank,1501,18-29,1
204425,43.0,Business,Nagpur,East,HDFC Bank,1502,40-49,3
204426,44.0,Employee,Nashik,South,HDFC Bank,1873,40-49,3
204427,25.0,Employee,Nashik,West,HDFC Bank,1998,18-29,1
204428,36.0,Business,Nashik,East,HDFC Bank,1076,30-39,2
204429,77.0,Individual,Mumbai,West,HDFC Bank,1349,70-79,6
204430,59.0,Individual,Unknown,North,HDFC Bank,1059,50-59,4
204431,18.0,Business,Nashik,North,HDFC Bank,1454,18-29,1
204432,74.0,Employee,Solapur,South,HDFC Bank,1878,70-79,6
204433,46.0,Employee,Kolhapur,South,HDFC Bank,1464,40-49,3
204434,62.0,Employee,Mumbai,South,HDFC Bank,1310,60-69,5
204435,66.0,Individual,Nashik,South,HDFC Bank,1090,60-69,5
204436,52.0,Employee,Kolhapur,West,HDFC Bank,1930,50-59,4
204437,57.0,Individual,Nashik,South,HDFC Bank,1964,50-59,4
204438,31.0,Employee,Pune,West,HDFC Bank,1297,30-39,2
204439,52.0,Business,Pune,East,HDFC Bank,1324,50-59,4
204440,65.0,Business,Kolhapur,East,HDFC Bank,1279,60-69,5
204441,62.0,Individual,Mumbai,North,HDFC Bank,1710,60-69,5
204442,37.0,Individual,Solapur,North,HDFC Bank,1966,30-39,2
204443,73.0,Unknown,Mumbai,West,HDFC Bank,1117,70-79,6
204444,66.0,Business,Mumbai,South,HDFC Bank,1694,60-69,5
204445,30.0,Employee,Pune,North,HDFC Bank,1909,30-39,2
204446,78.0,Business,Unknown,West,HDFC Bank,1566,70-79,6
204447,55.0,Individual,Solapur,North,HDFC Bank,1270,50-59,4
204448,66.0,Business,Nashik,South,HDFC Bank,1516,60-69,5
204449,63.0,Individual,Solapur,West,HDFC Bank,1100,60-69,5
204450,66.0,Individual,Nashik,North,HDFC Bank,1387,60-69,5
204451,79.0,Unknown,Kolhapur,South,HDFC Bank,1285,70-79,6
204452,25.0,Employee,Kolhapur,West,HDFC Bank,1979,18-29,1
204453,60.0,Employee,Nagpur,West,HDFC Bank,1052,60-69,5
204454,37.0,Employee,Pune,West,HDFC Bank,1729,30-39,2
204455,77.0,Business,Nagpur,East,HDFC Bank,1840,70-79,6
204456,50.0,Employee,Nagpur,West,HDFC Bank,1797,50-59,4
204457,43.0,Business,Pune,North,HDFC Bank,1239,40-49,3
204458,56.0,Employee,Nagpur,West,HDFC Bank,1213,50-59,4
204459,38.0,Employee,Mumbai,West,HDFC Bank,1615,30-39,2
204460,70.0,Individual,Nashik,West,HDFC Bank,1360,70-79,6
204461,66.0,Business,Solapur,West,HDFC Bank,1363,60-69,5
204462,79.0,Individual,Pune,West,HDFC Bank,1733,70-79,6
204463,59.0,Employee,Mumbai,East,HDFC Bank,1851,50-59,4
204464,60.0,Business,Kolhapur,South,HDFC Bank,1859,60-69,5
204465,71.0,Employee,Solapur,East,HDFC Bank,1700,70-79,6
204466,79.0,Individual,Solapur,North,HDFC Bank,1326,70-79,6
204467,58.0,Business,Solapur,South,HDFC Bank,1835,50-59,4
204468,26.0,Individual,Unknown,North,HDFC Bank,1475,18-29,1
204469,41.0,Employee,Nagpur,West,HDFC Bank,1822,40-49,3
204470,54.0,Employee,Nagpur,North,HDFC Bank,1610,50-59,4
204471,66.0,Employee,Nagpur,East,HDFC Bank,1096,60-69,5
204472,58.0,Business,Mumbai,East,HDFC Bank,1326,50-59,4
204473,34.0,Individual,Nagpur,West,HDFC Bank,1072,30-39,2
204474,41.0,Individual,Pune,West,HDFC Bank,1993,40-49,3
204475,38.0,Employee,Solapur,South,HDFC Bank,1255,30-39,2
204476,68.0,Individual,Mumbai,East,HDFC Bank,1742,60-69,5
204477,76.0,Business,Kolhapur,East,HDFC Bank,1169,70-79,6
204478,56.0,Employee,Nagpur,South,HDFC Bank,1993,50-59,4
204479,72.0,Employee,Kolhapur,East,HDFC Bank,1332,70-79,6
204480,58.0,Employee,Solapur,South,HDFC Bank,1156,50-59,4
204481,,Business,Mumbai,East,HDFC Bank,1418,Unknown,7
204482,30.0,Employee,Solapur,North,HDFC Bank,1940,30-39,2
204483,28.0,Employee,Kolhapur,North,HDFC Bank,1457,18-29,1
204484,63.0,Employee,Mumbai,South,HDFC Bank,1733,60-69,5
204485,36.0,Unknown,Nashik,South,HDFC Bank,1875,30-39,2
204486,28.0,Individual,Mumbai,West,HDFC Bank,1857,18-29,1
204487,30.0,Employee,Nagpur,East,HDFC Bank,1098,30-39,2
204488,,Business,Kolhapur,North,HDFC Bank,1731,Unknown,7
204489,62.0,Employee,Solapur,West,HDFC Bank,1924,60-69,5
204490,18.0,Employee,Solapur,East,HDFC Bank,1243,18-29,1
204491,57.0,Individual,Solapur,North,HDFC Bank,1965,50-59,4
204492,61.0,Employee,Pune,East,HDFC Bank,1770,60-69,5
204493,36.0,Individual,Pune,South,HDFC Bank,1476,30-39,2
204494,29.0,Business,Nagpur,North,HDFC Bank,1440,18-29,1
204495,25.0,Individual,Nashik,North,HDFC Bank,1193,18-29,1
204496,25.0,Employee,Pune,West,HDFC Bank,1374,18-29,1
204497,78.0,Business,Mumbai,East,HDFC Bank,1661,70-79,6
204498,70.0,Employee,Kolhapur,South,HDFC Bank,1366,70-79,6
204499,62.0,Individual,Nagpur,South,HDFC Bank,1154,60-69,5
204500,29.0,Business,Nashik,East,HDFC Bank,1498,18-29,1
204501,78.0,Business,Mumbai,East,HDFC Bank,1533,70-79,6
204502,65.0,Individual,Solapur,South,HDFC Bank,1457,60-69,5
204503,50.0,Individual,Pune,East,HDFC Bank,1627,50-59,4
204504,62.0,Business,Mumbai,West,HDFC Bank,1112,60-69,5
204505,43.0,Business,Nashik,East,HDFC Bank,1944,40-49,3
204506,56.0,Individual,Nagpur,West,HDFC Bank,1722,50-59,4
204507,45.0,Employee,Mumbai,West,HDFC Bank,1023,40-49,3
204508,75.0,Business,Nagpur,East,HDFC Bank,1282,70-79,6
204509,22.0,Individual,Solapur,North,HDFC Bank,1291,18-29,1
204510,25.0,Employee,Nashik,North,HDFC Bank,1362,18-29,1
204511,42.0,Business,Nashik,West,HDFC Bank,1400,40-49,3
204512,44.0,Business,Pune,East,HDFC Bank,1567,40-49,3
204513,63.0,Individual,Kolhapur,West,HDFC Bank,1265,60-69,5
204514,40.0,Employee,Nashik,East,HDFC Bank,1053,40-49,3
204515,47.0,Business,Mumbai,East,HDFC Bank,1848,40-49,3
204516,62.0,Employee,Unknown,South,HDFC Bank,1619,60-69,5
204517,64.0,Employee,Mumbai,North,HDFC Bank,1713,60-69,5
204518,40.0,Business,Solapur,North,HDFC Bank,1713,40-49,3
204519,66.0,Employee,Nashik,South,HDFC Bank,1421,60-69,5
204520,64.0,Business,Nashik,South,HDFC Bank,1848,60-69,5
204521,37.0,Employee,Mumbai,South,HDFC Bank,1894,30-39,2
204522,35.0,Unknown,Pune,West,HDFC Bank,1473,30-39,2
204523,35.0,Individual,Pune,West,HDFC Bank,1729,30-39,2
204524,19.0,Business,Nashik,West,HDFC Bank,1242,18-29,1
204525,21.0,Business,Nashik,West,HDFC Bank,1353,18-29,1
204526,47.0,Business,Nagpur,West,HDFC Bank,1387,40-49,3
204527,50.0,Unknown,Nashik,North,HDFC Bank,1177,50-59,4
204528,53.0,Individual,Mumbai,North,HDFC Bank,1474,50-59,4
204529,,Employee,Kolhapur,East,HDFC Bank,1572,Unknown,7
204530,54.0,Employee,Solapur,North,HDFC Bank,1404,50-59,4
204531,36.0,Business,Nashik,South,HDFC Bank,1035,30-39,2
204532,64.0,Employee,Nashik,North,HDFC Bank,1357,60-69,5
204533,45.0,Business,Mumbai,South,HDFC Bank,1557,40-49,3
204534,57.0,Individual,Nagpur,North,HDFC Bank,1606,50-59,4
204535,37.0,Employee,Kolhapur,West,HDFC Bank,1326,30-39,2
204536,66.0,Employee,Nashik,North,HDFC Bank,1043,60-69,5
204537,50.0,Employee,Pune,East,HDFC Bank,1319,50-59,4
204538,29.0,Business,Pune,West,HDFC Bank,1737,18-29,1
204539,,Business,Pune,West,HDFC Bank,1657,Unknown,7
204540,68.0,Employee,Unknown,East,HDFC Bank,1471,60-69,5
204541,32.0,Employee,Solapur,North,HDFC Bank,1268,30-39,2
204542,58.0,Individual,Kolhapur,North,HDFC Bank,1524,50-59,4
204543,56.0,Individual,Nashik,East,HDFC Bank,1024,50-59,4
204544,19.0,Individual,Unknown,West,HDFC Bank,1772,18-29,1
204545,46.0,Individual,Nashik,East,HDFC Bank,1639,40-49,3
204546,58.0,Individual,Solapur,South,HDFC Bank,1550,50-59,4
204547,27.0,Business,Kolhapur,South,HDFC Bank,1156,18-29,1
204548,19.0,Individual,Nashik,North,HDFC Bank,1875,18-29,1
204549,68.0,Individual,Mumbai,West,HDFC Bank,1184,60-69,5
204550,28.0,Employee,Nagpur,South,HDFC Bank,1173,18-29,1
204551,30.0,Business,Pune,East,HDFC Bank,1928,30-39,2
204552,27.0,Individual,Pune,North,HDFC Bank,1983,18-29,1
204553,31.0,Unknown,Mumbai,North,HDFC Bank,1393,30-39,2
204554,35.0,Individual,Nashik,West,HDFC Bank,1185,30-39,2
204555,68.0,Employee,Kolhapur,South,HDFC Bank,1280,60-69,5
204556,71.0,Employee,Kolhapur,North,HDFC Bank,1585,70-79,6
204557,26.0,Employee,Solapur,East,HDFC Bank,1294,18-29,1
204558,74.0,Individual,Nashik,South,HDFC Bank,1527,70-79,6
204559,56.0,Employee,Kolhapur,North,HDFC Bank,1187,50-59,4
204560,45.0,Individual,Nashik,North,HDFC Bank,1411,40-49,3
204561,20.0,Business,Pune,South,HDFC Bank,1971,18-29,1
204562,37.0,Unknown,Pune,South,HDFC Bank,1683,30-39,2
204563,23.0,Employee,Solapur,West,HDFC Bank,1185,18-29,1
204564,44.0,Business,Pune,East,HDFC Bank,1543,40-49,3
204565,70.0,Individual,Nashik,West,HDFC Bank,1574,70-79,6
204566,19.0,Business,Mumbai,West,HDFC Bank,1860,18-29,1
204567,46.0,Business,Solapur,East,HDFC Bank,1300,40-49,3
204568,55.0,Business,Mumbai,East,HDFC Bank,1308,50-59,4
204569,20.0,Individual,Nashik,West,HDFC Bank,1188,18-29,1
204570,33.0,Employee,Solapur,South,HDFC Bank,1817,30-39,2
204571,47.0,Individual,Mumbai,East,HDFC Bank,1410,40-49,3
204572,57.0,Employee,Solapur,West,HDFC Bank,1537,50-59,4
204573,19.0,Individual,Nashik,South,HDFC Bank,1386,18-29,1
204574,34.0,Individual,Kolhapur,North,HDFC Bank,1857,30-39,2
204575,58.0,Individual,Solapur,South,HDFC Bank,1550,50-59,4
204576,79.0,Employee,Kolhapur,West,HDFC Bank,1192,70-79,6
204577,29.0,Individual,Nashik,East,HDFC Bank,1162,18-29,1
204578,52.0,Business,Solapur,South,HDFC Bank,1052,50-59,4
204579,60.0,Individual,Solapur,South,HDFC Bank,1474,60-69,5
204580,18.0,Business,Kolhapur,South,HDFC Bank,1173,18-29,1
204581,72.0,Employee,Pune,East,HDFC Bank,1195,70-79,6
204582,62.0,Employee,Kolhapur,East,HDFC Bank,1210,60-69,5
204583,32.0,Individual,Kolhapur,South,HDFC Bank,1789,30-39,2
204584,43.0,Individual,Kolhapur,South,HDFC Bank,1699,40-49,3
204585,,Individual,Nashik,West,HDFC Bank,1389,Unknown,7
204586,38.0,Business,Nagpur,East,HDFC Bank,1307,30-39,2
204587,79.0,Employee,Kolhapur,South,HDFC Bank,1456,70-79,6
204588,66.0,Business,Unknown,East,HDFC Bank,1330,60-69,5
204589,48.0,Business,Mumbai,East,HDFC Bank,1725,40-49,3
204590,42.0,Individual,Pune,East,HDFC Bank,1494,40-49,3
204591,40.0,Individual,Kolhapur,West,HDFC Bank,1328,40-49,3
204592,41.0,Business,Kolhapur,North,HDFC Bank,1028,40-49,3
204593,74.0,Business,Pune,East,HDFC Bank,1682,70-79,6
204594,55.0,Individual,Kolhapur,East,HDFC Bank,1121,50-59,4
204595,45.0,Individual,Solapur,South,HDFC Bank,1457,40-49,3
204596,38.0,Business,Nagpur,East,HDFC Bank,1417,30-39,2
204597,71.0,Individual,Kolhapur,North,HDFC Bank,1158,70-79,6
204598,60.0,Individual,Pune,East,HDFC Bank,1597,60-69,5
204599,35.0,Business,Unknown,West,HDFC Bank,1813,30-39,2
204600,53.0,Business,Nashik,South,HDFC Bank,1515,50-59,4
204601,52.0,Employee,Solapur,North,HDFC Bank,1001,50-59,4
204602,62.0,Business,Solapur,West,HDFC Bank,1644,60-69,5
204603,72.0,Individual,Nagpur,North,HDFC Bank,1301,70-79,6
204604,26.0,Business,Nashik,South,HDFC Bank,1078,18-29,1
204605,70.0,Unknown,Nashik,East,HDFC Bank,1658,70-79,6
204606,55.0,Business,Nagpur,South,HDFC Bank,1677,50-59,4
204607,75.0,Employee,Mumbai,South,HDFC Bank,1314,70-79,6
204608,47.0,Employee,Kolhapur,East,HDFC Bank,1974,40-49,3
204609,77.0,Individual,Nashik,West,HDFC Bank,1749,70-79,6
204610,61.0,Employee,Mumbai,North,HDFC Bank,1327,60-69,5
204611,,Business,Mumbai,West,HDFC Bank,1275,Unknown,7
204612,49.0,Employee,Solapur,East,HDFC Bank,1715,40-49,3
204613,20.0,Business,Kolhapur,North,HDFC Bank,1451,18-29,1
204614,20.0,Employee,Solapur,East,HDFC Bank,1564,18-29,1
204615,45.0,Employee,Pune,West,HDFC Bank,1485,40-49,3
204616,61.0,Employee,Solapur,South,HDFC Bank,1106,60-69,5
204617,32.0,Business,Nashik,North,HDFC Bank,1566,30-39,2
204618,58.0,Employee,Nashik,East,HDFC Bank,1245,50-59,4
204619,40.0,Business,Kolhapur,North,HDFC Bank,1934,40-49,3
204620,57.0,Business,Mumbai,North,HDFC Bank,1888,50-59,4
204621,28.0,Individual,Nashik,West,HDFC Bank,1163,18-29,1
204622,65.0,Employee,Solapur,South,HDFC Bank,1953,60-69,5
204623,49.0,Individual,Solapur,North,HDFC Bank,1526,40-49,3
204624,75.0,Unknown,Kolhapur,West,HDFC Bank,1000,70-79,6
204625,76.0,Business,Solapur,North,HDFC Bank,1862,70-79,6
204626,74.0,Employee,Nagpur,South,HDFC Bank,1136,70-79,6
204627,71.0,Unknown,Kolhapur,North,HDFC Bank,1150,70-79,6
204628,53.0,Business,Kolhapur,South,HDFC Bank,1179,50-59,4
204629,77.0,Employee,Unknown,West,HDFC Bank,1921,70-79,6
204630,50.0,Business,Kolhapur,West,HDFC Bank,1743,50-59,4
204631,41.0,Employee,Pune,South,HDFC Bank,1486,40-49,3
204632,56.0,Employee,Nashik,South,HDFC Bank,1699,50-59,4
204633,51.0,Business,Nashik,West,HDFC Bank,1017,50-59,4
204634,73.0,Business,Nagpur,South,HDFC Bank,1224,70-79,6
204635,45.0,Individual,Nashik,South,HDFC Bank,1104,40-49,3
204636,54.0,Business,Mumbai,East,HDFC Bank,1998,50-59,4
204637,24.0,Employee,Solapur,North,HDFC Bank,1717,18-29,1
204638,21.0,Individual,Solapur,West,HDFC Bank,1697,18-29,1
204639,54.0,Employee,Kolhapur,West,HDFC Bank,1064,50-59,4
204640,73.0,Individual,Nagpur,East,HDFC Bank,1332,70-79,6
204641,18.0,Business,Solapur,South,HDFC Bank,1371,18-29,1
204642,,Business,Mumbai,South,HDFC Bank,1206,Unknown,7
204643,64.0,Business,Nagpur,South,HDFC Bank,1228,60-69,5
204644,37.0,Employee,Pune,West,HDFC Bank,1580,30-39,2
204645,36.0,Individual,Solapur,East,HDFC Bank,1141,30-39,2
204646,46.0,Employee,Nashik,North,HDFC Bank,1717,40-49,3
204647,27.0,Individual,Mumbai,East,HDFC Bank,1685,18-29,1
204648,77.0,Business,Mumbai,West,HDFC Bank,1708,70-79,6
204649,35.0,Employee,Solapur,North,HDFC Bank,1330,30-39,2
204650,45.0,Business,Kolhapur,South,HDFC Bank,1927,40-49,3
204651,52.0,Employee,Unknown,East,HDFC Bank,1818,50-59,4
204652,60.0,Business,Nashik,East,HDFC Bank,1708,60-69,5
204653,64.0,Employee,Pune,West,HDFC Bank,1739,60-69,5
204654,48.0,Employee,Pune,East,HDFC Bank,1270,40-49,3
204655,44.0,Individual,Solapur,North,HDFC Bank,1948,40-49,3
204656,79.0,Business,Nashik,East,HDFC Bank,1710,70-79,6
204657,28.0,Individual,Solapur,West,HDFC Bank,1324,18-29,1
204658,66.0,Individual,Solapur,East,HDFC Bank,1989,60-69,5
204659,66.0,Business,Kolhapur,North,HDFC Bank,1526,60-69,5
204660,55.0,Employee,Mumbai,North,HDFC Bank,1797,50-59,4
204661,22.0,Individual,Kolhapur,West,HDFC Bank,1845,18-29,1
204662,25.0,Business,Kolhapur,South,HDFC Bank,1919,18-29,1
204663,51.0,Employee,Solapur,West,HDFC Bank,1727,50-59,4
204664,65.0,Individual,Kolhapur,South,HDFC Bank,1546,60-69,5
204665,69.0,Individual,Kolhapur,North,HDFC Bank,1068,60-69,5
204666,73.0,Unknown,Nagpur,East,HDFC Bank,1907,70-79,6
204667,29.0,Employee,Nashik,East,HDFC Bank,1211,18-29,1
204668,55.0,Individual,Mumbai,North,HDFC Bank,1557,50-59,4
204669,,Employee,Nashik,West,HDFC Bank,1381,Unknown,7
204670,48.0,Individual,Mumbai,East,HDFC Bank,1964,40-49,3
204671,,Business,Nagpur,West,HDFC Bank,1759,Unknown,7
204672,66.0,Individual,Solapur,East,HDFC Bank,1419,60-69,5
204673,62.0,Business,Mumbai,South,HDFC Bank,1596,60-69,5
204674,67.0,Business,Mumbai,East,HDFC Bank,1047,60-69,5
204675,22.0,Business,Unknown,South,HDFC Bank,1230,18-29,1
204676,47.0,Employee,Nagpur,East,HDFC Bank,1578,40-49,3
204677,73.0,Business,Nashik,East,HDFC Bank,1476,70-79,6
204678,41.0,Individual,Nagpur,East,HDFC Bank,1949,40-49,3
204679,76.0,Employee,Mumbai,East,HDFC Bank,1088,70-79,6
204680,20.0,Business,Kolhapur,East,HDFC Bank,1730,18-29,1
204681,,Employee,Mumbai,West,HDFC Bank,1931,Unknown,7
204682,62.0,Employee,Unknown,South,HDFC Bank,1051,60-69,5
204683,21.0,Employee,Solapur,South,HDFC Bank,1533,18-29,1
204684,43.0,Unknown,Nagpur,East,HDFC Bank,1421,40-49,3
204685,,Business,Kolhapur,West,HDFC Bank,1610,Unknown,7
204686,,Employee,Nagpur,West,HDFC Bank,1445,Unknown,7
204687,71.0,Employee,Pune,North,HDFC Bank,1960,70-79,6
204688,60.0,Employee,Nashik,North,HDFC Bank,1130,60-69,5
204689,44.0,Business,Pune,West,HDFC Bank,1599,40-49,3
204690,59.0,Employee,Kolhapur,North,HDFC Bank,1647,50-59,4
204691,68.0,Employee,Pune,South,HDFC Bank,1373,60-69,5
204692,67.0,Individual,Nashik,West,HDFC Bank,1550,60-69,5
204693,23.0,Business,Kolhapur,North,HDFC Bank,1529,18-29,1
204694,76.0,Individual,Solapur,West,HDFC Bank,1104,70-79,6
204695,78.0,Business,Solapur,North,HDFC Bank,1386,70-79,6
204696,32.0,Business,Nashik,West,HDFC Bank,1657,30-39,2
204697,70.0,Business,Nashik,East,HDFC Bank,1335,70-79,6
204698,47.0,Individual,Kolhapur,South,HDFC Bank,1735,40-49,3
204699,59.0,Individual,Nagpur,North,HDFC Bank,1116,50-59,4
204700,54.0,Individual,Kolhapur,East,HDFC Bank,1000,50-59,4
204701,75.0,Individual,Nagpur,West,HDFC Bank,1628,70-79,6
204702,78.0,Employee,Unknown,East,HDFC Bank,1895,70-79,6
204703,54.0,Employee,Nagpur,South,HDFC Bank,1537,50-59,4
204704,59.0,Employee,Kolhapur,North,HDFC Bank,1435,50-59,4
204705,77.0,Business,Mumbai,North,HDFC Bank,1495,70-79,6
204706,,Employee,Mumbai,West,HDFC Bank,1011,Unknown,7
204707,52.0,Business,Solapur,South,HDFC Bank,1293,50-59,4
204708,40.0,Individual,Mumbai,East,HDFC Bank,1507,40-49,3
204709,23.0,Business,Mumbai,West,HDFC Bank,1852,18-29,1
204710,21.0,Business,Nagpur,North,HDFC Bank,1680,18-29,1
204711,35.0,Employee,Nagpur,East,HDFC Bank,1564,30-39,2
204712,77.0,Individual,Nashik,West,HDFC Bank,1780,70-79,6
204713,26.0,Individual,Nagpur,East,HDFC Bank,1759,18-29,1
204714,66.0,Employee,Kolhapur,East,HDFC Bank,1127,60-69,5
204715,46.0,Individual,Nashik,West,HDFC Bank,1075,40-49,3
204716,,Individual,Nashik,East,HDFC Bank,1268,Unknown,7
204717,76.0,Individual,Mumbai,East,HDFC Bank,1145,70-79,6
204718,,Employee,Nagpur,South,HDFC Bank,1914,Unknown,7
204719,,Individual,Mumbai,South,HDFC Bank,1402,Unknown,7
204720,69.0,Business,Nagpur,North,HDFC Bank,1498,60-69,5
204721,34.0,Business,Mumbai,South,HDFC Bank,1965,30-39,2
204722,62.0,Individual,Mumbai,West,HDFC Bank,1559,60-69,5
204723,49.0,Employee,Mumbai,East,HDFC Bank,1198,40-49,3
204724,65.0,Employee,Kolhapur,North,HDFC Bank,1582,60-69,5
204725,39.0,Unknown,Solapur,South,HDFC Bank,1923,30-39,2
204726,21.0,Individual,Mumbai,East,HDFC Bank,1502,18-29,1
204727,22.0,Individual,Unknown,West,HDFC Bank,1603,18-29,1
204728,54.0,Business,Pune,East,HDFC Bank,1402,50-59,4
204729,58.0,Employee,Pune,West,HDFC Bank,1975,50-59,4
204730,66.0,Business,Kolhapur,East,HDFC Bank,1208,60-69,5
204731,30.0,Business,Unknown,North,HDFC Bank,1341,30-39,2
204732,,Employee,Mumbai,North,HDFC Bank,1850,Unknown,7
204733,62.0,Individual,Pune,South,HDFC Bank,1047,60-69,5
204734,39.0,Individual,Kolhapur,South,HDFC Bank,1540,30-39,2
204735,70.0,Business,Nashik,East,HDFC Bank,1175,70-79,6
204736,76.0,Business,Pune,East,HDFC Bank,1510,70-79,6
204737,40.0,Business,Nagpur,South,HDFC Bank,1018,40-49,3
204738,68.0,Business,Solapur,South,HDFC Bank,1494,60-69,5
204739,20.0,Employee,Mumbai,East,HDFC Bank,1354,18-29,1
204740,59.0,Business,Solapur,East,HDFC Bank,1558,50-59,4
204741,51.0,Business,Solapur,East,HDFC Bank,1344,50-59,4
204742,49.0,Individual,Nagpur,North,HDFC Bank,1059,40-49,3
204743,62.0,Individual,Nagpur,West,HDFC Bank,1687,60-69,5
204744,68.0,Individual,Nagpur,West,HDFC Bank,1766,60-69,5
204745,75.0,Employee,Nashik,South,HDFC Bank,1915,70-79,6
204746,,Employee,Pune,North,HDFC Bank,1228,Unknown,7
204747,38.0,Individual,Mumbai,East,HDFC Bank,1146,30-39,2
204748,63.0,Individual,Nagpur,East,HDFC Bank,1297,60-69,5
204749,61.0,Business,Kolhapur,South,HDFC Bank,1332,60-69,5
204750,38.0,Business,Mumbai,South,HDFC Bank,1750,30-39,2
204751,61.0,Employee,Mumbai,North,HDFC Bank,1331,60-69,5
204752,28.0,Employee,Mumbai,West,HDFC Bank,1432,18-29,1
204753,56.0,Business,Nagpur,West,HDFC Bank,1398,50-59,4
204754,21.0,Individual,Nagpur,East,HDFC Bank,1699,18-29,1
204755,68.0,Business,Pune,South,HDFC Bank,1835,60-69,5
204756,18.0,Employee,Nagpur,North,HDFC Bank,1334,18-29,1
204757,45.0,Unknown,Nagpur,East,HDFC Bank,1208,40-49,3
204758,41.0,Business,Mumbai,West,HDFC Bank,1410,40-49,3
204759,,Business,Pune,West,HDFC Bank,1586,Unknown,7
204760,52.0,Business,Solapur,North,HDFC Bank,1694,50-59,4
204761,30.0,Employee,Nagpur,East,HDFC Bank,1598,30-39,2
204762,64.0,Individual,Kolhapur,North,HDFC Bank,1270,60-69,5
204763,51.0,Business,Nagpur,East,HDFC Bank,1179,50-59,4
204764,28.0,Employee,Solapur,West,HDFC Bank,1414,18-29,1
204765,,Employee,Mumbai,South,HDFC Bank,1756,Unknown,7
204766,68.0,Employee,Pune,South,HDFC Bank,1345,60-69,5
204767,78.0,Business,Unknown,West,HDFC Bank,1518,70-79,6
204768,34.0,Business,Nashik,South,HDFC Bank,1780,30-39,2
204769,52.0,Individual,Nagpur,South,HDFC Bank,1437,50-59,4
204770,77.0,Employee,Kolhapur,East,HDFC Bank,1012,70-79,6
204771,35.0,Business,Nashik,North,HDFC Bank,1403,30-39,2
204772,57.0,Employee,Nagpur,East,HDFC Bank,1737,50-59,4
204773,39.0,Employee,Nashik,North,HDFC Bank,1777,30-39,2
204774,74.0,Individual,Solapur,North,HDFC Bank,1753,70-79,6
204775,41.0,Business,Nagpur,South,HDFC Bank,1379,40-49,3
204776,75.0,Business,Kolhapur,North,HDFC Bank,1691,70-79,6
204777,36.0,Employee,Nagpur,North,HDFC Bank,1420,30-39,2
204778,54.0,Employee,Nashik,West,HDFC Bank,1179,50-59,4
204779,56.0,Individual,Pune,North,HDFC Bank,1637,50-59,4
204780,38.0,Individual,Nashik,West,HDFC Bank,1282,30-39,2
204781,25.0,Individual,Nagpur,East,HDFC Bank,1417,18-29,1
204782,45.0,Individual,Nagpur,South,HDFC Bank,1355,40-49,3
204783,22.0,Individual,Pune,North,HDFC Bank,1701,18-29,1
204784,34.0,Individual,Mumbai,West,HDFC Bank,1015,30-39,2
204785,54.0,Employee,Pune,East,HDFC Bank,1314,50-59,4
204786,53.0,Individual,Mumbai,East,HDFC Bank,1532,50-59,4
204787,71.0,Employee,Kolhapur,East,HDFC Bank,1015,70-79,6
204788,36.0,Employee,Nagpur,West,HDFC Bank,1464,30-39,2
204789,44.0,Unknown,Solapur,West,HDFC Bank,1462,40-49,3
204790,70.0,Employee,Solapur,South,HDFC Bank,1780,70-79,6
204791,51.0,Employee,Nashik,North,HDFC Bank,1544,50-59,4
204792,28.0,Individual,Pune,East,HDFC Bank,1693,18-29,1
204793,71.0,Employee,Pune,South,HDFC Bank,1068,70-79,6
204794,62.0,Individual,Unknown,West,HDFC Bank,1410,60-69,5
204795,64.0,Individual,Mumbai,South,HDFC Bank,1051,60-69,5
204796,29.0,Individual,Pune,East,HDFC Bank,1064,18-29,1
204797,71.0,Business,Mumbai,East,HDFC Bank,1811,70-79,6
204798,38.0,Individual,Mumbai,South,HDFC Bank,1925,30-39,2
204799,71.0,Unknown,Mumbai,East,HDFC Bank,1918,70-79,6
204800,28.0,Individual,Mumbai,West,HDFC Bank,1846,18-29,1
204801,56.0,Individual,Nashik,East,HDFC Bank,1739,50-59,4
204802,45.0,Individual,Nashik,North,HDFC Bank,1466,40-49,3
204803,22.0,Unknown,Solapur,North,HDFC Bank,1733,18-29,1
204804,34.0,Employee,Nashik,East,HDFC Bank,1271,30-39,2
204805,73.0,Business,Kolhapur,South,HDFC Bank,1438,70-79,6
204806,37.0,Employee,Pune,East,HDFC Bank,1529,30-39,2
204807,58.0,Business,Kolhapur,North,HDFC Bank,1729,50-59,4
204808,63.0,Employee,Unknown,West,HDFC Bank,1272,60-69,5
204809,75.0,Business,Pune,North,HDFC Bank,1458,70-79,6
204810,29.0,Individual,Pune,East,HDFC Bank,1819,18-29,1
204811,23.0,Business,Mumbai,East,HDFC Bank,1172,18-29,1
204812,34.0,Business,Solapur,South,HDFC Bank,1567,30-39,2
204813,68.0,Individual,Mumbai,East,HDFC Bank,1860,60-69,5
204814,36.0,Individual,Mumbai,East,HDFC Bank,1949,30-39,2
204815,43.0,Employee,Kolhapur,West,HDFC Bank,1520,40-49,3
204816,65.0,Employee,Nashik,West,HDFC Bank,1496,60-69,5
204817,61.0,Employee,Kolhapur,West,HDFC Bank,1912,60-69,5
204818,61.0,Business,Nashik,South,HDFC Bank,1794,60-69,5
204819,69.0,Employee,Kolhapur,South,HDFC Bank,1804,60-69,5
204820,49.0,Business,Pune,North,HDFC Bank,1533,40-49,3
204821,23.0,Business,Nashik,South,HDFC Bank,1071,18-29,1
204822,72.0,Employee,Nashik,West,HDFC Bank,1962,70-79,6
204823,75.0,Employee,Kolhapur,South,HDFC Bank,1933,70-79,6
204824,53.0,Business,Nagpur,East,HDFC Bank,1866,50-59,4
204825,55.0,Individual,Pune,South,HDFC Bank,1991,50-59,4
204826,28.0,Individual,Unknown,East,HDFC Bank,1839,18-29,1
204827,50.0,Business,Nagpur,North,HDFC Bank,1171,50-59,4
204828,79.0,Employee,Unknown,East,HDFC Bank,1634,70-79,6
204829,41.0,Business,Kolhapur,West,HDFC Bank,1602,40-49,3
204830,40.0,Business,Pune,North,HDFC Bank,1735,40-49,3
204831,32.0,Employee,Kolhapur,North,HDFC Bank,1291,30-39,2
204832,44.0,Individual,Solapur,North,HDFC Bank,1865,40-49,3
204833,28.0,Business,Solapur,West,HDFC Bank,1251,18-29,1
204834,74.0,Individual,Nagpur,East,HDFC Bank,1408,70-79,6
204835,68.0,Individual,Nashik,North,HDFC Bank,1990,60-69,5
204836,67.0,Employee,Solapur,West,HDFC Bank,1809,60-69,5
204837,34.0,Business,Kolhapur,North,HDFC Bank,1366,30-39,2
204838,68.0,Business,Nagpur,North,HDFC Bank,1255,60-69,5
204839,70.0,Individual,Solapur,West,HDFC Bank,1524,70-79,6
204840,31.0,Individual,Mumbai,South,HDFC Bank,1439,30-39,2
204841,44.0,Employee,Nagpur,North,HDFC Bank,1334,40-49,3
204842,35.0,Individual,Unknown,South,HDFC Bank,1629,30-39,2
204843,45.0,Employee,Solapur,North,HDFC Bank,1434,40-49,3
204844,68.0,Unknown,Pune,South,HDFC Bank,1689,60-69,5
204845,64.0,Employee,Nagpur,East,HDFC Bank,1460,60-69,5
204846,64.0,Individual,Solapur,South,HDFC Bank,1307,60-69,5
204847,21.0,Business,Pune,South,HDFC Bank,1672,18-29,1
204848,24.0,Employee,Nashik,South,HDFC Bank,1094,18-29,1
204849,62.0,Business,Nashik,South,HDFC Bank,1408,60-69,5
204850,52.0,Employee,Unknown,East,HDFC Bank,1879,50-59,4
204851,65.0,Individual,Kolhapur,West,HDFC Bank,1825,60-69,5
204852,26.0,Individual,Nagpur,South,HDFC Bank,1167,18-29,1
204853,25.0,Business,Kolhapur,West,HDFC Bank,1086,18-29,1
204854,69.0,Unknown,Kolhapur,North,HDFC Bank,1933,60-69,5
204855,62.0,Business,Pune,West,HDFC Bank,1002,60-69,5
204856,34.0,Employee,Mumbai,South,HDFC Bank,1371,30-39,2
204857,34.0,Individual,Nagpur,West,HDFC Bank,1527,30-39,2
204858,66.0,Business,Nashik,East,HDFC Bank,1641,60-69,5
204859,50.0,Business,Kolhapur,East,HDFC Bank,1022,50-59,4
204860,49.0,Unknown,Pune,South,HDFC Bank,1097,40-49,3
204861,25.0,Employee,Kolhapur,West,HDFC Bank,1669,18-29,1
204862,36.0,Business,Solapur,North,HDFC Bank,1750,30-39,2
204863,55.0,Business,Nashik,East,HDFC Bank,1521,50-59,4
204864,20.0,Employee,Kolhapur,South,HDFC Bank,1320,18-29,1
204865,76.0,Employee,Solapur,East,HDFC Bank,1533,70-79,6
204866,22.0,Business,Solapur,South,HDFC Bank,1819,18-29,1
204867,30.0,Business,Pune,West,HDFC Bank,1366,30-39,2
204868,64.0,Employee,Pune,West,HDFC Bank,1183,60-69,5
204869,63.0,Individual,Solapur,West,HDFC Bank,1416,60-69,5
204870,78.0,Employee,Mumbai,West,HDFC Bank,1728,70-79,6
204871,48.0,Individual,Kolhapur,West,HDFC Bank,1213,40-49,3
204872,72.0,Business,Solapur,South,HDFC Bank,1847,70-79,6
204873,33.0,Business,Solapur,East,HDFC Bank,1669,30-39,2
204874,67.0,Individual,Pune,North,HDFC Bank,1209,60-69,5
204875,49.0,Employee,Kolhapur,East,HDFC Bank,1919,40-49,3
204876,39.0,Business,Nagpur,West,HDFC Bank,1132,30-39,2
204877,46.0,Individual,Nashik,East,HDFC Bank,1052,40-49,3
204878,,Employee,Pune,East,HDFC Bank,1740,Unknown,7
204879,60.0,Individual,Kolhapur,South,HDFC Bank,1694,60-69,5
204880,20.0,Employee,Kolhapur,North,HDFC Bank,1022,18-29,1
204881,71.0,Employee,Mumbai,North,HDFC Bank,1105,70-79,6
204882,27.0,Employee,Nashik,West,HDFC Bank,1602,18-29,1
204883,59.0,Employee,Pune,South,HDFC Bank,1630,50-59,4
204884,79.0,Individual,Pune,South,HDFC Bank,1459,70-79,6
204885,38.0,Individual,Nagpur,South,HDFC Bank,1649,30-39,2
204886,33.0,Individual,Mumbai,South,HDFC Bank,1481,30-39,2
204887,29.0,Individual,Mumbai,South,HDFC Bank,1119,18-29,1
204888,19.0,Unknown,Kolhapur,North,HDFC Bank,1672,18-29,1
204889,,Employee,Kolhapur,North,HDFC Bank,1207,Unknown,7
204890,41.0,Business,Pune,East,HDFC Bank,1860,40-49,3
204891,52.0,Business,Nagpur,North,HDFC Bank,1317,50-59,4
204892,73.0,Individual,Pune,South,HDFC Bank,1337,70-79,6
204893,47.0,Individual,Solapur,East,HDFC Bank,1154,40-49,3
204894,,Business,Kolhapur,North,HDFC Bank,1774,Unknown,7
204895,47.0,Employee,Solapur,East,HDFC Bank,1867,40-49,3
204896,64.0,Individual,Nagpur,North,HDFC Bank,1154,60-69,5
204897,52.0,Employee,Pune,West,HDFC Bank,1841,50-59,4
204898,36.0,Business,Kolhapur,North,HDFC Bank,1393,30-39,2
204899,67.0,Business,Nagpur,East,HDFC Bank,1504,60-69,5
204900,25.0,Individual,Pune,West,HDFC Bank,1970,18-29,1
204901,43.0,Employee,Pune,South,HDFC Bank,1312,40-49,3
204902,66.0,Individual,Solapur,East,HDFC Bank,1797,60-69,5
204903,57.0,Business,Nashik,South,HDFC Bank,1258,50-59,4
204904,24.0,Employee,Mumbai,South,HDFC Bank,1156,18-29,1
204905,47.0,Unknown,Kolhapur,East,HDFC Bank,1013,40-49,3
204906,24.0,Individual,Mumbai,South,HDFC Bank,1076,18-29,1
204907,20.0,Individual,Nagpur,East,HDFC Bank,1338,18-29,1
204908,18.0,Business,Mumbai,East,HDFC Bank,1408,18-29,1
204909,53.0,Individual,Solapur,North,HDFC Bank,1393,50-59,4
204910,,Employee,Nashik,West,HDFC Bank,1846,Unknown,7
204911,54.0,Individual,Kolhapur,South,HDFC Bank,1219,50-59,4
204912,18.0,Business,Unknown,South,HDFC Bank,1743,18-29,1
204913,32.0,Individual,Pune,West,HDFC Bank,1432,30-39,2
204914,54.0,Business,Solapur,West,HDFC Bank,1805,50-59,4
204915,30.0,Business,Kolhapur,West,HDFC Bank,1454,30-39,2
204916,57.0,Employee,Mumbai,West,HDFC Bank,1653,50-59,4
204917,25.0,Employee,Pune,West,HDFC Bank,1762,18-29,1
204918,22.0,Individual,Mumbai,North,HDFC Bank,1925,18-29,1
204919,77.0,Business,Solapur,East,HDFC Bank,1807,70-79,6
204920,26.0,Unknown,Pune,West,HDFC Bank,1139,18-29,1
204921,18.0,Employee,Nagpur,North,HDFC Bank,1987,18-29,1
204922,53.0,Employee,Nashik,West,HDFC Bank,1497,50-59,4
204923,52.0,Individual,Mumbai,West,HDFC Bank,1653,50-59,4
204924,19.0,Business,Kolhapur,South,HDFC Bank,1640,18-29,1
204925,57.0,Employee,Mumbai,South,HDFC Bank,1835,50-59,4
204926,40.0,Individual,Mumbai,South,HDFC Bank,1816,40-49,3
204927,26.0,Business,Mumbai,South,HDFC Bank,1529,18-29,1
204928,51.0,Business,Unknown,East,HDFC Bank,1754,50-59,4
204929,63.0,Employee,Solapur,East,HDFC Bank,1675,60-69,5
204930,31.0,Individual,Kolhapur,South,HDFC Bank,1831,30-39,2
204931,21.0,Employee,Solapur,South,HDFC Bank,1095,18-29,1
204932,47.0,Individual,Unknown,West,HDFC Bank,1027,40-49,3
204933,48.0,Business,Kolhapur,West,HDFC Bank,1987,40-49,3
204934,,Individual,Unknown,South,HDFC Bank,1229,Unknown,7
204935,28.0,Individual,Pune,South,HDFC Bank,1415,18-29,1
204936,52.0,Individual,Solapur,South,HDFC Bank,1455,50-59,4
204937,25.0,Individual,Pune,West,HDFC Bank,1024,18-29,1
204938,,Individual,Nagpur,South,HDFC Bank,1686,Unknown,7
204939,31.0,Employee,Solapur,South,HDFC Bank,1403,30-39,2
204940,77.0,Individual,Nagpur,East,HDFC Bank,1672,70-79,6
204941,30.0,Individual,Solapur,East,HDFC Bank,1541,30-39,2
204942,62.0,Business,Nagpur,West,HDFC Bank,1164,60-69,5
204943,49.0,Individual,Nashik,East,HDFC Bank,1207,40-49,3
204944,51.0,Business,Nagpur,West,HDFC Bank,1948,50-59,4
204945,62.0,Employee,Pune,North,HDFC Bank,1984,60-69,5
204946,78.0,Employee,Mumbai,South,HDFC Bank,1613,70-79,6
204947,36.0,Individual,Kolhapur,West,HDFC Bank,1372,30-39,2
204948,76.0,Unknown,Nagpur,East,HDFC Bank,1617,70-79,6
204949,55.0,Individual,Mumbai,North,HDFC Bank,1841,50-59,4
204950,33.0,Employee,Nashik,East,HDFC Bank,1068,30-39,2
204951,19.0,Individual,Nashik,West,HDFC Bank,1519,18-29,1
204952,57.0,Individual,Pune,North,HDFC Bank,1634,50-59,4
204953,34.0,Business,Pune,East,HDFC Bank,1352,30-39,2
204954,72.0,Business,Nagpur,North,HDFC Bank,1100,70-79,6
204955,51.0,Business,Solapur,South,HDFC Bank,1000,50-59,4
204956,59.0,Business,Nashik,South,HDFC Bank,1350,50-59,4
204957,77.0,Individual,Mumbai,North,HDFC Bank,1006,70-79,6
204958,33.0,Employee,Solapur,East,HDFC Bank,1317,30-39,2
204959,55.0,Individual,Nashik,East,HDFC Bank,1622,50-59,4
204960,77.0,Business,Nagpur,East,HDFC Bank,1854,70-79,6
204961,19.0,Business,Nashik,South,HDFC Bank,1508,18-29,1
204962,19.0,Employee,Pune,West,HDFC Bank,1185,18-29,1
204963,43.0,Business,Mumbai,West,HDFC Bank,1727,40-49,3
204964,30.0,Individual,Mumbai,North,HDFC Bank,1461,30-39,2
204965,,Individual,Pune,East,HDFC Bank,1342,Unknown,7
204966,64.0,Individual,Solapur,North,HDFC Bank,1634,60-69,5
204967,48.0,Individual,Pune,West,HDFC Bank,1712,40-49,3
204968,77.0,Individual,Mumbai,West,HDFC Bank,1007,70-79,6
204969,51.0,Employee,Nagpur,East,HDFC Bank,1575,50-59,4
204970,56.0,Individual,Solapur,North,HDFC Bank,1135,50-59,4
204971,20.0,Business,Kolhapur,East,HDFC Bank,1898,18-29,1
204972,25.0,Business,Nashik,West,HDFC Bank,1382,18-29,1
204973,40.0,Business,Kolhapur,West,HDFC Bank,1185,40-49,3
204974,31.0,Business,Nagpur,East,HDFC Bank,1638,30-39,2
204975,73.0,Employee,Kolhapur,North,HDFC Bank,1927,70-79,6
204976,79.0,Business,Solapur,South,HDFC Bank,1371,70-79,6
204977,72.0,Employee,Mumbai,East,HDFC Bank,1963,70-79,6
204978,44.0,Business,Mumbai,West,HDFC Bank,1560,40-49,3
204979,71.0,Employee,Nagpur,South,HDFC Bank,1165,70-79,6
204980,46.0,Employee,Kolhapur,East,HDFC Bank,1897,40-49,3
204981,56.0,Employee,Solapur,South,HDFC Bank,1638,50-59,4
204982,70.0,Business,Nashik,East,HDFC Bank,1904,70-79,6
204983,56.0,Employee,Kolhapur,West,HDFC Bank,1813,50-59,4
204984,18.0,Individual,Kolhapur,East,HDFC Bank,1320,18-29,1
204985,34.0,Individual,Nashik,South,HDFC Bank,1688,30-39,2
204986,58.0,Business,Pune,North,HDFC Bank,1714,50-59,4
204987,47.0,Individual,Nagpur,West,HDFC Bank,1156,40-49,3
204988,70.0,Individual,Solapur,West,HDFC Bank,1857,70-79,6
204989,30.0,Unknown,Nagpur,South,HDFC Bank,1730,30-39,2
204990,38.0,Business,Nashik,East,HDFC Bank,1997,30-39,2
204991,36.0,Business,Solapur,East,HDFC Bank,1284,30-39,2
204992,70.0,Individual,Mumbai,East,HDFC Bank,1800,70-79,6
204993,36.0,Business,Mumbai,West,HDFC Bank,1027,30-39,2
204994,,Employee,Solapur,West,HDFC Bank,1350,Unknown,7
204995,42.0,Individual,Nagpur,South,HDFC Bank,1082,40-49,3
204996,39.0,Business,Nagpur,East,HDFC Bank,1623,30-39,2
204997,48.0,Business,Mumbai,East,HDFC Bank,1665,40-49,3
204998,34.0,Individual,Mumbai,South,HDFC Bank,1369,30-39,2
204999,72.0,Business,Nashik,West,HDFC Bank,1540,70-79,6
205000,40.0,Individual,Solapur,West,HDFC Bank,1394,40-49,3
205001,49.0,Unknown,Unknown,North,HDFC Bank,1479,40-49,3
205002,79.0,Employee,Nashik,North,HDFC Bank,1212,70-79,6
205003,27.0,Individual,Nagpur,East,HDFC Bank,1613,18-29,1
205004,27.0,Employee,Mumbai,West,HDFC Bank,1929,18-29,1
205005,53.0,Individual,Solapur,East,HDFC Bank,1359,50-59,4
205006,25.0,Unknown,Pune,West,HDFC Bank,1213,18-29,1
205007,71.0,Employee,Solapur,North,HDFC Bank,1303,70-79,6
205008,69.0,Unknown,Kolhapur,South,HDFC Bank,1154,60-69,5
205009,37.0,Individual,Pune,West,HDFC Bank,1379,30-39,2
205010,49.0,Unknown,Nashik,North,HDFC Bank,1199,40-49,3
205011,67.0,Individual,Pune,North,HDFC Bank,1679,60-69,5
205012,31.0,Individual,Pune,West,HDFC Bank,1237,30-39,2
205013,67.0,Individual,Nashik,East,HDFC Bank,1670,60-69,5
205014,45.0,Employee,Solapur,West,HDFC Bank,1704,40-49,3
205015,63.0,Individual,Nashik,North,HDFC Bank,1166,60-69,5
205016,69.0,Business,Kolhapur,West,HDFC Bank,1225,60-69,5
205017,70.0,Employee,Mumbai,South,HDFC Bank,1878,70-79,6
205018,41.0,Business,Mumbai,East,HDFC Bank,1250,40-49,3
205019,32.0,Individual,Pune,West,HDFC Bank,1279,30-39,2
205020,39.0,Business,Nashik,North,HDFC Bank,1475,30-39,2
205021,47.0,Employee,Nashik,North,HDFC Bank,1497,40-49,3
205022,21.0,Employee,Nashik,East,HDFC Bank,1963,18-29,1
205023,30.0,Employee,Kolhapur,West,HDFC Bank,1977,30-39,2
205024,76.0,Business,Kolhapur,North,HDFC Bank,1732,70-79,6
205025,40.0,Employee,Solapur,East,HDFC Bank,1534,40-49,3
205026,25.0,Business,Nagpur,South,HDFC Bank,1996,18-29,1
205027,35.0,Individual,Nagpur,East,HDFC Bank,1700,30-39,2
205028,29.0,Individual,Nagpur,West,HDFC Bank,1410,18-29,1
205029,72.0,Business,Solapur,West,HDFC Bank,1783,70-79,6
205030,48.0,Employee,Nashik,North,HDFC Bank,1428,40-49,3
205031,31.0,Business,Nagpur,South,HDFC Bank,1538,30-39,2
205032,51.0,Business,Nashik,West,HDFC Bank,1968,50-59,4
205033,35.0,Business,Pune,North,HDFC Bank,1900,30-39,2
205034,73.0,Individual,Nagpur,East,HDFC Bank,1442,70-79,6
205035,51.0,Business,Pune,East,HDFC Bank,1967,50-59,4
205036,28.0,Individual,Solapur,West,HDFC Bank,1209,18-29,1
205037,58.0,Business,Mumbai,South,HDFC Bank,1546,50-59,4
205038,29.0,Individual,Kolhapur,North,HDFC Bank,1709,18-29,1
205039,66.0,Business,Solapur,West,HDFC Bank,1490,60-69,5
205040,32.0,Business,Solapur,North,HDFC Bank,1470,30-39,2
205041,74.0,Employee,Solapur,East,HDFC Bank,1685,70-79,6
205042,,Employee,Nagpur,North,HDFC Bank,1729,Unknown,7
205043,66.0,Business,Pune,East,HDFC Bank,1567,60-69,5
205044,75.0,Business,Kolhapur,South,HDFC Bank,1894,70-79,6
205045,46.0,Business,Nagpur,South,HDFC Bank,1998,40-49,3
205046,43.0,Business,Mumbai,East,HDFC Bank,1663,40-49,3
205047,35.0,Employee,Kolhapur,West,HDFC Bank,1905,30-39,2
205048,49.0,Individual,Unknown,East,HDFC Bank,1462,40-49,3
205049,39.0,Business,Nashik,North,HDFC Bank,1549,30-39,2
205050,55.0,Employee,Mumbai,North,HDFC Bank,1979,50-59,4
205051,34.0,Business,Pune,North,HDFC Bank,1476,30-39,2
205052,40.0,Business,Mumbai,West,HDFC Bank,1197,40-49,3
205053,41.0,Individual,Nagpur,South,HDFC Bank,1943,40-49,3
205054,67.0,Business,Nashik,South,HDFC Bank,1520,60-69,5
205055,25.0,Business,Nagpur,North,HDFC Bank,1498,18-29,1
205056,,Individual,Kolhapur,West,HDFC Bank,1510,Unknown,7
205057,23.0,Individual,Solapur,North,HDFC Bank,1689,18-29,1
205058,22.0,Individual,Solapur,South,HDFC Bank,1324,18-29,1
205059,61.0,Individual,Mumbai,East,HDFC Bank,1687,60-69,5
205060,74.0,Employee,Solapur,North,HDFC Bank,1934,70-79,6
205061,46.0,Unknown,Solapur,North,HDFC Bank,1466,40-49,3
205062,45.0,Employee,Kolhapur,North,HDFC Bank,1772,40-49,3
205063,28.0,Business,Pune,South,HDFC Bank,1595,18-29,1
205064,74.0,Individual,Pune,West,HDFC Bank,1138,70-79,6
205065,18.0,Individual,Nagpur,East,HDFC Bank,1241,18-29,1
205066,60.0,Employee,Nagpur,East,HDFC Bank,1315,60-69,5
205067,36.0,Business,Pune,East,HDFC Bank,1666,30-39,2
205068,26.0,Business,Mumbai,North,HDFC Bank,1732,18-29,1
205069,44.0,Business,Pune,South,HDFC Bank,1134,40-49,3
205070,51.0,Employee,Nagpur,East,HDFC Bank,1187,50-59,4
205071,61.0,Business,Nashik,North,HDFC Bank,1689,60-69,5
205072,21.0,Business,Unknown,West,HDFC Bank,1578,18-29,1
205073,53.0,Business,Kolhapur,North,HDFC Bank,1068,50-59,4
205074,35.0,Individual,Nashik,East,HDFC Bank,1438,30-39,2
205075,32.0,Employee,Nashik,East,HDFC Bank,1076,30-39,2
205076,68.0,Individual,Solapur,West,HDFC Bank,1399,60-69,5
205077,,Individual,Pune,South,HDFC Bank,1373,Unknown,7
205078,36.0,Employee,Mumbai,West,HDFC Bank,1011,30-39,2
205079,66.0,Individual,Nashik,West,HDFC Bank,1486,60-69,5
205080,23.0,Business,Mumbai,East,HDFC Bank,1794,18-29,1
205081,65.0,Business,Kolhapur,East,HDFC Bank,1757,60-69,5
205082,73.0,Business,Kolhapur,South,HDFC Bank,1748,70-79,6
205083,29.0,Business,Kolhapur,East,HDFC Bank,1763,18-29,1
205084,,Employee,Nagpur,West,HDFC Bank,1416,Unknown,7
205085,54.0,Individual,Nashik,West,HDFC Bank,1206,50-59,4
205086,34.0,Individual,Kolhapur,South,HDFC Bank,1340,30-39,2
205087,75.0,Unknown,Nagpur,East,HDFC Bank,1619,70-79,6
205088,40.0,Business,Kolhapur,East,HDFC Bank,1720,40-49,3
205089,43.0,Individual,Unknown,West,HDFC Bank,1310,40-49,3
205090,46.0,Employee,Nashik,West,HDFC Bank,1307,40-49,3
205091,50.0,Individual,Nagpur,East,HDFC Bank,1292,50-59,4
205092,77.0,Business,Kolhapur,North,HDFC Bank,1624,70-79,6
205093,44.0,Business,Nagpur,West,HDFC Bank,1375,40-49,3
205094,42.0,Employee,Kolhapur,West,HDFC Bank,1526,40-49,3
205095,73.0,Individual,Pune,West,HDFC Bank,1339,70-79,6
205096,72.0,Employee,Mumbai,South,HDFC Bank,1082,70-79,6
205097,27.0,Employee,Kolhapur,East,HDFC Bank,1576,18-29,1
205098,64.0,Business,Mumbai,East,HDFC Bank,1451,60-69,5
205099,40.0,Individual,Nashik,East,HDFC Bank,1002,40-49,3
205100,38.0,Business,Unknown,West,HDFC Bank,1455,30-39,2
205101,38.0,Individual,Nashik,East,HDFC Bank,1872,30-39,2
205102,60.0,Business,Unknown,East,HDFC Bank,1235,60-69,5
205103,30.0,Business,Pune,East,HDFC Bank,1388,30-39,2
205104,54.0,Individual,Solapur,South,HDFC Bank,1392,50-59,4
205105,50.0,Individual,Pune,South,HDFC Bank,1640,50-59,4
205106,41.0,Business,Unknown,West,HDFC Bank,1758,40-49,3
205107,61.0,Individual,Solapur,East,HDFC Bank,1746,60-69,5
205108,28.0,Business,Unknown,West,HDFC Bank,1029,18-29,1
205109,34.0,Individual,Nagpur,West,HDFC Bank,1582,30-39,2
205110,21.0,Business,Nagpur,West,HDFC Bank,1981,18-29,1
205111,64.0,Business,Mumbai,West,HDFC Bank,1147,60-69,5
205112,42.0,Business,Pune,West,HDFC Bank,1604,40-49,3
205113,47.0,Employee,Kolhapur,West,HDFC Bank,1282,40-49,3
205114,26.0,Individual,Solapur,South,HDFC Bank,1728,18-29,1
205115,38.0,Business,Kolhapur,North,HDFC Bank,1237,30-39,2
205116,37.0,Employee,Mumbai,South,HDFC Bank,1738,30-39,2
205117,36.0,Business,Solapur,West,HDFC Bank,1730,30-39,2
205118,36.0,Employee,Kolhapur,North,HDFC Bank,1318,30-39,2
205119,29.0,Business,Mumbai,North,HDFC Bank,1970,18-29,1
205120,54.0,Business,Unknown,East,HDFC Bank,1336,50-59,4
205121,59.0,Employee,Mumbai,West,HDFC Bank,1030,50-59,4
205122,34.0,Employee,Solapur,West,HDFC Bank,1977,30-39,2
205123,54.0,Individual,Kolhapur,South,HDFC Bank,1914,50-59,4
205124,71.0,Individual,Kolhapur,North,HDFC Bank,1625,70-79,6
205125,65.0,Unknown,Nashik,North,HDFC Bank,1613,60-69,5
205126,56.0,Individual,Mumbai,West,HDFC Bank,1604,50-59,4
205127,45.0,Employee,Nagpur,East,HDFC Bank,1206,40-49,3
205128,58.0,Individual,Pune,West,HDFC Bank,1957,50-59,4
205129,52.0,Business,Unknown,North,HDFC Bank,1902,50-59,4
205130,64.0,Individual,Nashik,East,HDFC Bank,1228,60-69,5
205131,65.0,Business,Solapur,East,HDFC Bank,1932,60-69,5
205132,35.0,Business,Nashik,North,HDFC Bank,1582,30-39,2
205133,31.0,Individual,Kolhapur,West,HDFC Bank,1341,30-39,2
205134,52.0,Employee,Solapur,West,HDFC Bank,1459,50-59,4
205135,61.0,Business,Solapur,West,HDFC Bank,1135,60-69,5
205136,58.0,Business,Nagpur,South,HDFC Bank,1952,50-59,4
205137,77.0,Individual,Mumbai,South,HDFC Bank,1977,70-79,6
205138,24.0,Employee,Nashik,East,HDFC Bank,1283,18-29,1
205139,58.0,Employee,Mumbai,West,HDFC Bank,1849,50-59,4
205140,30.0,Individual,Mumbai,South,HDFC Bank,1350,30-39,2
205141,35.0,Employee,Mumbai,East,HDFC Bank,1016,30-39,2
205142,54.0,Individual,Solapur,North,HDFC Bank,1214,50-59,4
205143,30.0,Individual,Mumbai,North,HDFC Bank,1394,30-39,2
205144,53.0,Individual,Nashik,West,HDFC Bank,1398,50-59,4
205145,48.0,Business,Solapur,North,HDFC Bank,1413,40-49,3
205146,,Business,Nashik,North,HDFC Bank,1243,Unknown,7
205147,33.0,Business,Solapur,North,HDFC Bank,1094,30-39,2
205148,26.0,Individual,Pune,East,HDFC Bank,1632,18-29,1
205149,26.0,Business,Pune,North,HDFC Bank,1005,18-29,1
205150,55.0,Business,Pune,North,HDFC Bank,1779,50-59,4
205151,28.0,Business,Pune,East,HDFC Bank,1086,18-29,1
205152,71.0,Individual,Solapur,South,HDFC Bank,1188,70-79,6
205153,73.0,Individual,Mumbai,East,HDFC Bank,1614,70-79,6
205154,39.0,Individual,Nagpur,South,HDFC Bank,1615,30-39,2
205155,50.0,Business,Kolhapur,East,HDFC Bank,1419,50-59,4
205156,53.0,Employee,Nagpur,West,HDFC Bank,1802,50-59,4
205157,62.0,Business,Pune,North,HDFC Bank,1066,60-69,5
205158,,Business,Mumbai,South,HDFC Bank,1617,Unknown,7
205159,62.0,Individual,Nashik,East,HDFC Bank,1247,60-69,5
205160,62.0,Individual,Mumbai,South,HDFC Bank,1859,60-69,5
205161,51.0,Business,Unknown,South,HDFC Bank,1206,50-59,4
205162,26.0,Business,Nagpur,North,HDFC Bank,1204,18-29,1
205163,41.0,Employee,Mumbai,South,HDFC Bank,1318,40-49,3
205164,25.0,Employee,Mumbai,East,HDFC Bank,1082,18-29,1
205165,24.0,Individual,Kolhapur,West,HDFC Bank,1423,18-29,1
205166,53.0,Employee,Nagpur,West,HDFC Bank,1081,50-59,4
205167,35.0,Employee,Mumbai,North,HDFC Bank,1798,30-39,2
205168,20.0,Individual,Nashik,East,HDFC Bank,1548,18-29,1
205169,45.0,Employee,Mumbai,East,HDFC Bank,1724,40-49,3
205170,23.0,Business,Nashik,West,HDFC Bank,1486,18-29,1
205171,61.0,Employee,Pune,East,HDFC Bank,1132,60-69,5
205172,61.0,Individual,Mumbai,South,HDFC Bank,1114,60-69,5
205173,38.0,Unknown,Nashik,North,HDFC Bank,1376,30-39,2
205174,45.0,Employee,Nagpur,West,HDFC Bank,1976,40-49,3
205175,57.0,Business,Pune,North,HDFC Bank,1210,50-59,4
205176,71.0,Business,Mumbai,South,HDFC Bank,1131,70-79,6
205177,71.0,Employee,Kolhapur,West,HDFC Bank,1373,70-79,6
205178,18.0,Employee,Nashik,East,HDFC Bank,1153,18-29,1
205179,53.0,Individual,Kolhapur,East,HDFC Bank,1919,50-59,4
205180,38.0,Individual,Mumbai,South,HDFC Bank,1422,30-39,2
205181,77.0,Business,Nashik,West,HDFC Bank,1951,70-79,6
205182,60.0,Individual,Mumbai,North,HDFC Bank,1949,60-69,5
205183,52.0,Business,Pune,West,HDFC Bank,1805,50-59,4
205184,30.0,Business,Pune,East,HDFC Bank,1365,30-39,2
205185,74.0,Individual,Mumbai,West,HDFC Bank,1693,70-79,6
205186,,Individual,Mumbai,West,HDFC Bank,1146,Unknown,7
205187,71.0,Individual,Solapur,East,HDFC Bank,1733,70-79,6
205188,71.0,Employee,Mumbai,East,HDFC Bank,1793,70-79,6
205189,27.0,Business,Mumbai,North,HDFC Bank,1126,18-29,1
205190,70.0,Business,Kolhapur,West,HDFC Bank,1307,70-79,6
205191,61.0,Business,Kolhapur,East,HDFC Bank,1714,60-69,5
205192,64.0,Individual,Pune,South,HDFC Bank,1117,60-69,5
205193,70.0,Individual,Kolhapur,East,HDFC Bank,1572,70-79,6
205194,27.0,Individual,Mumbai,North,HDFC Bank,1230,18-29,1
205195,,Individual,Nagpur,North,HDFC Bank,1450,Unknown,7
205196,30.0,Individual,Mumbai,South,HDFC Bank,1499,30-39,2
205197,54.0,Employee,Solapur,North,HDFC Bank,1661,50-59,4
205198,55.0,Individual,Nashik,West,HDFC Bank,1144,50-59,4
205199,41.0,Business,Pune,North,HDFC Bank,1906,40-49,3
205200,19.0,Individual,Kolhapur,South,HDFC Bank,1622,18-29,1
205201,39.0,Business,Nagpur,North,HDFC Bank,1678,30-39,2
205202,34.0,Individual,Nashik,South,HDFC Bank,1700,30-39,2
205203,,Individual,Nagpur,North,HDFC Bank,1986,Unknown,7
205204,31.0,Business,Unknown,East,HDFC Bank,1048,30-39,2
205205,27.0,Business,Kolhapur,South,HDFC Bank,1106,18-29,1
205206,52.0,Business,Unknown,North,HDFC Bank,1092,50-59,4
205207,42.0,Business,Pune,West,HDFC Bank,1635,40-49,3
205208,20.0,Employee,Nagpur,South,HDFC Bank,1828,18-29,1
205209,64.0,Business,Nagpur,South,HDFC Bank,1139,60-69,5
205210,55.0,Individual,Pune,North,HDFC Bank,1908,50-59,4
205211,34.0,Individual,Mumbai,East,HDFC Bank,1313,30-39,2
205212,29.0,Employee,Pune,East,HDFC Bank,1010,18-29,1
205213,71.0,Business,Kolhapur,North,HDFC Bank,1447,70-79,6
205214,69.0,Individual,Kolhapur,North,HDFC Bank,1926,60-69,5
205215,41.0,Employee,Solapur,West,HDFC Bank,1394,40-49,3
205216,46.0,Individual,Pune,North,HDFC Bank,1504,40-49,3
205217,60.0,Employee,Nashik,South,HDFC Bank,1377,60-69,5
205218,42.0,Employee,Kolhapur,North,HDFC Bank,1360,40-49,3
205219,53.0,Business,Kolhapur,West,HDFC Bank,1682,50-59,4
205220,75.0,Employee,Kolhapur,North,HDFC Bank,1547,70-79,6
205221,77.0,Individual,Mumbai,North,HDFC Bank,1641,70-79,6
205222,43.0,Individual,Nashik,South,HDFC Bank,1854,40-49,3
205223,55.0,Business,Unknown,East,HDFC Bank,1572,50-59,4
205224,18.0,Business,Mumbai,North,HDFC Bank,1931,18-29,1
205225,37.0,Employee,Kolhapur,West,HDFC Bank,1845,30-39,2
205226,72.0,Business,Nashik,North,HDFC Bank,1996,70-79,6
205227,45.0,Individual,Nashik,North,HDFC Bank,1560,40-49,3
205228,33.0,Individual,Mumbai,South,HDFC Bank,1922,30-39,2
205229,64.0,Business,Kolhapur,East,HDFC Bank,1395,60-69,5
205230,34.0,Unknown,Mumbai,East,HDFC Bank,1185,30-39,2
205231,57.0,Business,Nagpur,East,HDFC Bank,1220,50-59,4
205232,45.0,Employee,Kolhapur,North,HDFC Bank,1517,40-49,3
205233,,Employee,Mumbai,South,HDFC Bank,1299,Unknown,7
205234,29.0,Individual,Pune,South,HDFC Bank,1174,18-29,1
205235,44.0,Employee,Kolhapur,North,HDFC Bank,1790,40-49,3
205236,71.0,Employee,Solapur,South,HDFC Bank,1370,70-79,6
205237,70.0,Employee,Kolhapur,East,HDFC Bank,1969,70-79,6
205238,59.0,Employee,Nagpur,South,HDFC Bank,1865,50-59,4
205239,76.0,Individual,Mumbai,North,HDFC Bank,1508,70-79,6
205240,64.0,Business,Solapur,North,HDFC Bank,1875,60-69,5
205241,47.0,Individual,Nagpur,West,HDFC Bank,1203,40-49,3
205242,58.0,Employee,Pune,West,HDFC Bank,1607,50-59,4
205243,51.0,Business,Unknown,South,HDFC Bank,1281,50-59,4
205244,54.0,Business,Solapur,South,HDFC Bank,1646,50-59,4
205245,23.0,Business,Mumbai,North,HDFC Bank,1415,18-29,1
205246,24.0,Individual,Mumbai,West,HDFC Bank,1032,18-29,1
205247,49.0,Business,Pune,West,HDFC Bank,1081,40-49,3
205248,49.0,Individual,Nagpur,East,HDFC Bank,1482,40-49,3
205249,70.0,Individual,Solapur,East,HDFC Bank,1147,70-79,6
205250,42.0,Employee,Pune,North,HDFC Bank,1606,40-49,3
205251,,Employee,Nagpur,North,HDFC Bank,1964,Unknown,7
205252,72.0,Business,Nashik,North,HDFC Bank,1991,70-79,6
205253,75.0,Business,Nashik,North,HDFC Bank,1947,70-79,6
205254,24.0,Employee,Nagpur,West,HDFC Bank,1494,18-29,1
205255,69.0,Individual,Mumbai,North,HDFC Bank,1169,60-69,5
205256,74.0,Individual,Mumbai,North,HDFC Bank,1722,70-79,6
205257,79.0,Employee,Nashik,West,HDFC Bank,1896,70-79,6
205258,29.0,Individual,Mumbai,East,HDFC Bank,1702,18-29,1
205259,33.0,Employee,Mumbai,North,HDFC Bank,1006,30-39,2
205260,33.0,Employee,Nagpur,East,HDFC Bank,1379,30-39,2
205261,60.0,Business,Kolhapur,West,HDFC Bank,1825,60-69,5
205262,70.0,Business,Nagpur,East,HDFC Bank,1853,70-79,6
205263,53.0,Employee,Mumbai,West,HDFC Bank,1433,50-59,4
205264,30.0,Business,Nagpur,North,HDFC Bank,1033,30-39,2
205265,24.0,Employee,Unknown,East,HDFC Bank,1562,18-29,1
205266,53.0,Individual,Unknown,North,HDFC Bank,1631,50-59,4
205267,64.0,Individual,Kolhapur,South,HDFC Bank,1137,60-69,5
205268,68.0,Individual,Solapur,South,HDFC Bank,1366,60-69,5
205269,26.0,Individual,Solapur,East,HDFC Bank,1105,18-29,1
205270,49.0,Unknown,Mumbai,West,HDFC Bank,1793,40-49,3
205271,28.0,Individual,Mumbai,East,HDFC Bank,1031,18-29,1
205272,25.0,Individual,Solapur,West,HDFC Bank,1635,18-29,1
205273,50.0,Individual,Solapur,South,HDFC Bank,1681,50-59,4
205274,,Individual,Pune,West,HDFC Bank,1986,Unknown,7
205275,42.0,Employee,Pune,South,HDFC Bank,1957,40-49,3
205276,,Individual,Nashik,East,HDFC Bank,1523,Unknown,7
205277,25.0,Business,Solapur,North,HDFC Bank,1167,18-29,1
205278,62.0,Business,Nagpur,North,HDFC Bank,1854,60-69,5
205279,39.0,Business,Kolhapur,North,HDFC Bank,1077,30-39,2
205280,,Business,Pune,West,HDFC Bank,1545,Unknown,7
205281,21.0,Business,Mumbai,North,HDFC Bank,1208,18-29,1
205282,57.0,Business,Unknown,West,HDFC Bank,1837,50-59,4
205283,20.0,Employee,Nagpur,North,HDFC Bank,1410,18-29,1
205284,46.0,Business,Kolhapur,West,HDFC Bank,1007,40-49,3
205285,58.0,Individual,Nagpur,West,HDFC Bank,1736,50-59,4
205286,46.0,Business,Nagpur,South,HDFC Bank,1226,40-49,3
205287,51.0,Employee,Mumbai,South,HDFC Bank,1174,50-59,4
205288,51.0,Business,Pune,East,HDFC Bank,1080,50-59,4
205289,45.0,Individual,Nagpur,South,HDFC Bank,1793,40-49,3
205290,30.0,Individual,Kolhapur,West,HDFC Bank,1056,30-39,2
205291,32.0,Employee,Pune,South,HDFC Bank,1134,30-39,2
205292,77.0,Employee,Nashik,South,HDFC Bank,1237,70-79,6
205293,40.0,Employee,Mumbai,South,HDFC Bank,1471,40-49,3
205294,61.0,Employee,Pune,West,HDFC Bank,1216,60-69,5
205295,43.0,Business,Pune,West,HDFC Bank,1738,40-49,3
205296,21.0,Business,Nagpur,East,HDFC Bank,1025,18-29,1
205297,43.0,Individual,Kolhapur,South,HDFC Bank,1186,40-49,3
205298,57.0,Employee,Nagpur,South,HDFC Bank,1881,50-59,4
205299,26.0,Employee,Kolhapur,West,HDFC Bank,1629,18-29,1
205300,72.0,Business,Mumbai,East,HDFC Bank,1708,70-79,6
205301,22.0,Employee,Pune,East,HDFC Bank,1115,18-29,1
205302,73.0,Individual,Solapur,West,HDFC Bank,1814,70-79,6
205303,49.0,Individual,Kolhapur,South,HDFC Bank,1613,40-49,3
205304,37.0,Employee,Kolhapur,East,HDFC Bank,1891,30-39,2
205305,67.0,Individual,Nagpur,East,HDFC Bank,1162,60-69,5
205306,28.0,Individual,Nagpur,South,HDFC Bank,1413,18-29,1
205307,32.0,Unknown,Nashik,East,HDFC Bank,1177,30-39,2
205308,49.0,Individual,Kolhapur,South,HDFC Bank,1984,40-49,3
205309,45.0,Employee,Unknown,East,HDFC Bank,1279,40-49,3
205310,39.0,Employee,Pune,East,HDFC Bank,1797,30-39,2
205311,58.0,Individual,Unknown,West,HDFC Bank,1211,50-59,4
205312,34.0,Employee,Pune,East,HDFC Bank,1053,30-39,2
205313,76.0,Unknown,Kolhapur,South,HDFC Bank,1066,70-79,6
205314,43.0,Individual,Nagpur,East,HDFC Bank,1543,40-49,3
205315,61.0,Individual,Mumbai,West,HDFC Bank,1762,60-69,5
205316,24.0,Individual,Unknown,East,HDFC Bank,1519,18-29,1
205317,59.0,Employee,Kolhapur,North,HDFC Bank,1498,50-59,4
205318,74.0,Employee,Solapur,South,HDFC Bank,1945,70-79,6
205319,43.0,Individual,Nashik,North,HDFC Bank,1430,40-49,3
205320,42.0,Employee,Nashik,West,HDFC Bank,1726,40-49,3
205321,27.0,Employee,Pune,North,HDFC Bank,1045,18-29,1
205322,76.0,Individual,Nagpur,East,HDFC Bank,1591,70-79,6
205323,62.0,Individual,Nashik,South,HDFC Bank,1034,60-69,5
205324,36.0,Employee,Nashik,North,HDFC Bank,1188,30-39,2
205325,28.0,Individual,Nashik,East,HDFC Bank,1088,18-29,1
205326,30.0,Individual,Nashik,North,HDFC Bank,1334,30-39,2
205327,70.0,Individual,Pune,East,HDFC Bank,1946,70-79,6
205328,25.0,Individual,Kolhapur,East,HDFC Bank,1958,18-29,1
205329,57.0,Employee,Mumbai,North,HDFC Bank,1135,50-59,4
205330,21.0,Individual,Mumbai,West,HDFC Bank,1545,18-29,1
205331,64.0,Business,Nagpur,South,HDFC Bank,1792,60-69,5
205332,48.0,Individual,Kolhapur,West,HDFC Bank,1112,40-49,3
205333,45.0,Business,Unknown,North,HDFC Bank,1171,40-49,3
205334,28.0,Individual,Mumbai,East,HDFC Bank,1338,18-29,1
205335,60.0,Business,Solapur,North,HDFC Bank,1554,60-69,5
205336,18.0,Business,Mumbai,East,HDFC Bank,1893,18-29,1
205337,66.0,Individual,Mumbai,East,HDFC Bank,1945,60-69,5
205338,64.0,Individual,Nagpur,West,HDFC Bank,1524,60-69,5
205339,69.0,Individual,Nashik,West,HDFC Bank,1173,60-69,5
205340,55.0,Business,Unknown,North,HDFC Bank,1636,50-59,4
205341,41.0,Employee,Mumbai,South,HDFC Bank,1331,40-49,3
205342,71.0,Employee,Kolhapur,West,HDFC Bank,1206,70-79,6
205343,77.0,Individual,Nashik,East,HDFC Bank,1342,70-79,6
205344,,Employee,Kolhapur,North,HDFC Bank,1948,Unknown,7
205345,64.0,Employee,Kolhapur,North,HDFC Bank,1958,60-69,5
205346,48.0,Individual,Kolhapur,South,HDFC Bank,1103,40-49,3
205347,58.0,Business,Nashik,North,HDFC Bank,1641,50-59,4
205348,,Individual,Kolhapur,West,HDFC Bank,1039,Unknown,7
205349,67.0,Employee,Nashik,East,HDFC Bank,1022,60-69,5
205350,43.0,Business,Solapur,North,HDFC Bank,1251,40-49,3
205351,66.0,Employee,Mumbai,North,HDFC Bank,1954,60-69,5
205352,67.0,Business,Pune,East,HDFC Bank,1836,60-69,5
205353,22.0,Employee,Kolhapur,North,HDFC Bank,1289,18-29,1
205354,37.0,Individual,Nagpur,North,HDFC Bank,1201,30-39,2
205355,69.0,Employee,Solapur,South,HDFC Bank,1154,60-69,5
205356,58.0,Employee,Nagpur,West,HDFC Bank,1566,50-59,4
205357,28.0,Business,Pune,North,HDFC Bank,1105,18-29,1
205358,73.0,Employee,Nashik,West,HDFC Bank,1259,70-79,6
205359,71.0,Individual,Pune,South,HDFC Bank,1963,70-79,6
205360,50.0,Individual,Nagpur,West,HDFC Bank,1199,50-59,4
205361,67.0,Individual,Pune,South,HDFC Bank,1837,60-69,5
205362,55.0,Business,Mumbai,West,HDFC Bank,1216,50-59,4
205363,44.0,Business,Pune,West,HDFC Bank,1410,40-49,3
205364,51.0,Employee,Kolhapur,North,HDFC Bank,1558,50-59,4
205365,32.0,Employee,Mumbai,West,HDFC Bank,1881,30-39,2
205366,49.0,Employee,Kolhapur,North,HDFC Bank,1116,40-49,3
205367,78.0,Business,Pune,North,HDFC Bank,1885,70-79,6
205368,75.0,Business,Mumbai,West,HDFC Bank,1423,70-79,6
205369,38.0,Employee,Mumbai,North,HDFC Bank,1211,30-39,2
205370,63.0,Business,Pune,West,HDFC Bank,1154,60-69,5
205371,22.0,Business,Solapur,East,HDFC Bank,1262,18-29,1
205372,23.0,Individual,Nashik,North,HDFC Bank,1506,18-29,1
205373,55.0,Individual,Nashik,East,HDFC Bank,1150,50-59,4
205374,,Employee,Nashik,East,HDFC Bank,1211,Unknown,7
205375,39.0,Employee,Mumbai,North,HDFC Bank,1191,30-39,2
205376,79.0,Individual,Nashik,South,HDFC Bank,1880,70-79,6
205377,35.0,Business,Mumbai,South,HDFC Bank,1754,30-39,2
205378,31.0,Employee,Solapur,East,HDFC Bank,1097,30-39,2
205379,27.0,Employee,Pune,East,HDFC Bank,1540,18-29,1
205380,63.0,Employee,Pune,West,HDFC Bank,1700,60-69,5
205381,30.0,Business,Mumbai,East,HDFC Bank,1171,30-39,2
205382,48.0,Individual,Mumbai,North,HDFC Bank,1370,40-49,3
205383,47.0,Employee,Solapur,South,HDFC Bank,1708,40-49,3
205384,20.0,Individual,Nashik,South,HDFC Bank,1154,18-29,1
205385,47.0,Individual,Solapur,South,HDFC Bank,1139,40-49,3
205386,23.0,Business,Pune,North,HDFC Bank,1912,18-29,1
205387,46.0,Unknown,Pune,West,HDFC Bank,1804,40-49,3
205388,25.0,Business,Kolhapur,North,HDFC Bank,1801,18-29,1
205389,61.0,Business,Nashik,North,HDFC Bank,1255,60-69,5
205390,62.0,Business,Pune,South,HDFC Bank,1989,60-69,5
205391,60.0,Unknown,Kolhapur,North,HDFC Bank,1675,60-69,5
205392,61.0,Employee,Mumbai,East,HDFC Bank,1645,60-69,5
205393,50.0,Individual,Pune,North,HDFC Bank,1863,50-59,4
205394,34.0,Business,Nagpur,South,HDFC Bank,1415,30-39,2
205395,65.0,Employee,Nashik,South,HDFC Bank,1328,60-69,5
205396,28.0,Individual,Kolhapur,North,HDFC Bank,1377,18-29,1
205397,30.0,Business,Nashik,East,HDFC Bank,1917,30-39,2
205398,67.0,Business,Nashik,East,HDFC Bank,1265,60-69,5
205399,28.0,Employee,Nagpur,South,HDFC Bank,1540,18-29,1
205400,48.0,Individual,Solapur,East,HDFC Bank,1138,40-49,3
205401,45.0,Business,Mumbai,East,HDFC Bank,1859,40-49,3
205402,61.0,Individual,Nashik,West,HDFC Bank,1961,60-69,5
205403,23.0,Employee,Pune,West,HDFC Bank,1823,18-29,1
205404,58.0,Business,Mumbai,East,HDFC Bank,1596,50-59,4
205405,33.0,Unknown,Pune,East,HDFC Bank,1511,30-39,2
205406,21.0,Unknown,Unknown,West,HDFC Bank,1248,18-29,1
205407,52.0,Employee,Mumbai,West,HDFC Bank,1862,50-59,4
205408,77.0,Business,Kolhapur,West,HDFC Bank,1825,70-79,6
205409,65.0,Individual,Pune,South,HDFC Bank,1744,60-69,5
205410,73.0,Business,Pune,South,HDFC Bank,1307,70-79,6
205411,76.0,Business,Mumbai,West,HDFC Bank,1572,70-79,6
205412,43.0,Individual,Nashik,West,HDFC Bank,1784,40-49,3
205413,79.0,Individual,Pune,West,HDFC Bank,1218,70-79,6
205414,74.0,Individual,Nagpur,South,HDFC Bank,1797,70-79,6
205415,29.0,Employee,Nagpur,South,HDFC Bank,1760,18-29,1
205416,28.0,Unknown,Mumbai,East,HDFC Bank,1583,18-29,1
205417,54.0,Individual,Solapur,North,HDFC Bank,1292,50-59,4
205418,42.0,Employee,Mumbai,East,HDFC Bank,1900,40-49,3
205419,35.0,Business,Unknown,North,HDFC Bank,1409,30-39,2
205420,36.0,Individual,Nashik,North,HDFC Bank,1197,30-39,2
205421,40.0,Business,Nashik,North,HDFC Bank,1079,40-49,3
205422,72.0,Unknown,Kolhapur,East,HDFC Bank,1384,70-79,6
205423,55.0,Business,Solapur,South,HDFC Bank,1136,50-59,4
205424,71.0,Individual,Solapur,South,HDFC Bank,1212,70-79,6
205425,35.0,Unknown,Solapur,South,HDFC Bank,1838,30-39,2
205426,43.0,Individual,Solapur,South,HDFC Bank,1618,40-49,3
205427,23.0,Individual,Solapur,East,HDFC Bank,1959,18-29,1
205428,21.0,Employee,Mumbai,West,HDFC Bank,1206,18-29,1
205429,61.0,Business,Mumbai,North,HDFC Bank,1663,60-69,5
205430,68.0,Employee,Kolhapur,South,HDFC Bank,1132,60-69,5
205431,46.0,Business,Nagpur,South,HDFC Bank,1946,40-49,3
205432,76.0,Employee,Nagpur,East,HDFC Bank,1165,70-79,6
205433,78.0,Unknown,Kolhapur,North,HDFC Bank,1502,70-79,6
205434,51.0,Employee,Kolhapur,South,HDFC Bank,1924,50-59,4
205435,34.0,Employee,Pune,West,HDFC Bank,1429,30-39,2
205436,60.0,Individual,Mumbai,South,HDFC Bank,1179,60-69,5
205437,60.0,Employee,Unknown,North,HDFC Bank,1120,60-69,5
205438,70.0,Individual,Unknown,West,HDFC Bank,1173,70-79,6
205439,33.0,Business,Nashik,East,HDFC Bank,1330,30-39,2
205440,19.0,Employee,Mumbai,West,HDFC Bank,1067,18-29,1
205441,51.0,Individual,Kolhapur,North,HDFC Bank,1698,50-59,4
205442,72.0,Individual,Nagpur,North,HDFC Bank,1137,70-79,6
205443,25.0,Employee,Mumbai,West,HDFC Bank,1865,18-29,1
205444,30.0,Business,Kolhapur,South,HDFC Bank,1899,30-39,2
205445,59.0,Unknown,Mumbai,North,HDFC Bank,1307,50-59,4
205446,25.0,Individual,Mumbai,West,HDFC Bank,1329,18-29,1
205447,47.0,Business,Mumbai,North,HDFC Bank,1992,40-49,3
205448,49.0,Employee,Nashik,South,HDFC Bank,1237,40-49,3
205449,53.0,Individual,Nagpur,South,HDFC Bank,1529,50-59,4
205450,64.0,Employee,Mumbai,West,HDFC Bank,1075,60-69,5
205451,47.0,Business,Unknown,East,HDFC Bank,1946,40-49,3
205452,18.0,Business,Nashik,East,HDFC Bank,1150,18-29,1
205453,60.0,Business,Pune,South,HDFC Bank,1619,60-69,5
205454,,Business,Mumbai,East,HDFC Bank,1664,Unknown,7
205455,34.0,Business,Nashik,South,HDFC Bank,1315,30-39,2
205456,76.0,Employee,Solapur,East,HDFC Bank,1036,70-79,6
205457,37.0,Business,Unknown,South,HDFC Bank,1963,30-39,2
205458,41.0,Business,Nagpur,North,HDFC Bank,1844,40-49,3
205459,67.0,Individual,Mumbai,West,HDFC Bank,1657,60-69,5
205460,,Business,Mumbai,West,HDFC Bank,1125,Unknown,7
205461,46.0,Individual,Nashik,East,HDFC Bank,1796,40-49,3
205462,39.0,Individual,Nagpur,West,HDFC Bank,1619,30-39,2
205463,61.0,Individual,Solapur,East,HDFC Bank,1285,60-69,5
205464,26.0,Employee,Pune,South,HDFC Bank,1239,18-29,1
205465,54.0,Employee,Unknown,North,HDFC Bank,1886,50-59,4
205466,27.0,Individual,Nagpur,West,HDFC Bank,1613,18-29,1
205467,53.0,Employee,Mumbai,North,HDFC Bank,1219,50-59,4
205468,54.0,Business,Nashik,West,HDFC Bank,1006,50-59,4
205469,45.0,Unknown,Solapur,South,HDFC Bank,1215,40-49,3
205470,45.0,Business,Nashik,West,HDFC Bank,1680,40-49,3
205471,59.0,Business,Pune,West,HDFC Bank,1585,50-59,4
205472,60.0,Employee,Nagpur,South,HDFC Bank,1292,60-69,5
205473,38.0,Employee,Nashik,East,HDFC Bank,1538,30-39,2
205474,41.0,Unknown,Kolhapur,East,HDFC Bank,1788,40-49,3
205475,59.0,Employee,Kolhapur,South,HDFC Bank,1483,50-59,4
205476,77.0,Employee,Nashik,East,HDFC Bank,1042,70-79,6
205477,57.0,Employee,Mumbai,West,HDFC Bank,1306,50-59,4
205478,19.0,Business,Nashik,North,HDFC Bank,1092,18-29,1
205479,72.0,Business,Solapur,South,HDFC Bank,1582,70-79,6
205480,25.0,Business,Nagpur,West,HDFC Bank,1268,18-29,1
205481,65.0,Individual,Pune,South,HDFC Bank,1620,60-69,5
205482,44.0,Individual,Kolhapur,North,HDFC Bank,1692,40-49,3
205483,39.0,Individual,Nashik,West,HDFC Bank,1214,30-39,2
205484,54.0,Business,Solapur,West,HDFC Bank,1958,50-59,4
205485,44.0,Employee,Kolhapur,North,HDFC Bank,1113,40-49,3
205486,74.0,Individual,Kolhapur,North,HDFC Bank,1184,70-79,6
205487,46.0,Individual,Pune,East,HDFC Bank,1920,40-49,3
205488,20.0,Business,Kolhapur,West,HDFC Bank,1124,18-29,1
205489,61.0,Individual,Unknown,North,HDFC Bank,1104,60-69,5
205490,30.0,Employee,Kolhapur,North,HDFC Bank,1236,30-39,2
205491,62.0,Business,Kolhapur,West,HDFC Bank,1652,60-69,5
205492,27.0,Business,Nashik,East,HDFC Bank,1804,18-29,1
205493,53.0,Employee,Nashik,South,HDFC Bank,1157,50-59,4
205494,26.0,Employee,Nagpur,East,HDFC Bank,1473,18-29,1
205495,71.0,Employee,Mumbai,North,HDFC Bank,1907,70-79,6
205496,73.0,Individual,Solapur,South,HDFC Bank,1504,70-79,6
205497,72.0,Employee,Mumbai,South,HDFC Bank,1960,70-79,6
205498,44.0,Business,Mumbai,East,HDFC Bank,1273,40-49,3
205499,51.0,Employee,Kolhapur,South,HDFC Bank,1889,50-59,4
205500,68.0,Business,Pune,North,HDFC Bank,1852,60-69,5
205501,18.0,Business,Pune,West,HDFC Bank,1116,18-29,1
205502,49.0,Individual,Kolhapur,West,HDFC Bank,1885,40-49,3
205503,42.0,Employee,Solapur,West,HDFC Bank,1573,40-49,3
205504,,Individual,Mumbai,East,HDFC Bank,1535,Unknown,7
205505,,Employee,Nagpur,West,HDFC Bank,1059,Unknown,7
205506,66.0,Employee,Mumbai,West,HDFC Bank,1400,60-69,5
205507,20.0,Employee,Pune,West,HDFC Bank,1873,18-29,1
205508,37.0,Employee,Mumbai,South,HDFC Bank,1827,30-39,2
205509,37.0,Employee,Nashik,South,HDFC Bank,1776,30-39,2
205510,70.0,Business,Nashik,South,HDFC Bank,1179,70-79,6
205511,47.0,Business,Nagpur,North,HDFC Bank,1231,40-49,3
205512,,Employee,Solapur,North,HDFC Bank,1475,Unknown,7
205513,52.0,Business,Mumbai,North,HDFC Bank,1654,50-59,4
205514,66.0,Individual,Nashik,West,HDFC Bank,1844,60-69,5
205515,56.0,Individual,Solapur,South,HDFC Bank,1923,50-59,4
205516,44.0,Individual,Nashik,North,HDFC Bank,1244,40-49,3
205517,43.0,Employee,Solapur,East,HDFC Bank,1592,40-49,3
205518,31.0,Employee,Solapur,South,HDFC Bank,1637,30-39,2
205519,34.0,Business,Nashik,West,HDFC Bank,1648,30-39,2
205520,35.0,Business,Kolhapur,South,HDFC Bank,1567,30-39,2
205521,62.0,Business,Pune,West,HDFC Bank,1212,60-69,5
205522,69.0,Individual,Solapur,North,HDFC Bank,1605,60-69,5
205523,,Individual,Kolhapur,West,HDFC Bank,1894,Unknown,7
205524,37.0,Individual,Mumbai,West,HDFC Bank,1458,30-39,2
205525,70.0,Individual,Kolhapur,East,HDFC Bank,1989,70-79,6
205526,44.0,Business,Nashik,South,HDFC Bank,1803,40-49,3
205527,35.0,Employee,Kolhapur,West,HDFC Bank,1127,30-39,2
205528,21.0,Employee,Pune,East,HDFC Bank,1951,18-29,1
205529,18.0,Individual,Nashik,East,HDFC Bank,1216,18-29,1
205530,67.0,Employee,Nagpur,East,HDFC Bank,1710,60-69,5
205531,18.0,Employee,Mumbai,North,HDFC Bank,1019,18-29,1
205532,75.0,Employee,Nagpur,North,HDFC Bank,1566,70-79,6
205533,43.0,Individual,Kolhapur,West,HDFC Bank,1757,40-49,3
205534,62.0,Business,Solapur,South,HDFC Bank,1762,60-69,5
205535,37.0,Business,Kolhapur,North,HDFC Bank,1059,30-39,2
205536,69.0,Employee,Solapur,North,HDFC Bank,1674,60-69,5
205537,40.0,Business,Nagpur,West,HDFC Bank,1713,40-49,3
205538,27.0,Business,Nagpur,West,HDFC Bank,1738,18-29,1
205539,76.0,Individual,Solapur,North,HDFC Bank,1128,70-79,6
205540,28.0,Individual,Pune,West,HDFC Bank,1973,18-29,1
205541,58.0,Employee,Mumbai,East,HDFC Bank,1556,50-59,4
205542,58.0,Employee,Nashik,West,HDFC Bank,1196,50-59,4
205543,22.0,Employee,Nagpur,East,HDFC Bank,1935,18-29,1
205544,75.0,Individual,Mumbai,North,HDFC Bank,1491,70-79,6
205545,18.0,Business,Nashik,South,HDFC Bank,1677,18-29,1
205546,34.0,Individual,Kolhapur,East,HDFC Bank,1503,30-39,2
205547,39.0,Individual,Nashik,South,HDFC Bank,1246,30-39,2
205548,51.0,Business,Nagpur,North,HDFC Bank,1737,50-59,4
205549,73.0,Business,Pune,West,HDFC Bank,1791,70-79,6
205550,62.0,Employee,Pune,East,HDFC Bank,1259,60-69,5
205551,58.0,Business,Mumbai,East,HDFC Bank,1346,50-59,4
205552,46.0,Business,Kolhapur,North,HDFC Bank,1196,40-49,3
205553,21.0,Business,Mumbai,North,HDFC Bank,1106,18-29,1
205554,22.0,Business,Solapur,West,HDFC Bank,1780,18-29,1
205555,28.0,Employee,Pune,South,HDFC Bank,1743,18-29,1
205556,73.0,Employee,Mumbai,East,HDFC Bank,1916,70-79,6
205557,68.0,Business,Solapur,South,HDFC Bank,1612,60-69,5
205558,38.0,Business,Kolhapur,East,HDFC Bank,1159,30-39,2
205559,52.0,Employee,Nashik,East,HDFC Bank,1421,50-59,4
205560,29.0,Employee,Mumbai,West,HDFC Bank,1606,18-29,1
205561,43.0,Business,Solapur,East,HDFC Bank,1927,40-49,3
205562,68.0,Individual,Pune,East,HDFC Bank,1206,60-69,5
205563,36.0,Employee,Nashik,North,HDFC Bank,1312,30-39,2
205564,62.0,Employee,Mumbai,West,HDFC Bank,1431,60-69,5
205565,77.0,Employee,Pune,North,HDFC Bank,1925,70-79,6
205566,24.0,Business,Nashik,East,HDFC Bank,1234,18-29,1
205567,64.0,Unknown,Nagpur,West,HDFC Bank,1326,60-69,5
205568,72.0,Unknown,Pune,East,HDFC Bank,1933,70-79,6
205569,24.0,Business,Nagpur,West,HDFC Bank,1478,18-29,1
205570,43.0,Business,Kolhapur,South,HDFC Bank,1427,40-49,3
205571,57.0,Employee,Mumbai,South,HDFC Bank,1665,50-59,4
205572,22.0,Business,Solapur,West,HDFC Bank,1099,18-29,1
205573,38.0,Individual,Mumbai,East,HDFC Bank,1237,30-39,2
205574,31.0,Business,Pune,West,HDFC Bank,1106,30-39,2
205575,21.0,Business,Nagpur,East,HDFC Bank,1857,18-29,1
205576,40.0,Unknown,Nagpur,South,HDFC Bank,1363,40-49,3
205577,59.0,Employee,Nashik,East,HDFC Bank,1641,50-59,4
205578,37.0,Individual,Mumbai,North,HDFC Bank,1810,30-39,2
205579,32.0,Business,Mumbai,South,HDFC Bank,1492,30-39,2
205580,67.0,Individual,Pune,North,HDFC Bank,1042,60-69,5
205581,69.0,Individual,Nagpur,South,HDFC Bank,1574,60-69,5
205582,62.0,Employee,Pune,South,HDFC Bank,1072,60-69,5
205583,,Business,Pune,North,HDFC Bank,1697,Unknown,7
205584,25.0,Employee,Kolhapur,West,HDFC Bank,1628,18-29,1
205585,58.0,Individual,Nagpur,East,HDFC Bank,1303,50-59,4
205586,65.0,Individual,Pune,South,HDFC Bank,1004,60-69,5
205587,36.0,Employee,Nagpur,East,HDFC Bank,1986,30-39,2
205588,65.0,Employee,Pune,South,HDFC Bank,1587,60-69,5
205589,56.0,Employee,Solapur,East,HDFC Bank,1802,50-59,4
205590,63.0,Employee,Pune,South,HDFC Bank,1348,60-69,5
205591,45.0,Employee,Pune,West,HDFC Bank,1399,40-49,3
205592,63.0,Individual,Solapur,South,HDFC Bank,1594,60-69,5
205593,74.0,Employee,Mumbai,West,HDFC Bank,1432,70-79,6
205594,44.0,Business,Nagpur,South,HDFC Bank,1571,40-49,3
205595,21.0,Individual,Nashik,East,HDFC Bank,1106,18-29,1
205596,75.0,Individual,Solapur,North,HDFC Bank,1116,70-79,6
205597,32.0,Business,Mumbai,South,HDFC Bank,1818,30-39,2
205598,52.0,Business,Pune,South,HDFC Bank,1382,50-59,4
205599,,Individual,Kolhapur,West,HDFC Bank,1858,Unknown,7
205600,18.0,Employee,Mumbai,East,HDFC Bank,1081,18-29,1
205601,20.0,Individual,Solapur,West,HDFC Bank,1826,18-29,1
205602,64.0,Individual,Kolhapur,East,HDFC Bank,1831,60-69,5
205603,41.0,Business,Pune,East,HDFC Bank,1872,40-49,3
205604,44.0,Individual,Mumbai,West,HDFC Bank,1652,40-49,3
205605,57.0,Employee,Nashik,North,HDFC Bank,1733,50-59,4
205606,78.0,Business,Nagpur,East,HDFC Bank,1409,70-79,6
205607,53.0,Individual,Nagpur,North,HDFC Bank,1069,50-59,4
205608,51.0,Individual,Solapur,West,HDFC Bank,1386,50-59,4
205609,46.0,Employee,Pune,North,HDFC Bank,1982,40-49,3
205610,41.0,Individual,Pune,East,HDFC Bank,1523,40-49,3
205611,41.0,Individual,Nagpur,West,HDFC Bank,1296,40-49,3
205612,59.0,Individual,Mumbai,North,HDFC Bank,1616,50-59,4
205613,21.0,Individual,Pune,West,HDFC Bank,1718,18-29,1
205614,20.0,Employee,Nashik,West,HDFC Bank,1064,18-29,1
205615,51.0,Individual,Nashik,North,HDFC Bank,1574,50-59,4
205616,74.0,Individual,Pune,East,HDFC Bank,1177,70-79,6
205617,66.0,Individual,Pune,East,HDFC Bank,1942,60-69,5
205618,40.0,Business,Nagpur,East,HDFC Bank,1007,40-49,3
205619,70.0,Employee,Solapur,East,HDFC Bank,1158,70-79,6
205620,73.0,Business,Nagpur,South,HDFC Bank,1010,70-79,6
205621,69.0,Business,Solapur,West,HDFC Bank,1784,60-69,5
205622,40.0,Employee,Nashik,West,HDFC Bank,1410,40-49,3
205623,62.0,Business,Solapur,South,HDFC Bank,1891,60-69,5
205624,22.0,Business,Nagpur,West,HDFC Bank,1606,18-29,1
205625,48.0,Business,Pune,West,HDFC Bank,1154,40-49,3
205626,79.0,Employee,Solapur,North,HDFC Bank,1205,70-79,6
205627,70.0,Individual,Unknown,South,HDFC Bank,1114,70-79,6
205628,79.0,Employee,Nashik,West,HDFC Bank,1378,70-79,6
205629,58.0,Employee,Kolhapur,West,HDFC Bank,1598,50-59,4
205630,74.0,Employee,Solapur,South,HDFC Bank,1823,70-79,6
205631,78.0,Unknown,Nashik,South,HDFC Bank,1708,70-79,6
205632,74.0,Individual,Unknown,North,HDFC Bank,1349,70-79,6
205633,77.0,Employee,Mumbai,North,HDFC Bank,1097,70-79,6
205634,71.0,Employee,Kolhapur,East,HDFC Bank,1942,70-79,6
205635,23.0,Individual,Solapur,East,HDFC Bank,1018,18-29,1
205636,54.0,Individual,Unknown,North,HDFC Bank,1312,50-59,4
205637,74.0,Individual,Solapur,West,HDFC Bank,1926,70-79,6
205638,27.0,Business,Solapur,South,HDFC Bank,1527,18-29,1
205639,57.0,Individual,Kolhapur,North,HDFC Bank,1556,50-59,4
205640,24.0,Unknown,Nashik,East,HDFC Bank,1666,18-29,1
205641,56.0,Unknown,Nashik,South,HDFC Bank,1444,50-59,4
205642,55.0,Business,Nashik,East,HDFC Bank,1921,50-59,4
205643,38.0,Individual,Nashik,West,HDFC Bank,1230,30-39,2
205644,78.0,Business,Kolhapur,West,HDFC Bank,1668,70-79,6
205645,37.0,Individual,Unknown,East,HDFC Bank,1624,30-39,2
205646,20.0,Business,Pune,South,HDFC Bank,1888,18-29,1
205647,68.0,Employee,Mumbai,East,HDFC Bank,1358,60-69,5
205648,39.0,Business,Nashik,South,HDFC Bank,1382,30-39,2
205649,64.0,Employee,Nashik,North,HDFC Bank,1511,60-69,5
205650,21.0,Individual,Mumbai,East,HDFC Bank,1043,18-29,1
205651,45.0,Employee,Nashik,East,HDFC Bank,1364,40-49,3
205652,29.0,Individual,Pune,South,HDFC Bank,1924,18-29,1
205653,55.0,Individual,Solapur,North,HDFC Bank,1876,50-59,4
205654,68.0,Employee,Mumbai,South,HDFC Bank,1621,60-69,5
205655,53.0,Employee,Nagpur,South,HDFC Bank,1110,50-59,4
205656,64.0,Business,Mumbai,East,HDFC Bank,1222,60-69,5
205657,58.0,Business,Pune,East,HDFC Bank,1385,50-59,4
205658,22.0,Employee,Kolhapur,South,HDFC Bank,1901,18-29,1
205659,30.0,Employee,Nagpur,West,HDFC Bank,1264,30-39,2
205660,40.0,Employee,Solapur,West,HDFC Bank,1270,40-49,3
205661,75.0,Employee,Nashik,West,HDFC Bank,1211,70-79,6
205662,67.0,Unknown,Mumbai,East,HDFC Bank,1495,60-69,5
205663,47.0,Employee,Nagpur,East,HDFC Bank,1313,40-49,3
205664,,Employee,Mumbai,North,HDFC Bank,1769,Unknown,7
205665,54.0,Employee,Solapur,East,HDFC Bank,1386,50-59,4
205666,42.0,Employee,Mumbai,North,HDFC Bank,1246,40-49,3
205667,65.0,Individual,Nagpur,East,HDFC Bank,1947,60-69,5
205668,44.0,Unknown,Pune,West,HDFC Bank,1566,40-49,3
205669,68.0,Business,Kolhapur,West,HDFC Bank,1820,60-69,5
205670,31.0,Business,Nagpur,South,HDFC Bank,1349,30-39,2
205671,74.0,Unknown,Mumbai,South,HDFC Bank,1071,70-79,6
205672,79.0,Business,Solapur,North,HDFC Bank,1295,70-79,6
205673,65.0,Individual,Nashik,North,HDFC Bank,1212,60-69,5
205674,76.0,Business,Nashik,South,HDFC Bank,1294,70-79,6
205675,64.0,Unknown,Solapur,North,HDFC Bank,1170,60-69,5
205676,71.0,Individual,Mumbai,East,HDFC Bank,1245,70-79,6
205677,53.0,Business,Kolhapur,West,HDFC Bank,1140,50-59,4
205678,56.0,Business,Solapur,South,HDFC Bank,1615,50-59,4
205679,33.0,Business,Mumbai,South,HDFC Bank,1616,30-39,2
205680,73.0,Employee,Nagpur,East,HDFC Bank,1239,70-79,6
205681,39.0,Individual,Unknown,North,HDFC Bank,1932,30-39,2
205682,38.0,Business,Pune,South,HDFC Bank,1310,30-39,2
205683,71.0,Employee,Mumbai,South,HDFC Bank,1415,70-79,6
205684,38.0,Individual,Unknown,East,HDFC Bank,1397,30-39,2
205685,25.0,Employee,Nashik,West,HDFC Bank,1832,18-29,1
205686,66.0,Employee,Kolhapur,South,HDFC Bank,1922,60-69,5
205687,33.0,Business,Pune,South,HDFC Bank,1791,30-39,2
205688,76.0,Individual,Mumbai,East,HDFC Bank,1882,70-79,6
205689,72.0,Employee,Pune,South,HDFC Bank,1880,70-79,6
205690,48.0,Individual,Nagpur,South,HDFC Bank,1021,40-49,3
205691,59.0,Business,Pune,West,HDFC Bank,1077,50-59,4
205692,27.0,Individual,Nagpur,South,HDFC Bank,1812,18-29,1
205693,49.0,Employee,Nashik,East,HDFC Bank,1903,40-49,3
205694,76.0,Employee,Nagpur,West,HDFC Bank,1474,70-79,6
205695,51.0,Individual,Mumbai,West,HDFC Bank,1706,50-59,4
205696,79.0,Unknown,Kolhapur,West,HDFC Bank,1831,70-79,6
205697,26.0,Employee,Kolhapur,North,HDFC Bank,1352,18-29,1
205698,34.0,Employee,Mumbai,East,HDFC Bank,1370,30-39,2
205699,28.0,Business,Mumbai,North,HDFC Bank,1942,18-29,1
205700,49.0,Business,Mumbai,South,HDFC Bank,1020,40-49,3
205701,27.0,Employee,Solapur,West,HDFC Bank,1506,18-29,1
205702,39.0,Individual,Nagpur,North,HDFC Bank,1159,30-39,2
205703,74.0,Unknown,Mumbai,South,HDFC Bank,1743,70-79,6
205704,34.0,Individual,Kolhapur,North,HDFC Bank,1360,30-39,2
205705,,Employee,Pune,West,HDFC Bank,1812,Unknown,7
205706,65.0,Employee,Pune,South,HDFC Bank,1555,60-69,5
205707,69.0,Individual,Solapur,West,HDFC Bank,1296,60-69,5
205708,64.0,Business,Nagpur,West,HDFC Bank,1351,60-69,5
205709,,Individual,Nagpur,North,HDFC Bank,1179,Unknown,7
205710,76.0,Individual,Nagpur,East,HDFC Bank,1471,70-79,6
205711,38.0,Employee,Kolhapur,South,HDFC Bank,1394,30-39,2
205712,54.0,Business,Kolhapur,South,HDFC Bank,1612,50-59,4
205713,,Individual,Solapur,East,HDFC Bank,1626,Unknown,7
205714,66.0,Business,Nagpur,South,HDFC Bank,1212,60-69,5
205715,18.0,Employee,Nagpur,North,HDFC Bank,1529,18-29,1
205716,42.0,Business,Unknown,South,HDFC Bank,1394,40-49,3
205717,68.0,Employee,Nagpur,North,HDFC Bank,1026,60-69,5
205718,53.0,Business,Kolhapur,South,HDFC Bank,1938,50-59,4
205719,34.0,Individual,Mumbai,North,HDFC Bank,1869,30-39,2
205720,58.0,Employee,Mumbai,East,HDFC Bank,1448,50-59,4
205721,41.0,Individual,Nagpur,South,HDFC Bank,1437,40-49,3
205722,19.0,Employee,Pune,North,HDFC Bank,1284,18-29,1
205723,57.0,Business,Nashik,West,HDFC Bank,1660,50-59,4
205724,32.0,Unknown,Kolhapur,West,HDFC Bank,1796,30-39,2
205725,49.0,Employee,Unknown,West,HDFC Bank,1648,40-49,3
205726,56.0,Employee,Nagpur,South,HDFC Bank,1188,50-59,4
205727,76.0,Employee,Nagpur,North,HDFC Bank,1701,70-79,6
205728,23.0,Business,Pune,West,HDFC Bank,1198,18-29,1
205729,18.0,Employee,Nagpur,South,HDFC Bank,1101,18-29,1
205730,64.0,Employee,Kolhapur,North,HDFC Bank,1478,60-69,5
205731,,Individual,Mumbai,West,HDFC Bank,1602,Unknown,7
205732,75.0,Employee,Solapur,West,HDFC Bank,1223,70-79,6
205733,56.0,Unknown,Nagpur,South,HDFC Bank,1516,50-59,4
205734,78.0,Individual,Unknown,North,HDFC Bank,1864,70-79,6
205735,79.0,Individual,Pune,South,HDFC Bank,1526,70-79,6
205736,74.0,Business,Mumbai,West,HDFC Bank,1440,70-79,6
205737,34.0,Individual,Pune,South,HDFC Bank,1516,30-39,2
205738,51.0,Employee,Kolhapur,South,HDFC Bank,1915,50-59,4
205739,76.0,Business,Pune,West,HDFC Bank,1229,70-79,6
205740,,Business,Nagpur,West,HDFC Bank,1868,Unknown,7
205741,,Business,Mumbai,North,HDFC Bank,1848,Unknown,7
205742,26.0,Business,Kolhapur,North,HDFC Bank,1113,18-29,1
205743,30.0,Unknown,Nagpur,West,HDFC Bank,1515,30-39,2
205744,23.0,Business,Kolhapur,West,HDFC Bank,1183,18-29,1
205745,23.0,Business,Nagpur,East,HDFC Bank,1724,18-29,1
205746,37.0,Individual,Nagpur,East,HDFC Bank,1758,30-39,2
205747,69.0,Employee,Nagpur,North,HDFC Bank,1033,60-69,5
205748,70.0,Employee,Solapur,South,HDFC Bank,1295,70-79,6
205749,20.0,Individual,Nashik,West,HDFC Bank,1452,18-29,1
205750,34.0,Individual,Mumbai,West,HDFC Bank,1707,30-39,2
205751,66.0,Business,Solapur,South,HDFC Bank,1504,60-69,5
205752,29.0,Business,Nashik,North,HDFC Bank,1405,18-29,1
205753,65.0,Individual,Kolhapur,East,HDFC Bank,1126,60-69,5
205754,64.0,Business,Nashik,North,HDFC Bank,1141,60-69,5
205755,62.0,Employee,Nashik,South,HDFC Bank,1963,60-69,5
205756,72.0,Employee,Solapur,West,HDFC Bank,1647,70-79,6
205757,18.0,Business,Mumbai,East,HDFC Bank,1127,18-29,1
205758,34.0,Business,Pune,South,HDFC Bank,1834,30-39,2
205759,20.0,Business,Nashik,West,HDFC Bank,1685,18-29,1
205760,43.0,Employee,Pune,North,HDFC Bank,1924,40-49,3
205761,32.0,Business,Pune,East,HDFC Bank,1729,30-39,2
205762,53.0,Individual,Nagpur,West,HDFC Bank,1625,50-59,4
205763,49.0,Unknown,Pune,West,HDFC Bank,1886,40-49,3
205764,49.0,Individual,Kolhapur,West,HDFC Bank,1349,40-49,3
205765,21.0,Business,Kolhapur,West,HDFC Bank,1523,18-29,1
205766,35.0,Business,Nagpur,West,HDFC Bank,1462,30-39,2
205767,66.0,Employee,Mumbai,North,HDFC Bank,1243,60-69,5
205768,,Unknown,Mumbai,South,HDFC Bank,1563,Unknown,7
205769,,Unknown,Kolhapur,East,HDFC Bank,1185,Unknown,7
205770,69.0,Individual,Nagpur,North,HDFC Bank,1232,60-69,5
205771,52.0,Employee,Mumbai,East,HDFC Bank,1513,50-59,4
205772,57.0,Individual,Nashik,West,HDFC Bank,1000,50-59,4
205773,31.0,Employee,Mumbai,South,HDFC Bank,1238,30-39,2
205774,75.0,Business,Nagpur,West,HDFC Bank,1054,70-79,6
205775,50.0,Business,Kolhapur,North,HDFC Bank,1494,50-59,4
205776,31.0,Individual,Nashik,North,HDFC Bank,1731,30-39,2
205777,51.0,Business,Pune,East,HDFC Bank,1615,50-59,4
205778,78.0,Unknown,Pune,West,HDFC Bank,1866,70-79,6
205779,72.0,Unknown,Pune,West,HDFC Bank,1417,70-79,6
205780,21.0,Business,Kolhapur,South,HDFC Bank,1447,18-29,1
205781,41.0,Individual,Nagpur,South,HDFC Bank,1835,40-49,3
205782,76.0,Individual,Pune,West,HDFC Bank,1337,70-79,6
205783,46.0,Business,Mumbai,East,HDFC Bank,1907,40-49,3
205784,36.0,Business,Pune,South,HDFC Bank,1817,30-39,2
205785,23.0,Business,Solapur,West,HDFC Bank,1276,18-29,1
205786,74.0,Business,Kolhapur,West,HDFC Bank,1009,70-79,6
205787,50.0,Business,Solapur,West,HDFC Bank,1340,50-59,4
205788,,Employee,Pune,North,HDFC Bank,1103,Unknown,7
205789,57.0,Unknown,Pune,East,HDFC Bank,1344,50-59,4
205790,36.0,Employee,Solapur,West,HDFC Bank,1369,30-39,2
205791,70.0,Individual,Kolhapur,West,HDFC Bank,1976,70-79,6
205792,18.0,Business,Kolhapur,West,HDFC Bank,1882,18-29,1
205793,22.0,Business,Pune,South,HDFC Bank,1197,18-29,1
205794,44.0,Business,Kolhapur,West,HDFC Bank,1013,40-49,3
205795,33.0,Unknown,Nashik,North,HDFC Bank,1996,30-39,2
205796,23.0,Employee,Kolhapur,North,HDFC Bank,1679,18-29,1
205797,57.0,Employee,Solapur,East,HDFC Bank,1871,50-59,4
205798,30.0,Business,Unknown,West,HDFC Bank,1337,30-39,2
205799,65.0,Business,Solapur,West,HDFC Bank,1541,60-69,5
205800,79.0,Business,Mumbai,West,HDFC Bank,1456,70-79,6
205801,52.0,Business,Nashik,North,HDFC Bank,1525,50-59,4
205802,36.0,Individual,Nagpur,South,HDFC Bank,1749,30-39,2
205803,29.0,Business,Pune,South,HDFC Bank,1435,18-29,1
205804,,Individual,Mumbai,West,HDFC Bank,1365,Unknown,7
205805,,Business,Mumbai,South,HDFC Bank,1400,Unknown,7
205806,60.0,Employee,Nashik,East,HDFC Bank,1573,60-69,5
205807,27.0,Employee,Nagpur,North,HDFC Bank,1481,18-29,1
205808,42.0,Business,Mumbai,West,HDFC Bank,1109,40-49,3
205809,37.0,Business,Nagpur,South,HDFC Bank,1405,30-39,2
205810,,Individual,Nagpur,West,HDFC Bank,1308,Unknown,7
205811,21.0,Business,Kolhapur,West,HDFC Bank,1159,18-29,1
205812,61.0,Business,Mumbai,North,HDFC Bank,1843,60-69,5
205813,40.0,Business,Nagpur,North,HDFC Bank,1054,40-49,3
205814,19.0,Employee,Nashik,South,HDFC Bank,1760,18-29,1
205815,73.0,Individual,Mumbai,North,HDFC Bank,1975,70-79,6
205816,39.0,Employee,Unknown,East,HDFC Bank,1255,30-39,2
205817,68.0,Individual,Nashik,West,HDFC Bank,1533,60-69,5
205818,74.0,Unknown,Nagpur,North,HDFC Bank,1421,70-79,6
205819,54.0,Business,Nagpur,South,HDFC Bank,1945,50-59,4
205820,25.0,Unknown,Kolhapur,South,HDFC Bank,1614,18-29,1
205821,24.0,Employee,Kolhapur,South,HDFC Bank,1961,18-29,1
205822,31.0,Unknown,Mumbai,East,HDFC Bank,1812,30-39,2
205823,,Individual,Kolhapur,North,HDFC Bank,1886,Unknown,7
205824,,Employee,Pune,North,HDFC Bank,1263,Unknown,7
205825,20.0,Individual,Mumbai,East,HDFC Bank,1747,18-29,1
205826,67.0,Individual,Nashik,North,HDFC Bank,1832,60-69,5
205827,33.0,Individual,Kolhapur,North,HDFC Bank,1232,30-39,2
205828,72.0,Individual,Kolhapur,North,HDFC Bank,1679,70-79,6
205829,36.0,Individual,Kolhapur,East,HDFC Bank,1232,30-39,2
205830,68.0,Employee,Nagpur,East,HDFC Bank,1516,60-69,5
205831,35.0,Individual,Nashik,South,HDFC Bank,1044,30-39,2
205832,,Business,Kolhapur,East,HDFC Bank,1557,Unknown,7
205833,33.0,Employee,Solapur,East,HDFC Bank,1675,30-39,2
205834,25.0,Employee,Unknown,South,HDFC Bank,1912,18-29,1
205835,77.0,Employee,Nashik,East,HDFC Bank,1680,70-79,6
205836,50.0,Individual,Kolhapur,North,HDFC Bank,1925,50-59,4
205837,,Business,Pune,West,HDFC Bank,1435,Unknown,7
205838,29.0,Individual,Unknown,South,HDFC Bank,1334,18-29,1
205839,79.0,Employee,Mumbai,West,HDFC Bank,1403,70-79,6
205840,70.0,Employee,Mumbai,West,HDFC Bank,1163,70-79,6
205841,28.0,Employee,Kolhapur,South,HDFC Bank,1255,18-29,1
205842,22.0,Employee,Mumbai,West,HDFC Bank,1065,18-29,1
205843,44.0,Individual,Nagpur,West,HDFC Bank,1940,40-49,3
205844,29.0,Business,Pune,South,HDFC Bank,1771,18-29,1
205845,34.0,Business,Nashik,South,HDFC Bank,1945,30-39,2
205846,23.0,Employee,Kolhapur,North,HDFC Bank,1087,18-29,1
205847,50.0,Business,Kolhapur,South,HDFC Bank,1239,50-59,4
205848,22.0,Employee,Solapur,East,HDFC Bank,1310,18-29,1
205849,74.0,Employee,Pune,West,HDFC Bank,1570,70-79,6
205850,45.0,Business,Pune,South,HDFC Bank,1681,40-49,3
205851,31.0,Employee,Pune,North,HDFC Bank,1257,30-39,2
205852,22.0,Business,Mumbai,South,HDFC Bank,1557,18-29,1
205853,71.0,Employee,Nagpur,West,HDFC Bank,1513,70-79,6
205854,73.0,Business,Nashik,South,HDFC Bank,1433,70-79,6
205855,76.0,Employee,Mumbai,West,HDFC Bank,1128,70-79,6
205856,50.0,Business,Nagpur,South,HDFC Bank,1780,50-59,4
205857,79.0,Employee,Pune,North,HDFC Bank,1325,70-79,6
205858,67.0,Employee,Nagpur,East,HDFC Bank,1789,60-69,5
205859,65.0,Unknown,Mumbai,North,HDFC Bank,1016,60-69,5
205860,58.0,Business,Pune,South,HDFC Bank,1698,50-59,4
205861,36.0,Individual,Mumbai,West,HDFC Bank,1341,30-39,2
205862,39.0,Employee,Nashik,North,HDFC Bank,1837,30-39,2
205863,22.0,Employee,Pune,East,HDFC Bank,1627,18-29,1
205864,76.0,Business,Nagpur,East,HDFC Bank,1770,70-79,6
205865,,Employee,Unknown,West,HDFC Bank,1877,Unknown,7
205866,47.0,Employee,Solapur,South,HDFC Bank,1248,40-49,3
205867,64.0,Employee,Nagpur,North,HDFC Bank,1709,60-69,5
205868,56.0,Employee,Nagpur,North,HDFC Bank,1848,50-59,4
205869,21.0,Individual,Pune,West,HDFC Bank,1738,18-29,1
205870,50.0,Individual,Kolhapur,North,HDFC Bank,1176,50-59,4
205871,30.0,Employee,Nagpur,West,HDFC Bank,1754,30-39,2
205872,37.0,Employee,Mumbai,West,HDFC Bank,1945,30-39,2
205873,71.0,Employee,Solapur,South,HDFC Bank,1356,70-79,6
205874,24.0,Individual,Nashik,West,HDFC Bank,1494,18-29,1
205875,32.0,Individual,Solapur,North,HDFC Bank,1034,30-39,2
205876,40.0,Business,Mumbai,West,HDFC Bank,1406,40-49,3
205877,31.0,Business,Pune,North,HDFC Bank,1967,30-39,2
205878,40.0,Employee,Mumbai,West,HDFC Bank,1646,40-49,3
205879,36.0,Employee,Kolhapur,South,HDFC Bank,1817,30-39,2
205880,71.0,Individual,Kolhapur,South,HDFC Bank,1009,70-79,6
205881,46.0,Employee,Kolhapur,West,HDFC Bank,1985,40-49,3
205882,73.0,Employee,Nagpur,West,HDFC Bank,1694,70-79,6
205883,37.0,Individual,Pune,West,HDFC Bank,1713,30-39,2
205884,46.0,Individual,Kolhapur,South,HDFC Bank,1530,40-49,3
205885,41.0,Individual,Unknown,East,HDFC Bank,1534,40-49,3
205886,35.0,Individual,Nashik,West,HDFC Bank,1094,30-39,2
205887,27.0,Business,Mumbai,East,HDFC Bank,1575,18-29,1
205888,58.0,Individual,Kolhapur,West,HDFC Bank,1928,50-59,4
205889,74.0,Individual,Nagpur,North,HDFC Bank,1449,70-79,6
205890,25.0,Employee,Nashik,South,HDFC Bank,1219,18-29,1
205891,,Employee,Solapur,East,HDFC Bank,1095,Unknown,7
205892,79.0,Employee,Pune,East,HDFC Bank,1864,70-79,6
205893,46.0,Business,Solapur,South,HDFC Bank,1776,40-49,3
205894,27.0,Individual,Nashik,East,HDFC Bank,1380,18-29,1
205895,34.0,Individual,Nashik,West,HDFC Bank,1668,30-39,2
205896,19.0,Business,Mumbai,East,HDFC Bank,1206,18-29,1
205897,23.0,Individual,Mumbai,West,HDFC Bank,1785,18-29,1
205898,75.0,Employee,Kolhapur,East,HDFC Bank,1849,70-79,6
205899,,Business,Pune,North,HDFC Bank,1245,Unknown,7
205900,45.0,Individual,Kolhapur,East,HDFC Bank,1710,40-49,3
205901,79.0,Business,Mumbai,East,HDFC Bank,1973,70-79,6
205902,58.0,Business,Nagpur,West,HDFC Bank,1796,50-59,4
205903,22.0,Individual,Pune,South,HDFC Bank,1509,18-29,1
205904,35.0,Employee,Nagpur,North,HDFC Bank,1883,30-39,2
205905,43.0,Individual,Kolhapur,South,HDFC Bank,1082,40-49,3
205906,37.0,Individual,Mumbai,West,HDFC Bank,1316,30-39,2
205907,58.0,Employee,Pune,North,HDFC Bank,1644,50-59,4
205908,66.0,Individual,Kolhapur,East,HDFC Bank,1104,60-69,5
205909,44.0,Individual,Nashik,South,HDFC Bank,1369,40-49,3
205910,66.0,Individual,Kolhapur,South,HDFC Bank,1748,60-69,5
205911,29.0,Business,Solapur,South,HDFC Bank,1580,18-29,1
205912,24.0,Business,Nashik,East,HDFC Bank,1695,18-29,1
205913,76.0,Business,Nagpur,West,HDFC Bank,1629,70-79,6
205914,20.0,Individual,Nashik,East,HDFC Bank,1179,18-29,1
205915,27.0,Employee,Kolhapur,East,HDFC Bank,1782,18-29,1
205916,51.0,Business,Nashik,West,HDFC Bank,1601,50-59,4
205917,42.0,Employee,Unknown,West,HDFC Bank,1599,40-49,3
205918,52.0,Individual,Kolhapur,East,HDFC Bank,1082,50-59,4
205919,33.0,Business,Solapur,West,HDFC Bank,1531,30-39,2
205920,19.0,Individual,Nashik,South,HDFC Bank,1618,18-29,1
205921,77.0,Employee,Solapur,North,HDFC Bank,1840,70-79,6
205922,41.0,Business,Nashik,West,HDFC Bank,1500,40-49,3
205923,27.0,Business,Pune,North,HDFC Bank,1347,18-29,1
205924,55.0,Business,Nashik,South,HDFC Bank,1271,50-59,4
205925,39.0,Business,Mumbai,West,HDFC Bank,1330,30-39,2
205926,43.0,Employee,Solapur,East,HDFC Bank,1609,40-49,3
205927,60.0,Business,Solapur,East,HDFC Bank,1920,60-69,5
205928,72.0,Individual,Nagpur,South,HDFC Bank,1743,70-79,6
205929,56.0,Business,Nagpur,West,HDFC Bank,1886,50-59,4
205930,44.0,Employee,Mumbai,East,HDFC Bank,1568,40-49,3
205931,,Business,Solapur,West,HDFC Bank,1660,Unknown,7
205932,64.0,Employee,Solapur,North,HDFC Bank,1388,60-69,5
205933,55.0,Employee,Nagpur,East,HDFC Bank,1970,50-59,4
205934,37.0,Individual,Nagpur,South,HDFC Bank,1746,30-39,2
205935,44.0,Business,Nashik,East,HDFC Bank,1136,40-49,3
205936,58.0,Business,Kolhapur,South,HDFC Bank,1778,50-59,4
205937,71.0,Business,Solapur,South,HDFC Bank,1740,70-79,6
205938,37.0,Individual,Unknown,North,HDFC Bank,1360,30-39,2
205939,61.0,Individual,Unknown,North,HDFC Bank,1832,60-69,5
205940,36.0,Employee,Solapur,South,HDFC Bank,1958,30-39,2
205941,37.0,Employee,Mumbai,East,HDFC Bank,1281,30-39,2
205942,52.0,Employee,Nagpur,South,HDFC Bank,1201,50-59,4
205943,64.0,Individual,Nagpur,West,HDFC Bank,1743,60-69,5
205944,19.0,Individual,Unknown,West,HDFC Bank,1530,18-29,1
205945,47.0,Individual,Nagpur,East,HDFC Bank,1015,40-49,3
205946,70.0,Employee,Pune,East,HDFC Bank,1567,70-79,6
205947,51.0,Individual,Mumbai,North,HDFC Bank,1868,50-59,4
205948,39.0,Employee,Mumbai,West,HDFC Bank,1113,30-39,2
205949,20.0,Employee,Nashik,South,HDFC Bank,1067,18-29,1
205950,23.0,Business,Pune,South,HDFC Bank,1589,18-29,1
205951,32.0,Business,Solapur,West,HDFC Bank,1029,30-39,2
205952,44.0,Business,Kolhapur,West,HDFC Bank,1518,40-49,3
205953,27.0,Unknown,Mumbai,North,HDFC Bank,1907,18-29,1
205954,26.0,Business,Unknown,West,HDFC Bank,1663,18-29,1
205955,50.0,Business,Pune,North,HDFC Bank,1998,50-59,4
205956,49.0,Business,Mumbai,East,HDFC Bank,1874,40-49,3
205957,65.0,Individual,Nashik,East,HDFC Bank,1021,60-69,5
205958,23.0,Employee,Unknown,West,HDFC Bank,1430,18-29,1
205959,58.0,Business,Nagpur,West,HDFC Bank,1029,50-59,4
205960,76.0,Individual,Pune,West,HDFC Bank,1955,70-79,6
205961,53.0,Individual,Solapur,West,HDFC Bank,1678,50-59,4
205962,76.0,Individual,Mumbai,South,HDFC Bank,1659,70-79,6
205963,77.0,Business,Solapur,South,HDFC Bank,1409,70-79,6
205964,19.0,Individual,Unknown,East,HDFC Bank,1048,18-29,1
205965,46.0,Employee,Kolhapur,South,HDFC Bank,1324,40-49,3
205966,21.0,Individual,Nagpur,West,HDFC Bank,1487,18-29,1
205967,18.0,Individual,Mumbai,North,HDFC Bank,1297,18-29,1
205968,36.0,Individual,Pune,East,HDFC Bank,1773,30-39,2
205969,43.0,Individual,Nagpur,West,HDFC Bank,1180,40-49,3
205970,42.0,Employee,Pune,South,HDFC Bank,1801,40-49,3
205971,27.0,Business,Nashik,North,HDFC Bank,1121,18-29,1
205972,70.0,Employee,Kolhapur,North,HDFC Bank,1123,70-79,6
205973,32.0,Employee,Mumbai,South,HDFC Bank,1452,30-39,2
205974,,Business,Unknown,West,HDFC Bank,1265,Unknown,7
205975,39.0,Individual,Nashik,North,HDFC Bank,1027,30-39,2
205976,68.0,Business,Kolhapur,North,HDFC Bank,1258,60-69,5
205977,65.0,Unknown,Nashik,South,HDFC Bank,1076,60-69,5
205978,38.0,Employee,Nashik,North,HDFC Bank,1431,30-39,2
205979,,Business,Pune,North,HDFC Bank,1878,Unknown,7
205980,73.0,Individual,Solapur,North,HDFC Bank,1705,70-79,6
205981,39.0,Employee,Pune,East,HDFC Bank,1893,30-39,2
205982,53.0,Individual,Kolhapur,West,HDFC Bank,1034,50-59,4
205983,51.0,Employee,Nagpur,West,HDFC Bank,1435,50-59,4
205984,47.0,Individual,Unknown,South,HDFC Bank,1113,40-49,3
205985,42.0,Business,Kolhapur,West,HDFC Bank,1061,40-49,3
205986,62.0,Business,Kolhapur,North,HDFC Bank,1051,60-69,5
205987,,Business,Kolhapur,West,HDFC Bank,1115,Unknown,7
205988,18.0,Individual,Nashik,East,HDFC Bank,1046,18-29,1
205989,,Employee,Kolhapur,North,HDFC Bank,1437,Unknown,7
205990,62.0,Employee,Nagpur,North,HDFC Bank,1411,60-69,5
205991,21.0,Employee,Kolhapur,East,HDFC Bank,1100,18-29,1
205992,,Business,Pune,East,HDFC Bank,1278,Unknown,7
205993,,Individual,Nashik,West,HDFC Bank,1106,Unknown,7
205994,26.0,Employee,Pune,West,HDFC Bank,1982,18-29,1
205995,53.0,Individual,Nashik,West,HDFC Bank,1034,50-59,4
205996,36.0,Employee,Pune,East,HDFC Bank,1358,30-39,2
205997,18.0,Business,Mumbai,West,HDFC Bank,1886,18-29,1
205998,27.0,Individual,Solapur,South,HDFC Bank,1799,18-29,1
205999,53.0,Unknown,Unknown,West,HDFC Bank,1001,50-59,4
206000,26.0,Employee,Nashik,East,HDFC Bank,1750,18-29,1
206001,62.0,Unknown,Mumbai,East,HDFC Bank,1491,60-69,5
206002,63.0,Employee,Nagpur,South,HDFC Bank,1879,60-69,5
206003,59.0,Business,Mumbai,North,HDFC Bank,1889,50-59,4
206004,49.0,Employee,Nashik,South,HDFC Bank,1271,40-49,3
206005,49.0,Employee,Mumbai,East,HDFC Bank,1143,40-49,3
206006,23.0,Business,Nagpur,North,HDFC Bank,1434,18-29,1
206007,65.0,Unknown,Nashik,South,HDFC Bank,1450,60-69,5
206008,55.0,Individual,Solapur,South,HDFC Bank,1603,50-59,4
206009,34.0,Unknown,Kolhapur,North,HDFC Bank,1732,30-39,2
206010,27.0,Employee,Mumbai,South,HDFC Bank,1565,18-29,1
206011,,Business,Solapur,North,HDFC Bank,1915,Unknown,7
206012,44.0,Business,Solapur,West,HDFC Bank,1227,40-49,3
206013,71.0,Business,Pune,North,HDFC Bank,1544,70-79,6
206014,67.0,Unknown,Nagpur,South,HDFC Bank,1213,60-69,5
206015,52.0,Employee,Kolhapur,West,HDFC Bank,1647,50-59,4
206016,69.0,Individual,Mumbai,East,HDFC Bank,1247,60-69,5
206017,76.0,Business,Solapur,East,HDFC Bank,1407,70-79,6
206018,38.0,Unknown,Solapur,East,HDFC Bank,1052,30-39,2
206019,42.0,Employee,Nagpur,South,HDFC Bank,1575,40-49,3
206020,45.0,Employee,Kolhapur,West,HDFC Bank,1313,40-49,3
206021,64.0,Business,Kolhapur,North,HDFC Bank,1373,60-69,5
206022,32.0,Unknown,Solapur,East,HDFC Bank,1036,30-39,2
206023,21.0,Individual,Solapur,East,HDFC Bank,1723,18-29,1
206024,46.0,Business,Solapur,West,HDFC Bank,1523,40-49,3
206025,76.0,Employee,Solapur,West,HDFC Bank,1979,70-79,6
206026,26.0,Individual,Pune,West,HDFC Bank,1083,18-29,1
206027,44.0,Business,Pune,South,HDFC Bank,1899,40-49,3
206028,43.0,Business,Kolhapur,West,HDFC Bank,1093,40-49,3
206029,36.0,Business,Nashik,North,HDFC Bank,1414,30-39,2
206030,73.0,Unknown,Mumbai,North,HDFC Bank,1341,70-79,6
206031,45.0,Employee,Nagpur,East,HDFC Bank,1718,40-49,3
206032,34.0,Business,Nashik,North,HDFC Bank,1549,30-39,2
206033,60.0,Employee,Pune,West,HDFC Bank,1420,60-69,5
206034,74.0,Employee,Pune,North,HDFC Bank,1347,70-79,6
206035,58.0,Employee,Pune,East,HDFC Bank,1714,50-59,4
206036,59.0,Individual,Nashik,South,HDFC Bank,1781,50-59,4
206037,67.0,Employee,Unknown,North,HDFC Bank,1586,60-69,5
206038,37.0,Business,Nashik,East,HDFC Bank,1127,30-39,2
206039,62.0,Individual,Pune,East,HDFC Bank,1840,60-69,5
206040,57.0,Business,Solapur,West,HDFC Bank,1151,50-59,4
206041,56.0,Employee,Solapur,East,HDFC Bank,1521,50-59,4
206042,66.0,Business,Mumbai,North,HDFC Bank,1037,60-69,5
206043,70.0,Individual,Pune,East,HDFC Bank,1426,70-79,6
206044,40.0,Individual,Mumbai,East,HDFC Bank,1104,40-49,3
206045,64.0,Business,Nashik,West,HDFC Bank,1164,60-69,5
206046,49.0,Business,Mumbai,West,HDFC Bank,1937,40-49,3
206047,69.0,Business,Pune,North,HDFC Bank,1543,60-69,5
206048,64.0,Individual,Nashik,East,HDFC Bank,1211,60-69,5
206049,50.0,Employee,Nashik,South,HDFC Bank,1525,50-59,4
206050,74.0,Business,Unknown,East,HDFC Bank,1741,70-79,6
206051,63.0,Employee,Nashik,South,HDFC Bank,1131,60-69,5
206052,22.0,Unknown,Nashik,North,HDFC Bank,1151,18-29,1
206053,60.0,Business,Mumbai,West,HDFC Bank,1095,60-69,5
206054,65.0,Business,Kolhapur,North,HDFC Bank,1502,60-69,5
206055,51.0,Individual,Unknown,West,HDFC Bank,1521,50-59,4
206056,57.0,Business,Nagpur,West,HDFC Bank,1373,50-59,4
206057,28.0,Employee,Kolhapur,East,HDFC Bank,1874,18-29,1
206058,78.0,Individual,Solapur,East,HDFC Bank,1015,70-79,6
206059,67.0,Individual,Solapur,West,HDFC Bank,1678,60-69,5
206060,20.0,Business,Nashik,South,HDFC Bank,1607,18-29,1
206061,79.0,Individual,Mumbai,South,HDFC Bank,1017,70-79,6
206062,,Unknown,Kolhapur,East,HDFC Bank,1408,Unknown,7
206063,,Business,Solapur,North,HDFC Bank,1006,Unknown,7
206064,28.0,Individual,Solapur,South,HDFC Bank,1695,18-29,1
206065,33.0,Business,Nagpur,West,HDFC Bank,1893,30-39,2
206066,35.0,Employee,Nashik,East,HDFC Bank,1244,30-39,2
206067,47.0,Employee,Kolhapur,East,HDFC Bank,1942,40-49,3
206068,65.0,Unknown,Solapur,West,HDFC Bank,1882,60-69,5
206069,72.0,Employee,Solapur,North,HDFC Bank,1977,70-79,6
206070,27.0,Business,Solapur,West,HDFC Bank,1878,18-29,1
206071,35.0,Employee,Solapur,North,HDFC Bank,1593,30-39,2
206072,55.0,Individual,Mumbai,East,HDFC Bank,1642,50-59,4
206073,36.0,Business,Pune,North,HDFC Bank,1128,30-39,2
206074,53.0,Business,Nagpur,West,HDFC Bank,1800,50-59,4
206075,76.0,Business,Mumbai,East,HDFC Bank,1454,70-79,6
206076,30.0,Business,Nagpur,South,HDFC Bank,1585,30-39,2
206077,,Business,Solapur,East,HDFC Bank,1875,Unknown,7
206078,63.0,Business,Nagpur,West,HDFC Bank,1570,60-69,5
206079,20.0,Individual,Nashik,West,HDFC Bank,1071,18-29,1
206080,27.0,Individual,Nashik,East,HDFC Bank,1159,18-29,1
206081,55.0,Employee,Pune,East,HDFC Bank,1086,50-59,4
206082,18.0,Business,Pune,East,HDFC Bank,1400,18-29,1
206083,72.0,Employee,Nagpur,North,HDFC Bank,1461,70-79,6
206084,73.0,Employee,Mumbai,South,HDFC Bank,1528,70-79,6
206085,44.0,Individual,Mumbai,North,HDFC Bank,1088,40-49,3
206086,63.0,Employee,Unknown,West,HDFC Bank,1660,60-69,5
206087,25.0,Unknown,Mumbai,East,HDFC Bank,1822,18-29,1
206088,68.0,Employee,Pune,North,HDFC Bank,1005,60-69,5
206089,,Business,Mumbai,North,HDFC Bank,1595,Unknown,7
206090,,Employee,Solapur,West,HDFC Bank,1944,Unknown,7
206091,34.0,Individual,Nashik,North,HDFC Bank,1083,30-39,2
206092,26.0,Individual,Mumbai,West,HDFC Bank,1249,18-29,1
206093,78.0,Individual,Mumbai,North,HDFC Bank,1665,70-79,6
206094,23.0,Employee,Pune,South,HDFC Bank,1415,18-29,1
206095,60.0,Employee,Nagpur,West,HDFC Bank,1071,60-69,5
206096,42.0,Individual,Nashik,South,HDFC Bank,1620,40-49,3
206097,56.0,Business,Nagpur,North,HDFC Bank,1111,50-59,4
206098,66.0,Business,Solapur,South,HDFC Bank,1171,60-69,5
206099,77.0,Employee,Solapur,South,HDFC Bank,1698,70-79,6
206100,45.0,Employee,Nagpur,South,HDFC Bank,1796,40-49,3
206101,50.0,Individual,Pune,North,HDFC Bank,1272,50-59,4
206102,71.0,Employee,Kolhapur,West,HDFC Bank,1529,70-79,6
206103,54.0,Employee,Pune,North,HDFC Bank,1679,50-59,4
206104,26.0,Individual,Kolhapur,North,HDFC Bank,1318,18-29,1
206105,35.0,Individual,Kolhapur,North,HDFC Bank,1081,30-39,2
206106,73.0,Employee,Pune,West,HDFC Bank,1074,70-79,6
206107,76.0,Business,Kolhapur,East,HDFC Bank,1428,70-79,6
206108,38.0,Employee,Kolhapur,North,HDFC Bank,1459,30-39,2
206109,19.0,Business,Kolhapur,North,HDFC Bank,1846,18-29,1
206110,78.0,Business,Nashik,West,HDFC Bank,1345,70-79,6
206111,75.0,Business,Solapur,East,HDFC Bank,1248,70-79,6
206112,60.0,Individual,Kolhapur,East,HDFC Bank,1642,60-69,5
206113,76.0,Individual,Solapur,East,HDFC Bank,1386,70-79,6
206114,,Individual,Solapur,East,HDFC Bank,1933,Unknown,7
206115,55.0,Employee,Nashik,West,HDFC Bank,1866,50-59,4
206116,75.0,Individual,Unknown,West,HDFC Bank,1712,70-79,6
206117,57.0,Individual,Nagpur,East,HDFC Bank,1362,50-59,4
206118,53.0,Employee,Mumbai,South,HDFC Bank,1295,50-59,4
206119,67.0,Employee,Nashik,West,HDFC Bank,1067,60-69,5
206120,77.0,Business,Mumbai,South,HDFC Bank,1437,70-79,6
206121,60.0,Employee,Nagpur,South,HDFC Bank,1531,60-69,5
206122,54.0,Employee,Pune,East,HDFC Bank,1782,50-59,4
206123,32.0,Unknown,Unknown,East,HDFC Bank,1604,30-39,2
206124,45.0,Business,Kolhapur,North,HDFC Bank,1132,40-49,3
206125,35.0,Business,Pune,South,HDFC Bank,1294,30-39,2
206126,51.0,Employee,Nashik,North,HDFC Bank,1295,50-59,4
206127,39.0,Individual,Pune,East,HDFC Bank,1646,30-39,2
206128,,Individual,Nashik,South,HDFC Bank,1967,Unknown,7
206129,75.0,Individual,Nashik,West,HDFC Bank,1863,70-79,6
206130,74.0,Individual,Mumbai,North,HDFC Bank,1867,70-79,6
206131,30.0,Employee,Pune,East,HDFC Bank,1032,30-39,2
206132,21.0,Individual,Solapur,South,HDFC Bank,1373,18-29,1
206133,39.0,Business,Pune,East,HDFC Bank,1804,30-39,2
206134,24.0,Unknown,Pune,North,HDFC Bank,1031,18-29,1
206135,78.0,Employee,Pune,East,HDFC Bank,1554,70-79,6
206136,60.0,Individual,Kolhapur,East,HDFC Bank,1958,60-69,5
206137,71.0,Individual,Solapur,West,HDFC Bank,1803,70-79,6
206138,41.0,Individual,Unknown,East,HDFC Bank,1865,40-49,3
206139,21.0,Individual,Nashik,South,HDFC Bank,1304,18-29,1
206140,45.0,Employee,Solapur,South,HDFC Bank,1792,40-49,3
206141,32.0,Individual,Nashik,West,HDFC Bank,1107,30-39,2
206142,18.0,Employee,Mumbai,South,HDFC Bank,1095,18-29,1
206143,72.0,Individual,Nashik,East,HDFC Bank,1065,70-79,6
206144,20.0,Individual,Pune,East,HDFC Bank,1520,18-29,1
206145,31.0,Business,Nagpur,South,HDFC Bank,1229,30-39,2
206146,55.0,Employee,Nagpur,North,HDFC Bank,1732,50-59,4
206147,67.0,Business,Kolhapur,East,HDFC Bank,1357,60-69,5
206148,74.0,Employee,Pune,South,HDFC Bank,1401,70-79,6
206149,18.0,Unknown,Nashik,East,HDFC Bank,1789,18-29,1
206150,55.0,Individual,Pune,East,HDFC Bank,1098,50-59,4
206151,55.0,Employee,Kolhapur,West,HDFC Bank,1270,50-59,4
206152,38.0,Business,Solapur,South,HDFC Bank,1774,30-39,2
206153,65.0,Employee,Nashik,East,HDFC Bank,1908,60-69,5
206154,46.0,Employee,Pune,North,HDFC Bank,1361,40-49,3
206155,22.0,Individual,Solapur,South,HDFC Bank,1163,18-29,1
206156,66.0,Business,Kolhapur,North,HDFC Bank,1527,60-69,5
206157,,Employee,Solapur,South,HDFC Bank,1168,Unknown,7
206158,45.0,Business,Nashik,North,HDFC Bank,1020,40-49,3
206159,38.0,Business,Kolhapur,North,HDFC Bank,1539,30-39,2
206160,67.0,Employee,Kolhapur,South,HDFC Bank,1841,60-69,5
206161,24.0,Business,Kolhapur,West,HDFC Bank,1594,18-29,1
206162,20.0,Individual,Mumbai,West,HDFC Bank,1784,18-29,1
206163,62.0,Individual,Kolhapur,South,HDFC Bank,1832,60-69,5
206164,64.0,Individual,Mumbai,East,HDFC Bank,1396,60-69,5
206165,37.0,Unknown,Solapur,South,HDFC Bank,1035,30-39,2
206166,36.0,Business,Mumbai,South,HDFC Bank,1494,30-39,2
206167,52.0,Individual,Solapur,East,HDFC Bank,1313,50-59,4
206168,21.0,Employee,Mumbai,South,HDFC Bank,1489,18-29,1
206169,22.0,Individual,Solapur,South,HDFC Bank,1275,18-29,1
206170,18.0,Employee,Solapur,East,HDFC Bank,1232,18-29,1
206171,21.0,Unknown,Kolhapur,East,HDFC Bank,1615,18-29,1
206172,29.0,Individual,Kolhapur,West,HDFC Bank,1435,18-29,1
206173,77.0,Individual,Solapur,North,HDFC Bank,1005,70-79,6
206174,44.0,Business,Kolhapur,North,HDFC Bank,1534,40-49,3
206175,73.0,Employee,Unknown,West,HDFC Bank,1681,70-79,6
206176,59.0,Individual,Unknown,West,HDFC Bank,1663,50-59,4
206177,40.0,Business,Nagpur,North,HDFC Bank,1243,40-49,3
206178,42.0,Individual,Mumbai,West,HDFC Bank,1240,40-49,3
206179,38.0,Individual,Solapur,South,HDFC Bank,1772,30-39,2
206180,78.0,Individual,Pune,West,HDFC Bank,1927,70-79,6
206181,75.0,Employee,Kolhapur,West,HDFC Bank,1557,70-79,6
206182,69.0,Individual,Kolhapur,West,HDFC Bank,1272,60-69,5
206183,41.0,Business,Nashik,West,HDFC Bank,1074,40-49,3
206184,42.0,Individual,Unknown,North,HDFC Bank,1282,40-49,3
206185,,Individual,Unknown,East,HDFC Bank,1707,Unknown,7
206186,72.0,Business,Nagpur,North,HDFC Bank,1534,70-79,6
206187,63.0,Business,Mumbai,North,HDFC Bank,1086,60-69,5
206188,49.0,Employee,Nagpur,East,HDFC Bank,1880,40-49,3
206189,72.0,Employee,Mumbai,North,HDFC Bank,1632,70-79,6
206190,49.0,Employee,Solapur,South,HDFC Bank,1929,40-49,3
206191,22.0,Employee,Nagpur,East,HDFC Bank,1148,18-29,1
206192,53.0,Business,Nashik,South,HDFC Bank,1149,50-59,4
206193,63.0,Individual,Mumbai,North,HDFC Bank,1576,60-69,5
206194,59.0,Individual,Nagpur,North,HDFC Bank,1159,50-59,4
206195,66.0,Individual,Nashik,East,HDFC Bank,1445,60-69,5
206196,59.0,Employee,Pune,North,HDFC Bank,1795,50-59,4
206197,75.0,Business,Kolhapur,West,HDFC Bank,1081,70-79,6
206198,56.0,Business,Solapur,South,HDFC Bank,1006,50-59,4
206199,33.0,Business,Solapur,South,HDFC Bank,1181,30-39,2
206200,50.0,Individual,Pune,West,HDFC Bank,1869,50-59,4
206201,66.0,Employee,Unknown,East,HDFC Bank,1965,60-69,5
206202,38.0,Business,Kolhapur,East,HDFC Bank,1525,30-39,2
206203,,Employee,Pune,West,HDFC Bank,1477,Unknown,7
206204,26.0,Unknown,Nashik,West,HDFC Bank,1182,18-29,1
206205,23.0,Unknown,Kolhapur,South,HDFC Bank,1313,18-29,1
206206,68.0,Business,Mumbai,West,HDFC Bank,1555,60-69,5
206207,62.0,Employee,Nagpur,West,HDFC Bank,1173,60-69,5
206208,52.0,Business,Kolhapur,West,HDFC Bank,1013,50-59,4
206209,56.0,Business,Mumbai,North,HDFC Bank,1299,50-59,4
206210,39.0,Employee,Pune,West,HDFC Bank,1936,30-39,2
206211,58.0,Employee,Solapur,North,HDFC Bank,1072,50-59,4
206212,71.0,Individual,Kolhapur,South,HDFC Bank,1734,70-79,6
206213,22.0,Employee,Kolhapur,South,HDFC Bank,1513,18-29,1
206214,59.0,Business,Mumbai,East,HDFC Bank,1721,50-59,4
206215,40.0,Business,Mumbai,South,HDFC Bank,1772,40-49,3
206216,34.0,Employee,Solapur,East,HDFC Bank,1601,30-39,2
206217,29.0,Unknown,Mumbai,North,HDFC Bank,1342,18-29,1
206218,40.0,Employee,Mumbai,West,HDFC Bank,1395,40-49,3
206219,33.0,Business,Kolhapur,South,HDFC Bank,1845,30-39,2
206220,20.0,Business,Solapur,West,HDFC Bank,1763,18-29,1
206221,47.0,Individual,Solapur,East,HDFC Bank,1894,40-49,3
206222,74.0,Employee,Kolhapur,North,HDFC Bank,1332,70-79,6
206223,,Unknown,Pune,South,HDFC Bank,1354,Unknown,7
206224,26.0,Business,Pune,West,HDFC Bank,1558,18-29,1
206225,46.0,Business,Kolhapur,East,HDFC Bank,1846,40-49,3
206226,64.0,Employee,Mumbai,West,HDFC Bank,1162,60-69,5
206227,54.0,Employee,Nagpur,South,HDFC Bank,1115,50-59,4
206228,40.0,Individual,Pune,West,HDFC Bank,1402,40-49,3
206229,30.0,Business,Pune,North,HDFC Bank,1078,30-39,2
206230,49.0,Business,Kolhapur,South,HDFC Bank,1446,40-49,3
206231,63.0,Individual,Unknown,East,HDFC Bank,1882,60-69,5
206232,69.0,Business,Nagpur,South,HDFC Bank,1007,60-69,5
206233,64.0,Individual,Nagpur,East,HDFC Bank,1022,60-69,5
206234,65.0,Individual,Solapur,East,HDFC Bank,1780,60-69,5
206235,40.0,Business,Kolhapur,South,HDFC Bank,1790,40-49,3
206236,62.0,Employee,Pune,East,HDFC Bank,1542,60-69,5
206237,34.0,Employee,Unknown,South,HDFC Bank,1413,30-39,2
206238,72.0,Employee,Nashik,North,HDFC Bank,1681,70-79,6
206239,57.0,Employee,Mumbai,North,HDFC Bank,1641,50-59,4
206240,38.0,Business,Pune,West,HDFC Bank,1906,30-39,2
206241,19.0,Individual,Nashik,North,HDFC Bank,1408,18-29,1
206242,54.0,Individual,Pune,East,HDFC Bank,1668,50-59,4
206243,23.0,Business,Kolhapur,West,HDFC Bank,1021,18-29,1
206244,61.0,Employee,Pune,West,HDFC Bank,1637,60-69,5
206245,35.0,Individual,Nashik,South,HDFC Bank,1402,30-39,2
206246,47.0,Business,Pune,West,HDFC Bank,1968,40-49,3
206247,39.0,Business,Nagpur,South,HDFC Bank,1680,30-39,2
206248,71.0,Employee,Mumbai,West,HDFC Bank,1677,70-79,6
206249,50.0,Business,Solapur,North,HDFC Bank,1156,50-59,4
206250,47.0,Individual,Unknown,South,HDFC Bank,1329,40-49,3
206251,,Individual,Kolhapur,East,HDFC Bank,1021,Unknown,7
206252,79.0,Business,Solapur,West,HDFC Bank,1471,70-79,6
206253,60.0,Individual,Mumbai,North,HDFC Bank,1263,60-69,5
206254,49.0,Business,Unknown,North,HDFC Bank,1302,40-49,3
206255,,Individual,Nagpur,South,HDFC Bank,1901,Unknown,7
206256,68.0,Employee,Unknown,South,HDFC Bank,1774,60-69,5
206257,31.0,Individual,Nagpur,South,HDFC Bank,1723,30-39,2
206258,75.0,Employee,Nashik,East,HDFC Bank,1464,70-79,6
206259,27.0,Employee,Nashik,East,HDFC Bank,1163,18-29,1
206260,64.0,Business,Pune,East,HDFC Bank,1135,60-69,5
206261,77.0,Unknown,Kolhapur,West,HDFC Bank,1251,70-79,6
206262,68.0,Individual,Pune,East,HDFC Bank,1204,60-69,5
206263,53.0,Individual,Kolhapur,South,HDFC Bank,1855,50-59,4
206264,51.0,Employee,Mumbai,North,HDFC Bank,1301,50-59,4
206265,26.0,Business,Pune,North,HDFC Bank,1241,18-29,1
206266,59.0,Employee,Mumbai,South,HDFC Bank,1831,50-59,4
206267,45.0,Individual,Mumbai,East,HDFC Bank,1926,40-49,3
206268,28.0,Individual,Mumbai,East,HDFC Bank,1790,18-29,1
206269,31.0,Employee,Unknown,South,HDFC Bank,1060,30-39,2
206270,56.0,Employee,Solapur,North,HDFC Bank,1464,50-59,4
206271,72.0,Unknown,Solapur,West,HDFC Bank,1817,70-79,6
206272,64.0,Individual,Nashik,North,HDFC Bank,1301,60-69,5
206273,71.0,Individual,Mumbai,East,HDFC Bank,1471,70-79,6
206274,36.0,Individual,Nagpur,North,HDFC Bank,1810,30-39,2
206275,71.0,Business,Pune,East,HDFC Bank,1393,70-79,6
206276,32.0,Individual,Pune,North,HDFC Bank,1606,30-39,2
206277,79.0,Individual,Nashik,South,HDFC Bank,1659,70-79,6
206278,45.0,Business,Nashik,East,HDFC Bank,1911,40-49,3
206279,41.0,Business,Mumbai,West,HDFC Bank,1973,40-49,3
206280,25.0,Business,Mumbai,West,HDFC Bank,1258,18-29,1
206281,,Business,Pune,South,HDFC Bank,1541,Unknown,7
206282,78.0,Business,Pune,North,HDFC Bank,1529,70-79,6
206283,26.0,Business,Pune,South,HDFC Bank,1186,18-29,1
206284,,Employee,Pune,South,HDFC Bank,1965,Unknown,7
206285,50.0,Employee,Solapur,West,HDFC Bank,1211,50-59,4
206286,79.0,Employee,Mumbai,West,HDFC Bank,1034,70-79,6
206287,,Employee,Mumbai,East,HDFC Bank,1146,Unknown,7
206288,36.0,Individual,Pune,East,HDFC Bank,1281,30-39,2
206289,20.0,Business,Nagpur,East,HDFC Bank,1546,18-29,1
206290,27.0,Individual,Pune,South,HDFC Bank,1587,18-29,1
206291,57.0,Business,Kolhapur,South,HDFC Bank,1583,50-59,4
206292,64.0,Business,Nashik,East,HDFC Bank,1248,60-69,5
206293,59.0,Individual,Kolhapur,West,HDFC Bank,1056,50-59,4
206294,,Employee,Nagpur,West,HDFC Bank,1868,Unknown,7
206295,46.0,Individual,Nashik,North,HDFC Bank,1304,40-49,3
206296,67.0,Individual,Nagpur,East,HDFC Bank,1521,60-69,5
206297,51.0,Business,Nashik,South,HDFC Bank,1724,50-59,4
206298,,Business,Pune,North,HDFC Bank,1360,Unknown,7
206299,30.0,Business,Pune,North,HDFC Bank,1236,30-39,2
206300,71.0,Employee,Nagpur,North,HDFC Bank,1233,70-79,6
206301,18.0,Individual,Nashik,East,HDFC Bank,1924,18-29,1
206302,51.0,Individual,Solapur,East,HDFC Bank,1222,50-59,4
206303,46.0,Employee,Nagpur,East,HDFC Bank,1615,40-49,3
206304,65.0,Individual,Nagpur,West,HDFC Bank,1326,60-69,5
206305,64.0,Individual,Kolhapur,North,HDFC Bank,1097,60-69,5
206306,30.0,Business,Mumbai,West,HDFC Bank,1225,30-39,2
206307,65.0,Employee,Nagpur,East,HDFC Bank,1733,60-69,5
206308,66.0,Business,Solapur,West,HDFC Bank,1835,60-69,5
206309,70.0,Employee,Pune,West,HDFC Bank,1488,70-79,6
206310,78.0,Business,Nashik,South,HDFC Bank,1477,70-79,6
206311,46.0,Individual,Mumbai,East,HDFC Bank,1984,40-49,3
206312,56.0,Employee,Nashik,North,HDFC Bank,1333,50-59,4
206313,41.0,Employee,Pune,East,HDFC Bank,1791,40-49,3
206314,43.0,Business,Nagpur,West,HDFC Bank,1554,40-49,3
206315,34.0,Employee,Kolhapur,East,HDFC Bank,1862,30-39,2
206316,24.0,Unknown,Solapur,East,HDFC Bank,1511,18-29,1
206317,30.0,Individual,Mumbai,South,HDFC Bank,1381,30-39,2
206318,22.0,Individual,Solapur,South,HDFC Bank,1422,18-29,1
206319,43.0,Business,Solapur,East,HDFC Bank,1347,40-49,3
206320,66.0,Employee,Solapur,South,HDFC Bank,1152,60-69,5
206321,20.0,Business,Solapur,West,HDFC Bank,1850,18-29,1
206322,24.0,Individual,Pune,West,HDFC Bank,1451,18-29,1
206323,75.0,Employee,Solapur,West,HDFC Bank,1289,70-79,6
206324,66.0,Individual,Kolhapur,South,HDFC Bank,1735,60-69,5
206325,56.0,Employee,Solapur,East,HDFC Bank,1984,50-59,4
206326,70.0,Employee,Pune,West,HDFC Bank,1118,70-79,6
206327,18.0,Business,Nashik,North,HDFC Bank,1213,18-29,1
206328,66.0,Employee,Pune,West,HDFC Bank,1564,60-69,5
206329,79.0,Individual,Kolhapur,East,HDFC Bank,1731,70-79,6
206330,34.0,Employee,Kolhapur,West,HDFC Bank,1438,30-39,2
206331,,Individual,Nagpur,North,HDFC Bank,1754,Unknown,7
206332,42.0,Business,Pune,West,HDFC Bank,1564,40-49,3
206333,76.0,Individual,Nashik,West,HDFC Bank,1913,70-79,6
206334,78.0,Employee,Nagpur,East,HDFC Bank,1628,70-79,6
206335,20.0,Individual,Nagpur,West,HDFC Bank,1902,18-29,1
206336,32.0,Individual,Mumbai,West,HDFC Bank,1446,30-39,2
206337,46.0,Employee,Solapur,South,HDFC Bank,1842,40-49,3
206338,70.0,Individual,Nagpur,East,HDFC Bank,1041,70-79,6
206339,60.0,Employee,Nagpur,East,HDFC Bank,1394,60-69,5
206340,49.0,Business,Kolhapur,East,HDFC Bank,1246,40-49,3
206341,43.0,Individual,Nashik,East,HDFC Bank,1904,40-49,3
206342,77.0,Business,Nagpur,West,HDFC Bank,1290,70-79,6
206343,33.0,Individual,Nashik,North,HDFC Bank,1247,30-39,2
206344,42.0,Individual,Solapur,North,HDFC Bank,1612,40-49,3
206345,71.0,Business,Kolhapur,South,HDFC Bank,1598,70-79,6
206346,45.0,Individual,Mumbai,West,HDFC Bank,1864,40-49,3
206347,,Individual,Mumbai,East,HDFC Bank,1448,Unknown,7
206348,73.0,Business,Solapur,East,HDFC Bank,1083,70-79,6
206349,73.0,Individual,Solapur,North,HDFC Bank,1772,70-79,6
206350,18.0,Employee,Kolhapur,South,HDFC Bank,1220,18-29,1
206351,46.0,Individual,Kolhapur,West,HDFC Bank,1665,40-49,3
206352,74.0,Individual,Pune,South,HDFC Bank,1050,70-79,6
206353,39.0,Individual,Nagpur,West,HDFC Bank,1549,30-39,2
206354,33.0,Business,Nagpur,South,HDFC Bank,1770,30-39,2
206355,58.0,Employee,Nagpur,South,HDFC Bank,1980,50-59,4
206356,68.0,Employee,Nashik,East,HDFC Bank,1186,60-69,5
206357,61.0,Individual,Pune,North,HDFC Bank,1524,60-69,5
206358,68.0,Business,Nagpur,East,HDFC Bank,1222,60-69,5
206359,71.0,Business,Unknown,North,HDFC Bank,1464,70-79,6
206360,58.0,Employee,Nashik,South,HDFC Bank,1418,50-59,4
206361,24.0,Business,Mumbai,West,HDFC Bank,1086,18-29,1
206362,31.0,Individual,Nashik,East,HDFC Bank,1258,30-39,2
206363,46.0,Individual,Solapur,West,HDFC Bank,1180,40-49,3
206364,36.0,Business,Kolhapur,East,HDFC Bank,1310,30-39,2
206365,,Individual,Nashik,East,HDFC Bank,1172,Unknown,7
206366,19.0,Employee,Solapur,East,HDFC Bank,1321,18-29,1
206367,58.0,Individual,Solapur,West,HDFC Bank,1706,50-59,4
206368,62.0,Business,Mumbai,East,HDFC Bank,1339,60-69,5
206369,32.0,Employee,Mumbai,East,HDFC Bank,1495,30-39,2
206370,20.0,Individual,Nashik,East,HDFC Bank,1244,18-29,1
206371,28.0,Employee,Mumbai,West,HDFC Bank,1939,18-29,1
206372,70.0,Business,Mumbai,East,HDFC Bank,1504,70-79,6
206373,63.0,Individual,Kolhapur,West,HDFC Bank,1328,60-69,5
206374,47.0,Individual,Nagpur,North,HDFC Bank,1879,40-49,3
206375,74.0,Employee,Nashik,East,HDFC Bank,1195,70-79,6
206376,57.0,Individual,Nashik,South,HDFC Bank,1061,50-59,4
206377,35.0,Individual,Nashik,North,HDFC Bank,1024,30-39,2
206378,68.0,Individual,Unknown,West,HDFC Bank,1563,60-69,5
206379,65.0,Individual,Kolhapur,South,HDFC Bank,1561,60-69,5
206380,19.0,Business,Mumbai,West,HDFC Bank,1377,18-29,1
206381,49.0,Individual,Solapur,West,HDFC Bank,1896,40-49,3
206382,25.0,Employee,Pune,East,HDFC Bank,1294,18-29,1
206383,39.0,Business,Pune,South,HDFC Bank,1051,30-39,2
206384,23.0,Employee,Pune,West,HDFC Bank,1843,18-29,1
206385,29.0,Employee,Nagpur,North,HDFC Bank,1039,18-29,1
206386,64.0,Employee,Mumbai,East,HDFC Bank,1743,60-69,5
206387,74.0,Business,Solapur,North,HDFC Bank,1571,70-79,6
206388,57.0,Business,Solapur,North,HDFC Bank,1727,50-59,4
206389,53.0,Business,Pune,East,HDFC Bank,1456,50-59,4
206390,32.0,Individual,Kolhapur,West,HDFC Bank,1877,30-39,2
206391,45.0,Employee,Nagpur,North,HDFC Bank,1851,40-49,3
206392,69.0,Business,Nagpur,West,HDFC Bank,1708,60-69,5
206393,74.0,Employee,Pune,West,HDFC Bank,1787,70-79,6
206394,66.0,Business,Pune,East,HDFC Bank,1852,60-69,5
206395,62.0,Business,Unknown,North,HDFC Bank,1001,60-69,5
206396,35.0,Business,Kolhapur,North,HDFC Bank,1468,30-39,2
206397,19.0,Employee,Nagpur,East,HDFC Bank,1105,18-29,1
206398,30.0,Individual,Solapur,West,HDFC Bank,1215,30-39,2
206399,62.0,Business,Pune,West,HDFC Bank,1776,60-69,5
206400,71.0,Business,Mumbai,East,HDFC Bank,1678,70-79,6
206401,32.0,Business,Solapur,West,HDFC Bank,1758,30-39,2
206402,37.0,Individual,Nagpur,West,HDFC Bank,1413,30-39,2
206403,46.0,Employee,Pune,North,HDFC Bank,1949,40-49,3
206404,76.0,Employee,Kolhapur,West,HDFC Bank,1209,70-79,6
206405,59.0,Employee,Pune,West,HDFC Bank,1057,50-59,4
206406,46.0,Employee,Kolhapur,West,HDFC Bank,1939,40-49,3
206407,20.0,Business,Mumbai,West,HDFC Bank,1042,18-29,1
206408,36.0,Individual,Mumbai,East,HDFC Bank,1137,30-39,2
206409,20.0,Business,Nagpur,East,HDFC Bank,1620,18-29,1
206410,71.0,Individual,Kolhapur,East,HDFC Bank,1488,70-79,6
206411,31.0,Employee,Pune,West,HDFC Bank,1559,30-39,2
206412,57.0,Unknown,Unknown,East,HDFC Bank,1637,50-59,4
206413,76.0,Business,Pune,South,HDFC Bank,1468,70-79,6
206414,72.0,Business,Nagpur,South,HDFC Bank,1725,70-79,6
206415,79.0,Employee,Kolhapur,South,HDFC Bank,1912,70-79,6
206416,21.0,Business,Unknown,North,HDFC Bank,1639,18-29,1
206417,76.0,Business,Solapur,West,HDFC Bank,1388,70-79,6
206418,77.0,Individual,Pune,North,HDFC Bank,1197,70-79,6
206419,69.0,Business,Unknown,East,HDFC Bank,1201,60-69,5
206420,28.0,Employee,Nashik,West,HDFC Bank,1191,18-29,1
206421,75.0,Employee,Unknown,South,HDFC Bank,1106,70-79,6
206422,48.0,Business,Nagpur,West,HDFC Bank,1705,40-49,3
206423,60.0,Employee,Nagpur,North,HDFC Bank,1326,60-69,5
206424,49.0,Individual,Solapur,East,HDFC Bank,1749,40-49,3
206425,44.0,Individual,Kolhapur,East,HDFC Bank,1643,40-49,3
206426,47.0,Business,Solapur,North,HDFC Bank,1356,40-49,3
206427,60.0,Unknown,Pune,West,HDFC Bank,1594,60-69,5
206428,19.0,Individual,Mumbai,North,HDFC Bank,1500,18-29,1
206429,79.0,Employee,Kolhapur,East,HDFC Bank,1283,70-79,6
206430,66.0,Business,Nashik,South,HDFC Bank,1467,60-69,5
206431,26.0,Business,Unknown,East,HDFC Bank,1507,18-29,1
206432,45.0,Employee,Nashik,East,HDFC Bank,1733,40-49,3
206433,48.0,Unknown,Pune,West,HDFC Bank,1105,40-49,3
206434,77.0,Employee,Pune,South,HDFC Bank,1293,70-79,6
206435,51.0,Unknown,Nagpur,East,HDFC Bank,1065,50-59,4
206436,78.0,Employee,Mumbai,South,HDFC Bank,1194,70-79,6
206437,73.0,Employee,Nagpur,North,HDFC Bank,1187,70-79,6
206438,32.0,Employee,Pune,West,HDFC Bank,1046,30-39,2
206439,65.0,Individual,Solapur,South,HDFC Bank,1361,60-69,5
206440,42.0,Employee,Nagpur,South,HDFC Bank,1870,40-49,3
206441,53.0,Individual,Kolhapur,West,HDFC Bank,1536,50-59,4
206442,25.0,Employee,Pune,North,HDFC Bank,1577,18-29,1
206443,,Business,Pune,South,HDFC Bank,1486,Unknown,7
206444,75.0,Individual,Solapur,West,HDFC Bank,1846,70-79,6
206445,75.0,Business,Solapur,East,HDFC Bank,1578,70-79,6
206446,54.0,Employee,Solapur,West,HDFC Bank,1708,50-59,4
206447,65.0,Employee,Mumbai,East,HDFC Bank,1245,60-69,5
206448,62.0,Business,Kolhapur,South,HDFC Bank,1807,60-69,5
206449,79.0,Employee,Pune,South,HDFC Bank,1611,70-79,6
206450,56.0,Business,Solapur,South,HDFC Bank,1177,50-59,4
206451,49.0,Employee,Mumbai,North,HDFC Bank,1114,40-49,3
206452,75.0,Employee,Nashik,North,HDFC Bank,1679,70-79,6
206453,69.0,Individual,Kolhapur,East,HDFC Bank,1630,60-69,5
206454,34.0,Business,Nashik,West,HDFC Bank,1997,30-39,2
206455,52.0,Employee,Nashik,East,HDFC Bank,1164,50-59,4
206456,54.0,Business,Pune,West,HDFC Bank,1218,50-59,4
206457,36.0,Individual,Mumbai,South,HDFC Bank,1196,30-39,2
206458,61.0,Business,Mumbai,West,HDFC Bank,1400,60-69,5
206459,46.0,Individual,Nashik,North,HDFC Bank,1829,40-49,3
206460,76.0,Business,Kolhapur,West,HDFC Bank,1997,70-79,6
206461,24.0,Business,Nagpur,West,HDFC Bank,1748,18-29,1
206462,45.0,Individual,Nashik,South,HDFC Bank,1680,40-49,3
206463,26.0,Employee,Pune,South,HDFC Bank,1075,18-29,1
206464,45.0,Employee,Nashik,North,HDFC Bank,1425,40-49,3
206465,23.0,Employee,Kolhapur,West,HDFC Bank,1286,18-29,1
206466,46.0,Unknown,Kolhapur,West,HDFC Bank,1544,40-49,3
206467,75.0,Business,Nashik,West,HDFC Bank,1298,70-79,6
206468,34.0,Employee,Mumbai,South,HDFC Bank,1860,30-39,2
206469,33.0,Business,Nashik,North,HDFC Bank,1741,30-39,2
206470,40.0,Business,Unknown,West,HDFC Bank,1706,40-49,3
206471,48.0,Employee,Solapur,West,HDFC Bank,1293,40-49,3
206472,20.0,Individual,Nagpur,West,HDFC Bank,1808,18-29,1
206473,38.0,Business,Pune,West,HDFC Bank,1885,30-39,2
206474,43.0,Unknown,Pune,North,HDFC Bank,1446,40-49,3
206475,53.0,Business,Mumbai,North,HDFC Bank,1935,50-59,4
206476,59.0,Business,Pune,North,HDFC Bank,1413,50-59,4
206477,54.0,Individual,Nagpur,South,HDFC Bank,1430,50-59,4
206478,70.0,Employee,Solapur,West,HDFC Bank,1789,70-79,6
206479,39.0,Business,Mumbai,West,HDFC Bank,1229,30-39,2
206480,79.0,Employee,Kolhapur,West,HDFC Bank,1095,70-79,6
206481,59.0,Business,Solapur,West,HDFC Bank,1894,50-59,4
206482,29.0,Individual,Nagpur,East,HDFC Bank,1438,18-29,1
206483,59.0,Employee,Mumbai,North,HDFC Bank,1170,50-59,4
206484,78.0,Individual,Nashik,East,HDFC Bank,1316,70-79,6
206485,30.0,Unknown,Pune,East,HDFC Bank,1841,30-39,2
206486,28.0,Individual,Nagpur,South,HDFC Bank,1543,18-29,1
206487,71.0,Individual,Mumbai,South,HDFC Bank,1490,70-79,6
206488,33.0,Business,Solapur,West,HDFC Bank,1387,30-39,2
206489,25.0,Business,Mumbai,East,HDFC Bank,1988,18-29,1
206490,57.0,Employee,Nashik,East,HDFC Bank,1556,50-59,4
206491,,Business,Nagpur,North,HDFC Bank,1071,Unknown,7
206492,74.0,Employee,Unknown,East,HDFC Bank,1531,70-79,6
206493,57.0,Unknown,Unknown,South,HDFC Bank,1238,50-59,4
206494,62.0,Individual,Nagpur,East,HDFC Bank,1710,60-69,5
206495,76.0,Employee,Nagpur,South,HDFC Bank,1576,70-79,6
206496,19.0,Business,Solapur,West,HDFC Bank,1699,18-29,1
206497,47.0,Business,Pune,South,HDFC Bank,1088,40-49,3
206498,47.0,Individual,Kolhapur,West,HDFC Bank,1921,40-49,3
206499,29.0,Employee,Nashik,North,HDFC Bank,1712,18-29,1
206500,27.0,Individual,Mumbai,West,HDFC Bank,1534,18-29,1
206501,61.0,Individual,Pune,East,HDFC Bank,1807,60-69,5
206502,28.0,Business,Solapur,South,HDFC Bank,1641,18-29,1
206503,32.0,Employee,Pune,West,HDFC Bank,1153,30-39,2
206504,33.0,Individual,Nagpur,West,HDFC Bank,1589,30-39,2
206505,34.0,Business,Nagpur,West,HDFC Bank,1189,30-39,2
206506,43.0,Unknown,Nashik,West,HDFC Bank,1811,40-49,3
206507,19.0,Individual,Kolhapur,West,HDFC Bank,1414,18-29,1
206508,67.0,Business,Mumbai,West,HDFC Bank,1153,60-69,5
206509,29.0,Business,Mumbai,South,HDFC Bank,1624,18-29,1
206510,68.0,Employee,Solapur,East,HDFC Bank,1338,60-69,5
206511,43.0,Individual,Nashik,East,HDFC Bank,1997,40-49,3
206512,40.0,Employee,Mumbai,West,HDFC Bank,1628,40-49,3
206513,35.0,Business,Kolhapur,South,HDFC Bank,1516,30-39,2
206514,79.0,Business,Nagpur,West,HDFC Bank,1888,70-79,6
206515,49.0,Individual,Nashik,North,HDFC Bank,1837,40-49,3
206516,66.0,Employee,Pune,East,HDFC Bank,1034,60-69,5
206517,,Employee,Nashik,West,HDFC Bank,1783,Unknown,7
206518,55.0,Individual,Nashik,South,HDFC Bank,1670,50-59,4
206519,74.0,Individual,Kolhapur,East,HDFC Bank,1721,70-79,6
206520,64.0,Employee,Kolhapur,South,HDFC Bank,1525,60-69,5
206521,20.0,Business,Mumbai,North,HDFC Bank,1536,18-29,1
206522,55.0,Business,Solapur,West,HDFC Bank,1846,50-59,4
206523,20.0,Individual,Solapur,North,HDFC Bank,1217,18-29,1
206524,47.0,Employee,Kolhapur,East,HDFC Bank,1253,40-49,3
206525,78.0,Employee,Mumbai,West,HDFC Bank,1995,70-79,6
206526,18.0,Employee,Mumbai,East,HDFC Bank,1202,18-29,1
206527,47.0,Business,Mumbai,West,HDFC Bank,1100,40-49,3
206528,62.0,Business,Kolhapur,South,HDFC Bank,1360,60-69,5
206529,49.0,Employee,Solapur,East,HDFC Bank,1740,40-49,3
206530,,Employee,Mumbai,North,HDFC Bank,1710,Unknown,7
206531,38.0,Individual,Kolhapur,North,HDFC Bank,1913,30-39,2
206532,,Individual,Pune,South,HDFC Bank,1177,Unknown,7
206533,63.0,Employee,Pune,South,HDFC Bank,1275,60-69,5
206534,30.0,Employee,Nagpur,North,HDFC Bank,1311,30-39,2
206535,44.0,Business,Pune,South,HDFC Bank,1641,40-49,3
206536,,Employee,Nashik,West,HDFC Bank,1409,Unknown,7
206537,24.0,Individual,Nagpur,North,HDFC Bank,1790,18-29,1
206538,39.0,Business,Pune,East,HDFC Bank,1287,30-39,2
206539,27.0,Individual,Unknown,North,HDFC Bank,1652,18-29,1
206540,56.0,Individual,Pune,South,HDFC Bank,1524,50-59,4
206541,70.0,Business,Kolhapur,West,HDFC Bank,1400,70-79,6
206542,32.0,Individual,Nashik,East,HDFC Bank,1216,30-39,2
206543,,Employee,Mumbai,North,HDFC Bank,1697,Unknown,7
206544,21.0,Individual,Kolhapur,North,HDFC Bank,1469,18-29,1
206545,49.0,Unknown,Nashik,East,HDFC Bank,1026,40-49,3
206546,40.0,Business,Kolhapur,West,HDFC Bank,1912,40-49,3
206547,72.0,Business,Mumbai,South,HDFC Bank,1729,70-79,6
206548,23.0,Individual,Nashik,South,HDFC Bank,1421,18-29,1
206549,41.0,Employee,Nashik,South,HDFC Bank,1013,40-49,3
206550,37.0,Business,Kolhapur,South,HDFC Bank,1500,30-39,2
206551,75.0,Employee,Pune,East,HDFC Bank,1653,70-79,6
206552,54.0,Business,Nashik,West,HDFC Bank,1907,50-59,4
206553,,Employee,Pune,West,HDFC Bank,1324,Unknown,7
206554,29.0,Employee,Nashik,North,HDFC Bank,1996,18-29,1
206555,50.0,Employee,Solapur,North,HDFC Bank,1323,50-59,4
206556,45.0,Business,Nagpur,West,HDFC Bank,1566,40-49,3
206557,25.0,Individual,Pune,North,HDFC Bank,1702,18-29,1
206558,18.0,Individual,Pune,West,HDFC Bank,1284,18-29,1
206559,54.0,Individual,Mumbai,East,HDFC Bank,1088,50-59,4
206560,39.0,Employee,Solapur,East,HDFC Bank,1044,30-39,2
206561,23.0,Business,Mumbai,South,HDFC Bank,1643,18-29,1
206562,78.0,Employee,Solapur,West,HDFC Bank,1497,70-79,6
206563,38.0,Business,Solapur,East,HDFC Bank,1911,30-39,2
206564,49.0,Employee,Kolhapur,West,HDFC Bank,1497,40-49,3
206565,52.0,Business,Kolhapur,North,HDFC Bank,1577,50-59,4
206566,32.0,Business,Kolhapur,West,HDFC Bank,1790,30-39,2
206567,22.0,Business,Nashik,South,HDFC Bank,1835,18-29,1
206568,77.0,Employee,Mumbai,South,HDFC Bank,1659,70-79,6
206569,73.0,Individual,Nagpur,East,HDFC Bank,1144,70-79,6
206570,63.0,Employee,Solapur,North,HDFC Bank,1947,60-69,5
206571,67.0,Employee,Solapur,North,HDFC Bank,1517,60-69,5
206572,65.0,Business,Pune,West,HDFC Bank,1081,60-69,5
206573,23.0,Unknown,Nashik,North,HDFC Bank,1979,18-29,1
206574,42.0,Individual,Nagpur,South,HDFC Bank,1634,40-49,3
206575,73.0,Individual,Kolhapur,East,HDFC Bank,1166,70-79,6
206576,63.0,Business,Solapur,East,HDFC Bank,1748,60-69,5
206577,76.0,Individual,Pune,East,HDFC Bank,1104,70-79,6
206578,73.0,Individual,Mumbai,North,HDFC Bank,1801,70-79,6
206579,57.0,Business,Solapur,North,HDFC Bank,1487,50-59,4
206580,46.0,Employee,Pune,South,HDFC Bank,1749,40-49,3
206581,24.0,Individual,Mumbai,West,HDFC Bank,1309,18-29,1
206582,57.0,Business,Nashik,West,HDFC Bank,1983,50-59,4
206583,30.0,Individual,Kolhapur,East,HDFC Bank,1081,30-39,2
206584,55.0,Individual,Mumbai,East,HDFC Bank,1093,50-59,4
206585,35.0,Business,Solapur,North,HDFC Bank,1320,30-39,2
206586,19.0,Individual,Nagpur,East,HDFC Bank,1342,18-29,1
206587,25.0,Individual,Mumbai,South,HDFC Bank,1796,18-29,1
206588,28.0,Individual,Nagpur,South,HDFC Bank,1808,18-29,1
206589,50.0,Employee,Nagpur,East,HDFC Bank,1360,50-59,4
206590,71.0,Employee,Mumbai,East,HDFC Bank,1830,70-79,6
206591,78.0,Individual,Nashik,East,HDFC Bank,1927,70-79,6
206592,55.0,Business,Mumbai,East,HDFC Bank,1065,50-59,4
206593,65.0,Individual,Pune,East,HDFC Bank,1623,60-69,5
206594,44.0,Individual,Kolhapur,South,HDFC Bank,1867,40-49,3
206595,37.0,Employee,Nagpur,West,HDFC Bank,1428,30-39,2
206596,29.0,Employee,Kolhapur,South,HDFC Bank,1400,18-29,1
206597,60.0,Employee,Solapur,South,HDFC Bank,1170,60-69,5
206598,78.0,Individual,Unknown,East,HDFC Bank,1758,70-79,6
206599,48.0,Individual,Solapur,West,HDFC Bank,1577,40-49,3
206600,44.0,Business,Pune,East,HDFC Bank,1067,40-49,3
206601,49.0,Individual,Pune,South,HDFC Bank,1491,40-49,3
206602,78.0,Individual,Kolhapur,West,HDFC Bank,1033,70-79,6
206603,27.0,Employee,Pune,North,HDFC Bank,1000,18-29,1
206604,20.0,Employee,Mumbai,East,HDFC Bank,1150,18-29,1
206605,62.0,Employee,Nagpur,North,HDFC Bank,1901,60-69,5
206606,44.0,Employee,Solapur,North,HDFC Bank,1783,40-49,3
206607,,Employee,Kolhapur,North,HDFC Bank,1257,Unknown,7
206608,48.0,Business,Kolhapur,North,HDFC Bank,1749,40-49,3
206609,,Business,Unknown,West,HDFC Bank,1627,Unknown,7
206610,33.0,Business,Pune,East,HDFC Bank,1587,30-39,2
206611,78.0,Employee,Solapur,West,HDFC Bank,1794,70-79,6
206612,30.0,Employee,Nagpur,East,HDFC Bank,1018,30-39,2
206613,,Employee,Nagpur,East,HDFC Bank,1795,Unknown,7
206614,52.0,Business,Kolhapur,East,HDFC Bank,1034,50-59,4
206615,69.0,Employee,Solapur,West,HDFC Bank,1370,60-69,5
206616,28.0,Business,Kolhapur,South,HDFC Bank,1490,18-29,1
206617,76.0,Employee,Nashik,North,HDFC Bank,1835,70-79,6
206618,38.0,Unknown,Nagpur,South,HDFC Bank,1816,30-39,2
206619,68.0,Business,Solapur,South,HDFC Bank,1240,60-69,5
206620,71.0,Individual,Solapur,South,HDFC Bank,1006,70-79,6
206621,28.0,Business,Kolhapur,North,HDFC Bank,1548,18-29,1
206622,47.0,Employee,Pune,South,HDFC Bank,1370,40-49,3
206623,77.0,Employee,Solapur,North,HDFC Bank,1664,70-79,6
206624,65.0,Individual,Kolhapur,North,HDFC Bank,1756,60-69,5
206625,70.0,Employee,Mumbai,North,HDFC Bank,1249,70-79,6
206626,52.0,Business,Pune,East,HDFC Bank,1114,50-59,4
206627,39.0,Employee,Pune,East,HDFC Bank,1552,30-39,2
206628,55.0,Employee,Nagpur,South,HDFC Bank,1336,50-59,4
206629,48.0,Business,Nashik,East,HDFC Bank,1573,40-49,3
206630,31.0,Individual,Nagpur,North,HDFC Bank,1680,30-39,2
206631,41.0,Individual,Mumbai,East,HDFC Bank,1141,40-49,3
206632,67.0,Employee,Kolhapur,North,HDFC Bank,1484,60-69,5
206633,66.0,Business,Pune,West,HDFC Bank,1437,60-69,5
206634,49.0,Individual,Pune,East,HDFC Bank,1769,40-49,3
206635,53.0,Individual,Solapur,South,HDFC Bank,1087,50-59,4
206636,49.0,Employee,Nashik,West,HDFC Bank,1462,40-49,3
206637,72.0,Business,Nashik,West,HDFC Bank,1047,70-79,6
206638,32.0,Individual,Solapur,East,HDFC Bank,1946,30-39,2
206639,60.0,Employee,Mumbai,East,HDFC Bank,1480,60-69,5
206640,75.0,Employee,Nashik,South,HDFC Bank,1822,70-79,6
206641,52.0,Employee,Pune,West,HDFC Bank,1523,50-59,4
206642,20.0,Employee,Mumbai,North,HDFC Bank,1210,18-29,1
206643,33.0,Individual,Unknown,East,HDFC Bank,1243,30-39,2
206644,22.0,Business,Nagpur,West,HDFC Bank,1238,18-29,1
206645,38.0,Employee,Mumbai,West,HDFC Bank,1196,30-39,2
206646,78.0,Employee,Pune,North,HDFC Bank,1768,70-79,6
206647,27.0,Individual,Nagpur,West,HDFC Bank,1234,18-29,1
206648,36.0,Employee,Kolhapur,East,HDFC Bank,1186,30-39,2
206649,42.0,Employee,Pune,North,HDFC Bank,1712,40-49,3
206650,21.0,Business,Solapur,East,HDFC Bank,1614,18-29,1
206651,78.0,Employee,Nashik,South,HDFC Bank,1289,70-79,6
206652,46.0,Individual,Unknown,West,HDFC Bank,1220,40-49,3
206653,,Business,Nashik,East,HDFC Bank,1496,Unknown,7
206654,,Unknown,Solapur,East,HDFC Bank,1495,Unknown,7
206655,19.0,Business,Nagpur,South,HDFC Bank,1879,18-29,1
206656,27.0,Business,Kolhapur,West,HDFC Bank,1301,18-29,1
206657,78.0,Employee,Pune,East,HDFC Bank,1186,70-79,6
206658,60.0,Employee,Pune,North,HDFC Bank,1449,60-69,5
206659,42.0,Employee,Solapur,East,HDFC Bank,1914,40-49,3
206660,37.0,Individual,Mumbai,East,HDFC Bank,1411,30-39,2
206661,65.0,Employee,Nashik,East,HDFC Bank,1610,60-69,5
206662,36.0,Employee,Unknown,East,HDFC Bank,1935,30-39,2
206663,40.0,Business,Nagpur,West,HDFC Bank,1244,40-49,3
206664,41.0,Employee,Mumbai,East,HDFC Bank,1312,40-49,3
206665,28.0,Employee,Kolhapur,South,HDFC Bank,1818,18-29,1
206666,63.0,Employee,Kolhapur,East,HDFC Bank,1495,60-69,5
206667,51.0,Employee,Solapur,North,HDFC Bank,1021,50-59,4
206668,,Business,Solapur,North,HDFC Bank,1067,Unknown,7
206669,45.0,Employee,Pune,East,HDFC Bank,1391,40-49,3
206670,22.0,Unknown,Nagpur,East,HDFC Bank,1315,18-29,1
206671,76.0,Individual,Mumbai,South,HDFC Bank,1064,70-79,6
206672,22.0,Employee,Pune,South,HDFC Bank,1803,18-29,1
206673,68.0,Employee,Nagpur,West,HDFC Bank,1966,60-69,5
206674,38.0,Employee,Nashik,West,HDFC Bank,1728,30-39,2
206675,29.0,Business,Nashik,North,HDFC Bank,1540,18-29,1
206676,67.0,Employee,Pune,East,HDFC Bank,1704,60-69,5
206677,21.0,Employee,Mumbai,East,HDFC Bank,1567,18-29,1
206678,71.0,Individual,Unknown,South,HDFC Bank,1849,70-79,6
206679,66.0,Business,Nashik,South,HDFC Bank,1899,60-69,5
206680,59.0,Unknown,Nashik,West,HDFC Bank,1211,50-59,4
206681,37.0,Individual,Mumbai,West,HDFC Bank,1749,30-39,2
206682,55.0,Business,Pune,North,HDFC Bank,1199,50-59,4
206683,42.0,Employee,Solapur,South,HDFC Bank,1986,40-49,3
206684,31.0,Employee,Kolhapur,East,HDFC Bank,1177,30-39,2
206685,,Individual,Unknown,South,HDFC Bank,1422,Unknown,7
206686,49.0,Business,Nashik,South,HDFC Bank,1930,40-49,3
206687,28.0,Business,Kolhapur,South,HDFC Bank,1664,18-29,1
206688,78.0,Business,Kolhapur,West,HDFC Bank,1461,70-79,6
206689,35.0,Individual,Solapur,East,HDFC Bank,1043,30-39,2
206690,44.0,Employee,Kolhapur,East,HDFC Bank,1430,40-49,3
206691,72.0,Individual,Mumbai,West,HDFC Bank,1167,70-79,6
206692,71.0,Employee,Pune,West,HDFC Bank,1286,70-79,6
206693,35.0,Individual,Unknown,East,HDFC Bank,1708,30-39,2
206694,73.0,Employee,Mumbai,North,HDFC Bank,1336,70-79,6
206695,40.0,Business,Pune,South,HDFC Bank,1585,40-49,3
206696,28.0,Business,Mumbai,East,HDFC Bank,1170,18-29,1
206697,38.0,Business,Nashik,West,HDFC Bank,1891,30-39,2
206698,61.0,Individual,Nashik,East,HDFC Bank,1182,60-69,5
206699,22.0,Individual,Solapur,South,HDFC Bank,1015,18-29,1
206700,40.0,Individual,Mumbai,East,HDFC Bank,1495,40-49,3
206701,58.0,Business,Kolhapur,West,HDFC Bank,1579,50-59,4
206702,76.0,Employee,Nashik,North,HDFC Bank,1886,70-79,6
206703,42.0,Business,Pune,West,HDFC Bank,1836,40-49,3
206704,58.0,Business,Solapur,North,HDFC Bank,1553,50-59,4
206705,71.0,Employee,Unknown,South,HDFC Bank,1109,70-79,6
206706,27.0,Employee,Nagpur,West,HDFC Bank,1552,18-29,1
206707,39.0,Employee,Mumbai,East,HDFC Bank,1305,30-39,2
206708,36.0,Employee,Nashik,West,HDFC Bank,1979,30-39,2
206709,18.0,Business,Kolhapur,West,HDFC Bank,1005,18-29,1
206710,24.0,Individual,Pune,South,HDFC Bank,1842,18-29,1
206711,21.0,Business,Mumbai,North,HDFC Bank,1692,18-29,1
206712,18.0,Employee,Pune,North,HDFC Bank,1272,18-29,1
206713,32.0,Individual,Solapur,East,HDFC Bank,1360,30-39,2
206714,57.0,Individual,Nashik,West,HDFC Bank,1184,50-59,4
206715,29.0,Business,Nashik,South,HDFC Bank,1834,18-29,1
206716,39.0,Business,Solapur,North,HDFC Bank,1655,30-39,2
206717,39.0,Business,Pune,East,HDFC Bank,1947,30-39,2
206718,67.0,Individual,Mumbai,North,HDFC Bank,1099,60-69,5
206719,,Individual,Pune,East,HDFC Bank,1089,Unknown,7
206720,34.0,Individual,Mumbai,North,HDFC Bank,1983,30-39,2
206721,46.0,Employee,Kolhapur,East,HDFC Bank,1245,40-49,3
206722,63.0,Unknown,Solapur,North,HDFC Bank,1238,60-69,5
206723,,Business,Nagpur,North,HDFC Bank,1929,Unknown,7
206724,67.0,Individual,Mumbai,West,HDFC Bank,1723,60-69,5
206725,37.0,Business,Nashik,East,HDFC Bank,1080,30-39,2
206726,67.0,Individual,Kolhapur,East,HDFC Bank,1114,60-69,5
206727,65.0,Business,Nashik,West,HDFC Bank,1275,60-69,5
206728,50.0,Employee,Kolhapur,West,HDFC Bank,1079,50-59,4
206729,72.0,Individual,Nashik,North,HDFC Bank,1567,70-79,6
206730,76.0,Employee,Pune,North,HDFC Bank,1178,70-79,6
206731,60.0,Individual,Unknown,North,HDFC Bank,1308,60-69,5
206732,32.0,Business,Pune,West,HDFC Bank,1560,30-39,2
206733,29.0,Individual,Kolhapur,North,HDFC Bank,1508,18-29,1
206734,,Employee,Kolhapur,West,HDFC Bank,1259,Unknown,7
206735,71.0,Individual,Nashik,North,HDFC Bank,1785,70-79,6
206736,37.0,Business,Mumbai,West,HDFC Bank,1291,30-39,2
206737,47.0,Individual,Kolhapur,East,HDFC Bank,1884,40-49,3
206738,55.0,Unknown,Nashik,South,HDFC Bank,1290,50-59,4
206739,20.0,Business,Unknown,North,HDFC Bank,1541,18-29,1
206740,45.0,Employee,Pune,North,HDFC Bank,1885,40-49,3
206741,73.0,Individual,Kolhapur,West,HDFC Bank,1763,70-79,6
206742,43.0,Employee,Nagpur,East,HDFC Bank,1062,40-49,3
206743,47.0,Individual,Pune,East,HDFC Bank,1593,40-49,3
206744,30.0,Business,Solapur,North,HDFC Bank,1404,30-39,2
206745,30.0,Employee,Mumbai,West,HDFC Bank,1947,30-39,2
206746,19.0,Employee,Nagpur,West,HDFC Bank,1479,18-29,1
206747,54.0,Individual,Pune,South,HDFC Bank,1324,50-59,4
206748,,Employee,Kolhapur,East,HDFC Bank,1380,Unknown,7
206749,55.0,Employee,Nagpur,South,HDFC Bank,1680,50-59,4
206750,19.0,Business,Nashik,East,HDFC Bank,1309,18-29,1
206751,53.0,Individual,Mumbai,North,HDFC Bank,1342,50-59,4
206752,71.0,Individual,Solapur,North,HDFC Bank,1669,70-79,6
206753,43.0,Business,Nashik,West,HDFC Bank,1474,40-49,3
206754,28.0,Business,Nagpur,West,HDFC Bank,1055,18-29,1
206755,25.0,Unknown,Pune,West,HDFC Bank,1846,18-29,1
206756,61.0,Business,Mumbai,East,HDFC Bank,1424,60-69,5
206757,57.0,Business,Kolhapur,West,HDFC Bank,1141,50-59,4
206758,60.0,Unknown,Solapur,North,HDFC Bank,1660,60-69,5
206759,39.0,Individual,Pune,South,HDFC Bank,1375,30-39,2
206760,37.0,Business,Solapur,North,HDFC Bank,1225,30-39,2
206761,25.0,Employee,Kolhapur,North,HDFC Bank,1473,18-29,1
206762,46.0,Employee,Mumbai,North,HDFC Bank,1024,40-49,3
206763,57.0,Individual,Nagpur,South,HDFC Bank,1689,50-59,4
206764,,Business,Solapur,North,HDFC Bank,1364,Unknown,7
206765,47.0,Employee,Mumbai,East,HDFC Bank,1094,40-49,3
206766,34.0,Individual,Solapur,East,HDFC Bank,1507,30-39,2
206767,37.0,Employee,Pune,South,HDFC Bank,1564,30-39,2
206768,69.0,Business,Solapur,East,HDFC Bank,1815,60-69,5
206769,72.0,Individual,Pune,West,HDFC Bank,1581,70-79,6
206770,33.0,Employee,Pune,East,HDFC Bank,1175,30-39,2
206771,63.0,Individual,Mumbai,North,HDFC Bank,1643,60-69,5
206772,,Employee,Nashik,East,HDFC Bank,1407,Unknown,7
206773,60.0,Employee,Kolhapur,West,HDFC Bank,1489,60-69,5
206774,24.0,Business,Solapur,West,HDFC Bank,1926,18-29,1
206775,33.0,Business,Nagpur,West,HDFC Bank,1850,30-39,2
206776,62.0,Unknown,Pune,North,HDFC Bank,1458,60-69,5
206777,76.0,Individual,Nashik,West,HDFC Bank,1412,70-79,6
206778,64.0,Individual,Pune,North,HDFC Bank,1900,60-69,5
206779,73.0,Business,Nashik,West,HDFC Bank,1337,70-79,6
206780,65.0,Employee,Nashik,North,HDFC Bank,1962,60-69,5
206781,44.0,Business,Nagpur,North,HDFC Bank,1871,40-49,3
206782,70.0,Employee,Nashik,North,HDFC Bank,1330,70-79,6
206783,40.0,Employee,Nagpur,East,HDFC Bank,1212,40-49,3
206784,41.0,Business,Mumbai,West,HDFC Bank,1989,40-49,3
206785,,Individual,Pune,North,HDFC Bank,1722,Unknown,7
206786,52.0,Business,Nagpur,West,HDFC Bank,1948,50-59,4
206787,68.0,Employee,Kolhapur,East,HDFC Bank,1344,60-69,5
206788,37.0,Business,Pune,South,HDFC Bank,1575,30-39,2
206789,54.0,Individual,Kolhapur,West,HDFC Bank,1546,50-59,4
206790,59.0,Individual,Unknown,West,HDFC Bank,1523,50-59,4
206791,34.0,Employee,Kolhapur,East,HDFC Bank,1942,30-39,2
206792,64.0,Business,Mumbai,North,HDFC Bank,1345,60-69,5
206793,48.0,Individual,Solapur,West,HDFC Bank,1822,40-49,3
206794,72.0,Business,Solapur,South,HDFC Bank,1247,70-79,6
206795,74.0,Individual,Nashik,East,HDFC Bank,1623,70-79,6
206796,25.0,Employee,Kolhapur,North,HDFC Bank,1324,18-29,1
206797,32.0,Employee,Nashik,West,HDFC Bank,1466,30-39,2
206798,48.0,Business,Kolhapur,West,HDFC Bank,1090,40-49,3
206799,70.0,Employee,Solapur,East,HDFC Bank,1293,70-79,6
206800,47.0,Individual,Nashik,North,HDFC Bank,1540,40-49,3
206801,63.0,Employee,Pune,North,HDFC Bank,1523,60-69,5
206802,37.0,Individual,Kolhapur,East,HDFC Bank,1658,30-39,2
206803,77.0,Individual,Kolhapur,West,HDFC Bank,1648,70-79,6
206804,56.0,Employee,Nashik,West,HDFC Bank,1849,50-59,4
206805,70.0,Individual,Kolhapur,North,HDFC Bank,1668,70-79,6
206806,,Unknown,Solapur,North,HDFC Bank,1258,Unknown,7
206807,29.0,Business,Nashik,South,HDFC Bank,1086,18-29,1
206808,66.0,Business,Nashik,South,HDFC Bank,1157,60-69,5
206809,34.0,Business,Nagpur,South,HDFC Bank,1493,30-39,2
206810,59.0,Employee,Nagpur,North,HDFC Bank,1185,50-59,4
206811,47.0,Business,Solapur,North,HDFC Bank,1343,40-49,3
206812,46.0,Individual,Pune,North,HDFC Bank,1820,40-49,3
206813,36.0,Employee,Kolhapur,West,HDFC Bank,1868,30-39,2
206814,,Employee,Mumbai,East,HDFC Bank,1740,Unknown,7
206815,28.0,Employee,Kolhapur,North,HDFC Bank,1515,18-29,1
206816,51.0,Employee,Mumbai,West,HDFC Bank,1568,50-59,4
206817,67.0,Individual,Solapur,North,HDFC Bank,1949,60-69,5
206818,24.0,Individual,Pune,East,HDFC Bank,1508,18-29,1
206819,61.0,Business,Pune,North,HDFC Bank,1539,60-69,5
206820,75.0,Employee,Pune,West,HDFC Bank,1015,70-79,6
206821,51.0,Business,Nagpur,North,HDFC Bank,1524,50-59,4
206822,76.0,Individual,Solapur,North,HDFC Bank,1199,70-79,6
206823,37.0,Employee,Mumbai,North,HDFC Bank,1183,30-39,2
206824,67.0,Individual,Pune,South,HDFC Bank,1308,60-69,5
206825,55.0,Business,Solapur,North,HDFC Bank,1815,50-59,4
206826,41.0,Individual,Kolhapur,West,HDFC Bank,1507,40-49,3
206827,,Employee,Mumbai,West,HDFC Bank,1280,Unknown,7
206828,49.0,Employee,Nagpur,West,HDFC Bank,1833,40-49,3
206829,69.0,Business,Nashik,North,HDFC Bank,1157,60-69,5
206830,32.0,Employee,Mumbai,East,HDFC Bank,1359,30-39,2
206831,54.0,Individual,Kolhapur,West,HDFC Bank,1258,50-59,4
206832,,Individual,Mumbai,South,HDFC Bank,1918,Unknown,7
206833,20.0,Individual,Mumbai,East,HDFC Bank,1156,18-29,1
206834,54.0,Individual,Nashik,West,HDFC Bank,1424,50-59,4
206835,79.0,Business,Pune,North,HDFC Bank,1605,70-79,6
206836,74.0,Individual,Kolhapur,South,HDFC Bank,1778,70-79,6
206837,57.0,Business,Nashik,West,HDFC Bank,1020,50-59,4
206838,25.0,Individual,Mumbai,South,HDFC Bank,1638,18-29,1
206839,57.0,Business,Kolhapur,East,HDFC Bank,1346,50-59,4
206840,61.0,Individual,Nagpur,West,HDFC Bank,1919,60-69,5
206841,73.0,Unknown,Mumbai,North,HDFC Bank,1862,70-79,6
206842,40.0,Business,Nagpur,South,HDFC Bank,1349,40-49,3
206843,57.0,Employee,Solapur,West,HDFC Bank,1960,50-59,4
206844,28.0,Employee,Nagpur,East,HDFC Bank,1384,18-29,1
206845,63.0,Employee,Mumbai,East,HDFC Bank,1437,60-69,5
206846,25.0,Business,Nashik,West,HDFC Bank,1455,18-29,1
206847,46.0,Employee,Mumbai,East,HDFC Bank,1623,40-49,3
206848,,Employee,Mumbai,South,HDFC Bank,1745,Unknown,7
206849,73.0,Unknown,Solapur,South,HDFC Bank,1545,70-79,6
206850,77.0,Employee,Pune,South,HDFC Bank,1079,70-79,6
206851,27.0,Employee,Unknown,South,HDFC Bank,1986,18-29,1
206852,56.0,Employee,Solapur,East,HDFC Bank,1451,50-59,4
206853,45.0,Business,Nashik,West,HDFC Bank,1594,40-49,3
206854,66.0,Business,Solapur,East,HDFC Bank,1540,60-69,5
206855,53.0,Employee,Solapur,East,HDFC Bank,1488,50-59,4
206856,78.0,Employee,Nagpur,West,HDFC Bank,1642,70-79,6
206857,30.0,Business,Pune,West,HDFC Bank,1522,30-39,2
206858,49.0,Employee,Pune,North,HDFC Bank,1391,40-49,3
206859,53.0,Business,Kolhapur,South,HDFC Bank,1573,50-59,4
206860,,Employee,Nashik,West,HDFC Bank,1358,Unknown,7
206861,43.0,Business,Kolhapur,East,HDFC Bank,1032,40-49,3
206862,39.0,Individual,Solapur,South,HDFC Bank,1135,30-39,2
206863,21.0,Individual,Nashik,South,HDFC Bank,1920,18-29,1
206864,48.0,Business,Nashik,East,HDFC Bank,1599,40-49,3
206865,35.0,Individual,Pune,West,HDFC Bank,1921,30-39,2
206866,55.0,Employee,Pune,South,HDFC Bank,1409,50-59,4
206867,41.0,Business,Pune,South,HDFC Bank,1528,40-49,3
206868,73.0,Business,Mumbai,South,HDFC Bank,1090,70-79,6
206869,40.0,Employee,Solapur,South,HDFC Bank,1412,40-49,3
206870,39.0,Employee,Nashik,South,HDFC Bank,1298,30-39,2
206871,19.0,Unknown,Solapur,East,HDFC Bank,1486,18-29,1
206872,48.0,Employee,Nashik,West,HDFC Bank,1764,40-49,3
206873,72.0,Business,Nashik,West,HDFC Bank,1072,70-79,6
206874,28.0,Employee,Kolhapur,South,HDFC Bank,1717,18-29,1
206875,45.0,Business,Nashik,South,HDFC Bank,1260,40-49,3
206876,,Employee,Nashik,South,HDFC Bank,1689,Unknown,7
206877,49.0,Employee,Nagpur,East,HDFC Bank,1989,40-49,3
206878,79.0,Individual,Nagpur,East,HDFC Bank,1311,70-79,6
206879,22.0,Individual,Kolhapur,North,HDFC Bank,1958,18-29,1
206880,,Individual,Mumbai,South,HDFC Bank,1824,Unknown,7
206881,27.0,Employee,Pune,North,HDFC Bank,1731,18-29,1
206882,57.0,Business,Nashik,North,HDFC Bank,1684,50-59,4
206883,63.0,Employee,Solapur,North,HDFC Bank,1164,60-69,5
206884,41.0,Unknown,Nagpur,West,HDFC Bank,1839,40-49,3
206885,52.0,Employee,Pune,North,HDFC Bank,1334,50-59,4
206886,61.0,Individual,Mumbai,South,HDFC Bank,1501,60-69,5
206887,65.0,Individual,Pune,East,HDFC Bank,1731,60-69,5
206888,77.0,Business,Nashik,South,HDFC Bank,1803,70-79,6
206889,79.0,Business,Pune,East,HDFC Bank,1160,70-79,6
206890,40.0,Individual,Nashik,West,HDFC Bank,1389,40-49,3
206891,34.0,Individual,Kolhapur,West,HDFC Bank,1759,30-39,2
206892,18.0,Employee,Nagpur,South,HDFC Bank,1882,18-29,1
206893,72.0,Individual,Nagpur,West,HDFC Bank,1971,70-79,6
206894,48.0,Employee,Nashik,East,HDFC Bank,1070,40-49,3
206895,48.0,Individual,Solapur,West,HDFC Bank,1940,40-49,3
206896,59.0,Business,Nagpur,North,HDFC Bank,1091,50-59,4
206897,74.0,Business,Solapur,North,HDFC Bank,1902,70-79,6
206898,72.0,Individual,Nashik,West,HDFC Bank,1360,70-79,6
206899,59.0,Employee,Kolhapur,South,HDFC Bank,1320,50-59,4
206900,70.0,Employee,Nashik,North,HDFC Bank,1244,70-79,6
206901,,Employee,Unknown,East,HDFC Bank,1023,Unknown,7
206902,51.0,Individual,Nagpur,South,HDFC Bank,1556,50-59,4
206903,26.0,Individual,Solapur,West,HDFC Bank,1700,18-29,1
206904,39.0,Business,Nashik,South,HDFC Bank,1402,30-39,2
206905,30.0,Business,Nagpur,South,HDFC Bank,1372,30-39,2
206906,42.0,Individual,Kolhapur,South,HDFC Bank,1927,40-49,3
206907,65.0,Business,Nashik,South,HDFC Bank,1285,60-69,5
206908,35.0,Employee,Unknown,West,HDFC Bank,1832,30-39,2
206909,68.0,Employee,Pune,West,HDFC Bank,1927,60-69,5
206910,29.0,Individual,Kolhapur,North,HDFC Bank,1440,18-29,1
206911,57.0,Employee,Pune,North,HDFC Bank,1915,50-59,4
206912,34.0,Individual,Nagpur,East,HDFC Bank,1852,30-39,2
206913,32.0,Employee,Nashik,East,HDFC Bank,1594,30-39,2
206914,59.0,Individual,Nagpur,North,HDFC Bank,1733,50-59,4
206915,32.0,Employee,Unknown,North,HDFC Bank,1881,30-39,2
206916,32.0,Employee,Kolhapur,South,HDFC Bank,1987,30-39,2
206917,72.0,Business,Nagpur,North,HDFC Bank,1351,70-79,6
206918,56.0,Business,Nagpur,East,HDFC Bank,1925,50-59,4
206919,30.0,Business,Pune,North,HDFC Bank,1854,30-39,2
206920,34.0,Business,Kolhapur,South,HDFC Bank,1218,30-39,2
206921,49.0,Business,Pune,East,HDFC Bank,1484,40-49,3
206922,26.0,Business,Nashik,West,HDFC Bank,1442,18-29,1
206923,57.0,Individual,Nagpur,North,HDFC Bank,1217,50-59,4
206924,37.0,Individual,Kolhapur,West,HDFC Bank,1701,30-39,2
206925,43.0,Business,Nagpur,East,HDFC Bank,1066,40-49,3
206926,,Individual,Nashik,North,HDFC Bank,1030,Unknown,7
206927,38.0,Business,Solapur,West,HDFC Bank,1321,30-39,2
206928,35.0,Individual,Nashik,North,HDFC Bank,1249,30-39,2
206929,30.0,Employee,Pune,West,HDFC Bank,1565,30-39,2
206930,33.0,Unknown,Pune,West,HDFC Bank,1009,30-39,2
206931,26.0,Individual,Nagpur,East,HDFC Bank,1677,18-29,1
206932,29.0,Individual,Pune,North,HDFC Bank,1850,18-29,1
206933,61.0,Employee,Kolhapur,West,HDFC Bank,1926,60-69,5
206934,55.0,Business,Nashik,North,HDFC Bank,1284,50-59,4
206935,36.0,Individual,Nagpur,North,HDFC Bank,1152,30-39,2
206936,,Individual,Nashik,South,HDFC Bank,1543,Unknown,7
206937,24.0,Employee,Nashik,East,HDFC Bank,1528,18-29,1
206938,74.0,Business,Nagpur,North,HDFC Bank,1370,70-79,6
206939,52.0,Individual,Solapur,North,HDFC Bank,1300,50-59,4
206940,65.0,Employee,Pune,North,HDFC Bank,1816,60-69,5
206941,35.0,Business,Mumbai,East,HDFC Bank,1854,30-39,2
206942,33.0,Business,Mumbai,East,HDFC Bank,1145,30-39,2
206943,72.0,Individual,Mumbai,North,HDFC Bank,1586,70-79,6
206944,56.0,Unknown,Pune,East,HDFC Bank,1890,50-59,4
206945,21.0,Individual,Solapur,South,HDFC Bank,1635,18-29,1
206946,76.0,Individual,Nashik,East,HDFC Bank,1051,70-79,6
206947,42.0,Employee,Nagpur,South,HDFC Bank,1403,40-49,3
206948,,Employee,Solapur,South,HDFC Bank,1701,Unknown,7
206949,79.0,Individual,Mumbai,South,HDFC Bank,1140,70-79,6
206950,57.0,Business,Kolhapur,West,HDFC Bank,1087,50-59,4
206951,30.0,Individual,Pune,East,HDFC Bank,1426,30-39,2
206952,62.0,Business,Pune,North,HDFC Bank,1083,60-69,5
206953,34.0,Business,Nagpur,South,HDFC Bank,1242,30-39,2
206954,66.0,Business,Kolhapur,North,HDFC Bank,1105,60-69,5
206955,54.0,Employee,Nashik,South,HDFC Bank,1603,50-59,4
206956,23.0,Business,Solapur,North,HDFC Bank,1354,18-29,1
206957,36.0,Business,Kolhapur,West,HDFC Bank,1020,30-39,2
206958,30.0,Employee,Solapur,South,HDFC Bank,1005,30-39,2
206959,,Business,Solapur,West,HDFC Bank,1966,Unknown,7
206960,77.0,Business,Nashik,West,HDFC Bank,1220,70-79,6
206961,43.0,Individual,Nashik,East,HDFC Bank,1820,40-49,3
206962,31.0,Business,Nashik,North,HDFC Bank,1086,30-39,2
206963,48.0,Business,Nagpur,South,HDFC Bank,1691,40-49,3
206964,71.0,Business,Pune,West,HDFC Bank,1452,70-79,6
206965,21.0,Business,Mumbai,North,HDFC Bank,1341,18-29,1
206966,77.0,Business,Nashik,East,HDFC Bank,1392,70-79,6
206967,56.0,Employee,Pune,North,HDFC Bank,1351,50-59,4
206968,25.0,Unknown,Nashik,North,HDFC Bank,1245,18-29,1
206969,42.0,Business,Mumbai,East,HDFC Bank,1969,40-49,3
206970,30.0,Employee,Kolhapur,East,HDFC Bank,1685,30-39,2
206971,49.0,Employee,Nashik,East,HDFC Bank,1112,40-49,3
206972,76.0,Business,Pune,West,HDFC Bank,1987,70-79,6
206973,55.0,Business,Nagpur,North,HDFC Bank,1970,50-59,4
206974,55.0,Business,Kolhapur,East,HDFC Bank,1582,50-59,4
206975,73.0,Individual,Kolhapur,North,HDFC Bank,1157,70-79,6
206976,45.0,Individual,Kolhapur,North,HDFC Bank,1810,40-49,3
206977,70.0,Business,Mumbai,West,HDFC Bank,1236,70-79,6
206978,47.0,Employee,Pune,North,HDFC Bank,1698,40-49,3
206979,20.0,Business,Solapur,West,HDFC Bank,1242,18-29,1
206980,45.0,Employee,Solapur,East,HDFC Bank,1165,40-49,3
206981,20.0,Employee,Solapur,East,HDFC Bank,1033,18-29,1
206982,62.0,Employee,Nagpur,North,HDFC Bank,1254,60-69,5
206983,71.0,Business,Nashik,West,HDFC Bank,1301,70-79,6
206984,51.0,Business,Nashik,West,HDFC Bank,1219,50-59,4
206985,33.0,Employee,Nashik,South,HDFC Bank,1031,30-39,2
206986,39.0,Individual,Unknown,South,HDFC Bank,1911,30-39,2
206987,49.0,Individual,Solapur,East,HDFC Bank,1934,40-49,3
206988,78.0,Individual,Unknown,East,HDFC Bank,1768,70-79,6
206989,55.0,Employee,Nashik,South,HDFC Bank,1508,50-59,4
206990,25.0,Business,Kolhapur,West,HDFC Bank,1481,18-29,1
206991,72.0,Employee,Kolhapur,North,HDFC Bank,1232,70-79,6
206992,25.0,Individual,Nagpur,North,HDFC Bank,1952,18-29,1
206993,79.0,Business,Nagpur,West,HDFC Bank,1214,70-79,6
206994,74.0,Employee,Pune,East,HDFC Bank,1241,70-79,6
206995,23.0,Employee,Nashik,North,HDFC Bank,1244,18-29,1
206996,31.0,Individual,Solapur,West,HDFC Bank,1019,30-39,2
206997,49.0,Employee,Mumbai,North,HDFC Bank,1209,40-49,3
206998,52.0,Business,Nagpur,West,HDFC Bank,1721,50-59,4
206999,27.0,Individual,Kolhapur,South,HDFC Bank,1425,18-29,1
207000,20.0,Individual,Pune,South,HDFC Bank,1999,18-29,1
207001,76.0,Business,Mumbai,North,HDFC Bank,1980,70-79,6
207002,29.0,Individual,Nagpur,North,HDFC Bank,1071,18-29,1
207003,66.0,Employee,Pune,North,HDFC Bank,1673,60-69,5
207004,76.0,Employee,Kolhapur,North,HDFC Bank,1177,70-79,6
207005,48.0,Individual,Nashik,South,HDFC Bank,1522,40-49,3
207006,46.0,Business,Unknown,South,HDFC Bank,1874,40-49,3
207007,22.0,Employee,Nagpur,West,HDFC Bank,1298,18-29,1
207008,79.0,Business,Nashik,North,HDFC Bank,1265,70-79,6
207009,69.0,Employee,Kolhapur,South,HDFC Bank,1519,60-69,5
207010,,Unknown,Solapur,East,HDFC Bank,1494,Unknown,7
207011,58.0,Individual,Pune,West,HDFC Bank,1967,50-59,4
207012,48.0,Individual,Mumbai,West,HDFC Bank,1274,40-49,3
207013,79.0,Business,Kolhapur,West,HDFC Bank,1704,70-79,6
207014,38.0,Individual,Nashik,East,HDFC Bank,1822,30-39,2
207015,75.0,Employee,Kolhapur,East,HDFC Bank,1947,70-79,6
207016,37.0,Employee,Nashik,East,HDFC Bank,1770,30-39,2
207017,56.0,Unknown,Kolhapur,South,HDFC Bank,1052,50-59,4
207018,39.0,Business,Solapur,East,HDFC Bank,1811,30-39,2
207019,21.0,Employee,Pune,West,HDFC Bank,1607,18-29,1
207020,30.0,Individual,Mumbai,North,HDFC Bank,1815,30-39,2
207021,62.0,Individual,Solapur,West,HDFC Bank,1821,60-69,5
207022,59.0,Business,Pune,West,HDFC Bank,1399,50-59,4
207023,67.0,Business,Mumbai,South,HDFC Bank,1413,60-69,5
207024,66.0,Employee,Kolhapur,West,HDFC Bank,1603,60-69,5
207025,37.0,Unknown,Mumbai,South,HDFC Bank,1923,30-39,2
207026,69.0,Business,Nagpur,South,HDFC Bank,1655,60-69,5
207027,30.0,Unknown,Mumbai,North,HDFC Bank,1488,30-39,2
207028,34.0,Business,Pune,West,HDFC Bank,1501,30-39,2
207029,71.0,Business,Solapur,North,HDFC Bank,1306,70-79,6
207030,53.0,Individual,Solapur,North,HDFC Bank,1416,50-59,4
207031,50.0,Business,Nagpur,West,HDFC Bank,1508,50-59,4
207032,18.0,Employee,Pune,West,HDFC Bank,1920,18-29,1
207033,32.0,Unknown,Mumbai,East,HDFC Bank,1529,30-39,2
207034,30.0,Individual,Nagpur,East,HDFC Bank,1637,30-39,2
207035,34.0,Employee,Kolhapur,South,HDFC Bank,1665,30-39,2
207036,41.0,Employee,Nashik,West,HDFC Bank,1005,40-49,3
207037,75.0,Employee,Kolhapur,South,HDFC Bank,1421,70-79,6
207038,25.0,Business,Pune,North,HDFC Bank,1939,18-29,1
207039,67.0,Individual,Nagpur,North,HDFC Bank,1450,60-69,5
207040,44.0,Business,Solapur,East,HDFC Bank,1426,40-49,3
207041,62.0,Business,Nagpur,South,HDFC Bank,1389,60-69,5
207042,40.0,Business,Nashik,West,HDFC Bank,1333,40-49,3
207043,,Business,Unknown,West,HDFC Bank,1447,Unknown,7
207044,25.0,Individual,Nagpur,East,HDFC Bank,1337,18-29,1
207045,25.0,Individual,Kolhapur,East,HDFC Bank,1847,18-29,1
207046,76.0,Business,Mumbai,South,HDFC Bank,1087,70-79,6
207047,43.0,Employee,Kolhapur,East,HDFC Bank,1268,40-49,3
207048,64.0,Individual,Pune,East,HDFC Bank,1064,60-69,5
207049,76.0,Business,Nagpur,East,HDFC Bank,1677,70-79,6
207050,30.0,Employee,Unknown,North,HDFC Bank,1063,30-39,2
207051,56.0,Employee,Nagpur,South,HDFC Bank,1269,50-59,4
207052,54.0,Business,Kolhapur,West,HDFC Bank,1656,50-59,4
207053,66.0,Individual,Pune,West,HDFC Bank,1376,60-69,5
207054,45.0,Employee,Solapur,South,HDFC Bank,1844,40-49,3
207055,,Individual,Kolhapur,East,HDFC Bank,1780,Unknown,7
207056,78.0,Individual,Mumbai,East,HDFC Bank,1328,70-79,6
207057,33.0,Employee,Kolhapur,West,HDFC Bank,1901,30-39,2
207058,72.0,Business,Pune,North,HDFC Bank,1517,70-79,6
207059,19.0,Employee,Kolhapur,South,HDFC Bank,1632,18-29,1
207060,,Employee,Mumbai,East,HDFC Bank,1861,Unknown,7
207061,35.0,Individual,Mumbai,North,HDFC Bank,1420,30-39,2
207062,34.0,Business,Pune,North,HDFC Bank,1312,30-39,2
207063,47.0,Individual,Nagpur,East,HDFC Bank,1308,40-49,3
207064,56.0,Employee,Kolhapur,South,HDFC Bank,1813,50-59,4
207065,30.0,Business,Solapur,South,HDFC Bank,1845,30-39,2
207066,49.0,Business,Mumbai,West,HDFC Bank,1643,40-49,3
207067,67.0,Business,Mumbai,West,HDFC Bank,1801,60-69,5
207068,46.0,Business,Kolhapur,South,HDFC Bank,1961,40-49,3
207069,63.0,Business,Nagpur,East,HDFC Bank,1958,60-69,5
207070,47.0,Employee,Kolhapur,South,HDFC Bank,1188,40-49,3
207071,35.0,Employee,Pune,West,HDFC Bank,1720,30-39,2
207072,30.0,Employee,Solapur,West,HDFC Bank,1041,30-39,2
207073,60.0,Individual,Kolhapur,West,HDFC Bank,1589,60-69,5
207074,38.0,Business,Mumbai,South,HDFC Bank,1319,30-39,2
207075,47.0,Business,Mumbai,South,HDFC Bank,1656,40-49,3
207076,38.0,Employee,Pune,East,HDFC Bank,1444,30-39,2
207077,65.0,Unknown,Nagpur,West,HDFC Bank,1373,60-69,5
207078,72.0,Individual,Kolhapur,North,HDFC Bank,1285,70-79,6
207079,34.0,Business,Unknown,North,HDFC Bank,1170,30-39,2
207080,57.0,Business,Nagpur,East,HDFC Bank,1604,50-59,4
207081,36.0,Individual,Unknown,East,HDFC Bank,1262,30-39,2
207082,69.0,Employee,Kolhapur,West,HDFC Bank,1968,60-69,5
207083,32.0,Employee,Unknown,South,HDFC Bank,1941,30-39,2
207084,26.0,Business,Solapur,South,HDFC Bank,1534,18-29,1
207085,69.0,Individual,Nagpur,North,HDFC Bank,1803,60-69,5
207086,27.0,Employee,Nashik,West,HDFC Bank,1141,18-29,1
207087,61.0,Employee,Solapur,North,HDFC Bank,1147,60-69,5
207088,48.0,Employee,Nashik,North,HDFC Bank,1439,40-49,3
207089,70.0,Business,Solapur,West,HDFC Bank,1627,70-79,6
207090,40.0,Individual,Nagpur,East,HDFC Bank,1592,40-49,3
207091,69.0,Business,Mumbai,North,HDFC Bank,1415,60-69,5
207092,,Employee,Nashik,East,HDFC Bank,1024,Unknown,7
207093,50.0,Individual,Nagpur,South,HDFC Bank,1626,50-59,4
207094,74.0,Business,Nashik,North,HDFC Bank,1093,70-79,6
207095,,Employee,Nagpur,West,HDFC Bank,1304,Unknown,7
207096,26.0,Employee,Solapur,East,HDFC Bank,1184,18-29,1
207097,71.0,Business,Nagpur,South,HDFC Bank,1282,70-79,6
207098,64.0,Employee,Solapur,South,HDFC Bank,1154,60-69,5
207099,18.0,Employee,Mumbai,North,HDFC Bank,1685,18-29,1
207100,61.0,Individual,Solapur,South,HDFC Bank,1862,60-69,5
207101,52.0,Employee,Pune,West,HDFC Bank,1684,50-59,4
207102,28.0,Business,Unknown,North,HDFC Bank,1665,18-29,1
207103,51.0,Individual,Kolhapur,South,HDFC Bank,1013,50-59,4
207104,33.0,Business,Kolhapur,West,HDFC Bank,1889,30-39,2
207105,26.0,Employee,Nagpur,East,HDFC Bank,1815,18-29,1
207106,49.0,Individual,Nagpur,East,HDFC Bank,1639,40-49,3
207107,32.0,Individual,Pune,North,HDFC Bank,1340,30-39,2
207108,29.0,Individual,Nagpur,West,HDFC Bank,1603,18-29,1
207109,50.0,Individual,Mumbai,South,HDFC Bank,1782,50-59,4
207110,62.0,Business,Mumbai,North,HDFC Bank,1733,60-69,5
207111,31.0,Unknown,Solapur,North,HDFC Bank,1472,30-39,2
207112,74.0,Employee,Nashik,South,HDFC Bank,1818,70-79,6
207113,74.0,Individual,Nagpur,West,HDFC Bank,1821,70-79,6
207114,25.0,Employee,Pune,South,HDFC Bank,1906,18-29,1
207115,25.0,Business,Kolhapur,East,HDFC Bank,1107,18-29,1
207116,44.0,Employee,Mumbai,North,HDFC Bank,1330,40-49,3
207117,79.0,Business,Mumbai,East,HDFC Bank,1539,70-79,6
207118,29.0,Business,Mumbai,North,HDFC Bank,1438,18-29,1
207119,18.0,Employee,Nashik,South,HDFC Bank,1708,18-29,1
207120,60.0,Business,Unknown,West,HDFC Bank,1987,60-69,5
207121,57.0,Business,Nagpur,South,HDFC Bank,1711,50-59,4
207122,59.0,Business,Kolhapur,East,HDFC Bank,1665,50-59,4
207123,79.0,Business,Pune,West,HDFC Bank,1383,70-79,6
207124,68.0,Individual,Nashik,West,HDFC Bank,1581,60-69,5
207125,28.0,Employee,Solapur,North,HDFC Bank,1159,18-29,1
207126,,Individual,Nashik,West,HDFC Bank,1431,Unknown,7
207127,60.0,Business,Mumbai,North,HDFC Bank,1863,60-69,5
207128,48.0,Employee,Pune,West,HDFC Bank,1395,40-49,3
207129,34.0,Business,Nagpur,West,HDFC Bank,1965,30-39,2
207130,50.0,Employee,Nashik,North,HDFC Bank,1972,50-59,4
207131,49.0,Individual,Mumbai,West,HDFC Bank,1614,40-49,3
207132,75.0,Employee,Solapur,South,HDFC Bank,1487,70-79,6
207133,46.0,Business,Solapur,West,HDFC Bank,1747,40-49,3
207134,38.0,Employee,Nagpur,East,HDFC Bank,1188,30-39,2
207135,38.0,Employee,Nagpur,North,HDFC Bank,1417,30-39,2
207136,57.0,Individual,Nashik,North,HDFC Bank,1342,50-59,4
207137,40.0,Business,Nagpur,South,HDFC Bank,1360,40-49,3
207138,73.0,Employee,Kolhapur,East,HDFC Bank,1108,70-79,6
207139,23.0,Individual,Kolhapur,West,HDFC Bank,1848,18-29,1
207140,39.0,Employee,Mumbai,South,HDFC Bank,1300,30-39,2
207141,67.0,Business,Mumbai,West,HDFC Bank,1367,60-69,5
207142,55.0,Employee,Mumbai,South,HDFC Bank,1254,50-59,4
207143,54.0,Employee,Kolhapur,North,HDFC Bank,1315,50-59,4
207144,62.0,Employee,Nashik,East,HDFC Bank,1704,60-69,5
207145,68.0,Employee,Nashik,North,HDFC Bank,1070,60-69,5
207146,71.0,Business,Nagpur,South,HDFC Bank,1268,70-79,6
207147,25.0,Individual,Nashik,West,HDFC Bank,1845,18-29,1
207148,58.0,Individual,Mumbai,East,HDFC Bank,1500,50-59,4
207149,,Employee,Pune,West,HDFC Bank,1208,Unknown,7
207150,52.0,Business,Mumbai,North,HDFC Bank,1477,50-59,4
207151,,Business,Kolhapur,West,HDFC Bank,1175,Unknown,7
207152,28.0,Business,Pune,South,HDFC Bank,1238,18-29,1
207153,41.0,Business,Nagpur,East,HDFC Bank,1892,40-49,3
207154,66.0,Business,Solapur,East,HDFC Bank,1944,60-69,5
207155,38.0,Business,Nashik,East,HDFC Bank,1609,30-39,2
207156,68.0,Unknown,Nashik,South,HDFC Bank,1858,60-69,5
207157,19.0,Individual,Kolhapur,West,HDFC Bank,1441,18-29,1
207158,57.0,Individual,Mumbai,East,HDFC Bank,1600,50-59,4
207159,36.0,Employee,Mumbai,North,HDFC Bank,1763,30-39,2
207160,56.0,Individual,Pune,North,HDFC Bank,1491,50-59,4
207161,45.0,Business,Nashik,North,HDFC Bank,1098,40-49,3
207162,76.0,Business,Kolhapur,North,HDFC Bank,1328,70-79,6
207163,34.0,Individual,Nagpur,North,HDFC Bank,1325,30-39,2
207164,23.0,Business,Mumbai,South,HDFC Bank,1444,18-29,1
207165,36.0,Business,Nashik,West,HDFC Bank,1665,30-39,2
207166,73.0,Individual,Solapur,South,HDFC Bank,1997,70-79,6
207167,,Employee,Kolhapur,North,HDFC Bank,1294,Unknown,7
207168,45.0,Individual,Pune,North,HDFC Bank,1441,40-49,3
207169,19.0,Individual,Mumbai,East,HDFC Bank,1794,18-29,1
207170,55.0,Individual,Mumbai,East,HDFC Bank,1807,50-59,4
207171,72.0,Individual,Nagpur,West,HDFC Bank,1890,70-79,6
207172,54.0,Employee,Mumbai,West,HDFC Bank,1030,50-59,4
207173,68.0,Employee,Kolhapur,West,HDFC Bank,1130,60-69,5
207174,69.0,Business,Nashik,South,HDFC Bank,1727,60-69,5
207175,21.0,Business,Nashik,East,HDFC Bank,1526,18-29,1
207176,39.0,Individual,Nashik,West,HDFC Bank,1437,30-39,2
207177,43.0,Business,Unknown,East,HDFC Bank,1325,40-49,3
207178,66.0,Employee,Solapur,East,HDFC Bank,1266,60-69,5
207179,60.0,Business,Mumbai,East,HDFC Bank,1285,60-69,5
207180,53.0,Business,Solapur,East,HDFC Bank,1290,50-59,4
207181,75.0,Business,Solapur,East,HDFC Bank,1367,70-79,6
207182,30.0,Individual,Nagpur,East,HDFC Bank,1485,30-39,2
207183,69.0,Business,Solapur,South,HDFC Bank,1554,60-69,5
207184,75.0,Employee,Pune,North,HDFC Bank,1956,70-79,6
207185,49.0,Employee,Pune,East,HDFC Bank,1167,40-49,3
207186,34.0,Employee,Pune,South,HDFC Bank,1860,30-39,2
207187,58.0,Employee,Mumbai,West,HDFC Bank,1470,50-59,4
207188,53.0,Business,Nashik,South,HDFC Bank,1937,50-59,4
207189,72.0,Individual,Nagpur,South,HDFC Bank,1766,70-79,6
207190,77.0,Employee,Mumbai,South,HDFC Bank,1169,70-79,6
207191,63.0,Employee,Nashik,East,HDFC Bank,1886,60-69,5
207192,,Unknown,Nagpur,West,HDFC Bank,1770,Unknown,7
207193,75.0,Individual,Nagpur,South,HDFC Bank,1345,70-79,6
207194,77.0,Employee,Nagpur,West,HDFC Bank,1077,70-79,6
207195,52.0,Employee,Pune,South,HDFC Bank,1850,50-59,4
207196,63.0,Individual,Pune,East,HDFC Bank,1084,60-69,5
207197,57.0,Employee,Pune,South,HDFC Bank,1891,50-59,4
207198,73.0,Employee,Nagpur,South,HDFC Bank,1660,70-79,6
207199,76.0,Business,Kolhapur,West,HDFC Bank,1200,70-79,6
207200,45.0,Individual,Nagpur,West,HDFC Bank,1588,40-49,3
207201,18.0,Business,Pune,West,HDFC Bank,1360,18-29,1
207202,59.0,Business,Nagpur,North,HDFC Bank,1761,50-59,4
207203,35.0,Individual,Pune,West,HDFC Bank,1564,30-39,2
207204,65.0,Business,Pune,South,HDFC Bank,1811,60-69,5
207205,57.0,Unknown,Pune,North,HDFC Bank,1301,50-59,4
207206,50.0,Business,Kolhapur,West,HDFC Bank,1292,50-59,4
207207,29.0,Individual,Nashik,East,HDFC Bank,1293,18-29,1
207208,25.0,Employee,Nagpur,West,HDFC Bank,1108,18-29,1
207209,41.0,Employee,Mumbai,East,HDFC Bank,1364,40-49,3
207210,33.0,Employee,Pune,North,HDFC Bank,1599,30-39,2
207211,67.0,Employee,Unknown,East,HDFC Bank,1677,60-69,5
207212,21.0,Business,Mumbai,North,HDFC Bank,1493,18-29,1
207213,55.0,Business,Nashik,East,HDFC Bank,1266,50-59,4
207214,61.0,Employee,Nagpur,West,HDFC Bank,1092,60-69,5
207215,44.0,Individual,Kolhapur,North,HDFC Bank,1684,40-49,3
207216,26.0,Employee,Pune,South,HDFC Bank,1063,18-29,1
207217,64.0,Business,Pune,South,HDFC Bank,1427,60-69,5
207218,33.0,Employee,Pune,South,HDFC Bank,1637,30-39,2
207219,73.0,Business,Kolhapur,West,HDFC Bank,1367,70-79,6
207220,29.0,Employee,Mumbai,South,HDFC Bank,1741,18-29,1
207221,48.0,Individual,Nashik,North,HDFC Bank,1104,40-49,3
207222,41.0,Employee,Nagpur,South,HDFC Bank,1208,40-49,3
207223,72.0,Individual,Nashik,North,HDFC Bank,1573,70-79,6
207224,31.0,Individual,Pune,South,HDFC Bank,1751,30-39,2
207225,62.0,Employee,Unknown,East,HDFC Bank,1473,60-69,5
207226,42.0,Individual,Mumbai,North,HDFC Bank,1060,40-49,3
207227,51.0,Individual,Solapur,South,HDFC Bank,1345,50-59,4
207228,20.0,Business,Solapur,South,HDFC Bank,1011,18-29,1
207229,75.0,Business,Nagpur,South,HDFC Bank,1465,70-79,6
207230,41.0,Individual,Nagpur,North,HDFC Bank,1648,40-49,3
207231,79.0,Employee,Nashik,North,HDFC Bank,1194,70-79,6
207232,71.0,Individual,Nagpur,South,HDFC Bank,1073,70-79,6
207233,59.0,Employee,Unknown,East,HDFC Bank,1874,50-59,4
207234,26.0,Business,Mumbai,North,HDFC Bank,1385,18-29,1
207235,43.0,Unknown,Pune,North,HDFC Bank,1135,40-49,3
207236,37.0,Individual,Pune,East,HDFC Bank,1883,30-39,2
207237,57.0,Individual,Nashik,West,HDFC Bank,1554,50-59,4
207238,27.0,Individual,Pune,East,HDFC Bank,1913,18-29,1
207239,36.0,Individual,Nashik,South,HDFC Bank,1435,30-39,2
207240,,Individual,Nagpur,North,HDFC Bank,1038,Unknown,7
207241,41.0,Employee,Nagpur,North,HDFC Bank,1542,40-49,3
207242,22.0,Individual,Kolhapur,North,HDFC Bank,1653,18-29,1
207243,20.0,Business,Kolhapur,North,HDFC Bank,1319,18-29,1
207244,75.0,Individual,Mumbai,West,HDFC Bank,1870,70-79,6
207245,44.0,Employee,Pune,North,HDFC Bank,1864,40-49,3
207246,33.0,Individual,Kolhapur,North,HDFC Bank,1988,30-39,2
207247,66.0,Individual,Mumbai,West,HDFC Bank,1555,60-69,5
207248,32.0,Employee,Solapur,South,HDFC Bank,1699,30-39,2
207249,,Individual,Kolhapur,South,HDFC Bank,1352,Unknown,7
207250,29.0,Employee,Mumbai,West,HDFC Bank,1994,18-29,1
207251,58.0,Individual,Nashik,South,HDFC Bank,1513,50-59,4
207252,70.0,Business,Nashik,South,HDFC Bank,1482,70-79,6
207253,61.0,Individual,Mumbai,East,HDFC Bank,1415,60-69,5
207254,43.0,Employee,Nagpur,East,HDFC Bank,1803,40-49,3
207255,64.0,Business,Solapur,East,HDFC Bank,1822,60-69,5
207256,51.0,Employee,Unknown,West,HDFC Bank,1369,50-59,4
207257,40.0,Individual,Kolhapur,North,HDFC Bank,1342,40-49,3
207258,48.0,Business,Unknown,West,HDFC Bank,1958,40-49,3
207259,67.0,Employee,Mumbai,West,HDFC Bank,1324,60-69,5
207260,37.0,Business,Pune,West,HDFC Bank,1366,30-39,2
207261,29.0,Business,Kolhapur,West,HDFC Bank,1335,18-29,1
207262,40.0,Employee,Kolhapur,East,HDFC Bank,1295,40-49,3
207263,21.0,Business,Nashik,West,HDFC Bank,1023,18-29,1
207264,40.0,Employee,Pune,East,HDFC Bank,1884,40-49,3
207265,65.0,Business,Unknown,North,HDFC Bank,1441,60-69,5
207266,,Business,Kolhapur,South,HDFC Bank,1103,Unknown,7
207267,65.0,Business,Solapur,East,HDFC Bank,1411,60-69,5
207268,18.0,Individual,Nagpur,West,HDFC Bank,1573,18-29,1
207269,71.0,Individual,Nashik,North,HDFC Bank,1664,70-79,6
207270,42.0,Employee,Pune,West,HDFC Bank,1774,40-49,3
207271,19.0,Business,Nashik,North,HDFC Bank,1293,18-29,1
207272,47.0,Employee,Kolhapur,South,HDFC Bank,1966,40-49,3
207273,20.0,Individual,Nagpur,North,HDFC Bank,1886,18-29,1
207274,75.0,Individual,Mumbai,North,HDFC Bank,1242,70-79,6
207275,38.0,Individual,Pune,South,HDFC Bank,1341,30-39,2
207276,42.0,Individual,Nagpur,South,HDFC Bank,1853,40-49,3
207277,37.0,Employee,Nashik,North,HDFC Bank,1858,30-39,2
207278,66.0,Business,Kolhapur,West,HDFC Bank,1632,60-69,5
207279,69.0,Employee,Nagpur,East,HDFC Bank,1864,60-69,5
207280,39.0,Business,Mumbai,West,HDFC Bank,1172,30-39,2
207281,38.0,Individual,Unknown,East,HDFC Bank,1415,30-39,2
207282,79.0,Unknown,Unknown,South,HDFC Bank,1102,70-79,6
207283,78.0,Individual,Nashik,West,HDFC Bank,1159,70-79,6
207284,50.0,Employee,Pune,South,HDFC Bank,1256,50-59,4
207285,69.0,Business,Pune,North,HDFC Bank,1713,60-69,5
207286,55.0,Employee,Solapur,North,HDFC Bank,1556,50-59,4
207287,78.0,Unknown,Nashik,West,HDFC Bank,1575,70-79,6
207288,32.0,Employee,Solapur,South,HDFC Bank,1195,30-39,2
207289,75.0,Individual,Solapur,West,HDFC Bank,1988,70-79,6
207290,75.0,Individual,Kolhapur,West,HDFC Bank,1390,70-79,6
207291,63.0,Unknown,Kolhapur,East,HDFC Bank,1933,60-69,5
207292,69.0,Employee,Kolhapur,North,HDFC Bank,1069,60-69,5
207293,32.0,Employee,Mumbai,West,HDFC Bank,1692,30-39,2
207294,63.0,Business,Nashik,North,HDFC Bank,1842,60-69,5
207295,42.0,Unknown,Pune,East,HDFC Bank,1246,40-49,3
207296,38.0,Employee,Nashik,South,HDFC Bank,1328,30-39,2
207297,41.0,Employee,Kolhapur,West,HDFC Bank,1157,40-49,3
207298,74.0,Employee,Mumbai,North,HDFC Bank,1917,70-79,6
207299,75.0,Employee,Nashik,West,HDFC Bank,1697,70-79,6
207300,22.0,Individual,Nashik,South,HDFC Bank,1742,18-29,1
207301,23.0,Individual,Solapur,West,HDFC Bank,1584,18-29,1
207302,66.0,Individual,Nashik,West,HDFC Bank,1054,60-69,5
207303,60.0,Employee,Solapur,North,HDFC Bank,1485,60-69,5
207304,65.0,Unknown,Solapur,South,HDFC Bank,1242,60-69,5
207305,61.0,Individual,Nagpur,East,HDFC Bank,1813,60-69,5
207306,64.0,Business,Kolhapur,South,HDFC Bank,1352,60-69,5
207307,40.0,Business,Mumbai,South,HDFC Bank,1409,40-49,3
207308,21.0,Individual,Solapur,East,HDFC Bank,1959,18-29,1
207309,44.0,Individual,Nashik,West,HDFC Bank,1975,40-49,3
207310,35.0,Individual,Solapur,North,HDFC Bank,1904,30-39,2
207311,38.0,Employee,Solapur,West,HDFC Bank,1726,30-39,2
207312,45.0,Business,Solapur,West,HDFC Bank,1014,40-49,3
207313,52.0,Business,Pune,East,HDFC Bank,1146,50-59,4
207314,39.0,Business,Pune,East,HDFC Bank,1489,30-39,2
207315,57.0,Unknown,Pune,West,HDFC Bank,1655,50-59,4
207316,40.0,Employee,Pune,South,HDFC Bank,1024,40-49,3
207317,20.0,Unknown,Nagpur,North,HDFC Bank,1610,18-29,1
207318,57.0,Business,Unknown,South,HDFC Bank,1690,50-59,4
207319,67.0,Employee,Nagpur,West,HDFC Bank,1332,60-69,5
207320,27.0,Individual,Nashik,West,HDFC Bank,1173,18-29,1
207321,42.0,Individual,Kolhapur,North,HDFC Bank,1774,40-49,3
207322,69.0,Business,Mumbai,South,HDFC Bank,1289,60-69,5
207323,66.0,Business,Nagpur,West,HDFC Bank,1569,60-69,5
207324,25.0,Employee,Pune,West,HDFC Bank,1845,18-29,1
207325,72.0,Business,Pune,East,HDFC Bank,1790,70-79,6
207326,28.0,Employee,Nashik,North,HDFC Bank,1918,18-29,1
207327,78.0,Unknown,Solapur,East,HDFC Bank,1144,70-79,6
207328,22.0,Business,Mumbai,East,HDFC Bank,1908,18-29,1
207329,75.0,Business,Nagpur,East,HDFC Bank,1121,70-79,6
207330,62.0,Individual,Solapur,West,HDFC Bank,1026,60-69,5
207331,70.0,Employee,Solapur,South,HDFC Bank,1065,70-79,6
207332,72.0,Employee,Kolhapur,East,HDFC Bank,1100,70-79,6
207333,54.0,Individual,Kolhapur,South,HDFC Bank,1925,50-59,4
207334,73.0,Individual,Nagpur,West,HDFC Bank,1387,70-79,6
207335,76.0,Individual,Nagpur,East,HDFC Bank,1093,70-79,6
207336,62.0,Employee,Nagpur,West,HDFC Bank,1066,60-69,5
207337,55.0,Business,Nagpur,East,HDFC Bank,1249,50-59,4
207338,46.0,Individual,Pune,East,HDFC Bank,1141,40-49,3
207339,22.0,Individual,Solapur,West,HDFC Bank,1266,18-29,1
207340,,Individual,Solapur,North,HDFC Bank,1551,Unknown,7
207341,76.0,Business,Pune,North,HDFC Bank,1214,70-79,6
207342,65.0,Business,Solapur,South,HDFC Bank,1488,60-69,5
207343,19.0,Individual,Nagpur,South,HDFC Bank,1495,18-29,1
207344,18.0,Business,Mumbai,West,HDFC Bank,1479,18-29,1
207345,57.0,Individual,Kolhapur,West,HDFC Bank,1642,50-59,4
207346,77.0,Business,Kolhapur,West,HDFC Bank,1489,70-79,6
207347,68.0,Employee,Solapur,North,HDFC Bank,1000,60-69,5
207348,,Employee,Mumbai,North,HDFC Bank,1008,Unknown,7
207349,28.0,Business,Kolhapur,East,HDFC Bank,1879,18-29,1
207350,45.0,Employee,Mumbai,East,HDFC Bank,1840,40-49,3
207351,61.0,Employee,Pune,West,HDFC Bank,1379,60-69,5
207352,29.0,Employee,Nashik,West,HDFC Bank,1843,18-29,1
207353,56.0,Unknown,Solapur,South,HDFC Bank,1896,50-59,4
207354,43.0,Business,Pune,North,HDFC Bank,1143,40-49,3
207355,30.0,Business,Pune,West,HDFC Bank,1861,30-39,2
207356,76.0,Business,Mumbai,North,HDFC Bank,1839,70-79,6
207357,25.0,Employee,Solapur,West,HDFC Bank,1301,18-29,1
207358,78.0,Individual,Pune,East,HDFC Bank,1649,70-79,6
207359,78.0,Unknown,Nagpur,West,HDFC Bank,1416,70-79,6
207360,71.0,Employee,Pune,East,HDFC Bank,1869,70-79,6
207361,45.0,Individual,Nagpur,South,HDFC Bank,1808,40-49,3
207362,75.0,Individual,Nashik,South,HDFC Bank,1178,70-79,6
207363,47.0,Business,Nagpur,South,HDFC Bank,1277,40-49,3
207364,26.0,Business,Nagpur,West,HDFC Bank,1143,18-29,1
207365,56.0,Employee,Mumbai,South,HDFC Bank,1338,50-59,4
207366,48.0,Business,Pune,West,HDFC Bank,1458,40-49,3
207367,75.0,Employee,Nashik,North,HDFC Bank,1701,70-79,6
207368,38.0,Individual,Pune,East,HDFC Bank,1948,30-39,2
207369,73.0,Individual,Nagpur,North,HDFC Bank,1330,70-79,6
207370,64.0,Individual,Kolhapur,West,HDFC Bank,1269,60-69,5
207371,,Individual,Nagpur,South,HDFC Bank,1998,Unknown,7
207372,72.0,Business,Pune,East,HDFC Bank,1186,70-79,6
207373,48.0,Business,Nashik,South,HDFC Bank,1665,40-49,3
207374,69.0,Employee,Kolhapur,North,HDFC Bank,1171,60-69,5
207375,42.0,Employee,Nashik,West,HDFC Bank,1403,40-49,3
207376,29.0,Employee,Mumbai,East,HDFC Bank,1467,18-29,1
207377,18.0,Employee,Nagpur,East,HDFC Bank,1246,18-29,1
207378,72.0,Employee,Nagpur,West,HDFC Bank,1900,70-79,6
207379,39.0,Individual,Mumbai,West,HDFC Bank,1960,30-39,2
207380,57.0,Individual,Pune,East,HDFC Bank,1522,50-59,4
207381,54.0,Individual,Nagpur,North,HDFC Bank,1558,50-59,4
207382,64.0,Employee,Pune,North,HDFC Bank,1777,60-69,5
207383,18.0,Individual,Nashik,South,HDFC Bank,1828,18-29,1
207384,18.0,Individual,Kolhapur,East,HDFC Bank,1110,18-29,1
207385,74.0,Individual,Kolhapur,West,HDFC Bank,1987,70-79,6
207386,59.0,Individual,Kolhapur,West,HDFC Bank,1812,50-59,4
207387,71.0,Business,Solapur,West,HDFC Bank,1302,70-79,6
207388,59.0,Employee,Mumbai,West,HDFC Bank,1929,50-59,4
207389,,Employee,Kolhapur,East,HDFC Bank,1885,Unknown,7
207390,32.0,Business,Nagpur,North,HDFC Bank,1908,30-39,2
207391,34.0,Individual,Mumbai,South,HDFC Bank,1472,30-39,2
207392,39.0,Individual,Nashik,North,HDFC Bank,1790,30-39,2
207393,55.0,Individual,Nashik,South,HDFC Bank,1291,50-59,4
207394,52.0,Employee,Nashik,West,HDFC Bank,1958,50-59,4
207395,62.0,Employee,Nashik,West,HDFC Bank,1251,60-69,5
207396,33.0,Employee,Solapur,East,HDFC Bank,1587,30-39,2
207397,25.0,Employee,Pune,West,HDFC Bank,1174,18-29,1
207398,79.0,Employee,Pune,East,HDFC Bank,1108,70-79,6
207399,64.0,Business,Kolhapur,East,HDFC Bank,1961,60-69,5
207400,34.0,Employee,Solapur,East,HDFC Bank,1339,30-39,2
207401,34.0,Individual,Pune,West,HDFC Bank,1847,30-39,2
207402,71.0,Employee,Nashik,West,HDFC Bank,1013,70-79,6
207403,43.0,Business,Pune,North,HDFC Bank,1692,40-49,3
207404,30.0,Individual,Mumbai,South,HDFC Bank,1321,30-39,2
207405,34.0,Business,Kolhapur,North,HDFC Bank,1944,30-39,2
207406,,Individual,Pune,West,HDFC Bank,1783,Unknown,7
207407,34.0,Unknown,Mumbai,South,HDFC Bank,1963,30-39,2
207408,65.0,Business,Nagpur,East,HDFC Bank,1042,60-69,5
207409,31.0,Individual,Mumbai,South,HDFC Bank,1460,30-39,2
207410,,Employee,Mumbai,East,HDFC Bank,1101,Unknown,7
207411,23.0,Individual,Nashik,West,HDFC Bank,1624,18-29,1
207412,52.0,Business,Nashik,South,HDFC Bank,1704,50-59,4
207413,63.0,Business,Kolhapur,East,HDFC Bank,1008,60-69,5
207414,31.0,Business,Nashik,North,HDFC Bank,1148,30-39,2
207415,64.0,Business,Mumbai,North,HDFC Bank,1337,60-69,5
207416,,Employee,Solapur,East,HDFC Bank,1223,Unknown,7
207417,78.0,Individual,Nashik,North,HDFC Bank,1109,70-79,6
207418,32.0,Employee,Nashik,North,HDFC Bank,1353,30-39,2
207419,71.0,Business,Mumbai,South,HDFC Bank,1083,70-79,6
207420,78.0,Individual,Nagpur,North,HDFC Bank,1554,70-79,6
207421,44.0,Business,Unknown,South,HDFC Bank,1065,40-49,3
207422,30.0,Employee,Pune,West,HDFC Bank,1387,30-39,2
207423,66.0,Employee,Unknown,North,HDFC Bank,1890,60-69,5
207424,48.0,Employee,Nagpur,West,HDFC Bank,1620,40-49,3
207425,70.0,Individual,Nashik,North,HDFC Bank,1613,70-79,6
207426,73.0,Individual,Solapur,East,HDFC Bank,1134,70-79,6
207427,52.0,Business,Pune,East,HDFC Bank,1085,50-59,4
207428,77.0,Individual,Kolhapur,West,HDFC Bank,1083,70-79,6
207429,23.0,Individual,Solapur,West,HDFC Bank,1953,18-29,1
207430,22.0,Employee,Unknown,West,HDFC Bank,1226,18-29,1
207431,39.0,Business,Nashik,East,HDFC Bank,1259,30-39,2
207432,75.0,Employee,Mumbai,West,HDFC Bank,1891,70-79,6
207433,66.0,Business,Mumbai,East,HDFC Bank,1019,60-69,5
207434,40.0,Business,Mumbai,West,HDFC Bank,1034,40-49,3
207435,42.0,Individual,Nagpur,South,HDFC Bank,1864,40-49,3
207436,51.0,Employee,Mumbai,South,HDFC Bank,1754,50-59,4
207437,43.0,Individual,Kolhapur,North,HDFC Bank,1442,40-49,3
207438,64.0,Individual,Nashik,South,HDFC Bank,1980,60-69,5
207439,22.0,Individual,Nagpur,West,HDFC Bank,1940,18-29,1
207440,43.0,Business,Kolhapur,South,HDFC Bank,1269,40-49,3
207441,37.0,Unknown,Mumbai,South,HDFC Bank,1734,30-39,2
207442,23.0,Employee,Kolhapur,West,HDFC Bank,1405,18-29,1
207443,23.0,Individual,Solapur,South,HDFC Bank,1507,18-29,1
207444,76.0,Business,Nashik,West,HDFC Bank,1303,70-79,6
207445,67.0,Employee,Nashik,South,HDFC Bank,1669,60-69,5
207446,35.0,Employee,Kolhapur,West,HDFC Bank,1284,30-39,2
207447,21.0,Unknown,Pune,East,HDFC Bank,1547,18-29,1
207448,34.0,Business,Nashik,East,HDFC Bank,1809,30-39,2
207449,74.0,Individual,Solapur,North,HDFC Bank,1028,70-79,6
207450,31.0,Employee,Nashik,South,HDFC Bank,1390,30-39,2
207451,31.0,Business,Pune,North,HDFC Bank,1415,30-39,2
207452,30.0,Individual,Nashik,West,HDFC Bank,1908,30-39,2
207453,24.0,Employee,Nashik,East,HDFC Bank,1766,18-29,1
207454,61.0,Individual,Pune,West,HDFC Bank,1908,60-69,5
207455,72.0,Unknown,Nashik,North,HDFC Bank,1949,70-79,6
207456,32.0,Individual,Kolhapur,West,HDFC Bank,1141,30-39,2
207457,36.0,Business,Nagpur,West,HDFC Bank,1645,30-39,2
207458,60.0,Employee,Kolhapur,West,HDFC Bank,1655,60-69,5
207459,64.0,Employee,Nashik,West,HDFC Bank,1808,60-69,5
207460,61.0,Employee,Mumbai,East,HDFC Bank,1947,60-69,5
207461,52.0,Employee,Mumbai,West,HDFC Bank,1879,50-59,4
207462,34.0,Business,Nagpur,West,HDFC Bank,1340,30-39,2
207463,52.0,Individual,Nashik,East,HDFC Bank,1244,50-59,4
207464,36.0,Employee,Solapur,West,HDFC Bank,1765,30-39,2
207465,37.0,Business,Unknown,West,HDFC Bank,1875,30-39,2
207466,53.0,Individual,Mumbai,North,HDFC Bank,1911,50-59,4
207467,52.0,Business,Pune,East,HDFC Bank,1004,50-59,4
207468,49.0,Business,Nagpur,South,HDFC Bank,1919,40-49,3
207469,75.0,Unknown,Pune,West,HDFC Bank,1938,70-79,6
207470,65.0,Employee,Solapur,North,HDFC Bank,1448,60-69,5
207471,61.0,Individual,Nashik,East,HDFC Bank,1265,60-69,5
207472,57.0,Unknown,Solapur,West,HDFC Bank,1490,50-59,4
207473,41.0,Employee,Pune,South,HDFC Bank,1238,40-49,3
207474,78.0,Business,Nashik,West,HDFC Bank,1249,70-79,6
207475,78.0,Employee,Kolhapur,North,HDFC Bank,1954,70-79,6
207476,34.0,Individual,Kolhapur,East,HDFC Bank,1290,30-39,2
207477,24.0,Business,Solapur,North,HDFC Bank,1542,18-29,1
207478,60.0,Business,Kolhapur,East,HDFC Bank,1631,60-69,5
207479,67.0,Business,Kolhapur,South,HDFC Bank,1078,60-69,5
207480,18.0,Employee,Mumbai,West,HDFC Bank,1906,18-29,1
207481,,Employee,Kolhapur,North,HDFC Bank,1520,Unknown,7
207482,49.0,Individual,Unknown,South,HDFC Bank,1449,40-49,3
207483,53.0,Unknown,Nagpur,South,HDFC Bank,1555,50-59,4
207484,30.0,Unknown,Mumbai,West,HDFC Bank,1883,30-39,2
207485,23.0,Employee,Mumbai,North,HDFC Bank,1733,18-29,1
207486,75.0,Unknown,Pune,West,HDFC Bank,1143,70-79,6
207487,31.0,Individual,Mumbai,West,HDFC Bank,1119,30-39,2
207488,54.0,Business,Mumbai,East,HDFC Bank,1943,50-59,4
207489,65.0,Employee,Pune,East,HDFC Bank,1564,60-69,5
207490,32.0,Unknown,Unknown,West,HDFC Bank,1576,30-39,2
207491,64.0,Employee,Kolhapur,East,HDFC Bank,1175,60-69,5
207492,79.0,Individual,Mumbai,North,HDFC Bank,1069,70-79,6
207493,21.0,Business,Nagpur,East,HDFC Bank,1813,18-29,1
207494,,Business,Unknown,South,HDFC Bank,1632,Unknown,7
207495,76.0,Business,Mumbai,West,HDFC Bank,1888,70-79,6
207496,33.0,Individual,Nagpur,West,HDFC Bank,1202,30-39,2
207497,,Business,Pune,North,HDFC Bank,1800,Unknown,7
207498,33.0,Unknown,Kolhapur,West,HDFC Bank,1179,30-39,2
207499,79.0,Employee,Mumbai,East,HDFC Bank,1592,70-79,6
207500,21.0,Individual,Kolhapur,South,HDFC Bank,1566,18-29,1
207501,62.0,Employee,Solapur,West,HDFC Bank,1690,60-69,5
207502,43.0,Individual,Kolhapur,East,HDFC Bank,1609,40-49,3
207503,45.0,Individual,Pune,South,HDFC Bank,1109,40-49,3
207504,49.0,Business,Pune,West,HDFC Bank,1423,40-49,3
207505,62.0,Individual,Mumbai,West,HDFC Bank,1664,60-69,5
207506,19.0,Business,Nagpur,West,HDFC Bank,1958,18-29,1
207507,48.0,Employee,Pune,South,HDFC Bank,1502,40-49,3
207508,20.0,Employee,Nagpur,West,HDFC Bank,1405,18-29,1
207509,71.0,Business,Solapur,West,HDFC Bank,1985,70-79,6
207510,,Employee,Nagpur,East,HDFC Bank,1636,Unknown,7
207511,41.0,Individual,Nashik,East,HDFC Bank,1090,40-49,3
207512,32.0,Business,Nagpur,East,HDFC Bank,1293,30-39,2
207513,,Business,Pune,East,HDFC Bank,1392,Unknown,7
207514,48.0,Business,Nagpur,West,HDFC Bank,1036,40-49,3
207515,26.0,Employee,Nagpur,South,HDFC Bank,1516,18-29,1
207516,56.0,Employee,Nashik,West,HDFC Bank,1849,50-59,4
207517,62.0,Individual,Nashik,North,HDFC Bank,1661,60-69,5
207518,19.0,Individual,Mumbai,South,HDFC Bank,1877,18-29,1
207519,25.0,Business,Pune,North,HDFC Bank,1907,18-29,1
207520,24.0,Individual,Mumbai,West,HDFC Bank,1315,18-29,1
207521,73.0,Employee,Nashik,South,HDFC Bank,1171,70-79,6
207522,61.0,Individual,Nagpur,South,HDFC Bank,1405,60-69,5
207523,68.0,Employee,Unknown,East,HDFC Bank,1261,60-69,5
207524,56.0,Individual,Solapur,West,HDFC Bank,1483,50-59,4
207525,59.0,Employee,Nagpur,North,HDFC Bank,1026,50-59,4
207526,78.0,Employee,Mumbai,South,HDFC Bank,1494,70-79,6
207527,74.0,Individual,Nagpur,South,HDFC Bank,1054,70-79,6
207528,33.0,Individual,Solapur,East,HDFC Bank,1910,30-39,2
207529,52.0,Employee,Nashik,South,HDFC Bank,1831,50-59,4
207530,47.0,Business,Pune,East,HDFC Bank,1248,40-49,3
207531,27.0,Individual,Kolhapur,South,HDFC Bank,1272,18-29,1
207532,,Employee,Pune,South,HDFC Bank,1258,Unknown,7
207533,35.0,Individual,Pune,West,HDFC Bank,1777,30-39,2
207534,67.0,Individual,Nashik,South,HDFC Bank,1190,60-69,5
207535,,Unknown,Pune,East,HDFC Bank,1574,Unknown,7
207536,70.0,Individual,Solapur,East,HDFC Bank,1856,70-79,6
207537,46.0,Individual,Nashik,East,HDFC Bank,1445,40-49,3
207538,56.0,Business,Pune,North,HDFC Bank,1852,50-59,4
207539,77.0,Business,Kolhapur,South,HDFC Bank,1501,70-79,6
207540,51.0,Business,Mumbai,West,HDFC Bank,1615,50-59,4
207541,60.0,Employee,Nashik,West,HDFC Bank,1392,60-69,5
207542,79.0,Business,Nashik,North,HDFC Bank,1407,70-79,6
207543,62.0,Business,Nagpur,South,HDFC Bank,1799,60-69,5
207544,40.0,Employee,Pune,East,HDFC Bank,1770,40-49,3
207545,,Business,Mumbai,North,HDFC Bank,1672,Unknown,7
207546,47.0,Individual,Kolhapur,North,HDFC Bank,1682,40-49,3
207547,23.0,Business,Solapur,East,HDFC Bank,1108,18-29,1
207548,73.0,Business,Unknown,North,HDFC Bank,1651,70-79,6
207549,75.0,Business,Solapur,North,HDFC Bank,1604,70-79,6
207550,78.0,Individual,Solapur,East,HDFC Bank,1980,70-79,6
207551,63.0,Individual,Solapur,South,HDFC Bank,1102,60-69,5
207552,61.0,Individual,Nagpur,West,HDFC Bank,1225,60-69,5
207553,21.0,Individual,Solapur,West,HDFC Bank,1352,18-29,1
207554,46.0,Employee,Pune,East,HDFC Bank,1159,40-49,3
207555,40.0,Individual,Pune,East,HDFC Bank,1403,40-49,3
207556,23.0,Individual,Mumbai,South,HDFC Bank,1706,18-29,1
207557,49.0,Individual,Mumbai,North,HDFC Bank,1323,40-49,3
207558,59.0,Individual,Kolhapur,South,HDFC Bank,1144,50-59,4
207559,35.0,Employee,Solapur,North,HDFC Bank,1753,30-39,2
207560,32.0,Business,Solapur,North,HDFC Bank,1464,30-39,2
207561,57.0,Business,Nagpur,South,HDFC Bank,1914,50-59,4
207562,75.0,Individual,Solapur,East,HDFC Bank,1131,70-79,6
207563,49.0,Individual,Solapur,East,HDFC Bank,1092,40-49,3
207564,26.0,Individual,Solapur,South,HDFC Bank,1272,18-29,1
207565,54.0,Business,Nashik,North,HDFC Bank,1703,50-59,4
207566,27.0,Unknown,Nashik,North,HDFC Bank,1533,18-29,1
207567,37.0,Individual,Nagpur,North,HDFC Bank,1193,30-39,2
207568,,Business,Nagpur,North,HDFC Bank,1169,Unknown,7
207569,65.0,Employee,Pune,South,HDFC Bank,1459,60-69,5
207570,73.0,Individual,Nagpur,West,HDFC Bank,1940,70-79,6
207571,76.0,Individual,Unknown,East,HDFC Bank,1010,70-79,6
207572,20.0,Employee,Pune,East,HDFC Bank,1180,18-29,1
207573,59.0,Employee,Solapur,West,HDFC Bank,1231,50-59,4
207574,28.0,Business,Nagpur,North,HDFC Bank,1955,18-29,1
207575,60.0,Employee,Kolhapur,West,HDFC Bank,1028,60-69,5
207576,34.0,Individual,Nagpur,West,HDFC Bank,1531,30-39,2
207577,49.0,Business,Nagpur,West,HDFC Bank,1004,40-49,3
207578,21.0,Employee,Pune,East,HDFC Bank,1920,18-29,1
207579,21.0,Business,Pune,East,HDFC Bank,1545,18-29,1
207580,34.0,Business,Mumbai,West,HDFC Bank,1139,30-39,2
207581,58.0,Business,Pune,West,HDFC Bank,1027,50-59,4
207582,36.0,Business,Pune,West,HDFC Bank,1097,30-39,2
207583,22.0,Employee,Nashik,North,HDFC Bank,1261,18-29,1
207584,49.0,Individual,Nagpur,North,HDFC Bank,1757,40-49,3
207585,39.0,Individual,Pune,North,HDFC Bank,1018,30-39,2
207586,73.0,Employee,Nagpur,East,HDFC Bank,1011,70-79,6
207587,,Individual,Nagpur,South,HDFC Bank,1536,Unknown,7
207588,52.0,Business,Nashik,West,HDFC Bank,1524,50-59,4
207589,39.0,Business,Nagpur,West,HDFC Bank,1464,30-39,2
207590,18.0,Business,Kolhapur,South,HDFC Bank,1587,18-29,1
207591,37.0,Employee,Pune,West,HDFC Bank,1258,30-39,2
207592,39.0,Unknown,Nagpur,North,HDFC Bank,1023,30-39,2
207593,65.0,Business,Unknown,North,HDFC Bank,1007,60-69,5
207594,72.0,Employee,Mumbai,South,HDFC Bank,1879,70-79,6
207595,28.0,Business,Nashik,North,HDFC Bank,1227,18-29,1
207596,30.0,Business,Unknown,South,HDFC Bank,1375,30-39,2
207597,76.0,Individual,Pune,North,HDFC Bank,1122,70-79,6
207598,59.0,Employee,Nashik,West,HDFC Bank,1089,50-59,4
207599,20.0,Business,Mumbai,East,HDFC Bank,1812,18-29,1
207600,26.0,Business,Kolhapur,North,HDFC Bank,1455,18-29,1
207601,,Business,Pune,South,HDFC Bank,1223,Unknown,7
207602,29.0,Business,Nagpur,East,HDFC Bank,1735,18-29,1
207603,40.0,Individual,Pune,West,HDFC Bank,1256,40-49,3
207604,31.0,Individual,Solapur,East,HDFC Bank,1514,30-39,2
207605,50.0,Individual,Pune,South,HDFC Bank,1832,50-59,4
207606,35.0,Individual,Nagpur,West,HDFC Bank,1782,30-39,2
207607,66.0,Employee,Solapur,West,HDFC Bank,1817,60-69,5
207608,76.0,Business,Kolhapur,North,HDFC Bank,1147,70-79,6
207609,58.0,Individual,Nashik,East,HDFC Bank,1386,50-59,4
207610,26.0,Unknown,Kolhapur,North,HDFC Bank,1700,18-29,1
207611,40.0,Employee,Pune,West,HDFC Bank,1910,40-49,3
207612,27.0,Business,Nashik,North,HDFC Bank,1698,18-29,1
207613,36.0,Business,Pune,North,HDFC Bank,1437,30-39,2
207614,78.0,Individual,Mumbai,South,HDFC Bank,1699,70-79,6
207615,64.0,Individual,Mumbai,North,HDFC Bank,1635,60-69,5
207616,22.0,Employee,Nagpur,West,HDFC Bank,1036,18-29,1
207617,64.0,Unknown,Kolhapur,North,HDFC Bank,1660,60-69,5
207618,69.0,Individual,Mumbai,West,HDFC Bank,1105,60-69,5
207619,40.0,Individual,Solapur,West,HDFC Bank,1614,40-49,3
207620,47.0,Individual,Solapur,South,HDFC Bank,1918,40-49,3
207621,42.0,Employee,Pune,West,HDFC Bank,1888,40-49,3
207622,45.0,Business,Nashik,West,HDFC Bank,1231,40-49,3
207623,51.0,Individual,Solapur,South,HDFC Bank,1866,50-59,4
207624,62.0,Business,Pune,West,HDFC Bank,1145,60-69,5
207625,73.0,Employee,Nashik,South,HDFC Bank,1016,70-79,6
207626,65.0,Business,Mumbai,East,HDFC Bank,1158,60-69,5
207627,64.0,Individual,Pune,East,HDFC Bank,1959,60-69,5
207628,42.0,Business,Nashik,East,HDFC Bank,1815,40-49,3
207629,27.0,Business,Nagpur,West,HDFC Bank,1281,18-29,1
207630,31.0,Employee,Kolhapur,North,HDFC Bank,1277,30-39,2
207631,59.0,Employee,Kolhapur,South,HDFC Bank,1124,50-59,4
207632,74.0,Business,Nagpur,East,HDFC Bank,1684,70-79,6
207633,63.0,Business,Solapur,South,HDFC Bank,1419,60-69,5
207634,75.0,Business,Kolhapur,East,HDFC Bank,1319,70-79,6
207635,47.0,Employee,Nashik,East,HDFC Bank,1674,40-49,3
207636,72.0,Employee,Nagpur,West,HDFC Bank,1714,70-79,6
207637,58.0,Unknown,Unknown,South,HDFC Bank,1986,50-59,4
207638,42.0,Employee,Pune,West,HDFC Bank,1481,40-49,3
207639,31.0,Individual,Pune,South,HDFC Bank,1849,30-39,2
207640,52.0,Employee,Nashik,South,HDFC Bank,1666,50-59,4
207641,69.0,Employee,Nashik,North,HDFC Bank,1323,60-69,5
207642,65.0,Employee,Nashik,East,HDFC Bank,1912,60-69,5
207643,51.0,Individual,Kolhapur,West,HDFC Bank,1965,50-59,4
207644,27.0,Individual,Nashik,North,HDFC Bank,1394,18-29,1
207645,52.0,Individual,Nagpur,South,HDFC Bank,1772,50-59,4
207646,28.0,Business,Nagpur,East,HDFC Bank,1185,18-29,1
207647,28.0,Business,Solapur,West,HDFC Bank,1888,18-29,1
207648,38.0,Individual,Nagpur,North,HDFC Bank,1465,30-39,2
207649,38.0,Business,Kolhapur,South,HDFC Bank,1056,30-39,2
207650,39.0,Business,Pune,North,HDFC Bank,1728,30-39,2
207651,,Unknown,Solapur,South,HDFC Bank,1457,Unknown,7
207652,24.0,Individual,Nagpur,South,HDFC Bank,1207,18-29,1
207653,72.0,Employee,Nashik,East,HDFC Bank,1713,70-79,6
207654,34.0,Individual,Nagpur,West,HDFC Bank,1073,30-39,2
207655,79.0,Individual,Mumbai,East,HDFC Bank,1483,70-79,6
207656,19.0,Business,Solapur,West,HDFC Bank,1084,18-29,1
207657,29.0,Business,Kolhapur,West,HDFC Bank,1631,18-29,1
207658,74.0,Unknown,Nagpur,South,HDFC Bank,1013,70-79,6
207659,59.0,Employee,Nagpur,North,HDFC Bank,1839,50-59,4
207660,35.0,Employee,Kolhapur,West,HDFC Bank,1640,30-39,2
207661,71.0,Unknown,Pune,West,HDFC Bank,1911,70-79,6
207662,76.0,Individual,Nashik,West,HDFC Bank,1793,70-79,6
207663,28.0,Employee,Nashik,West,HDFC Bank,1048,18-29,1
207664,33.0,Individual,Pune,South,HDFC Bank,1425,30-39,2
207665,66.0,Business,Pune,East,HDFC Bank,1965,60-69,5
207666,68.0,Employee,Mumbai,North,HDFC Bank,1358,60-69,5
207667,35.0,Business,Kolhapur,South,HDFC Bank,1241,30-39,2
207668,52.0,Business,Solapur,South,HDFC Bank,1833,50-59,4
207669,70.0,Individual,Nashik,South,HDFC Bank,1052,70-79,6
207670,76.0,Employee,Pune,West,HDFC Bank,1776,70-79,6
207671,43.0,Individual,Pune,North,HDFC Bank,1068,40-49,3
207672,33.0,Business,Kolhapur,South,HDFC Bank,1551,30-39,2
207673,23.0,Employee,Solapur,South,HDFC Bank,1695,18-29,1
207674,74.0,Business,Unknown,South,HDFC Bank,1644,70-79,6
207675,61.0,Business,Mumbai,West,HDFC Bank,1055,60-69,5
207676,60.0,Employee,Solapur,West,HDFC Bank,1878,60-69,5
207677,64.0,Employee,Mumbai,South,HDFC Bank,1455,60-69,5
207678,64.0,Employee,Nagpur,West,HDFC Bank,1254,60-69,5
207679,65.0,Individual,Nashik,North,HDFC Bank,1004,60-69,5
207680,59.0,Individual,Pune,West,HDFC Bank,1580,50-59,4
207681,29.0,Business,Solapur,South,HDFC Bank,1051,18-29,1
207682,77.0,Employee,Mumbai,North,HDFC Bank,1976,70-79,6
207683,30.0,Business,Nashik,West,HDFC Bank,1328,30-39,2
207684,21.0,Business,Nashik,South,HDFC Bank,1097,18-29,1
207685,56.0,Business,Pune,East,HDFC Bank,1160,50-59,4
207686,71.0,Business,Nashik,East,HDFC Bank,1405,70-79,6
207687,19.0,Business,Pune,North,HDFC Bank,1980,18-29,1
207688,43.0,Unknown,Nagpur,North,HDFC Bank,1782,40-49,3
207689,76.0,Individual,Pune,North,HDFC Bank,1576,70-79,6
207690,44.0,Employee,Kolhapur,West,HDFC Bank,1326,40-49,3
207691,44.0,Employee,Mumbai,North,HDFC Bank,1918,40-49,3
207692,,Employee,Kolhapur,West,HDFC Bank,1242,Unknown,7
207693,25.0,Individual,Nashik,South,HDFC Bank,1503,18-29,1
207694,24.0,Individual,Nashik,West,HDFC Bank,1366,18-29,1
207695,64.0,Individual,Nashik,West,HDFC Bank,1773,60-69,5
207696,72.0,Employee,Pune,South,HDFC Bank,1723,70-79,6
207697,63.0,Individual,Solapur,East,HDFC Bank,1441,60-69,5
207698,57.0,Business,Pune,West,HDFC Bank,1153,50-59,4
207699,77.0,Individual,Mumbai,West,HDFC Bank,1233,70-79,6
207700,29.0,Employee,Pune,South,HDFC Bank,1651,18-29,1
207701,30.0,Employee,Nashik,North,HDFC Bank,1332,30-39,2
207702,79.0,Business,Nagpur,South,HDFC Bank,1494,70-79,6
207703,60.0,Individual,Mumbai,East,HDFC Bank,1114,60-69,5
207704,34.0,Individual,Kolhapur,North,HDFC Bank,1368,30-39,2
207705,78.0,Business,Nagpur,East,HDFC Bank,1332,70-79,6
207706,34.0,Employee,Mumbai,West,HDFC Bank,1129,30-39,2
207707,73.0,Employee,Mumbai,East,HDFC Bank,1927,70-79,6
207708,53.0,Individual,Nashik,East,HDFC Bank,1177,50-59,4
207709,38.0,Individual,Kolhapur,South,HDFC Bank,1094,30-39,2
207710,25.0,Individual,Pune,North,HDFC Bank,1316,18-29,1
207711,22.0,Individual,Kolhapur,West,HDFC Bank,1906,18-29,1
207712,43.0,Individual,Nashik,West,HDFC Bank,1100,40-49,3
207713,33.0,Employee,Unknown,West,HDFC Bank,1195,30-39,2
207714,53.0,Employee,Nashik,North,HDFC Bank,1801,50-59,4
207715,45.0,Employee,Nagpur,North,HDFC Bank,1207,40-49,3
207716,71.0,Employee,Kolhapur,East,HDFC Bank,1606,70-79,6
207717,46.0,Business,Kolhapur,East,HDFC Bank,1472,40-49,3
207718,64.0,Employee,Mumbai,North,HDFC Bank,1614,60-69,5
207719,29.0,Business,Unknown,West,HDFC Bank,1007,18-29,1
207720,54.0,Employee,Pune,North,HDFC Bank,1135,50-59,4
207721,47.0,Individual,Nashik,South,HDFC Bank,1609,40-49,3
207722,40.0,Individual,Kolhapur,North,HDFC Bank,1910,40-49,3
207723,33.0,Individual,Kolhapur,North,HDFC Bank,1260,30-39,2
207724,31.0,Business,Mumbai,West,HDFC Bank,1146,30-39,2
207725,27.0,Employee,Unknown,East,HDFC Bank,1457,18-29,1
207726,24.0,Employee,Unknown,South,HDFC Bank,1904,18-29,1
207727,62.0,Business,Solapur,South,HDFC Bank,1696,60-69,5
207728,69.0,Business,Nashik,South,HDFC Bank,1437,60-69,5
207729,,Business,Solapur,North,HDFC Bank,1412,Unknown,7
207730,78.0,Business,Solapur,West,HDFC Bank,1499,70-79,6
207731,54.0,Business,Pune,North,HDFC Bank,1231,50-59,4
207732,46.0,Individual,Pune,East,HDFC Bank,1100,40-49,3
207733,20.0,Employee,Nashik,West,HDFC Bank,1146,18-29,1
207734,32.0,Business,Kolhapur,South,HDFC Bank,1716,30-39,2
207735,53.0,Individual,Mumbai,North,HDFC Bank,1506,50-59,4
207736,64.0,Business,Nashik,West,HDFC Bank,1557,60-69,5
207737,63.0,Individual,Nagpur,North,HDFC Bank,1103,60-69,5
207738,69.0,Business,Unknown,West,HDFC Bank,1335,60-69,5
207739,36.0,Employee,Mumbai,South,HDFC Bank,1445,30-39,2
207740,30.0,Business,Kolhapur,East,HDFC Bank,1733,30-39,2
207741,59.0,Business,Kolhapur,East,HDFC Bank,1443,50-59,4
207742,38.0,Employee,Pune,North,HDFC Bank,1117,30-39,2
207743,54.0,Employee,Nagpur,South,HDFC Bank,1516,50-59,4
207744,44.0,Business,Kolhapur,North,HDFC Bank,1928,40-49,3
207745,72.0,Employee,Nagpur,North,HDFC Bank,1722,70-79,6
207746,69.0,Employee,Solapur,West,HDFC Bank,1566,60-69,5
207747,46.0,Individual,Unknown,West,HDFC Bank,1530,40-49,3
207748,37.0,Employee,Mumbai,West,HDFC Bank,1912,30-39,2
207749,42.0,Employee,Pune,South,HDFC Bank,1087,40-49,3
207750,23.0,Business,Solapur,South,HDFC Bank,1758,18-29,1
207751,53.0,Business,Kolhapur,North,HDFC Bank,1628,50-59,4
207752,19.0,Individual,Nagpur,West,HDFC Bank,1475,18-29,1
207753,39.0,Business,Solapur,South,HDFC Bank,1681,30-39,2
207754,49.0,Employee,Kolhapur,North,HDFC Bank,1484,40-49,3
207755,,Employee,Nashik,South,HDFC Bank,1661,Unknown,7
207756,35.0,Employee,Nagpur,North,HDFC Bank,1294,30-39,2
207757,22.0,Business,Solapur,East,HDFC Bank,1719,18-29,1
207758,71.0,Employee,Mumbai,West,HDFC Bank,1380,70-79,6
207759,,Employee,Mumbai,East,HDFC Bank,1994,Unknown,7
207760,47.0,Individual,Kolhapur,North,HDFC Bank,1282,40-49,3
207761,62.0,Individual,Unknown,North,HDFC Bank,1843,60-69,5
207762,36.0,Individual,Mumbai,West,HDFC Bank,1685,30-39,2
207763,40.0,Business,Nashik,West,HDFC Bank,1638,40-49,3
207764,51.0,Employee,Pune,North,HDFC Bank,1155,50-59,4
207765,30.0,Employee,Mumbai,South,HDFC Bank,1179,30-39,2
207766,60.0,Employee,Kolhapur,West,HDFC Bank,1960,60-69,5
207767,79.0,Unknown,Kolhapur,North,HDFC Bank,1934,70-79,6
207768,71.0,Unknown,Nashik,West,HDFC Bank,1889,70-79,6
207769,46.0,Employee,Mumbai,West,HDFC Bank,1913,40-49,3
207770,,Employee,Nashik,East,HDFC Bank,1086,Unknown,7
207771,,Employee,Mumbai,East,HDFC Bank,1405,Unknown,7
207772,69.0,Employee,Pune,South,HDFC Bank,1835,60-69,5
207773,69.0,Business,Unknown,West,HDFC Bank,1495,60-69,5
207774,64.0,Employee,Mumbai,North,HDFC Bank,1266,60-69,5
207775,53.0,Business,Solapur,North,HDFC Bank,1593,50-59,4
207776,26.0,Unknown,Mumbai,West,HDFC Bank,1063,18-29,1
207777,56.0,Business,Pune,West,HDFC Bank,1118,50-59,4
207778,68.0,Employee,Kolhapur,South,HDFC Bank,1966,60-69,5
207779,,Employee,Solapur,South,HDFC Bank,1340,Unknown,7
207780,55.0,Employee,Unknown,South,HDFC Bank,1312,50-59,4
207781,23.0,Employee,Mumbai,North,HDFC Bank,1162,18-29,1
207782,69.0,Individual,Kolhapur,East,HDFC Bank,1504,60-69,5
207783,64.0,Unknown,Mumbai,South,HDFC Bank,1292,60-69,5
207784,32.0,Business,Nashik,North,HDFC Bank,1689,30-39,2
207785,74.0,Individual,Pune,South,HDFC Bank,1376,70-79,6
207786,37.0,Unknown,Nagpur,North,HDFC Bank,1541,30-39,2
207787,26.0,Employee,Mumbai,West,HDFC Bank,1400,18-29,1
207788,49.0,Business,Nashik,North,HDFC Bank,1672,40-49,3
207789,21.0,Business,Nagpur,West,HDFC Bank,1399,18-29,1
207790,67.0,Individual,Mumbai,North,HDFC Bank,1398,60-69,5
207791,35.0,Business,Solapur,East,HDFC Bank,1908,30-39,2
207792,22.0,Employee,Kolhapur,North,HDFC Bank,1486,18-29,1
207793,37.0,Employee,Kolhapur,West,HDFC Bank,1514,30-39,2
207794,,Employee,Nashik,East,HDFC Bank,1023,Unknown,7
207795,79.0,Employee,Solapur,North,HDFC Bank,1918,70-79,6
207796,28.0,Employee,Pune,North,HDFC Bank,1058,18-29,1
207797,54.0,Individual,Nagpur,South,HDFC Bank,1748,50-59,4
207798,39.0,Employee,Nashik,East,HDFC Bank,1239,30-39,2
207799,75.0,Employee,Mumbai,West,HDFC Bank,1310,70-79,6
207800,21.0,Individual,Kolhapur,East,HDFC Bank,1320,18-29,1
207801,46.0,Individual,Mumbai,West,HDFC Bank,1671,40-49,3
207802,61.0,Individual,Unknown,South,HDFC Bank,1480,60-69,5
207803,51.0,Unknown,Solapur,South,HDFC Bank,1571,50-59,4
207804,30.0,Business,Solapur,West,HDFC Bank,1751,30-39,2
207805,59.0,Employee,Nashik,West,HDFC Bank,1413,50-59,4
207806,26.0,Employee,Nashik,West,HDFC Bank,1321,18-29,1
207807,59.0,Employee,Solapur,South,HDFC Bank,1401,50-59,4
207808,48.0,Business,Unknown,East,HDFC Bank,1058,40-49,3
207809,24.0,Unknown,Solapur,South,HDFC Bank,1052,18-29,1
207810,21.0,Unknown,Nagpur,North,HDFC Bank,1063,18-29,1
207811,36.0,Business,Nashik,South,HDFC Bank,1632,30-39,2
207812,59.0,Individual,Solapur,North,HDFC Bank,1118,50-59,4
207813,47.0,Business,Nashik,North,HDFC Bank,1285,40-49,3
207814,48.0,Employee,Mumbai,South,HDFC Bank,1017,40-49,3
207815,52.0,Business,Kolhapur,South,HDFC Bank,1004,50-59,4
207816,,Individual,Mumbai,South,HDFC Bank,1836,Unknown,7
207817,38.0,Individual,Pune,East,HDFC Bank,1391,30-39,2
207818,78.0,Individual,Solapur,South,HDFC Bank,1904,70-79,6
207819,48.0,Individual,Pune,West,HDFC Bank,1159,40-49,3
207820,36.0,Individual,Solapur,South,HDFC Bank,1887,30-39,2
207821,48.0,Individual,Kolhapur,North,HDFC Bank,1141,40-49,3
207822,70.0,Employee,Nashik,East,HDFC Bank,1396,70-79,6
207823,49.0,Employee,Solapur,East,HDFC Bank,1017,40-49,3
207824,19.0,Business,Mumbai,North,HDFC Bank,1579,18-29,1
207825,76.0,Employee,Nashik,East,HDFC Bank,1113,70-79,6
207826,69.0,Individual,Kolhapur,East,HDFC Bank,1533,60-69,5
207827,27.0,Employee,Mumbai,West,HDFC Bank,1531,18-29,1
207828,19.0,Business,Nashik,West,HDFC Bank,1910,18-29,1
207829,19.0,Individual,Solapur,East,HDFC Bank,1774,18-29,1
207830,77.0,Employee,Solapur,South,HDFC Bank,1460,70-79,6
207831,41.0,Employee,Mumbai,East,HDFC Bank,1609,40-49,3
207832,34.0,Business,Nagpur,West,HDFC Bank,1616,30-39,2
207833,49.0,Individual,Solapur,East,HDFC Bank,1285,40-49,3
207834,33.0,Business,Nagpur,South,HDFC Bank,1004,30-39,2
207835,33.0,Individual,Nashik,South,HDFC Bank,1128,30-39,2
207836,63.0,Individual,Nagpur,West,HDFC Bank,1955,60-69,5
207837,56.0,Employee,Mumbai,East,HDFC Bank,1670,50-59,4
207838,70.0,Business,Pune,West,HDFC Bank,1762,70-79,6
207839,48.0,Business,Pune,North,HDFC Bank,1498,40-49,3
207840,60.0,Business,Mumbai,West,HDFC Bank,1275,60-69,5
207841,41.0,Individual,Pune,West,HDFC Bank,1082,40-49,3
207842,18.0,Business,Mumbai,West,HDFC Bank,1831,18-29,1
207843,28.0,Individual,Solapur,East,HDFC Bank,1117,18-29,1
207844,72.0,Business,Nagpur,North,HDFC Bank,1959,70-79,6
207845,38.0,Business,Unknown,East,HDFC Bank,1028,30-39,2
207846,21.0,Employee,Solapur,South,HDFC Bank,1357,18-29,1
207847,24.0,Business,Unknown,North,HDFC Bank,1649,18-29,1
207848,43.0,Employee,Nashik,West,HDFC Bank,1156,40-49,3
207849,64.0,Employee,Mumbai,West,HDFC Bank,1030,60-69,5
207850,67.0,Unknown,Mumbai,West,HDFC Bank,1842,60-69,5
207851,29.0,Business,Solapur,East,HDFC Bank,1982,18-29,1
207852,48.0,Unknown,Nashik,South,HDFC Bank,1285,40-49,3
207853,34.0,Business,Nagpur,North,HDFC Bank,1664,30-39,2
207854,50.0,Employee,Nashik,North,HDFC Bank,1335,50-59,4
207855,28.0,Business,Nashik,East,HDFC Bank,1569,18-29,1
207856,45.0,Individual,Kolhapur,South,HDFC Bank,1312,40-49,3
207857,49.0,Individual,Nagpur,North,HDFC Bank,1598,40-49,3
207858,18.0,Business,Nagpur,East,HDFC Bank,1122,18-29,1
207859,64.0,Employee,Nashik,South,HDFC Bank,1702,60-69,5
207860,45.0,Individual,Pune,South,HDFC Bank,1864,40-49,3
207861,70.0,Individual,Kolhapur,North,HDFC Bank,1370,70-79,6
207862,59.0,Employee,Pune,North,HDFC Bank,1804,50-59,4
207863,24.0,Individual,Nashik,South,HDFC Bank,1313,18-29,1
207864,19.0,Employee,Pune,North,HDFC Bank,1027,18-29,1
207865,59.0,Individual,Nagpur,East,HDFC Bank,1154,50-59,4
207866,41.0,Employee,Nagpur,South,HDFC Bank,1965,40-49,3
207867,21.0,Individual,Pune,North,HDFC Bank,1229,18-29,1
207868,61.0,Business,Nagpur,North,HDFC Bank,1548,60-69,5
207869,36.0,Individual,Mumbai,East,HDFC Bank,1005,30-39,2
207870,43.0,Individual,Nagpur,North,HDFC Bank,1472,40-49,3
207871,28.0,Business,Nashik,North,HDFC Bank,1972,18-29,1
207872,57.0,Business,Solapur,North,HDFC Bank,1317,50-59,4
207873,67.0,Business,Pune,West,HDFC Bank,1224,60-69,5
207874,60.0,Business,Kolhapur,East,HDFC Bank,1032,60-69,5
207875,28.0,Unknown,Pune,East,HDFC Bank,1088,18-29,1
207876,62.0,Employee,Nagpur,West,HDFC Bank,1333,60-69,5
207877,20.0,Individual,Nagpur,East,HDFC Bank,1039,18-29,1
207878,29.0,Individual,Solapur,North,HDFC Bank,1680,18-29,1
207879,20.0,Individual,Solapur,North,HDFC Bank,1374,18-29,1
207880,59.0,Employee,Kolhapur,North,HDFC Bank,1297,50-59,4
207881,44.0,Individual,Nashik,East,HDFC Bank,1997,40-49,3
207882,66.0,Individual,Mumbai,East,HDFC Bank,1392,60-69,5
207883,71.0,Employee,Nashik,South,HDFC Bank,1017,70-79,6
207884,19.0,Individual,Kolhapur,West,HDFC Bank,1526,18-29,1
207885,66.0,Employee,Pune,East,HDFC Bank,1131,60-69,5
207886,33.0,Employee,Nagpur,South,HDFC Bank,1289,30-39,2
207887,19.0,Business,Nashik,West,HDFC Bank,1829,18-29,1
207888,77.0,Business,Nagpur,West,HDFC Bank,1805,70-79,6
207889,71.0,Employee,Nagpur,North,HDFC Bank,1208,70-79,6
207890,47.0,Employee,Nashik,North,HDFC Bank,1326,40-49,3
207891,37.0,Business,Nashik,South,HDFC Bank,1991,30-39,2
207892,55.0,Individual,Solapur,South,HDFC Bank,1502,50-59,4
207893,45.0,Unknown,Kolhapur,North,HDFC Bank,1278,40-49,3
207894,42.0,Individual,Kolhapur,North,HDFC Bank,1381,40-49,3
207895,49.0,Employee,Mumbai,West,HDFC Bank,1787,40-49,3
207896,78.0,Business,Solapur,West,HDFC Bank,1951,70-79,6
207897,27.0,Individual,Mumbai,East,HDFC Bank,1308,18-29,1
207898,77.0,Business,Nashik,North,HDFC Bank,1897,70-79,6
207899,59.0,Business,Kolhapur,West,HDFC Bank,1276,50-59,4
207900,57.0,Employee,Kolhapur,South,HDFC Bank,1075,50-59,4
207901,,Individual,Mumbai,West,HDFC Bank,1297,Unknown,7
207902,30.0,Business,Pune,North,HDFC Bank,1824,30-39,2
207903,73.0,Employee,Solapur,West,HDFC Bank,1377,70-79,6
207904,58.0,Employee,Solapur,North,HDFC Bank,1432,50-59,4
207905,71.0,Employee,Solapur,West,HDFC Bank,1858,70-79,6
207906,59.0,Individual,Kolhapur,East,HDFC Bank,1111,50-59,4
207907,64.0,Individual,Nagpur,East,HDFC Bank,1777,60-69,5
207908,54.0,Employee,Kolhapur,South,HDFC Bank,1071,50-59,4
207909,71.0,Individual,Nagpur,South,HDFC Bank,1316,70-79,6
207910,33.0,Individual,Kolhapur,North,HDFC Bank,1020,30-39,2
207911,62.0,Business,Nashik,North,HDFC Bank,1187,60-69,5
207912,39.0,Employee,Kolhapur,North,HDFC Bank,1120,30-39,2
207913,74.0,Employee,Nashik,West,HDFC Bank,1341,70-79,6
207914,37.0,Individual,Nagpur,West,HDFC Bank,1652,30-39,2
207915,67.0,Employee,Solapur,West,HDFC Bank,1303,60-69,5
207916,60.0,Employee,Nagpur,South,HDFC Bank,1935,60-69,5
207917,44.0,Employee,Mumbai,North,HDFC Bank,1446,40-49,3
207918,58.0,Individual,Solapur,West,HDFC Bank,1715,50-59,4
207919,33.0,Individual,Kolhapur,South,HDFC Bank,1720,30-39,2
207920,51.0,Individual,Kolhapur,East,HDFC Bank,1495,50-59,4
207921,49.0,Unknown,Kolhapur,North,HDFC Bank,1520,40-49,3
207922,43.0,Employee,Kolhapur,East,HDFC Bank,1184,40-49,3
207923,42.0,Business,Kolhapur,South,HDFC Bank,1946,40-49,3
207924,19.0,Individual,Nagpur,North,HDFC Bank,1880,18-29,1
207925,29.0,Business,Nashik,West,HDFC Bank,1887,18-29,1
207926,57.0,Employee,Nagpur,South,HDFC Bank,1807,50-59,4
207927,26.0,Employee,Pune,East,HDFC Bank,1331,18-29,1
207928,29.0,Individual,Nagpur,East,HDFC Bank,1712,18-29,1
207929,43.0,Individual,Solapur,East,HDFC Bank,1575,40-49,3
207930,26.0,Business,Kolhapur,South,HDFC Bank,1349,18-29,1
207931,27.0,Individual,Nagpur,South,HDFC Bank,1837,18-29,1
207932,49.0,Business,Nashik,North,HDFC Bank,1319,40-49,3
207933,,Employee,Kolhapur,North,HDFC Bank,1536,Unknown,7
207934,51.0,Employee,Mumbai,East,HDFC Bank,1411,50-59,4
207935,65.0,Employee,Pune,South,HDFC Bank,1905,60-69,5
207936,37.0,Employee,Solapur,North,HDFC Bank,1155,30-39,2
207937,56.0,Employee,Nashik,South,HDFC Bank,1732,50-59,4
207938,77.0,Business,Pune,West,HDFC Bank,1803,70-79,6
207939,19.0,Employee,Nagpur,South,HDFC Bank,1650,18-29,1
207940,18.0,Business,Pune,East,HDFC Bank,1532,18-29,1
207941,68.0,Unknown,Kolhapur,South,HDFC Bank,1501,60-69,5
207942,77.0,Unknown,Unknown,East,HDFC Bank,1485,70-79,6
207943,53.0,Business,Mumbai,North,HDFC Bank,1153,50-59,4
207944,41.0,Business,Pune,North,HDFC Bank,1913,40-49,3
207945,71.0,Individual,Pune,North,HDFC Bank,1067,70-79,6
207946,44.0,Business,Kolhapur,West,HDFC Bank,1491,40-49,3
207947,19.0,Business,Nagpur,East,HDFC Bank,1040,18-29,1
207948,48.0,Employee,Nagpur,West,HDFC Bank,1526,40-49,3
207949,74.0,Business,Solapur,West,HDFC Bank,1790,70-79,6
207950,31.0,Business,Nagpur,North,HDFC Bank,1168,30-39,2
207951,19.0,Individual,Pune,East,HDFC Bank,1645,18-29,1
207952,46.0,Employee,Mumbai,South,HDFC Bank,1710,40-49,3
207953,32.0,Individual,Nagpur,South,HDFC Bank,1749,30-39,2
207954,29.0,Individual,Kolhapur,East,HDFC Bank,1955,18-29,1
207955,54.0,Individual,Kolhapur,South,HDFC Bank,1111,50-59,4
207956,45.0,Business,Solapur,North,HDFC Bank,1462,40-49,3
207957,37.0,Individual,Solapur,North,HDFC Bank,1051,30-39,2
207958,78.0,Individual,Pune,West,HDFC Bank,1648,70-79,6
207959,56.0,Employee,Nagpur,North,HDFC Bank,1254,50-59,4
207960,41.0,Employee,Nagpur,South,HDFC Bank,1626,40-49,3
207961,38.0,Unknown,Solapur,West,HDFC Bank,1157,30-39,2
207962,27.0,Employee,Nagpur,East,HDFC Bank,1299,18-29,1
207963,63.0,Individual,Pune,East,HDFC Bank,1957,60-69,5
207964,31.0,Employee,Mumbai,West,HDFC Bank,1426,30-39,2
207965,54.0,Business,Kolhapur,North,HDFC Bank,1923,50-59,4
207966,35.0,Individual,Pune,West,HDFC Bank,1989,30-39,2
207967,41.0,Employee,Nagpur,West,HDFC Bank,1775,40-49,3
207968,31.0,Individual,Pune,North,HDFC Bank,1866,30-39,2
207969,51.0,Employee,Kolhapur,East,HDFC Bank,1306,50-59,4
207970,75.0,Individual,Nashik,West,HDFC Bank,1098,70-79,6
207971,29.0,Employee,Kolhapur,East,HDFC Bank,1120,18-29,1
207972,39.0,Business,Kolhapur,South,HDFC Bank,1601,30-39,2
207973,73.0,Employee,Nashik,North,HDFC Bank,1029,70-79,6
207974,23.0,Individual,Nagpur,South,HDFC Bank,1994,18-29,1
207975,53.0,Individual,Unknown,East,HDFC Bank,1229,50-59,4
207976,62.0,Business,Mumbai,South,HDFC Bank,1650,60-69,5
207977,53.0,Individual,Kolhapur,South,HDFC Bank,1253,50-59,4
207978,39.0,Business,Pune,South,HDFC Bank,1403,30-39,2
207979,,Individual,Mumbai,West,HDFC Bank,1493,Unknown,7
207980,33.0,Individual,Nagpur,West,HDFC Bank,1030,30-39,2
207981,78.0,Business,Nagpur,North,HDFC Bank,1161,70-79,6
207982,53.0,Individual,Solapur,East,HDFC Bank,1907,50-59,4
207983,73.0,Individual,Mumbai,East,HDFC Bank,1431,70-79,6
207984,42.0,Business,Nagpur,North,HDFC Bank,1155,40-49,3
207985,49.0,Employee,Nashik,East,HDFC Bank,1322,40-49,3
207986,50.0,Business,Solapur,East,HDFC Bank,1628,50-59,4
207987,62.0,Individual,Pune,South,HDFC Bank,1190,60-69,5
207988,53.0,Employee,Solapur,South,HDFC Bank,1175,50-59,4
207989,37.0,Employee,Kolhapur,East,HDFC Bank,1937,30-39,2
207990,35.0,Employee,Kolhapur,North,HDFC Bank,1947,30-39,2
207991,55.0,Business,Pune,North,HDFC Bank,1516,50-59,4
207992,20.0,Employee,Nashik,East,HDFC Bank,1844,18-29,1
207993,40.0,Employee,Pune,North,HDFC Bank,1523,40-49,3
207994,49.0,Employee,Mumbai,North,HDFC Bank,1570,40-49,3
207995,,Individual,Pune,South,HDFC Bank,1832,Unknown,7
207996,76.0,Business,Pune,North,HDFC Bank,1819,70-79,6
207997,33.0,Business,Solapur,West,HDFC Bank,1810,30-39,2
207998,76.0,Individual,Nashik,South,HDFC Bank,1761,70-79,6
207999,22.0,Employee,Pune,West,HDFC Bank,1338,18-29,1
208000,21.0,Individual,Mumbai,East,HDFC Bank,1604,18-29,1
208001,38.0,Individual,Solapur,North,HDFC Bank,1318,30-39,2
208002,57.0,Employee,Nashik,West,HDFC Bank,1110,50-59,4
208003,68.0,Employee,Nashik,North,HDFC Bank,1817,60-69,5
208004,31.0,Business,Nagpur,West,HDFC Bank,1879,30-39,2
208005,56.0,Employee,Kolhapur,South,HDFC Bank,1806,50-59,4
208006,48.0,Individual,Mumbai,East,HDFC Bank,1937,40-49,3
208007,31.0,Individual,Kolhapur,West,HDFC Bank,1472,30-39,2
208008,23.0,Employee,Solapur,South,HDFC Bank,1847,18-29,1
208009,29.0,Business,Solapur,East,HDFC Bank,1016,18-29,1
208010,,Individual,Mumbai,West,HDFC Bank,1219,Unknown,7
208011,34.0,Employee,Nashik,West,HDFC Bank,1486,30-39,2
208012,62.0,Business,Pune,South,HDFC Bank,1810,60-69,5
208013,40.0,Business,Mumbai,East,HDFC Bank,1304,40-49,3
208014,31.0,Individual,Solapur,East,HDFC Bank,1516,30-39,2
208015,78.0,Individual,Kolhapur,South,HDFC Bank,1128,70-79,6
208016,24.0,Business,Mumbai,North,HDFC Bank,1834,18-29,1
208017,63.0,Business,Nashik,South,HDFC Bank,1623,60-69,5
208018,49.0,Business,Nagpur,East,HDFC Bank,1023,40-49,3
208019,32.0,Employee,Nagpur,South,HDFC Bank,1540,30-39,2
208020,61.0,Individual,Pune,North,HDFC Bank,1910,60-69,5
208021,34.0,Business,Pune,South,HDFC Bank,1131,30-39,2
208022,58.0,Individual,Unknown,South,HDFC Bank,1555,50-59,4
208023,71.0,Individual,Kolhapur,West,HDFC Bank,1320,70-79,6
208024,64.0,Individual,Pune,North,HDFC Bank,1496,60-69,5
208025,61.0,Unknown,Nagpur,East,HDFC Bank,1887,60-69,5
208026,51.0,Employee,Nashik,North,HDFC Bank,1718,50-59,4
208027,22.0,Business,Nashik,East,HDFC Bank,1381,18-29,1
208028,62.0,Individual,Nashik,East,HDFC Bank,1215,60-69,5
208029,44.0,Business,Mumbai,West,HDFC Bank,1755,40-49,3
208030,69.0,Business,Kolhapur,North,HDFC Bank,1542,60-69,5
208031,40.0,Individual,Kolhapur,West,HDFC Bank,1915,40-49,3
208032,57.0,Individual,Pune,South,HDFC Bank,1777,50-59,4
208033,76.0,Business,Kolhapur,North,HDFC Bank,1010,70-79,6
208034,31.0,Business,Solapur,South,HDFC Bank,1081,30-39,2
208035,32.0,Business,Nagpur,North,HDFC Bank,1993,30-39,2
208036,60.0,Business,Pune,East,HDFC Bank,1155,60-69,5
208037,50.0,Employee,Kolhapur,South,HDFC Bank,1165,50-59,4
208038,70.0,Unknown,Nagpur,North,HDFC Bank,1207,70-79,6
208039,48.0,Employee,Pune,North,HDFC Bank,1023,40-49,3
208040,52.0,Individual,Solapur,South,HDFC Bank,1806,50-59,4
208041,34.0,Employee,Nagpur,West,HDFC Bank,1886,30-39,2
208042,45.0,Individual,Solapur,North,HDFC Bank,1690,40-49,3
208043,36.0,Employee,Nagpur,West,HDFC Bank,1331,30-39,2
208044,63.0,Individual,Mumbai,West,HDFC Bank,1561,60-69,5
208045,71.0,Business,Mumbai,West,HDFC Bank,1518,70-79,6
208046,79.0,Employee,Nagpur,West,HDFC Bank,1510,70-79,6
208047,,Employee,Nagpur,West,HDFC Bank,1611,Unknown,7
208048,49.0,Individual,Solapur,East,HDFC Bank,1592,40-49,3
208049,57.0,Individual,Kolhapur,West,HDFC Bank,1240,50-59,4
208050,30.0,Employee,Nashik,East,HDFC Bank,1835,30-39,2
208051,,Individual,Nagpur,North,HDFC Bank,1180,Unknown,7
208052,37.0,Business,Pune,East,HDFC Bank,1292,30-39,2
208053,52.0,Employee,Pune,East,HDFC Bank,1992,50-59,4
208054,22.0,Business,Pune,West,HDFC Bank,1082,18-29,1
208055,26.0,Employee,Mumbai,North,HDFC Bank,1565,18-29,1
208056,46.0,Business,Kolhapur,North,HDFC Bank,1089,40-49,3
208057,23.0,Employee,Solapur,North,HDFC Bank,1438,18-29,1
208058,42.0,Individual,Kolhapur,South,HDFC Bank,1714,40-49,3
208059,48.0,Employee,Mumbai,East,HDFC Bank,1542,40-49,3
208060,39.0,Business,Kolhapur,West,HDFC Bank,1192,30-39,2
208061,19.0,Employee,Kolhapur,South,HDFC Bank,1487,18-29,1
208062,62.0,Business,Pune,West,HDFC Bank,1611,60-69,5
208063,22.0,Business,Nagpur,South,HDFC Bank,1348,18-29,1
208064,77.0,Business,Pune,North,HDFC Bank,1088,70-79,6
208065,44.0,Individual,Kolhapur,South,HDFC Bank,1954,40-49,3
208066,42.0,Employee,Nagpur,North,HDFC Bank,1122,40-49,3
208067,25.0,Business,Solapur,South,HDFC Bank,1373,18-29,1
208068,72.0,Individual,Nashik,West,HDFC Bank,1046,70-79,6
208069,18.0,Business,Nagpur,West,HDFC Bank,1432,18-29,1
208070,37.0,Employee,Mumbai,South,HDFC Bank,1145,30-39,2
208071,61.0,Individual,Pune,East,HDFC Bank,1002,60-69,5
208072,40.0,Business,Pune,East,HDFC Bank,1529,40-49,3
208073,49.0,Business,Kolhapur,South,HDFC Bank,1313,40-49,3
208074,28.0,Business,Kolhapur,East,HDFC Bank,1326,18-29,1
208075,56.0,Employee,Kolhapur,West,HDFC Bank,1987,50-59,4
208076,64.0,Individual,Kolhapur,East,HDFC Bank,1080,60-69,5
208077,71.0,Individual,Pune,South,HDFC Bank,1152,70-79,6
208078,41.0,Individual,Nagpur,East,HDFC Bank,1401,40-49,3
208079,28.0,Business,Solapur,South,HDFC Bank,1819,18-29,1
208080,46.0,Individual,Nagpur,West,HDFC Bank,1487,40-49,3
208081,71.0,Business,Mumbai,North,HDFC Bank,1810,70-79,6
208082,43.0,Employee,Pune,West,HDFC Bank,1066,40-49,3
208083,33.0,Individual,Nagpur,West,HDFC Bank,1088,30-39,2
208084,52.0,Business,Pune,South,HDFC Bank,1134,50-59,4
208085,37.0,Individual,Mumbai,West,HDFC Bank,1878,30-39,2
208086,63.0,Individual,Unknown,West,HDFC Bank,1201,60-69,5
208087,20.0,Employee,Nashik,East,HDFC Bank,1427,18-29,1
208088,18.0,Individual,Nashik,South,HDFC Bank,1939,18-29,1
208089,75.0,Employee,Pune,East,HDFC Bank,1178,70-79,6
208090,70.0,Individual,Nagpur,South,HDFC Bank,1338,70-79,6
208091,64.0,Individual,Pune,East,HDFC Bank,1078,60-69,5
208092,18.0,Individual,Solapur,East,HDFC Bank,1596,18-29,1
208093,34.0,Individual,Nagpur,North,HDFC Bank,1532,30-39,2
208094,19.0,Individual,Mumbai,West,HDFC Bank,1377,18-29,1
208095,46.0,Individual,Kolhapur,East,HDFC Bank,1164,40-49,3
208096,37.0,Employee,Nashik,North,HDFC Bank,1539,30-39,2
208097,23.0,Employee,Nagpur,East,HDFC Bank,1748,18-29,1
208098,25.0,Business,Nagpur,East,HDFC Bank,1799,18-29,1
208099,46.0,Individual,Nashik,North,HDFC Bank,1696,40-49,3
208100,65.0,Employee,Mumbai,North,HDFC Bank,1936,60-69,5
208101,68.0,Individual,Pune,North,HDFC Bank,1821,60-69,5
208102,50.0,Unknown,Pune,West,HDFC Bank,1154,50-59,4
208103,20.0,Employee,Kolhapur,West,HDFC Bank,1122,18-29,1
208104,77.0,Individual,Nagpur,East,HDFC Bank,1598,70-79,6
208105,52.0,Employee,Nashik,West,HDFC Bank,1201,50-59,4
208106,22.0,Employee,Solapur,North,HDFC Bank,1039,18-29,1
208107,44.0,Business,Mumbai,South,HDFC Bank,1168,40-49,3
208108,61.0,Business,Pune,West,HDFC Bank,1069,60-69,5
208109,29.0,Business,Mumbai,North,HDFC Bank,1791,18-29,1
208110,37.0,Unknown,Mumbai,North,HDFC Bank,1913,30-39,2
208111,62.0,Individual,Kolhapur,North,HDFC Bank,1329,60-69,5
208112,37.0,Individual,Mumbai,North,HDFC Bank,1439,30-39,2
208113,26.0,Business,Nashik,East,HDFC Bank,1398,18-29,1
208114,56.0,Employee,Kolhapur,North,HDFC Bank,1492,50-59,4
208115,21.0,Employee,Nashik,North,HDFC Bank,1353,18-29,1
208116,68.0,Employee,Kolhapur,East,HDFC Bank,1327,60-69,5
208117,71.0,Employee,Nashik,West,HDFC Bank,1497,70-79,6
208118,36.0,Unknown,Kolhapur,South,HDFC Bank,1418,30-39,2
208119,55.0,Employee,Kolhapur,East,HDFC Bank,1502,50-59,4
208120,44.0,Employee,Nagpur,East,HDFC Bank,1538,40-49,3
208121,62.0,Business,Nashik,West,HDFC Bank,1344,60-69,5
208122,60.0,Employee,Nagpur,West,HDFC Bank,1642,60-69,5
208123,30.0,Individual,Kolhapur,North,HDFC Bank,1788,30-39,2
208124,30.0,Employee,Pune,West,HDFC Bank,1376,30-39,2
208125,77.0,Employee,Kolhapur,South,HDFC Bank,1294,70-79,6
208126,74.0,Individual,Pune,East,HDFC Bank,1287,70-79,6
208127,39.0,Business,Pune,South,HDFC Bank,1253,30-39,2
208128,45.0,Individual,Pune,North,HDFC Bank,1433,40-49,3
208129,69.0,Business,Pune,South,HDFC Bank,1500,60-69,5
208130,64.0,Employee,Nashik,North,HDFC Bank,1084,60-69,5
208131,70.0,Business,Solapur,South,HDFC Bank,1520,70-79,6
208132,62.0,Business,Nashik,East,HDFC Bank,1561,60-69,5
208133,39.0,Business,Solapur,South,HDFC Bank,1512,30-39,2
208134,60.0,Employee,Nashik,West,HDFC Bank,1515,60-69,5
208135,,Business,Pune,South,HDFC Bank,1515,Unknown,7
208136,25.0,Business,Mumbai,East,HDFC Bank,1496,18-29,1
208137,69.0,Employee,Kolhapur,North,HDFC Bank,1601,60-69,5
208138,25.0,Individual,Solapur,South,HDFC Bank,1161,18-29,1
208139,,Individual,Mumbai,South,HDFC Bank,1666,Unknown,7
208140,43.0,Individual,Pune,West,HDFC Bank,1526,40-49,3
208141,65.0,Employee,Solapur,North,HDFC Bank,1364,60-69,5
208142,68.0,Employee,Mumbai,North,HDFC Bank,1543,60-69,5
208143,43.0,Unknown,Unknown,North,HDFC Bank,1424,40-49,3
208144,40.0,Business,Pune,East,HDFC Bank,1966,40-49,3
208145,60.0,Individual,Nashik,East,HDFC Bank,1956,60-69,5
208146,30.0,Employee,Nashik,West,HDFC Bank,1574,30-39,2
208147,45.0,Business,Pune,South,HDFC Bank,1956,40-49,3
208148,26.0,Business,Solapur,East,HDFC Bank,1363,18-29,1
208149,37.0,Employee,Kolhapur,North,HDFC Bank,1107,30-39,2
208150,73.0,Business,Nagpur,South,HDFC Bank,1013,70-79,6
208151,36.0,Individual,Nagpur,South,HDFC Bank,1022,30-39,2
208152,65.0,Employee,Kolhapur,South,HDFC Bank,1622,60-69,5
208153,56.0,Employee,Pune,West,HDFC Bank,1320,50-59,4
208154,68.0,Employee,Nagpur,East,HDFC Bank,1509,60-69,5
208155,29.0,Employee,Kolhapur,East,HDFC Bank,1671,18-29,1
208156,32.0,Business,Mumbai,South,HDFC Bank,1040,30-39,2
208157,48.0,Employee,Kolhapur,West,HDFC Bank,1793,40-49,3
208158,72.0,Employee,Solapur,West,HDFC Bank,1303,70-79,6
208159,31.0,Business,Kolhapur,East,HDFC Bank,1968,30-39,2
208160,28.0,Employee,Nashik,East,HDFC Bank,1655,18-29,1
208161,43.0,Business,Nashik,West,HDFC Bank,1414,40-49,3
208162,59.0,Business,Pune,North,HDFC Bank,1449,50-59,4
208163,44.0,Employee,Nashik,West,HDFC Bank,1799,40-49,3
208164,28.0,Individual,Mumbai,North,HDFC Bank,1393,18-29,1
208165,55.0,Employee,Kolhapur,East,HDFC Bank,1664,50-59,4
208166,51.0,Individual,Mumbai,West,HDFC Bank,1593,50-59,4
208167,60.0,Business,Pune,West,HDFC Bank,1364,60-69,5
208168,36.0,Individual,Nashik,West,HDFC Bank,1737,30-39,2
208169,23.0,Employee,Nagpur,West,HDFC Bank,1988,18-29,1
208170,63.0,Employee,Kolhapur,South,HDFC Bank,1428,60-69,5
208171,69.0,Individual,Nagpur,South,HDFC Bank,1151,60-69,5
208172,,Employee,Solapur,East,HDFC Bank,1258,Unknown,7
208173,66.0,Individual,Pune,East,HDFC Bank,1829,60-69,5
208174,59.0,Business,Solapur,West,HDFC Bank,1590,50-59,4
208175,45.0,Individual,Nagpur,South,HDFC Bank,1706,40-49,3
208176,18.0,Individual,Nagpur,East,HDFC Bank,1950,18-29,1
208177,52.0,Individual,Nagpur,North,HDFC Bank,1222,50-59,4
208178,57.0,Individual,Solapur,South,HDFC Bank,1265,50-59,4
208179,25.0,Business,Pune,South,HDFC Bank,1229,18-29,1
208180,76.0,Unknown,Kolhapur,South,HDFC Bank,1438,70-79,6
208181,69.0,Business,Unknown,West,HDFC Bank,1149,60-69,5
208182,71.0,Individual,Unknown,North,HDFC Bank,1909,70-79,6
208183,64.0,Business,Unknown,West,HDFC Bank,1456,60-69,5
208184,73.0,Employee,Nagpur,East,HDFC Bank,1977,70-79,6
208185,24.0,Business,Pune,North,HDFC Bank,1135,18-29,1
208186,28.0,Individual,Pune,West,HDFC Bank,1634,18-29,1
208187,56.0,Unknown,Nashik,South,HDFC Bank,1869,50-59,4
208188,78.0,Individual,Nashik,North,HDFC Bank,1398,70-79,6
208189,21.0,Employee,Solapur,South,HDFC Bank,1621,18-29,1
208190,42.0,Individual,Nashik,East,HDFC Bank,1142,40-49,3
208191,29.0,Unknown,Kolhapur,North,HDFC Bank,1947,18-29,1
208192,43.0,Employee,Kolhapur,East,HDFC Bank,1069,40-49,3
208193,55.0,Business,Solapur,East,HDFC Bank,1053,50-59,4
208194,63.0,Employee,Mumbai,East,HDFC Bank,1843,60-69,5
208195,29.0,Employee,Unknown,North,HDFC Bank,1937,18-29,1
208196,60.0,Employee,Pune,East,HDFC Bank,1402,60-69,5
208197,68.0,Employee,Mumbai,West,HDFC Bank,1551,60-69,5
208198,70.0,Employee,Kolhapur,West,HDFC Bank,1708,70-79,6
208199,54.0,Individual,Mumbai,East,HDFC Bank,1026,50-59,4
208200,,Individual,Solapur,South,HDFC Bank,1841,Unknown,7
208201,70.0,Business,Nagpur,East,HDFC Bank,1298,70-79,6
208202,41.0,Business,Kolhapur,East,HDFC Bank,1691,40-49,3
208203,33.0,Employee,Solapur,South,HDFC Bank,1557,30-39,2
208204,74.0,Business,Mumbai,North,HDFC Bank,1653,70-79,6
208205,30.0,Business,Pune,North,HDFC Bank,1319,30-39,2
208206,42.0,Employee,Nashik,East,HDFC Bank,1444,40-49,3
208207,78.0,Individual,Solapur,West,HDFC Bank,1097,70-79,6
208208,71.0,Individual,Kolhapur,West,HDFC Bank,1125,70-79,6
208209,71.0,Business,Mumbai,West,HDFC Bank,1057,70-79,6
208210,74.0,Individual,Nashik,East,HDFC Bank,1176,70-79,6
208211,69.0,Individual,Nashik,West,HDFC Bank,1718,60-69,5
208212,71.0,Business,Mumbai,West,HDFC Bank,1284,70-79,6
208213,21.0,Employee,Nagpur,North,HDFC Bank,1665,18-29,1
208214,28.0,Business,Mumbai,East,HDFC Bank,1026,18-29,1
208215,49.0,Business,Kolhapur,North,HDFC Bank,1450,40-49,3
208216,66.0,Business,Pune,South,HDFC Bank,1322,60-69,5
208217,24.0,Employee,Unknown,North,HDFC Bank,1674,18-29,1
208218,63.0,Employee,Nashik,East,HDFC Bank,1249,60-69,5
208219,75.0,Employee,Pune,West,HDFC Bank,1699,70-79,6
208220,28.0,Employee,Solapur,East,HDFC Bank,1956,18-29,1
208221,45.0,Business,Nashik,North,HDFC Bank,1994,40-49,3
208222,71.0,Individual,Nagpur,East,HDFC Bank,1369,70-79,6
208223,58.0,Business,Mumbai,East,HDFC Bank,1965,50-59,4
208224,40.0,Employee,Solapur,North,HDFC Bank,1845,40-49,3
208225,62.0,Individual,Kolhapur,North,HDFC Bank,1089,60-69,5
208226,40.0,Business,Pune,South,HDFC Bank,1130,40-49,3
208227,67.0,Individual,Solapur,South,HDFC Bank,1928,60-69,5
208228,45.0,Employee,Nagpur,North,HDFC Bank,1809,40-49,3
208229,60.0,Individual,Mumbai,East,HDFC Bank,1524,60-69,5
208230,64.0,Individual,Solapur,North,HDFC Bank,1028,60-69,5
208231,74.0,Employee,Kolhapur,West,HDFC Bank,1776,70-79,6
208232,43.0,Individual,Pune,South,HDFC Bank,1543,40-49,3
208233,42.0,Business,Solapur,West,HDFC Bank,1661,40-49,3
208234,71.0,Individual,Mumbai,East,HDFC Bank,1085,70-79,6
208235,46.0,Business,Kolhapur,West,HDFC Bank,1057,40-49,3
208236,36.0,Individual,Solapur,North,HDFC Bank,1056,30-39,2
208237,50.0,Individual,Pune,North,HDFC Bank,1993,50-59,4
208238,53.0,Employee,Mumbai,North,HDFC Bank,1393,50-59,4
208239,31.0,Employee,Nagpur,West,HDFC Bank,1024,30-39,2
208240,31.0,Business,Nagpur,West,HDFC Bank,1189,30-39,2
208241,52.0,Employee,Nashik,West,HDFC Bank,1958,50-59,4
208242,47.0,Employee,Solapur,North,HDFC Bank,1075,40-49,3
208243,45.0,Employee,Pune,North,HDFC Bank,1370,40-49,3
208244,34.0,Employee,Solapur,North,HDFC Bank,1898,30-39,2
208245,20.0,Employee,Mumbai,West,HDFC Bank,1850,18-29,1
208246,33.0,Business,Nashik,West,HDFC Bank,1736,30-39,2
208247,63.0,Business,Pune,East,HDFC Bank,1505,60-69,5
208248,47.0,Employee,Solapur,South,HDFC Bank,1942,40-49,3
208249,69.0,Employee,Pune,North,HDFC Bank,1182,60-69,5
208250,46.0,Business,Mumbai,West,HDFC Bank,1153,40-49,3
208251,,Individual,Nashik,South,HDFC Bank,1268,Unknown,7
208252,32.0,Business,Pune,West,HDFC Bank,1902,30-39,2
208253,63.0,Individual,Unknown,West,HDFC Bank,1929,60-69,5
208254,73.0,Employee,Nagpur,North,HDFC Bank,1277,70-79,6
208255,,Employee,Pune,South,HDFC Bank,1339,Unknown,7
208256,68.0,Business,Nashik,West,HDFC Bank,1874,60-69,5
208257,55.0,Employee,Kolhapur,South,HDFC Bank,1022,50-59,4
208258,59.0,Individual,Kolhapur,South,HDFC Bank,1431,50-59,4
208259,76.0,Individual,Pune,North,HDFC Bank,1525,70-79,6
208260,64.0,Business,Pune,South,HDFC Bank,1605,60-69,5
208261,70.0,Individual,Unknown,East,HDFC Bank,1342,70-79,6
208262,71.0,Business,Solapur,East,HDFC Bank,1878,70-79,6
208263,69.0,Business,Kolhapur,North,HDFC Bank,1051,60-69,5
208264,75.0,Individual,Solapur,North,HDFC Bank,1338,70-79,6
208265,55.0,Individual,Kolhapur,East,HDFC Bank,1934,50-59,4
208266,40.0,Unknown,Pune,North,HDFC Bank,1040,40-49,3
208267,42.0,Individual,Nashik,South,HDFC Bank,1675,40-49,3
208268,,Individual,Nashik,West,HDFC Bank,1517,Unknown,7
208269,24.0,Individual,Kolhapur,North,HDFC Bank,1406,18-29,1
208270,39.0,Individual,Kolhapur,East,HDFC Bank,1137,30-39,2
208271,34.0,Employee,Mumbai,West,HDFC Bank,1098,30-39,2
208272,35.0,Business,Pune,South,HDFC Bank,1340,30-39,2
208273,66.0,Business,Pune,West,HDFC Bank,1735,60-69,5
208274,58.0,Individual,Solapur,East,HDFC Bank,1315,50-59,4
208275,27.0,Business,Mumbai,West,HDFC Bank,1541,18-29,1
208276,27.0,Individual,Nagpur,East,HDFC Bank,1224,18-29,1
208277,74.0,Employee,Nashik,North,HDFC Bank,1837,70-79,6
208278,24.0,Business,Nashik,North,HDFC Bank,1260,18-29,1
208279,65.0,Business,Pune,East,HDFC Bank,1246,60-69,5
208280,,Employee,Unknown,North,HDFC Bank,1078,Unknown,7
208281,67.0,Employee,Nagpur,South,HDFC Bank,1696,60-69,5
208282,55.0,Employee,Nashik,West,HDFC Bank,1810,50-59,4
208283,44.0,Business,Unknown,East,HDFC Bank,1691,40-49,3
208284,69.0,Business,Nagpur,East,HDFC Bank,1472,60-69,5
208285,50.0,Employee,Kolhapur,East,HDFC Bank,1076,50-59,4
208286,18.0,Employee,Unknown,South,HDFC Bank,1261,18-29,1
208287,61.0,Employee,Solapur,South,HDFC Bank,1740,60-69,5
208288,70.0,Employee,Nashik,South,HDFC Bank,1001,70-79,6
208289,,Employee,Nashik,East,HDFC Bank,1016,Unknown,7
208290,51.0,Individual,Nagpur,South,HDFC Bank,1343,50-59,4
208291,21.0,Employee,Solapur,North,HDFC Bank,1011,18-29,1
208292,34.0,Individual,Kolhapur,West,HDFC Bank,1939,30-39,2
208293,,Business,Mumbai,North,HDFC Bank,1693,Unknown,7
208294,60.0,Business,Pune,North,HDFC Bank,1845,60-69,5
208295,71.0,Individual,Mumbai,South,HDFC Bank,1006,70-79,6
208296,43.0,Employee,Nagpur,East,HDFC Bank,1245,40-49,3
208297,21.0,Business,Nashik,North,HDFC Bank,1985,18-29,1
208298,,Employee,Kolhapur,West,HDFC Bank,1927,Unknown,7
208299,24.0,Employee,Nashik,South,HDFC Bank,1156,18-29,1
208300,47.0,Individual,Unknown,North,HDFC Bank,1173,40-49,3
208301,67.0,Business,Kolhapur,South,HDFC Bank,1486,60-69,5
208302,26.0,Business,Pune,West,HDFC Bank,1840,18-29,1
208303,78.0,Individual,Nagpur,South,HDFC Bank,1845,70-79,6
208304,52.0,Employee,Pune,East,HDFC Bank,1692,50-59,4
208305,25.0,Employee,Nagpur,North,HDFC Bank,1976,18-29,1
208306,78.0,Business,Pune,North,HDFC Bank,1280,70-79,6
208307,41.0,Individual,Mumbai,East,HDFC Bank,1308,40-49,3
208308,,Individual,Solapur,West,HDFC Bank,1989,Unknown,7
208309,53.0,Employee,Kolhapur,West,HDFC Bank,1236,50-59,4
208310,67.0,Employee,Nagpur,South,HDFC Bank,1156,60-69,5
208311,69.0,Individual,Mumbai,North,HDFC Bank,1250,60-69,5
208312,76.0,Business,Nashik,West,HDFC Bank,1220,70-79,6
208313,60.0,Employee,Nashik,East,HDFC Bank,1337,60-69,5
208314,44.0,Individual,Pune,East,HDFC Bank,1222,40-49,3
208315,49.0,Individual,Nashik,East,HDFC Bank,1210,40-49,3
208316,31.0,Individual,Solapur,West,HDFC Bank,1336,30-39,2
208317,74.0,Business,Nagpur,East,HDFC Bank,1133,70-79,6
208318,35.0,Employee,Pune,North,HDFC Bank,1843,30-39,2
208319,45.0,Employee,Nagpur,West,HDFC Bank,1933,40-49,3
208320,77.0,Employee,Nagpur,West,HDFC Bank,1770,70-79,6
208321,46.0,Unknown,Unknown,North,HDFC Bank,1494,40-49,3
208322,33.0,Employee,Nashik,East,HDFC Bank,1546,30-39,2
208323,52.0,Employee,Kolhapur,West,HDFC Bank,1182,50-59,4
208324,64.0,Employee,Nagpur,North,HDFC Bank,1814,60-69,5
208325,76.0,Employee,Solapur,North,HDFC Bank,1160,70-79,6
208326,76.0,Business,Solapur,South,HDFC Bank,1604,70-79,6
208327,48.0,Individual,Kolhapur,East,HDFC Bank,1386,40-49,3
208328,21.0,Individual,Nashik,East,HDFC Bank,1196,18-29,1
208329,54.0,Employee,Nashik,North,HDFC Bank,1826,50-59,4
208330,34.0,Employee,Pune,West,HDFC Bank,1717,30-39,2
208331,56.0,Employee,Pune,South,HDFC Bank,1483,50-59,4
208332,65.0,Business,Pune,South,HDFC Bank,1501,60-69,5
208333,63.0,Employee,Nashik,West,HDFC Bank,1987,60-69,5
208334,43.0,Business,Nagpur,South,HDFC Bank,1488,40-49,3
208335,65.0,Employee,Mumbai,West,HDFC Bank,1351,60-69,5
208336,56.0,Employee,Kolhapur,South,HDFC Bank,1529,50-59,4
208337,58.0,Individual,Kolhapur,West,HDFC Bank,1233,50-59,4
208338,21.0,Employee,Kolhapur,North,HDFC Bank,1999,18-29,1
208339,47.0,Business,Pune,North,HDFC Bank,1893,40-49,3
208340,,Individual,Mumbai,South,HDFC Bank,1844,Unknown,7
208341,39.0,Business,Solapur,South,HDFC Bank,1577,30-39,2
208342,,Individual,Nashik,North,HDFC Bank,1755,Unknown,7
208343,19.0,Business,Unknown,East,HDFC Bank,1408,18-29,1
208344,61.0,Unknown,Pune,West,HDFC Bank,1275,60-69,5
208345,29.0,Business,Nagpur,East,HDFC Bank,1710,18-29,1
208346,47.0,Business,Pune,South,HDFC Bank,1458,40-49,3
208347,53.0,Employee,Mumbai,North,HDFC Bank,1452,50-59,4
208348,,Individual,Pune,South,HDFC Bank,1412,Unknown,7
208349,43.0,Individual,Kolhapur,East,HDFC Bank,1017,40-49,3
208350,70.0,Employee,Unknown,North,HDFC Bank,1071,70-79,6
208351,24.0,Business,Nagpur,North,HDFC Bank,1666,18-29,1
208352,78.0,Business,Nashik,North,HDFC Bank,1377,70-79,6
208353,18.0,Individual,Nashik,West,HDFC Bank,1681,18-29,1
208354,75.0,Business,Kolhapur,South,HDFC Bank,1833,70-79,6
208355,43.0,Individual,Unknown,East,HDFC Bank,1354,40-49,3
208356,40.0,Individual,Kolhapur,West,HDFC Bank,1793,40-49,3
208357,43.0,Business,Nagpur,East,HDFC Bank,1150,40-49,3
208358,62.0,Business,Mumbai,West,HDFC Bank,1260,60-69,5
208359,23.0,Unknown,Pune,North,HDFC Bank,1079,18-29,1
208360,23.0,Employee,Nashik,West,HDFC Bank,1105,18-29,1
208361,61.0,Individual,Mumbai,South,HDFC Bank,1522,60-69,5
208362,25.0,Business,Pune,South,HDFC Bank,1402,18-29,1
208363,41.0,Employee,Nashik,East,HDFC Bank,1719,40-49,3
208364,39.0,Business,Kolhapur,North,HDFC Bank,1991,30-39,2
208365,36.0,Individual,Mumbai,North,HDFC Bank,1907,30-39,2
208366,54.0,Employee,Solapur,East,HDFC Bank,1129,50-59,4
208367,35.0,Individual,Solapur,South,HDFC Bank,1170,30-39,2
208368,,Business,Nashik,South,HDFC Bank,1405,Unknown,7
208369,79.0,Business,Mumbai,East,HDFC Bank,1921,70-79,6
208370,54.0,Business,Pune,North,HDFC Bank,1032,50-59,4
208371,47.0,Employee,Pune,East,HDFC Bank,1535,40-49,3
208372,74.0,Employee,Mumbai,East,HDFC Bank,1196,70-79,6
208373,59.0,Unknown,Solapur,West,HDFC Bank,1916,50-59,4
208374,50.0,Employee,Mumbai,East,HDFC Bank,1045,50-59,4
208375,27.0,Business,Solapur,South,HDFC Bank,1273,18-29,1
208376,54.0,Business,Unknown,East,HDFC Bank,1742,50-59,4
208377,29.0,Business,Kolhapur,North,HDFC Bank,1132,18-29,1
208378,,Employee,Kolhapur,North,HDFC Bank,1263,Unknown,7
208379,47.0,Employee,Pune,South,HDFC Bank,1596,40-49,3
208380,44.0,Business,Nashik,North,HDFC Bank,1366,40-49,3
208381,56.0,Business,Nagpur,East,HDFC Bank,1824,50-59,4
208382,26.0,Employee,Mumbai,South,HDFC Bank,1004,18-29,1
208383,71.0,Individual,Solapur,North,HDFC Bank,1268,70-79,6
208384,38.0,Business,Mumbai,East,HDFC Bank,1850,30-39,2
208385,29.0,Business,Nashik,North,HDFC Bank,1732,18-29,1
208386,72.0,Business,Nashik,West,HDFC Bank,1705,70-79,6
208387,46.0,Employee,Unknown,North,HDFC Bank,1420,40-49,3
208388,50.0,Business,Nagpur,South,HDFC Bank,1345,50-59,4
208389,60.0,Business,Solapur,East,HDFC Bank,1924,60-69,5
208390,79.0,Business,Kolhapur,East,HDFC Bank,1068,70-79,6
208391,70.0,Business,Nagpur,South,HDFC Bank,1799,70-79,6
208392,32.0,Business,Kolhapur,West,HDFC Bank,1357,30-39,2
208393,19.0,Individual,Kolhapur,East,HDFC Bank,1687,18-29,1
208394,69.0,Individual,Solapur,South,HDFC Bank,1385,60-69,5
208395,56.0,Unknown,Pune,North,HDFC Bank,1324,50-59,4
208396,70.0,Business,Kolhapur,West,HDFC Bank,1750,70-79,6
208397,61.0,Business,Solapur,South,HDFC Bank,1480,60-69,5
208398,71.0,Business,Nagpur,North,HDFC Bank,1178,70-79,6
208399,35.0,Employee,Mumbai,East,HDFC Bank,1255,30-39,2
208400,20.0,Unknown,Nagpur,East,HDFC Bank,1418,18-29,1
208401,24.0,Employee,Nashik,West,HDFC Bank,1210,18-29,1
208402,60.0,Individual,Nagpur,North,HDFC Bank,1910,60-69,5
208403,35.0,Business,Pune,South,HDFC Bank,1738,30-39,2
208404,61.0,Employee,Solapur,East,HDFC Bank,1583,60-69,5
208405,55.0,Business,Kolhapur,South,HDFC Bank,1366,50-59,4
208406,54.0,Business,Nashik,South,HDFC Bank,1576,50-59,4
208407,75.0,Individual,Solapur,South,HDFC Bank,1165,70-79,6
208408,50.0,Individual,Solapur,West,HDFC Bank,1213,50-59,4
208409,61.0,Employee,Kolhapur,South,HDFC Bank,1528,60-69,5
208410,76.0,Employee,Nagpur,West,HDFC Bank,1847,70-79,6
208411,48.0,Individual,Mumbai,West,HDFC Bank,1172,40-49,3
208412,,Individual,Nashik,North,HDFC Bank,1128,Unknown,7
208413,28.0,Business,Kolhapur,East,HDFC Bank,1002,18-29,1
208414,,Business,Pune,South,HDFC Bank,1894,Unknown,7
208415,76.0,Employee,Pune,North,HDFC Bank,1895,70-79,6
208416,35.0,Employee,Mumbai,North,HDFC Bank,1759,30-39,2
208417,21.0,Individual,Mumbai,North,HDFC Bank,1069,18-29,1
208418,66.0,Employee,Nagpur,North,HDFC Bank,1051,60-69,5
208419,51.0,Business,Pune,North,HDFC Bank,1436,50-59,4
208420,46.0,Individual,Nashik,South,HDFC Bank,1377,40-49,3
208421,41.0,Business,Kolhapur,North,HDFC Bank,1770,40-49,3
208422,39.0,Individual,Mumbai,East,HDFC Bank,1750,30-39,2
208423,19.0,Individual,Mumbai,West,HDFC Bank,1093,18-29,1
208424,61.0,Business,Mumbai,West,HDFC Bank,1558,60-69,5
208425,23.0,Employee,Kolhapur,East,HDFC Bank,1586,18-29,1
208426,59.0,Employee,Nashik,South,HDFC Bank,1602,50-59,4
208427,42.0,Unknown,Pune,West,HDFC Bank,1085,40-49,3
208428,72.0,Employee,Nashik,East,HDFC Bank,1517,70-79,6
208429,74.0,Business,Kolhapur,East,HDFC Bank,1741,70-79,6
208430,38.0,Individual,Nashik,North,HDFC Bank,1429,30-39,2
208431,72.0,Business,Nagpur,West,HDFC Bank,1862,70-79,6
208432,76.0,Unknown,Kolhapur,North,HDFC Bank,1828,70-79,6
208433,33.0,Employee,Mumbai,South,HDFC Bank,1042,30-39,2
208434,48.0,Business,Pune,West,HDFC Bank,1823,40-49,3
208435,31.0,Individual,Unknown,West,HDFC Bank,1709,30-39,2
208436,56.0,Business,Nagpur,East,HDFC Bank,1369,50-59,4
208437,45.0,Business,Kolhapur,West,HDFC Bank,1403,40-49,3
208438,49.0,Business,Solapur,South,HDFC Bank,1302,40-49,3
208439,45.0,Individual,Mumbai,South,HDFC Bank,1181,40-49,3
208440,68.0,Business,Pune,West,HDFC Bank,1168,60-69,5
208441,72.0,Business,Pune,East,HDFC Bank,1202,70-79,6
208442,66.0,Employee,Pune,South,HDFC Bank,1705,60-69,5
208443,26.0,Unknown,Kolhapur,North,HDFC Bank,1542,18-29,1
208444,75.0,Employee,Unknown,South,HDFC Bank,1101,70-79,6
208445,62.0,Employee,Kolhapur,West,HDFC Bank,1575,60-69,5
208446,39.0,Employee,Pune,North,HDFC Bank,1345,30-39,2
208447,49.0,Individual,Nashik,West,HDFC Bank,1602,40-49,3
208448,22.0,Employee,Nashik,West,HDFC Bank,1441,18-29,1
208449,40.0,Business,Mumbai,West,HDFC Bank,1249,40-49,3
208450,22.0,Business,Pune,East,HDFC Bank,1182,18-29,1
208451,,Employee,Kolhapur,East,HDFC Bank,1301,Unknown,7
208452,70.0,Employee,Solapur,South,HDFC Bank,1877,70-79,6
208453,49.0,Business,Solapur,West,HDFC Bank,1862,40-49,3
208454,76.0,Employee,Solapur,North,HDFC Bank,1279,70-79,6
208455,27.0,Individual,Nashik,North,HDFC Bank,1716,18-29,1
208456,76.0,Employee,Kolhapur,North,HDFC Bank,1088,70-79,6
208457,56.0,Individual,Solapur,East,HDFC Bank,1804,50-59,4
208458,75.0,Individual,Pune,East,HDFC Bank,1424,70-79,6
208459,32.0,Individual,Pune,West,HDFC Bank,1920,30-39,2
208460,24.0,Employee,Solapur,North,HDFC Bank,1284,18-29,1
208461,46.0,Individual,Nagpur,North,HDFC Bank,1670,40-49,3
208462,76.0,Individual,Solapur,East,HDFC Bank,1874,70-79,6
208463,64.0,Employee,Nagpur,East,HDFC Bank,1998,60-69,5
208464,20.0,Individual,Mumbai,North,HDFC Bank,1129,18-29,1
208465,36.0,Employee,Mumbai,North,HDFC Bank,1247,30-39,2
208466,27.0,Business,Pune,South,HDFC Bank,1651,18-29,1
208467,45.0,Individual,Kolhapur,East,HDFC Bank,1900,40-49,3
208468,46.0,Employee,Unknown,West,HDFC Bank,1188,40-49,3
208469,32.0,Business,Kolhapur,West,HDFC Bank,1090,30-39,2
208470,,Individual,Pune,North,HDFC Bank,1567,Unknown,7
208471,23.0,Individual,Pune,East,HDFC Bank,1737,18-29,1
208472,,Employee,Kolhapur,West,HDFC Bank,1845,Unknown,7
208473,64.0,Business,Nashik,East,HDFC Bank,1838,60-69,5
208474,55.0,Employee,Pune,North,HDFC Bank,1164,50-59,4
208475,30.0,Individual,Nashik,North,HDFC Bank,1547,30-39,2
208476,46.0,Individual,Unknown,North,HDFC Bank,1329,40-49,3
208477,36.0,Individual,Mumbai,East,HDFC Bank,1540,30-39,2
208478,20.0,Individual,Nagpur,West,HDFC Bank,1079,18-29,1
208479,25.0,Business,Pune,South,HDFC Bank,1933,18-29,1
208480,25.0,Business,Nagpur,West,HDFC Bank,1980,18-29,1
208481,72.0,Employee,Solapur,East,HDFC Bank,1869,70-79,6
208482,75.0,Employee,Pune,West,HDFC Bank,1168,70-79,6
208483,37.0,Employee,Mumbai,South,HDFC Bank,1544,30-39,2
208484,64.0,Individual,Nashik,West,HDFC Bank,1092,60-69,5
208485,21.0,Employee,Mumbai,South,HDFC Bank,1623,18-29,1
208486,68.0,Business,Nagpur,East,HDFC Bank,1378,60-69,5
208487,38.0,Employee,Nashik,North,HDFC Bank,1208,30-39,2
208488,20.0,Employee,Mumbai,South,HDFC Bank,1908,18-29,1
208489,62.0,Business,Mumbai,East,HDFC Bank,1901,60-69,5
208490,25.0,Business,Mumbai,North,HDFC Bank,1193,18-29,1
208491,,Individual,Kolhapur,South,HDFC Bank,1263,Unknown,7
208492,33.0,Business,Nashik,North,HDFC Bank,1246,30-39,2
208493,30.0,Business,Mumbai,West,HDFC Bank,1629,30-39,2
208494,20.0,Employee,Unknown,East,HDFC Bank,1447,18-29,1
208495,65.0,Business,Nagpur,East,HDFC Bank,1991,60-69,5
208496,26.0,Individual,Mumbai,East,HDFC Bank,1739,18-29,1
208497,77.0,Employee,Mumbai,East,HDFC Bank,1520,70-79,6
208498,31.0,Individual,Solapur,South,HDFC Bank,1918,30-39,2
208499,30.0,Business,Nashik,West,HDFC Bank,1710,30-39,2
208500,70.0,Individual,Solapur,North,HDFC Bank,1478,70-79,6
208501,74.0,Individual,Kolhapur,East,HDFC Bank,1276,70-79,6
208502,24.0,Business,Unknown,East,HDFC Bank,1128,18-29,1
208503,32.0,Business,Solapur,South,HDFC Bank,1301,30-39,2
208504,24.0,Employee,Kolhapur,South,HDFC Bank,1573,18-29,1
208505,55.0,Employee,Pune,South,HDFC Bank,1513,50-59,4
208506,51.0,Employee,Nashik,West,HDFC Bank,1359,50-59,4
208507,58.0,Business,Mumbai,North,HDFC Bank,1842,50-59,4
208508,39.0,Individual,Solapur,West,HDFC Bank,1356,30-39,2
208509,41.0,Individual,Solapur,East,HDFC Bank,1465,40-49,3
208510,66.0,Employee,Mumbai,South,HDFC Bank,1171,60-69,5
208511,54.0,Employee,Mumbai,East,HDFC Bank,1756,50-59,4
208512,61.0,Business,Nagpur,North,HDFC Bank,1087,60-69,5
208513,18.0,Individual,Solapur,North,HDFC Bank,1499,18-29,1
208514,27.0,Employee,Solapur,West,HDFC Bank,1895,18-29,1
208515,60.0,Business,Pune,West,HDFC Bank,1082,60-69,5
208516,33.0,Employee,Kolhapur,South,HDFC Bank,1516,30-39,2
208517,63.0,Business,Pune,South,HDFC Bank,1860,60-69,5
208518,25.0,Individual,Solapur,East,HDFC Bank,1550,18-29,1
208519,73.0,Unknown,Pune,South,HDFC Bank,1895,70-79,6
208520,66.0,Employee,Solapur,South,HDFC Bank,1321,60-69,5
208521,42.0,Employee,Nashik,East,HDFC Bank,1464,40-49,3
208522,67.0,Individual,Nagpur,North,HDFC Bank,1812,60-69,5
208523,29.0,Individual,Pune,South,HDFC Bank,1586,18-29,1
208524,42.0,Employee,Solapur,South,HDFC Bank,1612,40-49,3
208525,34.0,Employee,Pune,East,HDFC Bank,1140,30-39,2
208526,77.0,Employee,Unknown,East,HDFC Bank,1604,70-79,6
208527,43.0,Individual,Nagpur,East,HDFC Bank,1630,40-49,3
208528,63.0,Employee,Nashik,East,HDFC Bank,1799,60-69,5
208529,65.0,Individual,Mumbai,East,HDFC Bank,1620,60-69,5
208530,31.0,Employee,Mumbai,South,HDFC Bank,1999,30-39,2
208531,58.0,Business,Pune,West,HDFC Bank,1554,50-59,4
208532,53.0,Business,Solapur,West,HDFC Bank,1135,50-59,4
208533,74.0,Employee,Kolhapur,West,HDFC Bank,1329,70-79,6
208534,40.0,Business,Nagpur,South,HDFC Bank,1728,40-49,3
208535,60.0,Individual,Nashik,North,HDFC Bank,1954,60-69,5
208536,23.0,Business,Nashik,South,HDFC Bank,1394,18-29,1
208537,64.0,Business,Nashik,West,HDFC Bank,1155,60-69,5
208538,,Individual,Mumbai,West,HDFC Bank,1992,Unknown,7
208539,60.0,Business,Nagpur,East,HDFC Bank,1038,60-69,5
208540,42.0,Business,Mumbai,East,HDFC Bank,1281,40-49,3
208541,35.0,Employee,Pune,East,HDFC Bank,1839,30-39,2
208542,79.0,Individual,Nashik,South,HDFC Bank,1869,70-79,6
208543,30.0,Unknown,Nagpur,North,HDFC Bank,1537,30-39,2
208544,,Employee,Unknown,North,HDFC Bank,1543,Unknown,7
208545,31.0,Employee,Mumbai,East,HDFC Bank,1045,30-39,2
208546,,Business,Mumbai,North,HDFC Bank,1667,Unknown,7
208547,35.0,Business,Mumbai,West,HDFC Bank,1243,30-39,2
208548,76.0,Business,Nashik,West,HDFC Bank,1902,70-79,6
208549,77.0,Employee,Nagpur,East,HDFC Bank,1546,70-79,6
208550,74.0,Individual,Nagpur,East,HDFC Bank,1449,70-79,6
208551,45.0,Unknown,Pune,East,HDFC Bank,1277,40-49,3
208552,68.0,Employee,Nashik,North,HDFC Bank,1753,60-69,5
208553,73.0,Individual,Pune,South,HDFC Bank,1405,70-79,6
208554,44.0,Employee,Unknown,East,HDFC Bank,1889,40-49,3
208555,49.0,Business,Pune,North,HDFC Bank,1770,40-49,3
208556,64.0,Employee,Unknown,East,HDFC Bank,1045,60-69,5
208557,26.0,Employee,Pune,South,HDFC Bank,1945,18-29,1
208558,57.0,Employee,Mumbai,East,HDFC Bank,1748,50-59,4
208559,49.0,Employee,Kolhapur,West,HDFC Bank,1519,40-49,3
208560,37.0,Individual,Pune,East,HDFC Bank,1771,30-39,2
208561,45.0,Business,Nagpur,West,HDFC Bank,1270,40-49,3
208562,50.0,Individual,Pune,West,HDFC Bank,1555,50-59,4
208563,21.0,Employee,Mumbai,North,HDFC Bank,1237,18-29,1
208564,63.0,Employee,Solapur,North,HDFC Bank,1166,60-69,5
208565,74.0,Business,Kolhapur,West,HDFC Bank,1375,70-79,6
208566,51.0,Business,Solapur,West,HDFC Bank,1587,50-59,4
208567,65.0,Individual,Solapur,East,HDFC Bank,1668,60-69,5
208568,20.0,Unknown,Kolhapur,East,HDFC Bank,1200,18-29,1
208569,43.0,Business,Nashik,West,HDFC Bank,1745,40-49,3
208570,25.0,Individual,Nagpur,North,HDFC Bank,1231,18-29,1
208571,23.0,Employee,Mumbai,East,HDFC Bank,1445,18-29,1
208572,33.0,Employee,Kolhapur,East,HDFC Bank,1723,30-39,2
208573,41.0,Business,Solapur,East,HDFC Bank,1417,40-49,3
208574,65.0,Individual,Mumbai,North,HDFC Bank,1153,60-69,5
208575,56.0,Employee,Mumbai,West,HDFC Bank,1367,50-59,4
208576,47.0,Business,Nashik,East,HDFC Bank,1724,40-49,3
208577,62.0,Individual,Solapur,North,HDFC Bank,1086,60-69,5
208578,30.0,Unknown,Pune,North,HDFC Bank,1529,30-39,2
208579,22.0,Individual,Mumbai,North,HDFC Bank,1702,18-29,1
208580,42.0,Individual,Solapur,North,HDFC Bank,1819,40-49,3
208581,37.0,Individual,Mumbai,East,HDFC Bank,1053,30-39,2
208582,71.0,Business,Nashik,West,HDFC Bank,1727,70-79,6
208583,35.0,Employee,Nashik,West,HDFC Bank,1041,30-39,2
208584,64.0,Business,Pune,North,HDFC Bank,1348,60-69,5
208585,35.0,Employee,Nashik,West,HDFC Bank,1229,30-39,2
208586,19.0,Employee,Solapur,East,HDFC Bank,1741,18-29,1
208587,27.0,Business,Kolhapur,West,HDFC Bank,1693,18-29,1
208588,72.0,Unknown,Nashik,West,HDFC Bank,1435,70-79,6
208589,62.0,Employee,Unknown,South,HDFC Bank,1140,60-69,5
208590,67.0,Employee,Pune,West,HDFC Bank,1287,60-69,5
208591,64.0,Employee,Nagpur,West,HDFC Bank,1850,60-69,5
208592,29.0,Individual,Mumbai,North,HDFC Bank,1848,18-29,1
208593,64.0,Employee,Mumbai,North,HDFC Bank,1321,60-69,5
208594,30.0,Business,Solapur,South,HDFC Bank,1593,30-39,2
208595,67.0,Business,Unknown,East,HDFC Bank,1441,60-69,5
208596,64.0,Business,Pune,South,HDFC Bank,1166,60-69,5
208597,74.0,Employee,Pune,West,HDFC Bank,1922,70-79,6
208598,72.0,Employee,Mumbai,West,HDFC Bank,1845,70-79,6
208599,28.0,Individual,Nashik,East,HDFC Bank,1565,18-29,1
208600,36.0,Individual,Mumbai,East,HDFC Bank,1462,30-39,2
208601,52.0,Business,Unknown,North,HDFC Bank,1455,50-59,4
208602,56.0,Individual,Mumbai,West,HDFC Bank,1072,50-59,4
208603,70.0,Individual,Nashik,West,HDFC Bank,1724,70-79,6
208604,43.0,Business,Nagpur,West,HDFC Bank,1682,40-49,3
208605,63.0,Employee,Solapur,West,HDFC Bank,1994,60-69,5
208606,31.0,Individual,Nagpur,West,HDFC Bank,1947,30-39,2
208607,71.0,Employee,Nagpur,West,HDFC Bank,1269,70-79,6
208608,62.0,Business,Mumbai,West,HDFC Bank,1218,60-69,5
208609,61.0,Business,Nagpur,West,HDFC Bank,1647,60-69,5
208610,41.0,Individual,Mumbai,North,HDFC Bank,1546,40-49,3
208611,,Business,Mumbai,South,HDFC Bank,1657,Unknown,7
208612,18.0,Business,Solapur,West,HDFC Bank,1182,18-29,1
208613,68.0,Unknown,Pune,North,HDFC Bank,1077,60-69,5
208614,60.0,Individual,Mumbai,West,HDFC Bank,1307,60-69,5
208615,72.0,Individual,Nagpur,East,HDFC Bank,1764,70-79,6
208616,39.0,Individual,Solapur,West,HDFC Bank,1327,30-39,2
208617,40.0,Unknown,Kolhapur,South,HDFC Bank,1944,40-49,3
208618,73.0,Employee,Kolhapur,North,HDFC Bank,1903,70-79,6
208619,71.0,Business,Kolhapur,East,HDFC Bank,1420,70-79,6
208620,36.0,Individual,Unknown,East,HDFC Bank,1235,30-39,2
208621,35.0,Employee,Unknown,West,HDFC Bank,1833,30-39,2
208622,29.0,Employee,Nashik,South,HDFC Bank,1848,18-29,1
208623,72.0,Individual,Pune,South,HDFC Bank,1588,70-79,6
208624,45.0,Employee,Solapur,West,HDFC Bank,1885,40-49,3
208625,45.0,Employee,Pune,West,HDFC Bank,1461,40-49,3
208626,77.0,Individual,Kolhapur,North,HDFC Bank,1936,70-79,6
208627,76.0,Employee,Pune,North,HDFC Bank,1584,70-79,6
208628,50.0,Employee,Solapur,West,HDFC Bank,1538,50-59,4
208629,36.0,Individual,Solapur,West,HDFC Bank,1915,30-39,2
208630,,Employee,Kolhapur,East,HDFC Bank,1037,Unknown,7
208631,76.0,Employee,Nagpur,South,HDFC Bank,1765,70-79,6
208632,69.0,Employee,Mumbai,North,HDFC Bank,1907,60-69,5
208633,78.0,Employee,Nashik,West,HDFC Bank,1425,70-79,6
208634,79.0,Unknown,Nashik,West,HDFC Bank,1597,70-79,6
208635,66.0,Business,Kolhapur,North,HDFC Bank,1868,60-69,5
208636,54.0,Business,Nashik,East,HDFC Bank,1433,50-59,4
208637,43.0,Employee,Pune,East,HDFC Bank,1358,40-49,3
208638,52.0,Individual,Solapur,West,HDFC Bank,1030,50-59,4
208639,51.0,Individual,Solapur,South,HDFC Bank,1204,50-59,4
208640,52.0,Employee,Kolhapur,South,HDFC Bank,1704,50-59,4
208641,57.0,Business,Solapur,West,HDFC Bank,1741,50-59,4
208642,33.0,Employee,Unknown,North,HDFC Bank,1180,30-39,2
208643,55.0,Individual,Solapur,South,HDFC Bank,1756,50-59,4
208644,30.0,Individual,Solapur,North,HDFC Bank,1039,30-39,2
208645,79.0,Business,Pune,North,HDFC Bank,1840,70-79,6
208646,40.0,Individual,Nagpur,North,HDFC Bank,1422,40-49,3
208647,77.0,Individual,Unknown,East,HDFC Bank,1905,70-79,6
208648,71.0,Individual,Pune,South,HDFC Bank,1156,70-79,6
208649,39.0,Unknown,Pune,East,HDFC Bank,1167,30-39,2
208650,33.0,Individual,Pune,South,HDFC Bank,1669,30-39,2
208651,45.0,Employee,Nashik,West,HDFC Bank,1641,40-49,3
208652,65.0,Business,Kolhapur,North,HDFC Bank,1081,60-69,5
208653,52.0,Employee,Pune,South,HDFC Bank,1667,50-59,4
208654,77.0,Employee,Nagpur,South,HDFC Bank,1686,70-79,6
208655,62.0,Business,Kolhapur,West,HDFC Bank,1799,60-69,5
208656,,Employee,Solapur,East,HDFC Bank,1599,Unknown,7
208657,25.0,Business,Nagpur,South,HDFC Bank,1101,18-29,1
208658,,Employee,Kolhapur,South,HDFC Bank,1759,Unknown,7
208659,72.0,Business,Solapur,East,HDFC Bank,1717,70-79,6
208660,72.0,Individual,Unknown,East,HDFC Bank,1088,70-79,6
208661,39.0,Individual,Pune,South,HDFC Bank,1344,30-39,2
208662,38.0,Employee,Pune,East,HDFC Bank,1799,30-39,2
208663,43.0,Unknown,Nashik,West,HDFC Bank,1922,40-49,3
208664,57.0,Business,Mumbai,West,HDFC Bank,1309,50-59,4
208665,38.0,Employee,Nagpur,North,HDFC Bank,1607,30-39,2
208666,42.0,Individual,Nashik,South,HDFC Bank,1439,40-49,3
208667,58.0,Individual,Nashik,West,HDFC Bank,1158,50-59,4
208668,18.0,Employee,Nagpur,West,HDFC Bank,1113,18-29,1
208669,23.0,Individual,Kolhapur,West,HDFC Bank,1535,18-29,1
208670,40.0,Individual,Nagpur,North,HDFC Bank,1162,40-49,3
208671,68.0,Employee,Solapur,East,HDFC Bank,1285,60-69,5
208672,40.0,Individual,Mumbai,North,HDFC Bank,1864,40-49,3
208673,60.0,Individual,Kolhapur,North,HDFC Bank,1054,60-69,5
208674,60.0,Individual,Pune,North,HDFC Bank,1575,60-69,5
208675,,Unknown,Mumbai,North,HDFC Bank,1032,Unknown,7
208676,49.0,Unknown,Mumbai,South,HDFC Bank,1557,40-49,3
208677,47.0,Unknown,Pune,South,HDFC Bank,1730,40-49,3
208678,30.0,Business,Mumbai,West,HDFC Bank,1992,30-39,2
208679,60.0,Individual,Kolhapur,North,HDFC Bank,1800,60-69,5
208680,35.0,Individual,Kolhapur,North,HDFC Bank,1195,30-39,2
208681,40.0,Business,Kolhapur,West,HDFC Bank,1764,40-49,3
208682,32.0,Individual,Nashik,East,HDFC Bank,1447,30-39,2
208683,50.0,Business,Unknown,South,HDFC Bank,1797,50-59,4
208684,38.0,Employee,Unknown,North,HDFC Bank,1747,30-39,2
208685,74.0,Employee,Pune,East,HDFC Bank,1590,70-79,6
208686,56.0,Employee,Pune,East,HDFC Bank,1924,50-59,4
208687,40.0,Employee,Nagpur,North,HDFC Bank,1957,40-49,3
208688,,Employee,Nagpur,North,HDFC Bank,1091,Unknown,7
208689,62.0,Employee,Kolhapur,East,HDFC Bank,1607,60-69,5
208690,61.0,Business,Mumbai,South,HDFC Bank,1227,60-69,5
208691,35.0,Individual,Mumbai,South,HDFC Bank,1285,30-39,2
208692,41.0,Business,Pune,North,HDFC Bank,1873,40-49,3
208693,68.0,Employee,Mumbai,North,HDFC Bank,1234,60-69,5
208694,64.0,Individual,Solapur,West,HDFC Bank,1101,60-69,5
208695,57.0,Individual,Nashik,West,HDFC Bank,1763,50-59,4
208696,68.0,Employee,Mumbai,South,HDFC Bank,1139,60-69,5
208697,,Employee,Mumbai,West,HDFC Bank,1834,Unknown,7
208698,24.0,Employee,Nagpur,East,HDFC Bank,1654,18-29,1
208699,67.0,Employee,Solapur,East,HDFC Bank,1751,60-69,5
208700,65.0,Employee,Mumbai,East,HDFC Bank,1265,60-69,5
208701,37.0,Employee,Nashik,East,HDFC Bank,1341,30-39,2
208702,44.0,Individual,Mumbai,North,HDFC Bank,1572,40-49,3
208703,23.0,Employee,Pune,East,HDFC Bank,1534,18-29,1
208704,44.0,Employee,Solapur,South,HDFC Bank,1522,40-49,3
208705,26.0,Individual,Mumbai,West,HDFC Bank,1015,18-29,1
208706,70.0,Business,Solapur,South,HDFC Bank,1560,70-79,6
208707,62.0,Employee,Mumbai,North,HDFC Bank,1877,60-69,5
208708,74.0,Individual,Nashik,West,HDFC Bank,1335,70-79,6
208709,48.0,Individual,Nashik,West,HDFC Bank,1909,40-49,3
208710,38.0,Unknown,Solapur,West,HDFC Bank,1389,30-39,2
208711,43.0,Employee,Kolhapur,East,HDFC Bank,1169,40-49,3
208712,57.0,Employee,Unknown,North,HDFC Bank,1912,50-59,4
208713,65.0,Employee,Nagpur,South,HDFC Bank,1118,60-69,5
208714,62.0,Individual,Pune,East,HDFC Bank,1990,60-69,5
208715,30.0,Employee,Kolhapur,West,HDFC Bank,1041,30-39,2
208716,66.0,Employee,Nagpur,South,HDFC Bank,1009,60-69,5
208717,,Employee,Solapur,South,HDFC Bank,1429,Unknown,7
208718,37.0,Employee,Nagpur,South,HDFC Bank,1467,30-39,2
208719,54.0,Business,Pune,North,HDFC Bank,1048,50-59,4
208720,71.0,Business,Mumbai,East,HDFC Bank,1776,70-79,6
208721,70.0,Business,Nagpur,North,HDFC Bank,1206,70-79,6
208722,45.0,Employee,Solapur,West,HDFC Bank,1678,40-49,3
208723,34.0,Employee,Solapur,West,HDFC Bank,1513,30-39,2
208724,45.0,Individual,Pune,South,HDFC Bank,1579,40-49,3
208725,58.0,Individual,Pune,South,HDFC Bank,1819,50-59,4
208726,19.0,Individual,Nashik,South,HDFC Bank,1983,18-29,1
208727,,Employee,Nashik,North,HDFC Bank,1209,Unknown,7
208728,75.0,Business,Nashik,East,HDFC Bank,1138,70-79,6
208729,67.0,Business,Mumbai,North,HDFC Bank,1036,60-69,5
208730,58.0,Business,Solapur,West,HDFC Bank,1217,50-59,4
208731,23.0,Employee,Nashik,South,HDFC Bank,1455,18-29,1
208732,28.0,Business,Solapur,South,HDFC Bank,1511,18-29,1
208733,74.0,Individual,Pune,North,HDFC Bank,1277,70-79,6
208734,78.0,Individual,Mumbai,West,HDFC Bank,1179,70-79,6
208735,55.0,Business,Pune,East,HDFC Bank,1516,50-59,4
208736,23.0,Unknown,Solapur,South,HDFC Bank,1129,18-29,1
208737,62.0,Business,Kolhapur,South,HDFC Bank,1644,60-69,5
208738,28.0,Business,Kolhapur,West,HDFC Bank,1610,18-29,1
208739,31.0,Individual,Nashik,South,HDFC Bank,1671,30-39,2
208740,19.0,Individual,Kolhapur,East,HDFC Bank,1747,18-29,1
208741,57.0,Individual,Pune,North,HDFC Bank,1658,50-59,4
208742,20.0,Individual,Kolhapur,West,HDFC Bank,1358,18-29,1
208743,72.0,Business,Nagpur,South,HDFC Bank,1626,70-79,6
208744,70.0,Individual,Mumbai,South,HDFC Bank,1003,70-79,6
208745,52.0,Individual,Unknown,East,HDFC Bank,1598,50-59,4
208746,50.0,Employee,Nashik,North,HDFC Bank,1557,50-59,4
208747,41.0,Individual,Pune,East,HDFC Bank,1082,40-49,3
208748,36.0,Unknown,Mumbai,North,HDFC Bank,1153,30-39,2
208749,,Business,Nashik,East,HDFC Bank,1505,Unknown,7
208750,66.0,Unknown,Pune,North,HDFC Bank,1508,60-69,5
208751,69.0,Employee,Kolhapur,South,HDFC Bank,1817,60-69,5
208752,78.0,Individual,Solapur,South,HDFC Bank,1793,70-79,6
208753,41.0,Individual,Nagpur,South,HDFC Bank,1838,40-49,3
208754,62.0,Individual,Nagpur,West,HDFC Bank,1799,60-69,5
208755,52.0,Individual,Kolhapur,North,HDFC Bank,1622,50-59,4
208756,,Individual,Solapur,West,HDFC Bank,1628,Unknown,7
208757,18.0,Individual,Mumbai,North,HDFC Bank,1096,18-29,1
208758,53.0,Employee,Solapur,South,HDFC Bank,1939,50-59,4
208759,42.0,Individual,Kolhapur,West,HDFC Bank,1281,40-49,3
208760,62.0,Individual,Pune,West,HDFC Bank,1700,60-69,5
208761,66.0,Individual,Mumbai,East,HDFC Bank,1599,60-69,5
208762,77.0,Employee,Nagpur,North,HDFC Bank,1818,70-79,6
208763,79.0,Individual,Kolhapur,East,HDFC Bank,1954,70-79,6
208764,60.0,Unknown,Pune,West,HDFC Bank,1598,60-69,5
208765,51.0,Business,Kolhapur,West,HDFC Bank,1933,50-59,4
208766,42.0,Individual,Nashik,South,HDFC Bank,1537,40-49,3
208767,33.0,Employee,Nashik,East,HDFC Bank,1891,30-39,2
208768,51.0,Business,Nashik,East,HDFC Bank,1428,50-59,4
208769,46.0,Unknown,Nagpur,East,HDFC Bank,1542,40-49,3
208770,36.0,Employee,Solapur,North,HDFC Bank,1125,30-39,2
208771,40.0,Business,Mumbai,West,HDFC Bank,1709,40-49,3
208772,36.0,Individual,Nagpur,East,HDFC Bank,1300,30-39,2
208773,42.0,Individual,Pune,South,HDFC Bank,1542,40-49,3
208774,33.0,Employee,Pune,West,HDFC Bank,1366,30-39,2
208775,71.0,Business,Nashik,South,HDFC Bank,1828,70-79,6
208776,68.0,Individual,Mumbai,West,HDFC Bank,1943,60-69,5
208777,26.0,Employee,Nashik,South,HDFC Bank,1743,18-29,1
208778,18.0,Business,Pune,East,HDFC Bank,1044,18-29,1
208779,59.0,Unknown,Pune,East,HDFC Bank,1492,50-59,4
208780,36.0,Unknown,Solapur,South,HDFC Bank,1315,30-39,2
208781,50.0,Individual,Solapur,North,HDFC Bank,1188,50-59,4
208782,51.0,Individual,Solapur,South,HDFC Bank,1051,50-59,4
208783,,Employee,Nashik,West,HDFC Bank,1563,Unknown,7
208784,61.0,Individual,Unknown,South,HDFC Bank,1331,60-69,5
208785,,Individual,Mumbai,South,HDFC Bank,1498,Unknown,7
208786,72.0,Business,Solapur,West,HDFC Bank,1976,70-79,6
208787,35.0,Individual,Nagpur,East,HDFC Bank,1317,30-39,2
208788,,Business,Solapur,West,HDFC Bank,1409,Unknown,7
208789,42.0,Business,Nashik,South,HDFC Bank,1322,40-49,3
208790,78.0,Employee,Mumbai,West,HDFC Bank,1590,70-79,6
208791,,Business,Solapur,South,HDFC Bank,1560,Unknown,7
208792,23.0,Individual,Mumbai,East,HDFC Bank,1229,18-29,1
208793,38.0,Business,Nagpur,South,HDFC Bank,1343,30-39,2
208794,75.0,Business,Pune,South,HDFC Bank,1370,70-79,6
208795,23.0,Employee,Mumbai,East,HDFC Bank,1989,18-29,1
208796,49.0,Individual,Kolhapur,West,HDFC Bank,1555,40-49,3
208797,58.0,Individual,Solapur,North,HDFC Bank,1291,50-59,4
208798,65.0,Individual,Nashik,North,HDFC Bank,1436,60-69,5
208799,60.0,Business,Unknown,South,HDFC Bank,1246,60-69,5
208800,56.0,Individual,Unknown,South,HDFC Bank,1939,50-59,4
208801,48.0,Individual,Nashik,East,HDFC Bank,1218,40-49,3
208802,59.0,Business,Nashik,West,HDFC Bank,1533,50-59,4
208803,27.0,Employee,Nashik,North,HDFC Bank,1641,18-29,1
208804,47.0,Employee,Kolhapur,North,HDFC Bank,1518,40-49,3
208805,74.0,Business,Mumbai,East,HDFC Bank,1783,70-79,6
208806,69.0,Employee,Nashik,East,HDFC Bank,1471,60-69,5
208807,35.0,Employee,Pune,North,HDFC Bank,1349,30-39,2
208808,77.0,Employee,Kolhapur,West,HDFC Bank,1043,70-79,6
208809,41.0,Individual,Kolhapur,West,HDFC Bank,1751,40-49,3
208810,69.0,Employee,Kolhapur,West,HDFC Bank,1877,60-69,5
208811,78.0,Individual,Nagpur,South,HDFC Bank,1064,70-79,6
208812,26.0,Employee,Mumbai,West,HDFC Bank,1245,18-29,1
208813,48.0,Individual,Mumbai,South,HDFC Bank,1986,40-49,3
208814,32.0,Business,Nashik,South,HDFC Bank,1584,30-39,2
208815,21.0,Business,Kolhapur,East,HDFC Bank,1070,18-29,1
208816,57.0,Employee,Kolhapur,South,HDFC Bank,1708,50-59,4
208817,,Individual,Nashik,South,HDFC Bank,1700,Unknown,7
208818,62.0,Business,Mumbai,East,HDFC Bank,1157,60-69,5
208819,26.0,Business,Nashik,West,HDFC Bank,1937,18-29,1
208820,43.0,Business,Nashik,West,HDFC Bank,1474,40-49,3
208821,21.0,Business,Unknown,North,HDFC Bank,1841,18-29,1
208822,34.0,Employee,Nashik,North,HDFC Bank,1024,30-39,2
208823,33.0,Individual,Nashik,South,HDFC Bank,1849,30-39,2
208824,32.0,Unknown,Solapur,North,HDFC Bank,1582,30-39,2
208825,,Employee,Solapur,East,HDFC Bank,1824,Unknown,7
208826,74.0,Business,Kolhapur,North,HDFC Bank,1222,70-79,6
208827,69.0,Business,Kolhapur,North,HDFC Bank,1159,60-69,5
208828,22.0,Business,Solapur,South,HDFC Bank,1817,18-29,1
208829,72.0,Business,Mumbai,East,HDFC Bank,1074,70-79,6
208830,22.0,Employee,Nagpur,North,HDFC Bank,1137,18-29,1
208831,37.0,Individual,Mumbai,West,HDFC Bank,1917,30-39,2
208832,32.0,Employee,Kolhapur,East,HDFC Bank,1478,30-39,2
208833,35.0,Employee,Unknown,East,HDFC Bank,1552,30-39,2
208834,64.0,Unknown,Mumbai,South,HDFC Bank,1302,60-69,5
208835,19.0,Business,Nagpur,East,HDFC Bank,1909,18-29,1
208836,46.0,Individual,Nashik,East,HDFC Bank,1386,40-49,3
208837,30.0,Business,Pune,East,HDFC Bank,1471,30-39,2
208838,21.0,Employee,Solapur,East,HDFC Bank,1333,18-29,1
208839,59.0,Business,Solapur,East,HDFC Bank,1308,50-59,4
208840,62.0,Individual,Nagpur,East,HDFC Bank,1527,60-69,5
208841,,Individual,Nashik,East,HDFC Bank,1886,Unknown,7
208842,78.0,Unknown,Nashik,West,HDFC Bank,1700,70-79,6
208843,48.0,Employee,Pune,East,HDFC Bank,1539,40-49,3
208844,58.0,Business,Nashik,South,HDFC Bank,1162,50-59,4
208845,25.0,Unknown,Nagpur,West,HDFC Bank,1999,18-29,1
208846,20.0,Individual,Kolhapur,East,HDFC Bank,1897,18-29,1
208847,65.0,Business,Nashik,North,HDFC Bank,1828,60-69,5
208848,63.0,Individual,Kolhapur,South,HDFC Bank,1951,60-69,5
208849,26.0,Employee,Kolhapur,West,HDFC Bank,1993,18-29,1
208850,47.0,Employee,Nagpur,South,HDFC Bank,1054,40-49,3
208851,70.0,Business,Solapur,West,HDFC Bank,1785,70-79,6
208852,28.0,Business,Solapur,North,HDFC Bank,1454,18-29,1
208853,52.0,Business,Solapur,South,HDFC Bank,1304,50-59,4
208854,54.0,Individual,Mumbai,South,HDFC Bank,1101,50-59,4
208855,78.0,Employee,Solapur,West,HDFC Bank,1553,70-79,6
208856,59.0,Employee,Nagpur,West,HDFC Bank,1774,50-59,4
208857,,Individual,Pune,North,HDFC Bank,1387,Unknown,7
208858,53.0,Business,Nashik,East,HDFC Bank,1682,50-59,4
208859,73.0,Business,Solapur,West,HDFC Bank,1207,70-79,6
208860,30.0,Individual,Mumbai,West,HDFC Bank,1314,30-39,2
208861,29.0,Employee,Kolhapur,West,HDFC Bank,1048,18-29,1
208862,54.0,Employee,Mumbai,North,HDFC Bank,1571,50-59,4
208863,27.0,Employee,Nagpur,East,HDFC Bank,1517,18-29,1
208864,77.0,Employee,Unknown,East,HDFC Bank,1147,70-79,6
208865,73.0,Individual,Solapur,North,HDFC Bank,1798,70-79,6
208866,26.0,Unknown,Solapur,East,HDFC Bank,1210,18-29,1
208867,69.0,Individual,Mumbai,South,HDFC Bank,1371,60-69,5
208868,24.0,Business,Nagpur,North,HDFC Bank,1661,18-29,1
208869,19.0,Individual,Mumbai,West,HDFC Bank,1596,18-29,1
208870,71.0,Employee,Mumbai,East,HDFC Bank,1977,70-79,6
208871,73.0,Business,Pune,South,HDFC Bank,1671,70-79,6
208872,77.0,Individual,Nagpur,North,HDFC Bank,1046,70-79,6
208873,40.0,Individual,Pune,North,HDFC Bank,1673,40-49,3
208874,56.0,Individual,Nagpur,West,HDFC Bank,1498,50-59,4
208875,57.0,Business,Solapur,West,HDFC Bank,1154,50-59,4
208876,56.0,Individual,Nashik,North,HDFC Bank,1229,50-59,4
208877,38.0,Employee,Kolhapur,South,HDFC Bank,1299,30-39,2
208878,40.0,Business,Nashik,West,HDFC Bank,1157,40-49,3
208879,46.0,Business,Nagpur,North,HDFC Bank,1672,40-49,3
208880,31.0,Individual,Nashik,North,HDFC Bank,1922,30-39,2
208881,43.0,Employee,Mumbai,West,HDFC Bank,1246,40-49,3
208882,68.0,Business,Solapur,East,HDFC Bank,1567,60-69,5
208883,22.0,Individual,Kolhapur,South,HDFC Bank,1150,18-29,1
208884,72.0,Employee,Kolhapur,East,HDFC Bank,1298,70-79,6
208885,48.0,Individual,Kolhapur,East,HDFC Bank,1978,40-49,3
208886,42.0,Individual,Solapur,South,HDFC Bank,1053,40-49,3
208887,48.0,Business,Nashik,South,HDFC Bank,1222,40-49,3
208888,67.0,Business,Kolhapur,West,HDFC Bank,1765,60-69,5
208889,37.0,Individual,Kolhapur,West,HDFC Bank,1579,30-39,2
208890,61.0,Business,Nagpur,West,HDFC Bank,1564,60-69,5
208891,72.0,Business,Mumbai,South,HDFC Bank,1466,70-79,6
208892,34.0,Employee,Unknown,East,HDFC Bank,1756,30-39,2
208893,62.0,Employee,Nashik,South,HDFC Bank,1485,60-69,5
208894,19.0,Individual,Solapur,West,HDFC Bank,1551,18-29,1
208895,42.0,Individual,Solapur,East,HDFC Bank,1443,40-49,3
208896,30.0,Unknown,Nagpur,West,HDFC Bank,1853,30-39,2
208897,75.0,Individual,Pune,East,HDFC Bank,1904,70-79,6
208898,56.0,Employee,Nagpur,West,HDFC Bank,1862,50-59,4
208899,45.0,Business,Unknown,South,HDFC Bank,1137,40-49,3
208900,59.0,Employee,Nagpur,North,HDFC Bank,1777,50-59,4
208901,72.0,Unknown,Pune,North,HDFC Bank,1925,70-79,6
208902,23.0,Individual,Pune,East,HDFC Bank,1649,18-29,1
208903,20.0,Employee,Kolhapur,South,HDFC Bank,1953,18-29,1
208904,75.0,Employee,Kolhapur,West,HDFC Bank,1291,70-79,6
208905,52.0,Individual,Pune,East,HDFC Bank,1209,50-59,4
208906,35.0,Business,Pune,East,HDFC Bank,1683,30-39,2
208907,28.0,Individual,Mumbai,West,HDFC Bank,1696,18-29,1
208908,71.0,Employee,Pune,West,HDFC Bank,1810,70-79,6
208909,37.0,Individual,Kolhapur,West,HDFC Bank,1751,30-39,2
208910,22.0,Individual,Pune,South,HDFC Bank,1210,18-29,1
208911,36.0,Business,Solapur,North,HDFC Bank,1874,30-39,2
208912,39.0,Individual,Mumbai,East,HDFC Bank,1662,30-39,2
208913,76.0,Unknown,Pune,East,HDFC Bank,1387,70-79,6
208914,77.0,Individual,Kolhapur,North,HDFC Bank,1395,70-79,6
208915,36.0,Employee,Kolhapur,East,HDFC Bank,1123,30-39,2
208916,79.0,Employee,Nashik,South,HDFC Bank,1560,70-79,6
208917,64.0,Business,Kolhapur,West,HDFC Bank,1919,60-69,5
208918,79.0,Individual,Unknown,North,HDFC Bank,1908,70-79,6
208919,33.0,Employee,Kolhapur,South,HDFC Bank,1123,30-39,2
208920,41.0,Business,Solapur,West,HDFC Bank,1067,40-49,3
208921,58.0,Individual,Nagpur,North,HDFC Bank,1474,50-59,4
208922,21.0,Unknown,Solapur,South,HDFC Bank,1357,18-29,1
208923,,Business,Solapur,North,HDFC Bank,1742,Unknown,7
208924,42.0,Business,Mumbai,North,HDFC Bank,1455,40-49,3
208925,61.0,Business,Mumbai,South,HDFC Bank,1345,60-69,5
208926,72.0,Business,Nashik,East,HDFC Bank,1929,70-79,6
208927,52.0,Business,Kolhapur,South,HDFC Bank,1520,50-59,4
208928,72.0,Business,Nashik,North,HDFC Bank,1777,70-79,6
208929,31.0,Individual,Mumbai,North,HDFC Bank,1636,30-39,2
208930,66.0,Individual,Kolhapur,South,HDFC Bank,1882,60-69,5
208931,36.0,Business,Mumbai,West,HDFC Bank,1832,30-39,2
208932,55.0,Individual,Mumbai,West,HDFC Bank,1623,50-59,4
208933,53.0,Business,Nagpur,West,HDFC Bank,1497,50-59,4
208934,24.0,Individual,Solapur,West,HDFC Bank,1327,18-29,1
208935,47.0,Employee,Nashik,South,HDFC Bank,1329,40-49,3
208936,36.0,Unknown,Nashik,East,HDFC Bank,1565,30-39,2
208937,66.0,Employee,Pune,West,HDFC Bank,1426,60-69,5
208938,42.0,Business,Nagpur,North,HDFC Bank,1442,40-49,3
208939,33.0,Business,Mumbai,West,HDFC Bank,1600,30-39,2
208940,64.0,Employee,Mumbai,East,HDFC Bank,1094,60-69,5
208941,,Employee,Nagpur,South,HDFC Bank,1870,Unknown,7
208942,57.0,Employee,Kolhapur,East,HDFC Bank,1761,50-59,4
208943,68.0,Business,Nashik,East,HDFC Bank,1954,60-69,5
208944,25.0,Employee,Mumbai,East,HDFC Bank,1450,18-29,1
208945,35.0,Employee,Pune,West,HDFC Bank,1316,30-39,2
208946,45.0,Individual,Nashik,West,HDFC Bank,1486,40-49,3
208947,33.0,Individual,Solapur,East,HDFC Bank,1677,30-39,2
208948,69.0,Employee,Nagpur,South,HDFC Bank,1738,60-69,5
208949,36.0,Employee,Nashik,West,HDFC Bank,1647,30-39,2
208950,59.0,Employee,Solapur,South,HDFC Bank,1895,50-59,4
208951,34.0,Employee,Pune,West,HDFC Bank,1576,30-39,2
208952,62.0,Individual,Kolhapur,South,HDFC Bank,1004,60-69,5
208953,,Unknown,Unknown,West,HDFC Bank,1631,Unknown,7
208954,,Employee,Unknown,East,HDFC Bank,1370,Unknown,7
208955,44.0,Employee,Mumbai,North,HDFC Bank,1730,40-49,3
208956,27.0,Individual,Kolhapur,North,HDFC Bank,1876,18-29,1
208957,51.0,Employee,Mumbai,South,HDFC Bank,1985,50-59,4
208958,53.0,Unknown,Solapur,South,HDFC Bank,1554,50-59,4
208959,42.0,Individual,Nashik,East,HDFC Bank,1187,40-49,3
208960,23.0,Employee,Pune,East,HDFC Bank,1025,18-29,1
208961,41.0,Employee,Solapur,South,HDFC Bank,1778,40-49,3
208962,35.0,Individual,Pune,North,HDFC Bank,1161,30-39,2
208963,40.0,Business,Kolhapur,East,HDFC Bank,1744,40-49,3
208964,23.0,Employee,Pune,South,HDFC Bank,1129,18-29,1
208965,46.0,Employee,Kolhapur,East,HDFC Bank,1532,40-49,3
208966,79.0,Business,Pune,East,HDFC Bank,1882,70-79,6
208967,42.0,Individual,Nagpur,West,HDFC Bank,1409,40-49,3
208968,72.0,Business,Solapur,East,HDFC Bank,1639,70-79,6
208969,34.0,Employee,Unknown,South,HDFC Bank,1587,30-39,2
208970,63.0,Business,Nashik,East,HDFC Bank,1072,60-69,5
208971,41.0,Individual,Nashik,South,HDFC Bank,1232,40-49,3
208972,28.0,Unknown,Mumbai,West,HDFC Bank,1854,18-29,1
208973,43.0,Individual,Unknown,West,HDFC Bank,1105,40-49,3
208974,68.0,Individual,Mumbai,North,HDFC Bank,1900,60-69,5
208975,79.0,Business,Unknown,West,HDFC Bank,1008,70-79,6
208976,51.0,Business,Pune,West,HDFC Bank,1630,50-59,4
208977,45.0,Individual,Kolhapur,South,HDFC Bank,1049,40-49,3
208978,20.0,Individual,Pune,North,HDFC Bank,1521,18-29,1
208979,28.0,Employee,Solapur,West,HDFC Bank,1624,18-29,1
208980,55.0,Individual,Nashik,East,HDFC Bank,1441,50-59,4
208981,78.0,Individual,Kolhapur,North,HDFC Bank,1777,70-79,6
208982,31.0,Business,Kolhapur,West,HDFC Bank,1589,30-39,2
208983,68.0,Unknown,Kolhapur,North,HDFC Bank,1035,60-69,5
208984,43.0,Individual,Mumbai,West,HDFC Bank,1201,40-49,3
208985,65.0,Business,Kolhapur,South,HDFC Bank,1823,60-69,5
208986,38.0,Employee,Kolhapur,North,HDFC Bank,1117,30-39,2
208987,71.0,Business,Nashik,North,HDFC Bank,1701,70-79,6
208988,73.0,Business,Pune,West,HDFC Bank,1753,70-79,6
208989,56.0,Individual,Pune,North,HDFC Bank,1804,50-59,4
208990,47.0,Individual,Nagpur,West,HDFC Bank,1168,40-49,3
208991,76.0,Employee,Nagpur,East,HDFC Bank,1511,70-79,6
208992,25.0,Individual,Solapur,North,HDFC Bank,1229,18-29,1
208993,68.0,Employee,Nashik,North,HDFC Bank,1559,60-69,5
208994,37.0,Employee,Nagpur,South,HDFC Bank,1149,30-39,2
208995,65.0,Employee,Nagpur,South,HDFC Bank,1854,60-69,5
208996,49.0,Employee,Nashik,North,HDFC Bank,1207,40-49,3
208997,39.0,Unknown,Pune,South,HDFC Bank,1060,30-39,2
208998,76.0,Business,Solapur,North,HDFC Bank,1842,70-79,6
208999,24.0,Business,Solapur,West,HDFC Bank,1116,18-29,1
209000,26.0,Individual,Solapur,North,HDFC Bank,1238,18-29,1
209001,62.0,Individual,Nagpur,North,HDFC Bank,1882,60-69,5
209002,18.0,Employee,Pune,East,HDFC Bank,1866,18-29,1
209003,46.0,Individual,Solapur,South,HDFC Bank,1047,40-49,3
209004,25.0,Business,Nashik,South,HDFC Bank,1447,18-29,1
209005,,Individual,Unknown,East,HDFC Bank,1756,Unknown,7
209006,71.0,Unknown,Mumbai,West,HDFC Bank,1467,70-79,6
209007,21.0,Employee,Pune,West,HDFC Bank,1292,18-29,1
209008,52.0,Employee,Mumbai,West,HDFC Bank,1424,50-59,4
209009,76.0,Employee,Pune,East,HDFC Bank,1516,70-79,6
209010,20.0,Employee,Kolhapur,North,HDFC Bank,1611,18-29,1
209011,71.0,Unknown,Nashik,West,HDFC Bank,1204,70-79,6
209012,62.0,Individual,Kolhapur,West,HDFC Bank,1179,60-69,5
209013,57.0,Individual,Nagpur,East,HDFC Bank,1528,50-59,4
209014,24.0,Employee,Nagpur,South,HDFC Bank,1089,18-29,1
209015,44.0,Business,Kolhapur,East,HDFC Bank,1499,40-49,3
209016,18.0,Business,Pune,South,HDFC Bank,1107,18-29,1
209017,44.0,Individual,Solapur,West,HDFC Bank,1189,40-49,3
209018,33.0,Employee,Mumbai,West,HDFC Bank,1179,30-39,2
209019,55.0,Individual,Nashik,North,HDFC Bank,1760,50-59,4
209020,24.0,Individual,Solapur,North,HDFC Bank,1762,18-29,1
209021,61.0,Business,Nagpur,South,HDFC Bank,1019,60-69,5
209022,40.0,Business,Solapur,West,HDFC Bank,1358,40-49,3
209023,58.0,Individual,Kolhapur,West,HDFC Bank,1608,50-59,4
209024,76.0,Employee,Kolhapur,East,HDFC Bank,1733,70-79,6
209025,28.0,Employee,Mumbai,West,HDFC Bank,1655,18-29,1
209026,59.0,Individual,Nagpur,West,HDFC Bank,1006,50-59,4
209027,70.0,Individual,Pune,East,HDFC Bank,1861,70-79,6
209028,,Employee,Nashik,East,HDFC Bank,1321,Unknown,7
209029,67.0,Employee,Kolhapur,West,HDFC Bank,1267,60-69,5
209030,53.0,Employee,Nashik,North,HDFC Bank,1426,50-59,4
209031,54.0,Unknown,Nagpur,North,HDFC Bank,1295,50-59,4
209032,58.0,Business,Unknown,West,HDFC Bank,1512,50-59,4
209033,76.0,Employee,Kolhapur,North,HDFC Bank,1569,70-79,6
209034,34.0,Employee,Mumbai,East,HDFC Bank,1386,30-39,2
209035,52.0,Employee,Nashik,North,HDFC Bank,1263,50-59,4
209036,65.0,Individual,Nagpur,West,HDFC Bank,1089,60-69,5
209037,22.0,Business,Nashik,North,HDFC Bank,1487,18-29,1
209038,65.0,Business,Pune,West,HDFC Bank,1586,60-69,5
209039,49.0,Employee,Mumbai,North,HDFC Bank,1956,40-49,3
209040,20.0,Individual,Pune,West,HDFC Bank,1852,18-29,1
209041,69.0,Business,Kolhapur,West,HDFC Bank,1260,60-69,5
209042,64.0,Individual,Solapur,North,HDFC Bank,1487,60-69,5
209043,79.0,Business,Pune,North,HDFC Bank,1793,70-79,6
209044,52.0,Employee,Pune,East,HDFC Bank,1340,50-59,4
209045,69.0,Individual,Nashik,South,HDFC Bank,1328,60-69,5
209046,31.0,Employee,Pune,West,HDFC Bank,1400,30-39,2
209047,65.0,Business,Nagpur,West,HDFC Bank,1356,60-69,5
209048,78.0,Business,Kolhapur,West,HDFC Bank,1754,70-79,6
209049,78.0,Employee,Nashik,West,HDFC Bank,1498,70-79,6
209050,48.0,Business,Nashik,North,HDFC Bank,1833,40-49,3
209051,48.0,Employee,Solapur,North,HDFC Bank,1434,40-49,3
209052,34.0,Employee,Kolhapur,South,HDFC Bank,1118,30-39,2
209053,77.0,Employee,Nagpur,West,HDFC Bank,1046,70-79,6
209054,41.0,Business,Unknown,South,HDFC Bank,1167,40-49,3
209055,69.0,Individual,Pune,East,HDFC Bank,1347,60-69,5
209056,40.0,Employee,Solapur,South,HDFC Bank,1503,40-49,3
209057,35.0,Unknown,Nagpur,South,HDFC Bank,1538,30-39,2
209058,67.0,Business,Solapur,East,HDFC Bank,1295,60-69,5
209059,71.0,Business,Kolhapur,East,HDFC Bank,1512,70-79,6
209060,31.0,Individual,Mumbai,South,HDFC Bank,1173,30-39,2
209061,67.0,Employee,Kolhapur,East,HDFC Bank,1394,60-69,5
209062,32.0,Business,Pune,South,HDFC Bank,1678,30-39,2
209063,32.0,Employee,Solapur,North,HDFC Bank,1529,30-39,2
209064,23.0,Employee,Mumbai,North,HDFC Bank,1602,18-29,1
209065,44.0,Individual,Pune,South,HDFC Bank,1302,40-49,3
209066,32.0,Business,Solapur,East,HDFC Bank,1201,30-39,2
209067,67.0,Individual,Solapur,East,HDFC Bank,1995,60-69,5
209068,53.0,Business,Kolhapur,North,HDFC Bank,1532,50-59,4
209069,72.0,Individual,Solapur,North,HDFC Bank,1155,70-79,6
209070,25.0,Business,Solapur,East,HDFC Bank,1896,18-29,1
209071,32.0,Business,Nashik,East,HDFC Bank,1013,30-39,2
209072,20.0,Business,Solapur,East,HDFC Bank,1019,18-29,1
209073,79.0,Employee,Kolhapur,East,HDFC Bank,1755,70-79,6
209074,64.0,Employee,Nashik,South,HDFC Bank,1888,60-69,5
209075,30.0,Individual,Nashik,East,HDFC Bank,1456,30-39,2
209076,58.0,Individual,Mumbai,North,HDFC Bank,1172,50-59,4
209077,51.0,Business,Pune,North,HDFC Bank,1444,50-59,4
209078,41.0,Unknown,Nashik,West,HDFC Bank,1922,40-49,3
209079,57.0,Employee,Nagpur,East,HDFC Bank,1121,50-59,4
209080,49.0,Employee,Nashik,South,HDFC Bank,1496,40-49,3
209081,78.0,Employee,Nagpur,West,HDFC Bank,1183,70-79,6
209082,,Individual,Mumbai,West,HDFC Bank,1819,Unknown,7
209083,47.0,Employee,Nagpur,South,HDFC Bank,1579,40-49,3
209084,69.0,Individual,Mumbai,West,HDFC Bank,1804,60-69,5
209085,66.0,Employee,Mumbai,West,HDFC Bank,1849,60-69,5
209086,30.0,Employee,Mumbai,North,HDFC Bank,1670,30-39,2
209087,18.0,Business,Nagpur,West,HDFC Bank,1048,18-29,1
209088,51.0,Individual,Nagpur,South,HDFC Bank,1180,50-59,4
209089,79.0,Employee,Mumbai,East,HDFC Bank,1806,70-79,6
209090,32.0,Business,Mumbai,East,HDFC Bank,1393,30-39,2
209091,61.0,Individual,Pune,East,HDFC Bank,1392,60-69,5
209092,31.0,Individual,Mumbai,North,HDFC Bank,1347,30-39,2
209093,74.0,Employee,Solapur,North,HDFC Bank,1475,70-79,6
209094,46.0,Individual,Pune,North,HDFC Bank,1140,40-49,3
209095,51.0,Business,Pune,South,HDFC Bank,1529,50-59,4
209096,35.0,Business,Pune,East,HDFC Bank,1651,30-39,2
209097,71.0,Individual,Solapur,South,HDFC Bank,1583,70-79,6
209098,24.0,Business,Pune,South,HDFC Bank,1470,18-29,1
209099,46.0,Individual,Pune,West,HDFC Bank,1753,40-49,3
209100,72.0,Business,Nagpur,East,HDFC Bank,1772,70-79,6
209101,48.0,Individual,Kolhapur,West,HDFC Bank,1262,40-49,3
209102,78.0,Individual,Nagpur,North,HDFC Bank,1142,70-79,6
209103,42.0,Individual,Mumbai,North,HDFC Bank,1706,40-49,3
209104,55.0,Business,Mumbai,South,HDFC Bank,1145,50-59,4
209105,31.0,Individual,Nashik,South,HDFC Bank,1293,30-39,2
209106,25.0,Individual,Kolhapur,West,HDFC Bank,1537,18-29,1
209107,44.0,Employee,Solapur,West,HDFC Bank,1508,40-49,3
209108,71.0,Employee,Nagpur,South,HDFC Bank,1421,70-79,6
209109,19.0,Individual,Mumbai,East,HDFC Bank,1570,18-29,1
209110,34.0,Employee,Solapur,South,HDFC Bank,1563,30-39,2
209111,54.0,Individual,Pune,East,HDFC Bank,1416,50-59,4
209112,31.0,Employee,Solapur,West,HDFC Bank,1660,30-39,2
209113,42.0,Business,Nagpur,North,HDFC Bank,1912,40-49,3
209114,73.0,Business,Kolhapur,North,HDFC Bank,1106,70-79,6
209115,47.0,Individual,Nashik,West,HDFC Bank,1317,40-49,3
209116,46.0,Individual,Nagpur,West,HDFC Bank,1058,40-49,3
209117,37.0,Business,Kolhapur,North,HDFC Bank,1257,30-39,2
209118,38.0,Business,Mumbai,East,HDFC Bank,1959,30-39,2
209119,78.0,Employee,Mumbai,West,HDFC Bank,1792,70-79,6
209120,70.0,Unknown,Solapur,East,HDFC Bank,1424,70-79,6
209121,39.0,Business,Nagpur,East,HDFC Bank,1530,30-39,2
209122,52.0,Business,Mumbai,North,HDFC Bank,1165,50-59,4
209123,54.0,Individual,Pune,East,HDFC Bank,1024,50-59,4
209124,33.0,Employee,Pune,North,HDFC Bank,1934,30-39,2
209125,,Employee,Unknown,West,HDFC Bank,1003,Unknown,7
209126,75.0,Employee,Solapur,South,HDFC Bank,1002,70-79,6
209127,66.0,Employee,Mumbai,South,HDFC Bank,1417,60-69,5
209128,60.0,Business,Nashik,South,HDFC Bank,1361,60-69,5
209129,34.0,Individual,Pune,South,HDFC Bank,1905,30-39,2
209130,33.0,Individual,Nashik,South,HDFC Bank,1368,30-39,2
209131,75.0,Business,Nashik,South,HDFC Bank,1538,70-79,6
209132,72.0,Business,Mumbai,East,HDFC Bank,1879,70-79,6
209133,19.0,Business,Mumbai,East,HDFC Bank,1345,18-29,1
209134,21.0,Individual,Mumbai,South,HDFC Bank,1730,18-29,1
209135,38.0,Individual,Solapur,West,HDFC Bank,1896,30-39,2
209136,56.0,Individual,Unknown,West,HDFC Bank,1043,50-59,4
209137,51.0,Employee,Nashik,East,HDFC Bank,1723,50-59,4
209138,47.0,Business,Solapur,East,HDFC Bank,1563,40-49,3
209139,23.0,Business,Pune,South,HDFC Bank,1152,18-29,1
209140,34.0,Business,Nagpur,West,HDFC Bank,1201,30-39,2
209141,56.0,Individual,Pune,North,HDFC Bank,1320,50-59,4
209142,42.0,Business,Solapur,South,HDFC Bank,1463,40-49,3
209143,22.0,Business,Nashik,East,HDFC Bank,1010,18-29,1
209144,22.0,Employee,Nashik,East,HDFC Bank,1579,18-29,1
209145,37.0,Individual,Mumbai,East,HDFC Bank,1226,30-39,2
209146,33.0,Business,Unknown,North,HDFC Bank,1632,30-39,2
209147,68.0,Individual,Nashik,West,HDFC Bank,1332,60-69,5
209148,58.0,Individual,Nashik,East,HDFC Bank,1468,50-59,4
209149,54.0,Individual,Kolhapur,South,HDFC Bank,1014,50-59,4
209150,57.0,Employee,Mumbai,North,HDFC Bank,1056,50-59,4
209151,26.0,Individual,Mumbai,West,HDFC Bank,1329,18-29,1
209152,22.0,Individual,Pune,South,HDFC Bank,1063,18-29,1
209153,59.0,Individual,Nashik,South,HDFC Bank,1229,50-59,4
209154,74.0,Business,Nashik,North,HDFC Bank,1010,70-79,6
209155,19.0,Employee,Solapur,North,HDFC Bank,1632,18-29,1
209156,26.0,Business,Pune,North,HDFC Bank,1223,18-29,1
209157,60.0,Unknown,Nagpur,East,HDFC Bank,1736,60-69,5
209158,53.0,Employee,Unknown,West,HDFC Bank,1636,50-59,4
209159,39.0,Individual,Nagpur,East,HDFC Bank,1659,30-39,2
209160,39.0,Individual,Kolhapur,North,HDFC Bank,1739,30-39,2
209161,39.0,Business,Mumbai,North,HDFC Bank,1541,30-39,2
209162,51.0,Employee,Nagpur,North,HDFC Bank,1505,50-59,4
209163,72.0,Individual,Solapur,East,HDFC Bank,1521,70-79,6
209164,46.0,Individual,Mumbai,South,HDFC Bank,1053,40-49,3
209165,55.0,Individual,Unknown,North,HDFC Bank,1697,50-59,4
209166,76.0,Individual,Nagpur,East,HDFC Bank,1718,70-79,6
209167,63.0,Business,Mumbai,North,HDFC Bank,1766,60-69,5
209168,,Business,Pune,East,HDFC Bank,1156,Unknown,7
209169,35.0,Unknown,Pune,West,HDFC Bank,1640,30-39,2
209170,24.0,Individual,Unknown,West,HDFC Bank,1569,18-29,1
209171,18.0,Individual,Solapur,East,HDFC Bank,1404,18-29,1
209172,50.0,Individual,Mumbai,North,HDFC Bank,1398,50-59,4
209173,18.0,Individual,Nashik,East,HDFC Bank,1706,18-29,1
209174,41.0,Employee,Nagpur,West,HDFC Bank,1928,40-49,3
209175,21.0,Employee,Kolhapur,East,HDFC Bank,1933,18-29,1
209176,21.0,Employee,Unknown,West,HDFC Bank,1402,18-29,1
209177,78.0,Employee,Nagpur,West,HDFC Bank,1899,70-79,6
209178,35.0,Individual,Nagpur,South,HDFC Bank,1587,30-39,2
209179,44.0,Employee,Solapur,North,HDFC Bank,1088,40-49,3
209180,60.0,Employee,Nashik,East,HDFC Bank,1865,60-69,5
209181,76.0,Business,Mumbai,North,HDFC Bank,1592,70-79,6
209182,49.0,Employee,Nagpur,North,HDFC Bank,1185,40-49,3
209183,,Employee,Nagpur,West,HDFC Bank,1837,Unknown,7
209184,45.0,Unknown,Mumbai,West,HDFC Bank,1779,40-49,3
209185,59.0,Unknown,Nagpur,East,HDFC Bank,1894,50-59,4
209186,58.0,Employee,Nagpur,East,HDFC Bank,1078,50-59,4
209187,72.0,Individual,Nagpur,East,HDFC Bank,1144,70-79,6
209188,53.0,Employee,Pune,West,HDFC Bank,1640,50-59,4
209189,77.0,Individual,Pune,South,HDFC Bank,1013,70-79,6
209190,23.0,Employee,Nashik,East,HDFC Bank,1630,18-29,1
209191,79.0,Business,Solapur,West,HDFC Bank,1001,70-79,6
209192,33.0,Business,Mumbai,South,HDFC Bank,1515,30-39,2
209193,51.0,Employee,Solapur,North,HDFC Bank,1755,50-59,4
209194,40.0,Business,Solapur,West,HDFC Bank,1065,40-49,3
209195,,Unknown,Pune,East,HDFC Bank,1245,Unknown,7
209196,59.0,Employee,Nashik,East,HDFC Bank,1601,50-59,4
209197,41.0,Individual,Solapur,South,HDFC Bank,1429,40-49,3
209198,73.0,Business,Solapur,South,HDFC Bank,1689,70-79,6
209199,66.0,Individual,Nagpur,West,HDFC Bank,1571,60-69,5
209200,30.0,Business,Mumbai,South,HDFC Bank,1231,30-39,2
209201,73.0,Business,Nashik,West,HDFC Bank,1435,70-79,6
209202,35.0,Business,Mumbai,South,HDFC Bank,1352,30-39,2
209203,71.0,Individual,Pune,North,HDFC Bank,1687,70-79,6
209204,,Business,Solapur,East,HDFC Bank,1678,Unknown,7
209205,66.0,Employee,Solapur,East,HDFC Bank,1382,60-69,5
209206,54.0,Business,Kolhapur,North,HDFC Bank,1709,50-59,4
209207,60.0,Employee,Mumbai,East,HDFC Bank,1059,60-69,5
209208,56.0,Employee,Pune,East,HDFC Bank,1925,50-59,4
209209,78.0,Employee,Kolhapur,East,HDFC Bank,1469,70-79,6
209210,59.0,Employee,Kolhapur,East,HDFC Bank,1410,50-59,4
209211,34.0,Individual,Nagpur,North,HDFC Bank,1082,30-39,2
209212,32.0,Employee,Kolhapur,West,HDFC Bank,1073,30-39,2
209213,35.0,Business,Kolhapur,East,HDFC Bank,1310,30-39,2
209214,40.0,Employee,Nagpur,North,HDFC Bank,1453,40-49,3
209215,71.0,Business,Solapur,East,HDFC Bank,1025,70-79,6
209216,68.0,Unknown,Solapur,North,HDFC Bank,1425,60-69,5
209217,47.0,Employee,Nashik,North,HDFC Bank,1376,40-49,3
209218,75.0,Business,Kolhapur,West,HDFC Bank,1242,70-79,6
209219,51.0,Individual,Mumbai,South,HDFC Bank,1834,50-59,4
209220,75.0,Individual,Solapur,West,HDFC Bank,1627,70-79,6
209221,21.0,Business,Pune,West,HDFC Bank,1322,18-29,1
209222,20.0,Employee,Mumbai,East,HDFC Bank,1179,18-29,1
209223,24.0,Unknown,Nashik,North,HDFC Bank,1773,18-29,1
209224,73.0,Business,Kolhapur,South,HDFC Bank,1625,70-79,6
209225,35.0,Employee,Nagpur,North,HDFC Bank,1265,30-39,2
209226,59.0,Individual,Nashik,East,HDFC Bank,1549,50-59,4
209227,24.0,Business,Mumbai,North,HDFC Bank,1379,18-29,1
209228,57.0,Individual,Nagpur,East,HDFC Bank,1076,50-59,4
209229,23.0,Individual,Pune,West,HDFC Bank,1613,18-29,1
209230,39.0,Unknown,Nagpur,West,HDFC Bank,1523,30-39,2
209231,75.0,Individual,Nagpur,East,HDFC Bank,1813,70-79,6
209232,18.0,Business,Pune,West,HDFC Bank,1048,18-29,1
209233,21.0,Employee,Solapur,North,HDFC Bank,1253,18-29,1
209234,63.0,Business,Solapur,South,HDFC Bank,1858,60-69,5
209235,66.0,Employee,Nagpur,South,HDFC Bank,1379,60-69,5
209236,69.0,Individual,Nagpur,North,HDFC Bank,1248,60-69,5
209237,67.0,Business,Nashik,South,HDFC Bank,1071,60-69,5
209238,60.0,Business,Solapur,North,HDFC Bank,1446,60-69,5
209239,46.0,Unknown,Pune,East,HDFC Bank,1505,40-49,3
209240,38.0,Business,Kolhapur,South,HDFC Bank,1708,30-39,2
209241,43.0,Employee,Kolhapur,East,HDFC Bank,1252,40-49,3
209242,31.0,Employee,Nagpur,East,HDFC Bank,1995,30-39,2
209243,26.0,Individual,Nagpur,North,HDFC Bank,1869,18-29,1
209244,76.0,Individual,Kolhapur,South,HDFC Bank,1298,70-79,6
209245,64.0,Individual,Nashik,West,HDFC Bank,1733,60-69,5
209246,29.0,Unknown,Nashik,West,HDFC Bank,1059,18-29,1
209247,59.0,Business,Nashik,West,HDFC Bank,1356,50-59,4
209248,68.0,Employee,Mumbai,West,HDFC Bank,1156,60-69,5
209249,73.0,Employee,Pune,North,HDFC Bank,1341,70-79,6
209250,68.0,Employee,Mumbai,East,HDFC Bank,1973,60-69,5
209251,23.0,Employee,Nagpur,South,HDFC Bank,1893,18-29,1
209252,37.0,Individual,Nashik,North,HDFC Bank,1201,30-39,2
209253,41.0,Business,Nashik,West,HDFC Bank,1778,40-49,3
209254,44.0,Employee,Kolhapur,South,HDFC Bank,1034,40-49,3
209255,55.0,Business,Kolhapur,North,HDFC Bank,1766,50-59,4
209256,25.0,Business,Nashik,East,HDFC Bank,1534,18-29,1
209257,,Business,Solapur,West,HDFC Bank,1455,Unknown,7
209258,71.0,Business,Kolhapur,South,HDFC Bank,1916,70-79,6
209259,66.0,Employee,Unknown,South,HDFC Bank,1164,60-69,5
209260,66.0,Employee,Mumbai,West,HDFC Bank,1027,60-69,5
209261,41.0,Employee,Pune,East,HDFC Bank,1371,40-49,3
209262,64.0,Individual,Kolhapur,West,HDFC Bank,1862,60-69,5
209263,24.0,Employee,Nashik,East,HDFC Bank,1313,18-29,1
209264,36.0,Individual,Nagpur,South,HDFC Bank,1564,30-39,2
209265,39.0,Individual,Solapur,West,HDFC Bank,1283,30-39,2
209266,,Individual,Kolhapur,East,HDFC Bank,1297,Unknown,7
209267,72.0,Employee,Pune,East,HDFC Bank,1474,70-79,6
209268,77.0,Employee,Nagpur,North,HDFC Bank,1999,70-79,6
209269,52.0,Employee,Kolhapur,East,HDFC Bank,1596,50-59,4
209270,79.0,Individual,Nashik,West,HDFC Bank,1968,70-79,6
209271,47.0,Individual,Nashik,West,HDFC Bank,1348,40-49,3
209272,46.0,Business,Nashik,East,HDFC Bank,1635,40-49,3
209273,,Individual,Nashik,West,HDFC Bank,1444,Unknown,7
209274,28.0,Individual,Kolhapur,South,HDFC Bank,1206,18-29,1
209275,37.0,Employee,Solapur,South,HDFC Bank,1416,30-39,2
209276,79.0,Business,Solapur,West,HDFC Bank,1438,70-79,6
209277,46.0,Business,Pune,East,HDFC Bank,1164,40-49,3
209278,68.0,Business,Kolhapur,South,HDFC Bank,1558,60-69,5
209279,58.0,Employee,Nashik,East,HDFC Bank,1419,50-59,4
209280,59.0,Business,Solapur,West,HDFC Bank,1370,50-59,4
209281,51.0,Unknown,Kolhapur,North,HDFC Bank,1667,50-59,4
209282,18.0,Employee,Nagpur,South,HDFC Bank,1265,18-29,1
209283,48.0,Business,Solapur,West,HDFC Bank,1278,40-49,3
209284,47.0,Individual,Solapur,South,HDFC Bank,1987,40-49,3
209285,65.0,Individual,Pune,East,HDFC Bank,1481,60-69,5
209286,,Individual,Solapur,North,HDFC Bank,1516,Unknown,7
209287,72.0,Individual,Nagpur,North,HDFC Bank,1081,70-79,6
209288,75.0,Individual,Nashik,West,HDFC Bank,1118,70-79,6
209289,34.0,Individual,Mumbai,South,HDFC Bank,1773,30-39,2
209290,55.0,Individual,Pune,North,HDFC Bank,1636,50-59,4
209291,31.0,Individual,Nagpur,South,HDFC Bank,1937,30-39,2
209292,40.0,Individual,Pune,East,HDFC Bank,1302,40-49,3
209293,42.0,Employee,Kolhapur,East,HDFC Bank,1214,40-49,3
209294,32.0,Employee,Nashik,West,HDFC Bank,1027,30-39,2
209295,63.0,Individual,Solapur,North,HDFC Bank,1780,60-69,5
209296,73.0,Employee,Kolhapur,North,HDFC Bank,1497,70-79,6
209297,39.0,Employee,Solapur,South,HDFC Bank,1536,30-39,2
209298,20.0,Individual,Nagpur,East,HDFC Bank,1518,18-29,1
209299,,Individual,Nashik,North,HDFC Bank,1193,Unknown,7
209300,72.0,Employee,Mumbai,West,HDFC Bank,1591,70-79,6
209301,36.0,Individual,Mumbai,West,HDFC Bank,1441,30-39,2
209302,74.0,Individual,Solapur,North,HDFC Bank,1833,70-79,6
209303,61.0,Individual,Kolhapur,West,HDFC Bank,1035,60-69,5
209304,51.0,Individual,Nashik,North,HDFC Bank,1257,50-59,4
209305,52.0,Employee,Unknown,North,HDFC Bank,1112,50-59,4
209306,67.0,Business,Nagpur,North,HDFC Bank,1293,60-69,5
209307,78.0,Employee,Kolhapur,North,HDFC Bank,1713,70-79,6
209308,18.0,Business,Mumbai,South,HDFC Bank,1013,18-29,1
209309,,Business,Nagpur,North,HDFC Bank,1666,Unknown,7
209310,38.0,Business,Pune,West,HDFC Bank,1910,30-39,2
209311,46.0,Employee,Unknown,East,HDFC Bank,1596,40-49,3
209312,23.0,Employee,Mumbai,South,HDFC Bank,1139,18-29,1
209313,54.0,Employee,Nagpur,East,HDFC Bank,1370,50-59,4
209314,18.0,Unknown,Solapur,East,HDFC Bank,1426,18-29,1
209315,68.0,Employee,Pune,East,HDFC Bank,1096,60-69,5
209316,18.0,Business,Nagpur,East,HDFC Bank,1696,18-29,1
209317,44.0,Employee,Solapur,East,HDFC Bank,1487,40-49,3
209318,38.0,Business,Mumbai,West,HDFC Bank,1341,30-39,2
209319,70.0,Employee,Mumbai,North,HDFC Bank,1869,70-79,6
209320,33.0,Employee,Pune,West,HDFC Bank,1491,30-39,2
209321,61.0,Individual,Solapur,South,HDFC Bank,1499,60-69,5
209322,76.0,Business,Nashik,West,HDFC Bank,1431,70-79,6
209323,78.0,Employee,Mumbai,South,HDFC Bank,1188,70-79,6
209324,71.0,Employee,Unknown,North,HDFC Bank,1081,70-79,6
209325,57.0,Employee,Nashik,East,HDFC Bank,1811,50-59,4
209326,43.0,Individual,Nashik,North,HDFC Bank,1179,40-49,3
209327,,Business,Nagpur,West,HDFC Bank,1957,Unknown,7
209328,45.0,Employee,Nagpur,West,HDFC Bank,1897,40-49,3
209329,18.0,Employee,Mumbai,North,HDFC Bank,1860,18-29,1
209330,,Employee,Nashik,North,HDFC Bank,1966,Unknown,7
209331,27.0,Individual,Nagpur,West,HDFC Bank,1414,18-29,1
209332,60.0,Employee,Solapur,North,HDFC Bank,1104,60-69,5
209333,34.0,Business,Solapur,South,HDFC Bank,1380,30-39,2
209334,74.0,Business,Solapur,South,HDFC Bank,1721,70-79,6
209335,76.0,Business,Solapur,West,HDFC Bank,1328,70-79,6
209336,40.0,Business,Nashik,West,HDFC Bank,1248,40-49,3
209337,24.0,Employee,Solapur,North,HDFC Bank,1071,18-29,1
209338,61.0,Unknown,Nashik,North,HDFC Bank,1672,60-69,5
209339,70.0,Individual,Mumbai,East,HDFC Bank,1132,70-79,6
209340,24.0,Individual,Mumbai,South,HDFC Bank,1239,18-29,1
209341,61.0,Employee,Solapur,West,HDFC Bank,1077,60-69,5
209342,32.0,Individual,Solapur,West,HDFC Bank,1569,30-39,2
209343,51.0,Business,Solapur,West,HDFC Bank,1460,50-59,4
209344,63.0,Employee,Mumbai,West,HDFC Bank,1124,60-69,5
209345,62.0,Individual,Nagpur,East,HDFC Bank,1010,60-69,5
209346,21.0,Business,Mumbai,South,HDFC Bank,1467,18-29,1
209347,31.0,Business,Solapur,East,HDFC Bank,1406,30-39,2
209348,31.0,Employee,Nagpur,South,HDFC Bank,1940,30-39,2
209349,33.0,Employee,Nagpur,West,HDFC Bank,1026,30-39,2
209350,24.0,Individual,Pune,South,HDFC Bank,1206,18-29,1
209351,,Individual,Nashik,West,HDFC Bank,1221,Unknown,7
209352,36.0,Individual,Solapur,East,HDFC Bank,1311,30-39,2
209353,19.0,Employee,Nashik,South,HDFC Bank,1381,18-29,1
209354,27.0,Individual,Unknown,North,HDFC Bank,1761,18-29,1
209355,67.0,Individual,Nashik,South,HDFC Bank,1314,60-69,5
209356,78.0,Business,Solapur,West,HDFC Bank,1207,70-79,6
209357,34.0,Business,Pune,North,HDFC Bank,1620,30-39,2
209358,54.0,Business,Nashik,West,HDFC Bank,1295,50-59,4
209359,29.0,Individual,Mumbai,North,HDFC Bank,1401,18-29,1
209360,23.0,Employee,Nagpur,North,HDFC Bank,1434,18-29,1
209361,39.0,Business,Pune,South,HDFC Bank,1572,30-39,2
209362,49.0,Employee,Mumbai,South,HDFC Bank,1121,40-49,3
209363,58.0,Individual,Solapur,North,HDFC Bank,1750,50-59,4
209364,37.0,Individual,Nagpur,North,HDFC Bank,1105,30-39,2
209365,18.0,Business,Unknown,North,HDFC Bank,1790,18-29,1
209366,71.0,Employee,Unknown,West,HDFC Bank,1035,70-79,6
209367,64.0,Business,Kolhapur,South,HDFC Bank,1549,60-69,5
209368,70.0,Individual,Kolhapur,West,HDFC Bank,1071,70-79,6
209369,75.0,Employee,Pune,South,HDFC Bank,1567,70-79,6
209370,,Business,Pune,East,HDFC Bank,1166,Unknown,7
209371,36.0,Individual,Nashik,West,HDFC Bank,1220,30-39,2
209372,35.0,Business,Nagpur,South,HDFC Bank,1075,30-39,2
209373,23.0,Employee,Kolhapur,North,HDFC Bank,1721,18-29,1
209374,62.0,Employee,Kolhapur,North,HDFC Bank,1210,60-69,5
209375,50.0,Employee,Nagpur,South,HDFC Bank,1227,50-59,4
209376,40.0,Employee,Kolhapur,North,HDFC Bank,1736,40-49,3
209377,40.0,Employee,Mumbai,North,HDFC Bank,1452,40-49,3
209378,43.0,Business,Unknown,East,HDFC Bank,1765,40-49,3
209379,30.0,Business,Unknown,East,HDFC Bank,1486,30-39,2
209380,24.0,Business,Solapur,East,HDFC Bank,1667,18-29,1
209381,32.0,Business,Mumbai,West,HDFC Bank,1473,30-39,2
209382,61.0,Individual,Nashik,East,HDFC Bank,1874,60-69,5
209383,44.0,Individual,Pune,East,HDFC Bank,1660,40-49,3
209384,43.0,Business,Kolhapur,East,HDFC Bank,1829,40-49,3
209385,50.0,Individual,Nashik,South,HDFC Bank,1790,50-59,4
209386,32.0,Individual,Unknown,North,HDFC Bank,1916,30-39,2
209387,53.0,Employee,Mumbai,South,HDFC Bank,1970,50-59,4
209388,,Business,Pune,East,HDFC Bank,1489,Unknown,7
209389,72.0,Individual,Solapur,West,HDFC Bank,1375,70-79,6
209390,44.0,Individual,Nashik,South,HDFC Bank,1230,40-49,3
209391,74.0,Business,Solapur,East,HDFC Bank,1911,70-79,6
209392,22.0,Employee,Pune,West,HDFC Bank,1701,18-29,1
209393,,Business,Unknown,West,HDFC Bank,1224,Unknown,7
209394,19.0,Employee,Mumbai,West,HDFC Bank,1474,18-29,1
209395,72.0,Individual,Nagpur,North,HDFC Bank,1576,70-79,6
209396,75.0,Employee,Kolhapur,West,HDFC Bank,1619,70-79,6
209397,50.0,Employee,Mumbai,East,HDFC Bank,1079,50-59,4
209398,33.0,Business,Solapur,South,HDFC Bank,1644,30-39,2
209399,40.0,Individual,Mumbai,South,HDFC Bank,1685,40-49,3
209400,55.0,Business,Pune,East,HDFC Bank,1575,50-59,4
209401,72.0,Business,Nashik,North,HDFC Bank,1209,70-79,6
209402,33.0,Individual,Kolhapur,North,HDFC Bank,1296,30-39,2
209403,31.0,Business,Kolhapur,West,HDFC Bank,1609,30-39,2
209404,46.0,Business,Nagpur,East,HDFC Bank,1171,40-49,3
209405,43.0,Employee,Pune,West,HDFC Bank,1088,40-49,3
209406,52.0,Business,Kolhapur,West,HDFC Bank,1873,50-59,4
209407,32.0,Individual,Kolhapur,East,HDFC Bank,1225,30-39,2
209408,20.0,Business,Nashik,North,HDFC Bank,1142,18-29,1
209409,40.0,Employee,Solapur,North,HDFC Bank,1707,40-49,3
209410,46.0,Business,Solapur,South,HDFC Bank,1690,40-49,3
209411,51.0,Business,Solapur,East,HDFC Bank,1053,50-59,4
209412,50.0,Business,Mumbai,West,HDFC Bank,1195,50-59,4
209413,58.0,Employee,Solapur,East,HDFC Bank,1728,50-59,4
209414,58.0,Individual,Solapur,West,HDFC Bank,1488,50-59,4
209415,40.0,Individual,Mumbai,South,HDFC Bank,1844,40-49,3
209416,24.0,Employee,Nashik,South,HDFC Bank,1297,18-29,1
209417,20.0,Employee,Pune,South,HDFC Bank,1429,18-29,1
209418,75.0,Business,Kolhapur,South,HDFC Bank,1536,70-79,6
209419,49.0,Individual,Nagpur,West,HDFC Bank,1578,40-49,3
209420,48.0,Employee,Kolhapur,North,HDFC Bank,1674,40-49,3
209421,35.0,Individual,Unknown,West,HDFC Bank,1499,30-39,2
209422,60.0,Business,Solapur,South,HDFC Bank,1623,60-69,5
209423,24.0,Employee,Kolhapur,North,HDFC Bank,1840,18-29,1
209424,58.0,Individual,Unknown,East,HDFC Bank,1205,50-59,4
209425,18.0,Individual,Solapur,West,HDFC Bank,1917,18-29,1
209426,78.0,Business,Mumbai,East,HDFC Bank,1879,70-79,6
209427,31.0,Employee,Mumbai,South,HDFC Bank,1136,30-39,2
209428,69.0,Individual,Mumbai,East,HDFC Bank,1407,60-69,5
209429,49.0,Business,Nagpur,North,HDFC Bank,1278,40-49,3
209430,23.0,Individual,Pune,North,HDFC Bank,1444,18-29,1
209431,56.0,Business,Solapur,North,HDFC Bank,1676,50-59,4
209432,27.0,Individual,Nashik,West,HDFC Bank,1940,18-29,1
209433,,Individual,Kolhapur,East,HDFC Bank,1270,Unknown,7
209434,43.0,Business,Kolhapur,East,HDFC Bank,1440,40-49,3
209435,51.0,Employee,Solapur,East,HDFC Bank,1227,50-59,4
209436,47.0,Business,Solapur,South,HDFC Bank,1126,40-49,3
209437,53.0,Employee,Solapur,West,HDFC Bank,1269,50-59,4
209438,38.0,Individual,Unknown,West,HDFC Bank,1819,30-39,2
209439,79.0,Individual,Solapur,East,HDFC Bank,1759,70-79,6
209440,77.0,Business,Kolhapur,West,HDFC Bank,1851,70-79,6
209441,34.0,Unknown,Pune,East,HDFC Bank,1486,30-39,2
209442,50.0,Employee,Nashik,East,HDFC Bank,1547,50-59,4
209443,27.0,Employee,Mumbai,East,HDFC Bank,1154,18-29,1
209444,68.0,Employee,Nashik,North,HDFC Bank,1656,60-69,5
209445,,Business,Solapur,South,HDFC Bank,1985,Unknown,7
209446,59.0,Individual,Nashik,West,HDFC Bank,1936,50-59,4
209447,68.0,Business,Solapur,South,HDFC Bank,1771,60-69,5
209448,29.0,Individual,Nashik,North,HDFC Bank,1898,18-29,1
209449,,Business,Nagpur,West,HDFC Bank,1018,Unknown,7
209450,33.0,Business,Nashik,East,HDFC Bank,1424,30-39,2
209451,58.0,Employee,Mumbai,South,HDFC Bank,1935,50-59,4
209452,49.0,Individual,Mumbai,North,HDFC Bank,1057,40-49,3
209453,32.0,Business,Nashik,West,HDFC Bank,1422,30-39,2
209454,79.0,Business,Kolhapur,West,HDFC Bank,1774,70-79,6
209455,44.0,Unknown,Unknown,South,HDFC Bank,1547,40-49,3
209456,45.0,Business,Kolhapur,South,HDFC Bank,1722,40-49,3
209457,34.0,Individual,Nashik,West,HDFC Bank,1843,30-39,2
209458,63.0,Employee,Kolhapur,West,HDFC Bank,1659,60-69,5
209459,76.0,Unknown,Pune,North,HDFC Bank,1101,70-79,6
209460,67.0,Individual,Nashik,East,HDFC Bank,1075,60-69,5
209461,75.0,Employee,Mumbai,East,HDFC Bank,1924,70-79,6
209462,19.0,Individual,Kolhapur,North,HDFC Bank,1989,18-29,1
209463,,Unknown,Nagpur,West,HDFC Bank,1979,Unknown,7
209464,67.0,Business,Kolhapur,South,HDFC Bank,1579,60-69,5
209465,24.0,Individual,Mumbai,South,HDFC Bank,1065,18-29,1
209466,30.0,Business,Pune,West,HDFC Bank,1814,30-39,2
209467,32.0,Employee,Nashik,North,HDFC Bank,1733,30-39,2
209468,42.0,Business,Kolhapur,West,HDFC Bank,1150,40-49,3
209469,40.0,Business,Nagpur,South,HDFC Bank,1901,40-49,3
209470,77.0,Individual,Unknown,West,HDFC Bank,1785,70-79,6
209471,39.0,Employee,Nagpur,West,HDFC Bank,1436,30-39,2
209472,43.0,Business,Solapur,North,HDFC Bank,1789,40-49,3
209473,50.0,Business,Mumbai,East,HDFC Bank,1996,50-59,4
209474,28.0,Individual,Solapur,South,HDFC Bank,1067,18-29,1
209475,27.0,Individual,Nagpur,South,HDFC Bank,1234,18-29,1
209476,42.0,Employee,Nashik,West,HDFC Bank,1714,40-49,3
209477,54.0,Business,Nashik,South,HDFC Bank,1744,50-59,4
209478,65.0,Individual,Nashik,South,HDFC Bank,1674,60-69,5
209479,60.0,Individual,Solapur,East,HDFC Bank,1970,60-69,5
209480,70.0,Individual,Unknown,South,HDFC Bank,1097,70-79,6
209481,55.0,Employee,Pune,South,HDFC Bank,1008,50-59,4
209482,58.0,Individual,Mumbai,North,HDFC Bank,1926,50-59,4
209483,62.0,Unknown,Mumbai,North,HDFC Bank,1503,60-69,5
209484,41.0,Employee,Nagpur,North,HDFC Bank,1760,40-49,3
209485,57.0,Business,Kolhapur,North,HDFC Bank,1489,50-59,4
209486,63.0,Business,Solapur,North,HDFC Bank,1991,60-69,5
209487,73.0,Employee,Mumbai,East,HDFC Bank,1426,70-79,6
209488,,Business,Solapur,South,HDFC Bank,1226,Unknown,7
209489,34.0,Business,Nagpur,West,HDFC Bank,1752,30-39,2
209490,41.0,Individual,Nashik,East,HDFC Bank,1586,40-49,3
209491,54.0,Business,Kolhapur,West,HDFC Bank,1016,50-59,4
209492,74.0,Employee,Nagpur,North,HDFC Bank,1562,70-79,6
209493,19.0,Business,Pune,South,HDFC Bank,1227,18-29,1
209494,49.0,Individual,Nashik,North,HDFC Bank,1705,40-49,3
209495,74.0,Employee,Nashik,East,HDFC Bank,1791,70-79,6
209496,77.0,Business,Nashik,West,HDFC Bank,1237,70-79,6
209497,79.0,Employee,Nagpur,South,HDFC Bank,1380,70-79,6
209498,41.0,Unknown,Pune,East,HDFC Bank,1782,40-49,3
209499,26.0,Individual,Kolhapur,East,HDFC Bank,1923,18-29,1
209500,,Business,Solapur,South,HDFC Bank,1386,Unknown,7
209501,34.0,Employee,Nagpur,South,HDFC Bank,1668,30-39,2
209502,34.0,Employee,Mumbai,East,HDFC Bank,1253,30-39,2
209503,70.0,Employee,Mumbai,West,HDFC Bank,1307,70-79,6
209504,67.0,Business,Nagpur,West,HDFC Bank,1821,60-69,5
209505,65.0,Business,Solapur,East,HDFC Bank,1313,60-69,5
209506,47.0,Business,Mumbai,East,HDFC Bank,1300,40-49,3
209507,57.0,Individual,Solapur,North,HDFC Bank,1117,50-59,4
209508,75.0,Individual,Nashik,North,HDFC Bank,1844,70-79,6
209509,28.0,Individual,Nagpur,West,HDFC Bank,1049,18-29,1
209510,38.0,Employee,Nashik,North,HDFC Bank,1789,30-39,2
209511,38.0,Employee,Mumbai,West,HDFC Bank,1563,30-39,2
209512,,Employee,Solapur,South,HDFC Bank,1180,Unknown,7
209513,72.0,Employee,Nashik,North,HDFC Bank,1542,70-79,6
209514,46.0,Employee,Mumbai,West,HDFC Bank,1326,40-49,3
209515,41.0,Business,Pune,West,HDFC Bank,1502,40-49,3
209516,27.0,Employee,Unknown,East,HDFC Bank,1495,18-29,1
209517,62.0,Unknown,Pune,West,HDFC Bank,1943,60-69,5
209518,34.0,Individual,Pune,North,HDFC Bank,1245,30-39,2
209519,35.0,Individual,Kolhapur,East,HDFC Bank,1601,30-39,2
209520,59.0,Individual,Mumbai,East,HDFC Bank,1542,50-59,4
209521,65.0,Individual,Nagpur,North,HDFC Bank,1101,60-69,5
209522,37.0,Individual,Solapur,South,HDFC Bank,1229,30-39,2
209523,54.0,Employee,Mumbai,North,HDFC Bank,1387,50-59,4
209524,62.0,Employee,Kolhapur,North,HDFC Bank,1930,60-69,5
209525,35.0,Employee,Kolhapur,East,HDFC Bank,1608,30-39,2
209526,34.0,Unknown,Nashik,North,HDFC Bank,1578,30-39,2
209527,26.0,Individual,Solapur,South,HDFC Bank,1703,18-29,1
209528,31.0,Business,Kolhapur,South,HDFC Bank,1210,30-39,2
209529,66.0,Employee,Nagpur,South,HDFC Bank,1648,60-69,5
209530,46.0,Individual,Mumbai,East,HDFC Bank,1429,40-49,3
209531,48.0,Individual,Nagpur,North,HDFC Bank,1338,40-49,3
209532,21.0,Individual,Nashik,West,HDFC Bank,1183,18-29,1
209533,35.0,Business,Mumbai,North,HDFC Bank,1055,30-39,2
209534,76.0,Individual,Nashik,South,HDFC Bank,1978,70-79,6
209535,37.0,Business,Solapur,North,HDFC Bank,1761,30-39,2
209536,73.0,Business,Solapur,East,HDFC Bank,1281,70-79,6
209537,73.0,Employee,Nagpur,North,HDFC Bank,1571,70-79,6
209538,64.0,Individual,Nagpur,East,HDFC Bank,1127,60-69,5
209539,60.0,Business,Solapur,West,HDFC Bank,1716,60-69,5
209540,61.0,Individual,Pune,West,HDFC Bank,1725,60-69,5
209541,26.0,Employee,Solapur,East,HDFC Bank,1638,18-29,1
209542,30.0,Employee,Mumbai,North,HDFC Bank,1507,30-39,2
209543,32.0,Unknown,Nashik,South,HDFC Bank,1583,30-39,2
209544,44.0,Employee,Solapur,East,HDFC Bank,1215,40-49,3
209545,32.0,Unknown,Solapur,North,HDFC Bank,1089,30-39,2
209546,45.0,Employee,Kolhapur,North,HDFC Bank,1943,40-49,3
209547,54.0,Individual,Nashik,North,HDFC Bank,1313,50-59,4
209548,72.0,Individual,Kolhapur,South,HDFC Bank,1232,70-79,6
209549,36.0,Business,Nashik,South,HDFC Bank,1744,30-39,2
209550,43.0,Business,Mumbai,South,HDFC Bank,1574,40-49,3
209551,69.0,Employee,Nashik,East,HDFC Bank,1887,60-69,5
209552,43.0,Employee,Nagpur,East,HDFC Bank,1246,40-49,3
209553,42.0,Business,Solapur,South,HDFC Bank,1441,40-49,3
209554,43.0,Employee,Nashik,East,HDFC Bank,1898,40-49,3
209555,43.0,Business,Mumbai,South,HDFC Bank,1134,40-49,3
209556,63.0,Individual,Nashik,East,HDFC Bank,1947,60-69,5
209557,45.0,Employee,Solapur,North,HDFC Bank,1881,40-49,3
209558,66.0,Employee,Pune,South,HDFC Bank,1957,60-69,5
209559,,Employee,Nashik,East,HDFC Bank,1001,Unknown,7
209560,49.0,Individual,Nagpur,North,HDFC Bank,1160,40-49,3
209561,70.0,Individual,Solapur,North,HDFC Bank,1139,70-79,6
209562,20.0,Employee,Mumbai,East,HDFC Bank,1303,18-29,1
209563,19.0,Business,Solapur,North,HDFC Bank,1459,18-29,1
209564,50.0,Individual,Kolhapur,West,HDFC Bank,1820,50-59,4
209565,59.0,Unknown,Pune,South,HDFC Bank,1713,50-59,4
209566,,Employee,Mumbai,South,HDFC Bank,1124,Unknown,7
209567,34.0,Individual,Pune,North,HDFC Bank,1936,30-39,2
209568,61.0,Business,Pune,East,HDFC Bank,1884,60-69,5
209569,50.0,Employee,Nagpur,West,HDFC Bank,1346,50-59,4
209570,29.0,Business,Nashik,East,HDFC Bank,1593,18-29,1
209571,66.0,Business,Nagpur,South,HDFC Bank,1953,60-69,5
209572,73.0,Individual,Nagpur,North,HDFC Bank,1323,70-79,6
209573,20.0,Employee,Kolhapur,West,HDFC Bank,1999,18-29,1
209574,60.0,Employee,Nagpur,North,HDFC Bank,1406,60-69,5
209575,66.0,Business,Mumbai,West,HDFC Bank,1468,60-69,5
209576,72.0,Individual,Unknown,North,HDFC Bank,1163,70-79,6
209577,43.0,Individual,Nashik,East,HDFC Bank,1861,40-49,3
209578,52.0,Individual,Mumbai,South,HDFC Bank,1239,50-59,4
209579,25.0,Business,Nagpur,North,HDFC Bank,1212,18-29,1
209580,69.0,Business,Nagpur,North,HDFC Bank,1982,60-69,5
209581,53.0,Employee,Pune,West,HDFC Bank,1148,50-59,4
209582,70.0,Individual,Pune,East,HDFC Bank,1583,70-79,6
209583,71.0,Business,Kolhapur,East,HDFC Bank,1102,70-79,6
209584,24.0,Individual,Solapur,West,HDFC Bank,1182,18-29,1
209585,63.0,Business,Pune,East,HDFC Bank,1504,60-69,5
209586,63.0,Employee,Nashik,South,HDFC Bank,1695,60-69,5
209587,53.0,Individual,Mumbai,North,HDFC Bank,1524,50-59,4
209588,33.0,Business,Nagpur,West,HDFC Bank,1379,30-39,2
209589,41.0,Individual,Solapur,East,HDFC Bank,1743,40-49,3
209590,78.0,Business,Pune,South,HDFC Bank,1661,70-79,6
209591,71.0,Business,Solapur,South,HDFC Bank,1774,70-79,6
209592,79.0,Business,Mumbai,East,HDFC Bank,1023,70-79,6
209593,18.0,Individual,Mumbai,East,HDFC Bank,1700,18-29,1
209594,66.0,Business,Solapur,West,HDFC Bank,1132,60-69,5
209595,42.0,Employee,Solapur,East,HDFC Bank,1049,40-49,3
209596,27.0,Individual,Kolhapur,West,HDFC Bank,1957,18-29,1
209597,71.0,Employee,Solapur,North,HDFC Bank,1694,70-79,6
209598,33.0,Employee,Nagpur,South,HDFC Bank,1025,30-39,2
209599,33.0,Individual,Nashik,West,HDFC Bank,1649,30-39,2
209600,75.0,Business,Pune,South,HDFC Bank,1010,70-79,6
209601,25.0,Employee,Pune,North,HDFC Bank,1807,18-29,1
209602,46.0,Unknown,Pune,East,HDFC Bank,1101,40-49,3
209603,56.0,Business,Solapur,West,HDFC Bank,1010,50-59,4
209604,45.0,Individual,Solapur,East,HDFC Bank,1111,40-49,3
209605,23.0,Individual,Kolhapur,South,HDFC Bank,1605,18-29,1
209606,33.0,Individual,Solapur,West,HDFC Bank,1771,30-39,2
209607,37.0,Business,Kolhapur,North,HDFC Bank,1769,30-39,2
209608,33.0,Employee,Kolhapur,North,HDFC Bank,1972,30-39,2
209609,24.0,Employee,Nagpur,East,HDFC Bank,1166,18-29,1
209610,58.0,Unknown,Nagpur,North,HDFC Bank,1720,50-59,4
209611,,Individual,Nagpur,North,HDFC Bank,1406,Unknown,7
209612,60.0,Business,Unknown,East,HDFC Bank,1044,60-69,5
209613,43.0,Individual,Mumbai,East,HDFC Bank,1841,40-49,3
209614,43.0,Individual,Unknown,West,HDFC Bank,1716,40-49,3
209615,31.0,Individual,Nagpur,West,HDFC Bank,1937,30-39,2
209616,24.0,Employee,Nagpur,East,HDFC Bank,1358,18-29,1
209617,50.0,Individual,Kolhapur,South,HDFC Bank,1553,50-59,4
209618,43.0,Employee,Pune,South,HDFC Bank,1284,40-49,3
209619,74.0,Business,Pune,West,HDFC Bank,1399,70-79,6
209620,62.0,Business,Pune,West,HDFC Bank,1450,60-69,5
209621,37.0,Employee,Nashik,East,HDFC Bank,1611,30-39,2
209622,20.0,Employee,Mumbai,South,HDFC Bank,1443,18-29,1
209623,69.0,Employee,Kolhapur,East,HDFC Bank,1387,60-69,5
209624,,Employee,Solapur,West,HDFC Bank,1355,Unknown,7
209625,78.0,Individual,Kolhapur,North,HDFC Bank,1783,70-79,6
209626,43.0,Employee,Nagpur,North,HDFC Bank,1424,40-49,3
209627,28.0,Employee,Pune,North,HDFC Bank,1005,18-29,1
209628,19.0,Employee,Kolhapur,East,HDFC Bank,1553,18-29,1
209629,31.0,Individual,Mumbai,South,HDFC Bank,1895,30-39,2
209630,61.0,Individual,Nagpur,West,HDFC Bank,1440,60-69,5
209631,47.0,Individual,Nashik,South,HDFC Bank,1923,40-49,3
209632,66.0,Business,Solapur,South,HDFC Bank,1355,60-69,5
209633,29.0,Individual,Nagpur,West,HDFC Bank,1918,18-29,1
209634,43.0,Employee,Solapur,South,HDFC Bank,1764,40-49,3
209635,61.0,Individual,Kolhapur,North,HDFC Bank,1587,60-69,5
209636,50.0,Individual,Nagpur,West,HDFC Bank,1553,50-59,4
209637,30.0,Employee,Nashik,North,HDFC Bank,1862,30-39,2
209638,31.0,Individual,Kolhapur,East,HDFC Bank,1267,30-39,2
209639,41.0,Business,Mumbai,North,HDFC Bank,1891,40-49,3
209640,79.0,Individual,Solapur,East,HDFC Bank,1991,70-79,6
209641,51.0,Business,Solapur,East,HDFC Bank,1216,50-59,4
209642,61.0,Business,Unknown,West,HDFC Bank,1063,60-69,5
209643,43.0,Business,Solapur,North,HDFC Bank,1441,40-49,3
209644,38.0,Employee,Unknown,North,HDFC Bank,1690,30-39,2
209645,45.0,Individual,Pune,North,HDFC Bank,1540,40-49,3
209646,65.0,Business,Unknown,West,HDFC Bank,1274,60-69,5
209647,53.0,Business,Nashik,East,HDFC Bank,1469,50-59,4
209648,57.0,Individual,Nagpur,East,HDFC Bank,1215,50-59,4
209649,19.0,Employee,Nagpur,East,HDFC Bank,1864,18-29,1
209650,59.0,Employee,Mumbai,West,HDFC Bank,1995,50-59,4
209651,26.0,Business,Pune,West,HDFC Bank,1812,18-29,1
209652,40.0,Employee,Kolhapur,South,HDFC Bank,1999,40-49,3
209653,32.0,Individual,Nashik,North,HDFC Bank,1565,30-39,2
209654,30.0,Employee,Nagpur,East,HDFC Bank,1877,30-39,2
209655,40.0,Individual,Unknown,South,HDFC Bank,1591,40-49,3
209656,34.0,Business,Kolhapur,South,HDFC Bank,1193,30-39,2
209657,79.0,Individual,Pune,North,HDFC Bank,1711,70-79,6
209658,65.0,Business,Solapur,West,HDFC Bank,1012,60-69,5
209659,77.0,Individual,Mumbai,South,HDFC Bank,1221,70-79,6
209660,19.0,Individual,Pune,West,HDFC Bank,1704,18-29,1
209661,37.0,Employee,Pune,West,HDFC Bank,1395,30-39,2
209662,37.0,Individual,Pune,North,HDFC Bank,1880,30-39,2
209663,76.0,Business,Pune,South,HDFC Bank,1838,70-79,6
209664,63.0,Individual,Solapur,East,HDFC Bank,1751,60-69,5
209665,20.0,Business,Kolhapur,South,HDFC Bank,1269,18-29,1
209666,72.0,Business,Nashik,East,HDFC Bank,1297,70-79,6
209667,29.0,Individual,Pune,East,HDFC Bank,1610,18-29,1
209668,57.0,Employee,Pune,West,HDFC Bank,1731,50-59,4
209669,19.0,Individual,Mumbai,East,HDFC Bank,1843,18-29,1
209670,53.0,Individual,Nagpur,North,HDFC Bank,1615,50-59,4
209671,31.0,Employee,Solapur,South,HDFC Bank,1431,30-39,2
209672,33.0,Business,Pune,West,HDFC Bank,1888,30-39,2
209673,36.0,Individual,Nashik,West,HDFC Bank,1407,30-39,2
209674,51.0,Employee,Nashik,East,HDFC Bank,1064,50-59,4
209675,61.0,Employee,Nashik,West,HDFC Bank,1656,60-69,5
209676,78.0,Business,Mumbai,North,HDFC Bank,1037,70-79,6
209677,63.0,Employee,Nashik,North,HDFC Bank,1027,60-69,5
209678,23.0,Business,Kolhapur,West,HDFC Bank,1288,18-29,1
209679,30.0,Individual,Mumbai,West,HDFC Bank,1919,30-39,2
209680,,Employee,Solapur,North,HDFC Bank,1878,Unknown,7
209681,39.0,Individual,Nashik,East,HDFC Bank,1236,30-39,2
209682,35.0,Employee,Nagpur,West,HDFC Bank,1125,30-39,2
209683,29.0,Employee,Pune,East,HDFC Bank,1383,18-29,1
209684,69.0,Unknown,Solapur,West,HDFC Bank,1325,60-69,5
209685,76.0,Employee,Kolhapur,North,HDFC Bank,1084,70-79,6
209686,71.0,Individual,Nagpur,West,HDFC Bank,1748,70-79,6
209687,47.0,Individual,Solapur,West,HDFC Bank,1245,40-49,3
209688,70.0,Business,Kolhapur,West,HDFC Bank,1387,70-79,6
209689,68.0,Individual,Nashik,North,HDFC Bank,1928,60-69,5
209690,57.0,Business,Solapur,North,HDFC Bank,1886,50-59,4
209691,24.0,Individual,Solapur,North,HDFC Bank,1265,18-29,1
209692,49.0,Employee,Solapur,South,HDFC Bank,1760,40-49,3
209693,65.0,Individual,Mumbai,South,HDFC Bank,1803,60-69,5
209694,36.0,Employee,Nagpur,South,HDFC Bank,1204,30-39,2
209695,23.0,Business,Kolhapur,South,HDFC Bank,1227,18-29,1
209696,,Employee,Nashik,North,HDFC Bank,1239,Unknown,7
209697,44.0,Individual,Pune,West,HDFC Bank,1072,40-49,3
209698,70.0,Employee,Nashik,North,HDFC Bank,1670,70-79,6
209699,60.0,Business,Nashik,South,HDFC Bank,1387,60-69,5
209700,54.0,Employee,Mumbai,East,HDFC Bank,1377,50-59,4
209701,65.0,Employee,Mumbai,East,HDFC Bank,1211,60-69,5
209702,24.0,Individual,Solapur,North,HDFC Bank,1647,18-29,1
209703,76.0,Individual,Nashik,West,HDFC Bank,1794,70-79,6
209704,22.0,Employee,Nagpur,South,HDFC Bank,1675,18-29,1
209705,28.0,Business,Mumbai,West,HDFC Bank,1648,18-29,1
209706,32.0,Employee,Unknown,West,HDFC Bank,1170,30-39,2
209707,20.0,Business,Mumbai,West,HDFC Bank,1151,18-29,1
209708,75.0,Business,Nagpur,South,HDFC Bank,1676,70-79,6
209709,22.0,Business,Mumbai,North,HDFC Bank,1808,18-29,1
209710,40.0,Employee,Unknown,South,HDFC Bank,1103,40-49,3
209711,70.0,Business,Pune,South,HDFC Bank,1221,70-79,6
209712,54.0,Employee,Nagpur,North,HDFC Bank,1281,50-59,4
209713,26.0,Business,Pune,North,HDFC Bank,1387,18-29,1
209714,32.0,Business,Kolhapur,North,HDFC Bank,1371,30-39,2
209715,20.0,Employee,Solapur,East,HDFC Bank,1128,18-29,1
209716,46.0,Individual,Solapur,East,HDFC Bank,1403,40-49,3
209717,23.0,Individual,Mumbai,North,HDFC Bank,1219,18-29,1
209718,34.0,Employee,Nagpur,West,HDFC Bank,1172,30-39,2
209719,43.0,Employee,Mumbai,East,HDFC Bank,1471,40-49,3
209720,38.0,Individual,Nagpur,South,HDFC Bank,1859,30-39,2
209721,25.0,Individual,Mumbai,South,HDFC Bank,1987,18-29,1
209722,38.0,Individual,Solapur,East,HDFC Bank,1452,30-39,2
209723,74.0,Employee,Kolhapur,South,HDFC Bank,1607,70-79,6
209724,28.0,Business,Solapur,North,HDFC Bank,1501,18-29,1
209725,55.0,Employee,Mumbai,South,HDFC Bank,1051,50-59,4
209726,25.0,Individual,Nagpur,East,HDFC Bank,1093,18-29,1
209727,59.0,Business,Nashik,West,HDFC Bank,1575,50-59,4
209728,41.0,Employee,Unknown,South,HDFC Bank,1020,40-49,3
209729,78.0,Individual,Nagpur,South,HDFC Bank,1105,70-79,6
209730,52.0,Employee,Mumbai,West,HDFC Bank,1847,50-59,4
209731,72.0,Business,Nagpur,East,HDFC Bank,1199,70-79,6
209732,31.0,Individual,Pune,West,HDFC Bank,1843,30-39,2
209733,72.0,Employee,Nagpur,South,HDFC Bank,1351,70-79,6
209734,31.0,Business,Solapur,East,HDFC Bank,1280,30-39,2
209735,27.0,Business,Solapur,North,HDFC Bank,1962,18-29,1
209736,29.0,Employee,Pune,East,HDFC Bank,1281,18-29,1
209737,55.0,Business,Kolhapur,East,HDFC Bank,1611,50-59,4
209738,61.0,Individual,Nagpur,North,HDFC Bank,1848,60-69,5
209739,72.0,Business,Kolhapur,East,HDFC Bank,1538,70-79,6
209740,63.0,Employee,Nashik,South,HDFC Bank,1244,60-69,5
209741,51.0,Individual,Nagpur,South,HDFC Bank,1947,50-59,4
209742,58.0,Business,Unknown,South,HDFC Bank,1574,50-59,4
209743,27.0,Unknown,Solapur,South,HDFC Bank,1853,18-29,1
209744,75.0,Individual,Kolhapur,North,HDFC Bank,1885,70-79,6
209745,34.0,Individual,Mumbai,South,HDFC Bank,1428,30-39,2
209746,34.0,Business,Solapur,East,HDFC Bank,1953,30-39,2
209747,20.0,Individual,Mumbai,West,HDFC Bank,1037,18-29,1
209748,79.0,Employee,Solapur,North,HDFC Bank,1418,70-79,6
209749,48.0,Business,Solapur,North,HDFC Bank,1301,40-49,3
209750,68.0,Employee,Nashik,West,HDFC Bank,1638,60-69,5
209751,18.0,Business,Mumbai,South,HDFC Bank,1070,18-29,1
209752,29.0,Employee,Mumbai,South,HDFC Bank,1898,18-29,1
209753,,Employee,Solapur,East,HDFC Bank,1645,Unknown,7
209754,21.0,Individual,Mumbai,South,HDFC Bank,1764,18-29,1
209755,59.0,Business,Solapur,South,HDFC Bank,1524,50-59,4
209756,30.0,Individual,Solapur,East,HDFC Bank,1173,30-39,2
209757,51.0,Individual,Kolhapur,South,HDFC Bank,1974,50-59,4
209758,59.0,Business,Nagpur,West,HDFC Bank,1089,50-59,4
209759,38.0,Unknown,Mumbai,South,HDFC Bank,1367,30-39,2
209760,39.0,Business,Pune,West,HDFC Bank,1800,30-39,2
209761,74.0,Business,Kolhapur,West,HDFC Bank,1206,70-79,6
209762,21.0,Business,Mumbai,West,HDFC Bank,1061,18-29,1
209763,35.0,Individual,Unknown,South,HDFC Bank,1318,30-39,2
209764,22.0,Business,Nashik,South,HDFC Bank,1823,18-29,1
209765,36.0,Business,Pune,North,HDFC Bank,1550,30-39,2
209766,19.0,Business,Pune,East,HDFC Bank,1059,18-29,1
209767,29.0,Employee,Nashik,East,HDFC Bank,1104,18-29,1
209768,34.0,Unknown,Nashik,North,HDFC Bank,1238,30-39,2
209769,27.0,Employee,Mumbai,West,HDFC Bank,1461,18-29,1
209770,51.0,Employee,Unknown,East,HDFC Bank,1126,50-59,4
209771,23.0,Individual,Nashik,North,HDFC Bank,1082,18-29,1
209772,25.0,Individual,Pune,West,HDFC Bank,1219,18-29,1
209773,78.0,Business,Pune,North,HDFC Bank,1407,70-79,6
209774,68.0,Individual,Mumbai,South,HDFC Bank,1945,60-69,5
209775,28.0,Employee,Nagpur,South,HDFC Bank,1616,18-29,1
209776,74.0,Business,Solapur,West,HDFC Bank,1928,70-79,6
209777,29.0,Business,Nashik,West,HDFC Bank,1971,18-29,1
209778,26.0,Employee,Nashik,South,HDFC Bank,1585,18-29,1
209779,19.0,Employee,Mumbai,East,HDFC Bank,1646,18-29,1
209780,25.0,Employee,Kolhapur,East,HDFC Bank,1429,18-29,1
209781,75.0,Individual,Kolhapur,South,HDFC Bank,1889,70-79,6
209782,28.0,Business,Nagpur,East,HDFC Bank,1573,18-29,1
209783,77.0,Employee,Pune,South,HDFC Bank,1512,70-79,6
209784,70.0,Business,Pune,North,HDFC Bank,1078,70-79,6
209785,53.0,Business,Solapur,North,HDFC Bank,1885,50-59,4
209786,27.0,Individual,Pune,North,HDFC Bank,1064,18-29,1
209787,38.0,Business,Kolhapur,East,HDFC Bank,1940,30-39,2
209788,37.0,Employee,Kolhapur,North,HDFC Bank,1979,30-39,2
209789,65.0,Employee,Nashik,West,HDFC Bank,1182,60-69,5
209790,25.0,Business,Solapur,West,HDFC Bank,1065,18-29,1
209791,53.0,Business,Nagpur,North,HDFC Bank,1834,50-59,4
209792,46.0,Individual,Unknown,West,HDFC Bank,1867,40-49,3
209793,,Employee,Nagpur,North,HDFC Bank,1207,Unknown,7
209794,29.0,Employee,Kolhapur,North,HDFC Bank,1053,18-29,1
209795,78.0,Business,Pune,South,HDFC Bank,1220,70-79,6
209796,31.0,Business,Mumbai,North,HDFC Bank,1235,30-39,2
209797,,Business,Solapur,West,HDFC Bank,1888,Unknown,7
209798,71.0,Employee,Solapur,East,HDFC Bank,1611,70-79,6
209799,67.0,Business,Unknown,North,HDFC Bank,1958,60-69,5
209800,38.0,Individual,Nashik,South,HDFC Bank,1437,30-39,2
209801,39.0,Individual,Kolhapur,West,HDFC Bank,1102,30-39,2
209802,38.0,Business,Nagpur,South,HDFC Bank,1435,30-39,2
209803,61.0,Individual,Mumbai,North,HDFC Bank,1693,60-69,5
209804,67.0,Individual,Nashik,North,HDFC Bank,1962,60-69,5
209805,47.0,Individual,Nashik,North,HDFC Bank,1420,40-49,3
209806,56.0,Individual,Pune,North,HDFC Bank,1107,50-59,4
209807,37.0,Individual,Pune,West,HDFC Bank,1523,30-39,2
209808,41.0,Employee,Kolhapur,East,HDFC Bank,1442,40-49,3
209809,40.0,Business,Unknown,North,HDFC Bank,1505,40-49,3
209810,24.0,Individual,Nashik,South,HDFC Bank,1403,18-29,1
209811,26.0,Business,Nagpur,West,HDFC Bank,1342,18-29,1
209812,18.0,Individual,Mumbai,West,HDFC Bank,1597,18-29,1
209813,43.0,Employee,Nashik,West,HDFC Bank,1799,40-49,3
209814,55.0,Employee,Unknown,South,HDFC Bank,1326,50-59,4
209815,,Individual,Nagpur,East,HDFC Bank,1213,Unknown,7
209816,71.0,Individual,Nashik,South,HDFC Bank,1555,70-79,6
209817,78.0,Individual,Nagpur,South,HDFC Bank,1321,70-79,6
209818,61.0,Employee,Solapur,South,HDFC Bank,1077,60-69,5
209819,39.0,Employee,Nagpur,North,HDFC Bank,1054,30-39,2
209820,61.0,Business,Nashik,North,HDFC Bank,1783,60-69,5
209821,27.0,Employee,Unknown,South,HDFC Bank,1855,18-29,1
209822,72.0,Individual,Nashik,South,HDFC Bank,1070,70-79,6
209823,79.0,Business,Pune,North,HDFC Bank,1067,70-79,6
209824,75.0,Employee,Nashik,North,HDFC Bank,1179,70-79,6
209825,23.0,Employee,Nagpur,East,HDFC Bank,1379,18-29,1
209826,34.0,Individual,Nashik,South,HDFC Bank,1932,30-39,2
209827,,Business,Mumbai,West,HDFC Bank,1685,Unknown,7
209828,,Employee,Nashik,East,HDFC Bank,1680,Unknown,7
209829,55.0,Employee,Nashik,West,HDFC Bank,1900,50-59,4
209830,41.0,Individual,Mumbai,East,HDFC Bank,1449,40-49,3
209831,68.0,Business,Mumbai,South,HDFC Bank,1260,60-69,5
209832,27.0,Business,Mumbai,West,HDFC Bank,1446,18-29,1
209833,73.0,Business,Kolhapur,North,HDFC Bank,1636,70-79,6
209834,25.0,Business,Solapur,East,HDFC Bank,1130,18-29,1
209835,38.0,Individual,Kolhapur,West,HDFC Bank,1233,30-39,2
209836,73.0,Unknown,Nashik,East,HDFC Bank,1903,70-79,6
209837,23.0,Employee,Kolhapur,South,HDFC Bank,1153,18-29,1
209838,38.0,Business,Kolhapur,West,HDFC Bank,1329,30-39,2
209839,,Unknown,Mumbai,West,HDFC Bank,1636,Unknown,7
209840,79.0,Business,Mumbai,West,HDFC Bank,1865,70-79,6
209841,56.0,Employee,Pune,East,HDFC Bank,1890,50-59,4
209842,41.0,Employee,Kolhapur,North,HDFC Bank,1611,40-49,3
209843,50.0,Unknown,Solapur,North,HDFC Bank,1052,50-59,4
209844,76.0,Individual,Nashik,North,HDFC Bank,1843,70-79,6
209845,35.0,Employee,Nagpur,South,HDFC Bank,1467,30-39,2
209846,73.0,Employee,Solapur,West,HDFC Bank,1639,70-79,6
209847,45.0,Business,Solapur,North,HDFC Bank,1412,40-49,3
209848,74.0,Individual,Pune,North,HDFC Bank,1013,70-79,6
209849,69.0,Business,Nashik,West,HDFC Bank,1495,60-69,5
209850,49.0,Business,Nashik,South,HDFC Bank,1516,40-49,3
209851,29.0,Individual,Mumbai,East,HDFC Bank,1761,18-29,1
209852,65.0,Individual,Mumbai,East,HDFC Bank,1367,60-69,5
209853,,Individual,Solapur,East,HDFC Bank,1538,Unknown,7
209854,44.0,Employee,Pune,West,HDFC Bank,1636,40-49,3
209855,27.0,Business,Nashik,South,HDFC Bank,1451,18-29,1
209856,63.0,Employee,Pune,West,HDFC Bank,1540,60-69,5
209857,74.0,Unknown,Nagpur,East,HDFC Bank,1514,70-79,6
209858,69.0,Employee,Nashik,North,HDFC Bank,1480,60-69,5
209859,59.0,Individual,Mumbai,North,HDFC Bank,1413,50-59,4
209860,49.0,Individual,Unknown,North,HDFC Bank,1227,40-49,3
209861,59.0,Business,Pune,East,HDFC Bank,1136,50-59,4
209862,43.0,Business,Mumbai,South,HDFC Bank,1768,40-49,3
209863,42.0,Business,Solapur,East,HDFC Bank,1239,40-49,3
209864,28.0,Employee,Unknown,West,HDFC Bank,1790,18-29,1
209865,40.0,Business,Nashik,South,HDFC Bank,1834,40-49,3
209866,51.0,Individual,Pune,North,HDFC Bank,1671,50-59,4
209867,74.0,Business,Unknown,South,HDFC Bank,1471,70-79,6
209868,69.0,Employee,Kolhapur,South,HDFC Bank,1517,60-69,5
209869,57.0,Business,Mumbai,East,HDFC Bank,1460,50-59,4
209870,79.0,Unknown,Kolhapur,South,HDFC Bank,1304,70-79,6
209871,40.0,Business,Pune,East,HDFC Bank,1654,40-49,3
209872,46.0,Employee,Nashik,West,HDFC Bank,1953,40-49,3
209873,48.0,Individual,Mumbai,South,HDFC Bank,1180,40-49,3
209874,24.0,Individual,Nashik,South,HDFC Bank,1029,18-29,1
209875,,Individual,Nagpur,South,HDFC Bank,1971,Unknown,7
209876,50.0,Business,Nagpur,North,HDFC Bank,1764,50-59,4
209877,38.0,Unknown,Solapur,East,HDFC Bank,1039,30-39,2
209878,19.0,Employee,Unknown,East,HDFC Bank,1186,18-29,1
209879,35.0,Individual,Solapur,North,HDFC Bank,1318,30-39,2
209880,64.0,Business,Nashik,East,HDFC Bank,1815,60-69,5
209881,50.0,Business,Solapur,West,HDFC Bank,1226,50-59,4
209882,54.0,Business,Unknown,North,HDFC Bank,1731,50-59,4
209883,51.0,Employee,Kolhapur,East,HDFC Bank,1891,50-59,4
209884,37.0,Unknown,Kolhapur,West,HDFC Bank,1323,30-39,2
209885,52.0,Employee,Nashik,East,HDFC Bank,1902,50-59,4
209886,68.0,Individual,Nashik,North,HDFC Bank,1942,60-69,5
209887,67.0,Individual,Solapur,East,HDFC Bank,1042,60-69,5
209888,78.0,Business,Kolhapur,West,HDFC Bank,1655,70-79,6
209889,71.0,Business,Kolhapur,West,HDFC Bank,1277,70-79,6
209890,35.0,Business,Solapur,West,HDFC Bank,1318,30-39,2
209891,63.0,Business,Nashik,East,HDFC Bank,1173,60-69,5
209892,79.0,Business,Nagpur,North,HDFC Bank,1758,70-79,6
209893,41.0,Unknown,Nagpur,East,HDFC Bank,1684,40-49,3
209894,25.0,Business,Unknown,South,HDFC Bank,1040,18-29,1
209895,78.0,Business,Nagpur,North,HDFC Bank,1408,70-79,6
209896,47.0,Employee,Pune,South,HDFC Bank,1561,40-49,3
209897,61.0,Employee,Pune,East,HDFC Bank,1322,60-69,5
209898,70.0,Individual,Pune,North,HDFC Bank,1179,70-79,6
209899,27.0,Individual,Nashik,South,HDFC Bank,1853,18-29,1
209900,40.0,Employee,Nashik,East,HDFC Bank,1158,40-49,3
209901,69.0,Employee,Nashik,North,HDFC Bank,1036,60-69,5
209902,66.0,Business,Nashik,West,HDFC Bank,1405,60-69,5
209903,28.0,Business,Nashik,West,HDFC Bank,1538,18-29,1
209904,19.0,Individual,Solapur,West,HDFC Bank,1375,18-29,1
209905,75.0,Employee,Nagpur,South,HDFC Bank,1897,70-79,6
209906,43.0,Unknown,Solapur,South,HDFC Bank,1255,40-49,3
209907,,Business,Nagpur,East,HDFC Bank,1277,Unknown,7
209908,50.0,Individual,Solapur,West,HDFC Bank,1248,50-59,4
209909,64.0,Individual,Pune,South,HDFC Bank,1692,60-69,5
209910,30.0,Individual,Mumbai,West,HDFC Bank,1016,30-39,2
209911,57.0,Business,Nashik,East,HDFC Bank,1367,50-59,4
209912,42.0,Individual,Mumbai,North,HDFC Bank,1124,40-49,3
209913,21.0,Business,Mumbai,South,HDFC Bank,1311,18-29,1
209914,59.0,Employee,Pune,South,HDFC Bank,1211,50-59,4
209915,36.0,Individual,Mumbai,North,HDFC Bank,1471,30-39,2
209916,35.0,Unknown,Unknown,South,HDFC Bank,1748,30-39,2
209917,54.0,Business,Pune,East,HDFC Bank,1414,50-59,4
209918,47.0,Individual,Nagpur,South,HDFC Bank,1499,40-49,3
209919,36.0,Business,Solapur,South,HDFC Bank,1810,30-39,2
209920,75.0,Individual,Kolhapur,North,HDFC Bank,1711,70-79,6
209921,40.0,Employee,Mumbai,East,HDFC Bank,1888,40-49,3
209922,76.0,Employee,Nashik,West,HDFC Bank,1180,70-79,6
209923,71.0,Employee,Pune,West,HDFC Bank,1388,70-79,6
209924,33.0,Individual,Mumbai,North,HDFC Bank,1641,30-39,2
209925,18.0,Individual,Kolhapur,East,HDFC Bank,1632,18-29,1
209926,29.0,Employee,Nagpur,North,HDFC Bank,1186,18-29,1
209927,41.0,Employee,Nagpur,North,HDFC Bank,1899,40-49,3
209928,51.0,Business,Kolhapur,West,HDFC Bank,1738,50-59,4
209929,,Business,Nashik,East,HDFC Bank,1673,Unknown,7
209930,74.0,Employee,Mumbai,East,HDFC Bank,1962,70-79,6
209931,25.0,Employee,Nashik,North,HDFC Bank,1623,18-29,1
209932,35.0,Individual,Nagpur,West,HDFC Bank,1467,30-39,2
209933,74.0,Employee,Nagpur,East,HDFC Bank,1456,70-79,6
209934,65.0,Unknown,Solapur,North,HDFC Bank,1133,60-69,5
209935,,Business,Nagpur,South,HDFC Bank,1697,Unknown,7
209936,,Unknown,Pune,West,HDFC Bank,1174,Unknown,7
209937,47.0,Unknown,Solapur,East,HDFC Bank,1260,40-49,3
209938,71.0,Business,Nashik,East,HDFC Bank,1316,70-79,6
209939,30.0,Business,Nagpur,East,HDFC Bank,1823,30-39,2
209940,36.0,Employee,Unknown,West,HDFC Bank,1869,30-39,2
209941,46.0,Business,Pune,North,HDFC Bank,1930,40-49,3
209942,20.0,Unknown,Solapur,South,HDFC Bank,1886,18-29,1
209943,43.0,Business,Pune,East,HDFC Bank,1990,40-49,3
209944,57.0,Business,Solapur,West,HDFC Bank,1268,50-59,4
209945,76.0,Employee,Solapur,East,HDFC Bank,1793,70-79,6
209946,75.0,Individual,Solapur,North,HDFC Bank,1469,70-79,6
209947,75.0,Individual,Kolhapur,South,HDFC Bank,1223,70-79,6
209948,29.0,Individual,Nashik,East,HDFC Bank,1251,18-29,1
209949,19.0,Individual,Solapur,West,HDFC Bank,1063,18-29,1
209950,28.0,Business,Solapur,North,HDFC Bank,1974,18-29,1
209951,61.0,Individual,Unknown,South,HDFC Bank,1906,60-69,5
209952,45.0,Individual,Solapur,West,HDFC Bank,1829,40-49,3
209953,35.0,Employee,Nashik,East,HDFC Bank,1463,30-39,2
209954,30.0,Employee,Kolhapur,West,HDFC Bank,1942,30-39,2
209955,54.0,Employee,Kolhapur,South,HDFC Bank,1123,50-59,4
209956,39.0,Business,Pune,North,HDFC Bank,1581,30-39,2
209957,29.0,Business,Solapur,North,HDFC Bank,1237,18-29,1
209958,19.0,Business,Pune,East,HDFC Bank,1074,18-29,1
209959,54.0,Employee,Kolhapur,East,HDFC Bank,1441,50-59,4
209960,,Individual,Nashik,East,HDFC Bank,1499,Unknown,7
209961,43.0,Employee,Pune,East,HDFC Bank,1521,40-49,3
209962,43.0,Business,Nashik,South,HDFC Bank,1911,40-49,3
209963,41.0,Employee,Nagpur,East,HDFC Bank,1267,40-49,3
209964,29.0,Unknown,Solapur,West,HDFC Bank,1966,18-29,1
209965,33.0,Business,Nashik,South,HDFC Bank,1486,30-39,2
209966,40.0,Individual,Solapur,South,HDFC Bank,1986,40-49,3
209967,57.0,Individual,Nashik,East,HDFC Bank,1599,50-59,4
209968,79.0,Business,Mumbai,South,HDFC Bank,1049,70-79,6
209969,77.0,Individual,Mumbai,West,HDFC Bank,1654,70-79,6
209970,,Employee,Mumbai,South,HDFC Bank,1058,Unknown,7
209971,49.0,Individual,Nashik,South,HDFC Bank,1453,40-49,3
209972,32.0,Individual,Kolhapur,West,HDFC Bank,1829,30-39,2
209973,54.0,Individual,Kolhapur,West,HDFC Bank,1722,50-59,4
209974,,Employee,Solapur,South,HDFC Bank,1071,Unknown,7
209975,22.0,Individual,Mumbai,North,HDFC Bank,1755,18-29,1
209976,28.0,Individual,Solapur,South,HDFC Bank,1750,18-29,1
209977,27.0,Employee,Nashik,West,HDFC Bank,1189,18-29,1
209978,69.0,Business,Solapur,West,HDFC Bank,1995,60-69,5
209979,30.0,Business,Solapur,West,HDFC Bank,1561,30-39,2
209980,58.0,Business,Unknown,North,HDFC Bank,1716,50-59,4
209981,70.0,Individual,Kolhapur,West,HDFC Bank,1565,70-79,6
209982,63.0,Business,Pune,East,HDFC Bank,1821,60-69,5
209983,67.0,Employee,Nagpur,East,HDFC Bank,1992,60-69,5
209984,32.0,Individual,Nashik,North,HDFC Bank,1735,30-39,2
209985,59.0,Individual,Nashik,West,HDFC Bank,1155,50-59,4
209986,73.0,Individual,Nashik,West,HDFC Bank,1871,70-79,6
209987,24.0,Business,Nagpur,East,HDFC Bank,1562,18-29,1
209988,57.0,Business,Pune,East,HDFC Bank,1752,50-59,4
209989,45.0,Business,Kolhapur,South,HDFC Bank,1841,40-49,3
209990,49.0,Individual,Solapur,North,HDFC Bank,1672,40-49,3
209991,52.0,Employee,Kolhapur,South,HDFC Bank,1640,50-59,4
209992,32.0,Individual,Nashik,North,HDFC Bank,1084,30-39,2
209993,65.0,Employee,Solapur,West,HDFC Bank,1068,60-69,5
209994,53.0,Individual,Mumbai,West,HDFC Bank,1384,50-59,4
209995,38.0,Employee,Kolhapur,North,HDFC Bank,1372,30-39,2
209996,23.0,Individual,Mumbai,South,HDFC Bank,1054,18-29,1
209997,18.0,Individual,Mumbai,East,HDFC Bank,1084,18-29,1
209998,21.0,Employee,Kolhapur,North,HDFC Bank,1856,18-29,1
209999,28.0,Employee,Nashik,North,HDFC Bank,1979,18-29,1
