Transaction_ID,Customer_ID,Account_Type,Total_Balance,Transaction_Amount,Investment_Amount,Investment_Type,Transaction_Date,Year,Month,Month_Name
300000,209689,Business,69339,4794.0,42580,Fixed Deposit,2024-12-08,2024,12,December
300001,206124,Business,12825,3500.0,46605,Fixed Deposit,2022-09-09,2022,9,September
300002,207501,Current,67753,2401.0,17027,Fixed Deposit,2022-04-28,2022,4,April
300003,208675,Savings,67061,2952.0,3054,Fixed Deposit,2023-05-22,2023,5,May
300004,204923,Business,8566,1025.0,44937,Fixed Deposit,2023-04-05,2023,4,April
300005,208422,Business,99584,3685.0,31763,Fixed Deposit,2023-03-02,2023,3,March
300006,200086,Savings,88497,2343.0,26793,Recurring Deposit,2022-10-23,2022,10,October
300007,204484,Savings,20803,1985.0,3709,Fixed Deposit,2022-08-27,2022,8,August
300008,201643,Business,60911,5224.002812996517,45985,Recurring Deposit,2025-02-04,2025,2,February
300009,208910,Business,35489,3714.0,38111,Fixed Deposit,2024-07-15,2024,7,July
300010,204832,Savings,40289,3689.0,4968,Recurring Deposit,2022-08-03,2022,8,August
300011,202229,Savings,19167,3885.0,2633,Mutual Fund,2024-09-23,2024,9,September
300012,202469,Current,96671,997.0,9228,Recurring Deposit,2024-01-05,2024,1,January
300013,206596,Business,91612,3675.0,31008,Mutual Fund,2022-05-09,2022,5,May
300014,202248,Savings,79733,1516.0,24178,Mutual Fund,2022-05-06,2022,5,May
300015,200582,Savings,17467,4788.0,22052,Recurring Deposit,2022-08-13,2022,8,August
300016,204119,Current,55313,1971.0,43970,Mutual Fund,2023-02-23,2023,2,February
300017,200872,Current,12532,2483.0,22133,Mutual Fund,2023-03-17,2023,3,March
300018,202383,Savings,49658,3742.0,7727,Mutual Fund,2024-05-14,2024,5,May
300019,208164,Business,9225,4927.0,10808,Fixed Deposit,2024-10-11,2024,10,October
300020,203721,Business,45900,6627.420212670303,44084,Fixed Deposit,2022-05-01,2022,5,May
300021,209684,Business,70335,361.0,47823,Recurring Deposit,2024-08-08,2024,8,August
300022,207316,Current,20828,1570.0,18262,Recurring Deposit,2023-01-23,2023,1,January
300023,206897,Savings,54204,1310.0,4334,Fixed Deposit,2024-12-24,2024,12,December
300024,201094,Savings,65447,4938.0,2448,Recurring Deposit,2025-03-14,2025,3,March
300025,204007,Current,48288,3773.0,33365,Recurring Deposit,2024-07-14,2024,7,July
300026,204487,Business,21439,1041.0,29394,Fixed Deposit,2024-01-01,2024,1,January
300027,202295,Savings,49736,2393.0,34507,Fixed Deposit,2023-02-26,2023,2,February
300028,209320,Business,71788,4852.0,15429,Fixed Deposit,2024-02-16,2024,2,February
300029,205171,Savings,4032,4578.0,30881,Fixed Deposit,2024-09-21,2024,9,September
300030,202305,Current,38930,4105.0,8971,Mutual Fund,2023-05-27,2023,5,May
300031,205604,Current,70735,1857.0,28139,Fixed Deposit,2022-03-31,2022,3,March
300032,208597,Business,14328,2724.0,46384,Fixed Deposit,2022-11-24,2022,11,November
300033,201654,Current,81984,3532.0,1352,Fixed Deposit,2025-03-09,2025,3,March
300034,204981,Savings,98769,1413.4289702751234,23073,Fixed Deposit,2024-01-06,2024,1,January
300035,209779,Current,53909,3388.0,38051,Fixed Deposit,2023-08-31,2023,8,August
300036,206510,Business,56456,4819.0,30383,Mutual Fund,2023-05-26,2023,5,May
300037,203773,Current,91948,1105.0,5686,Fixed Deposit,2022-11-17,2022,11,November
300038,204445,Savings,76305,2909.0,17613,Mutual Fund,2023-02-18,2023,2,February
300039,206769,Current,24438,1210.0,48004,Mutual Fund,2023-08-25,2023,8,August
300040,207873,Savings,23464,389.0,1320,Mutual Fund,2022-08-26,2022,8,August
300041,202102,Business,86047,1011.0,19917,Recurring Deposit,2022-08-12,2022,8,August
300042,203852,Savings,28306,1480.0,46133,Mutual Fund,2023-11-01,2023,11,November
300043,208987,Current,29241,1747.0,47535,Fixed Deposit,2022-08-18,2022,8,August
300044,202904,Current,6313,4136.0,40430,Fixed Deposit,2023-09-29,2023,9,September
300045,201453,Business,41400,3924.0,29495,Recurring Deposit,2023-09-06,2023,9,September
300046,209070,Current,74796,4109.0,25768,Fixed Deposit,2024-10-13,2024,10,October
300047,208578,Business,60021,1391.0,16081,Mutual Fund,2023-05-05,2023,5,May
300048,202434,Business,11536,3112.0,7987,Mutual Fund,2022-05-27,2022,5,May
300049,209372,Savings,20642,1722.0,1808,Mutual Fund,2024-03-03,2024,3,March
300050,204519,Current,27673,4779.0,12849,Mutual Fund,2024-07-01,2024,7,July
300051,200786,Savings,8325,4174.0,19217,Recurring Deposit,2022-09-30,2022,9,September
300052,206803,Business,2149,1862.0,5514,Mutual Fund,2023-10-30,2023,10,October
300053,203219,Business,29377,4325.54931329541,47497,Fixed Deposit,2022-07-21,2022,7,July
300054,207258,Business,57301,2227.0,39792,Fixed Deposit,2024-07-25,2024,7,July
300055,206699,Savings,25888,4279.0,18200,Mutual Fund,2023-06-19,2023,6,June
300056,201773,Savings,40811,1537.0,23933,Recurring Deposit,2024-11-21,2024,11,November
300057,202042,Business,79085,3989.0,46476,Recurring Deposit,2024-11-05,2024,11,November
300058,209816,Current,18004,2650.0,36131,Mutual Fund,2023-10-03,2023,10,October
300059,207169,Current,46996,2615.5528736962256,13299,Mutual Fund,2024-09-02,2024,9,September
300060,207608,Current,17977,456.0,36194,Mutual Fund,2023-01-13,2023,1,January
300061,209440,Business,28472,260.0,32011,Fixed Deposit,2025-03-19,2025,3,March
300062,204242,Business,54691,3166.0,12049,Fixed Deposit,2022-07-07,2022,7,July
300063,201625,Current,81352,2022.0,46919,Recurring Deposit,2022-05-31,2022,5,May
300064,201471,Savings,34379,1620.0,34662,Fixed Deposit,2025-01-11,2025,1,January
300065,205549,Current,31314,3415.0,16440,Recurring Deposit,2023-03-10,2023,3,March
300066,201346,Savings,14144,663.0,3974,Recurring Deposit,2023-06-13,2023,6,June
300067,209306,Current,58970,3360.0,12027,Recurring Deposit,2022-07-22,2022,7,July
300068,200013,Business,60291,4091.0,30557,Fixed Deposit,2023-03-17,2023,3,March
300069,209363,Current,15668,109.0,40973,Fixed Deposit,2022-08-24,2022,8,August
300070,201826,Savings,11159,781.0,3247,Recurring Deposit,2023-11-01,2023,11,November
300071,208600,Savings,43386,771.1865553972792,16631,Recurring Deposit,2023-05-26,2023,5,May
300072,205507,Current,93190,776.0,1571,Mutual Fund,2024-02-23,2024,2,February
300073,204152,Business,41654,292.0,6727,Recurring Deposit,2024-12-02,2024,12,December
300074,202561,Business,94115,3227.0,16048,Recurring Deposit,2023-10-08,2023,10,October
300075,201902,Savings,74259,587.0,34913,Mutual Fund,2022-11-28,2022,11,November
300076,208596,Business,77182,385.0,37067,Recurring Deposit,2023-10-17,2023,10,October
300077,207916,Current,14799,1367.0,46381,Fixed Deposit,2023-09-23,2023,9,September
300078,205720,Savings,13928,934.0,24135,Fixed Deposit,2023-02-09,2023,2,February
300079,200858,Savings,43133,901.856193185989,4345,Recurring Deposit,2025-01-25,2025,1,January
300080,200208,Current,84847,1222.0,22763,Mutual Fund,2023-05-09,2023,5,May
300081,202190,Current,43308,3681.0,23699,Mutual Fund,2025-03-15,2025,3,March
300082,208109,Current,48383,3311.0,11587,Fixed Deposit,2025-02-14,2025,2,February
300083,207794,Business,86627,2256.0,13962,Fixed Deposit,2024-12-21,2024,12,December
300084,201822,Business,4360,2390.0,8777,Mutual Fund,2022-07-09,2022,7,July
300085,207741,Business,46631,1164.0,29535,Recurring Deposit,2024-10-22,2024,10,October
300086,200545,Current,74422,3891.0,15881,Recurring Deposit,2024-12-01,2024,12,December
300087,208995,Business,20259,2198.0,3160,Recurring Deposit,2022-12-11,2022,12,December
300088,201127,Business,2577,1476.0,5260,Recurring Deposit,2024-06-27,2024,6,June
300089,206476,Current,38065,2227.0,10696,Mutual Fund,2023-04-05,2023,4,April
300090,204092,Current,40483,446.0,37239,Mutual Fund,2022-11-29,2022,11,November
300091,200246,Current,37201,1858.0,41677,Mutual Fund,2024-03-08,2024,3,March
300092,208656,Savings,33653,1438.0,11212,Recurring Deposit,2023-10-31,2023,10,October
300093,206444,Current,98586,4795.0,29859,Recurring Deposit,2023-05-14,2023,5,May
300094,200619,Current,98266,2796.0,32851,Fixed Deposit,2024-12-09,2024,12,December
300095,201958,Business,56360,4167.0,47288,Mutual Fund,2025-02-22,2025,2,February
300096,206681,Savings,99202,553.0,47078,Mutual Fund,2024-08-02,2024,8,August
300097,209421,Business,83453,1409.0,29438,Recurring Deposit,2023-02-25,2023,2,February
300098,208548,Savings,80321,189.0,37746,Recurring Deposit,2025-02-16,2025,2,February
300099,202378,Current,8615,1419.0,24154,Recurring Deposit,2023-08-06,2023,8,August
300100,203351,Savings,69990,1245.40705019437,14369,Recurring Deposit,2022-06-15,2022,6,June
300101,200884,Current,22527,2603.0,7744,Mutual Fund,2023-03-11,2023,3,March
300102,206585,Savings,78341,3102.0,33839,Recurring Deposit,2022-05-09,2022,5,May
300103,209950,Business,62479,1262.0,23149,Fixed Deposit,2023-07-24,2023,7,July
300104,209649,Savings,77880,2023.0,11839,Recurring Deposit,2023-12-04,2023,12,December
300105,206343,Savings,97150,1888.0,32443,Fixed Deposit,2023-05-10,2023,5,May
300106,200550,Current,37640,4869.0,6378,Fixed Deposit,2022-07-01,2022,7,July
300107,208391,Business,57068,544.0,43856,Recurring Deposit,2023-02-11,2023,2,February
300108,209582,Business,77018,2580.0,13089,Recurring Deposit,2024-08-18,2024,8,August
300109,203742,Current,16002,4240.0,10238,Fixed Deposit,2023-07-22,2023,7,July
300110,201443,Current,76069,3992.0,37536,Recurring Deposit,2023-02-14,2023,2,February
300111,204774,Business,2758,2094.0,11322,Fixed Deposit,2025-01-02,2025,1,January
300112,208468,Savings,35712,2850.0,2664,Fixed Deposit,2024-05-04,2024,5,May
300113,200053,Business,88489,4528.0,25322,Recurring Deposit,2023-11-25,2023,11,November
300114,200163,Business,18939,1456.0,42750,Fixed Deposit,2024-12-13,2024,12,December
300115,206798,Business,62558,4163.0,15336,Fixed Deposit,2024-03-02,2024,3,March
300116,202789,Current,49938,4394.0,44374,Fixed Deposit,2022-10-28,2022,10,October
300117,204517,Current,68138,5131.409920894748,25219,Mutual Fund,2023-05-06,2023,5,May
300118,209445,Savings,19937,610.0,8151,Recurring Deposit,2022-10-23,2022,10,October
300119,209521,Savings,9767,4323.0,44076,Recurring Deposit,2023-04-08,2023,4,April
300120,209177,Business,67405,1165.0,1594,Mutual Fund,2024-08-09,2024,8,August
300121,205359,Current,35093,2660.0,6004,Fixed Deposit,2024-07-05,2024,7,July
300122,205652,Business,23971,2731.0,33733,Mutual Fund,2023-05-03,2023,5,May
300123,201080,Current,52943,3698.0,16128,Fixed Deposit,2024-09-14,2024,9,September
300124,208850,Business,43169,2984.0,28130,Recurring Deposit,2024-01-15,2024,1,January
300125,205148,Savings,5247,2553.0,35029,Recurring Deposit,2024-09-12,2024,9,September
300126,202265,Business,72586,3575.0,38148,Recurring Deposit,2023-12-01,2023,12,December
300127,204641,Current,86526,605.0,23902,Fixed Deposit,2023-10-04,2023,10,October
300128,200848,Current,93679,3984.0,36200,Mutual Fund,2023-02-24,2023,2,February
300129,208657,Business,71869,3260.0,44969,Mutual Fund,2022-10-21,2022,10,October
300130,204661,Savings,86647,3763.0,32727,Mutual Fund,2024-05-20,2024,5,May
300131,207711,Business,91053,3774.0,16137,Fixed Deposit,2024-04-25,2024,4,April
300132,204599,Business,6606,674.0,6690,Recurring Deposit,2022-08-09,2022,8,August
300133,205661,Current,76708,4079.0,14536,Recurring Deposit,2022-06-02,2022,6,June
300134,209566,Current,16347,4411.0,10417,Recurring Deposit,2022-09-07,2022,9,September
300135,206111,Savings,21222,2637.0,38073,Recurring Deposit,2022-11-13,2022,11,November
300136,205515,Business,76070,3012.0,16381,Mutual Fund,2024-11-19,2024,11,November
300137,209998,Savings,43649,3982.0,16028,Recurring Deposit,2022-11-24,2022,11,November
300138,208610,Business,92016,1833.0,33244,Recurring Deposit,2025-02-10,2025,2,February
300139,201459,Savings,45434,4885.0,41478,Recurring Deposit,2024-01-05,2024,1,January
300140,204532,Business,76590,689.0,38185,Recurring Deposit,2024-10-02,2024,10,October
300141,206029,Savings,78592,4076.0,15550,Fixed Deposit,2022-06-27,2022,6,June
300142,206289,Business,17919,2965.0,39146,Fixed Deposit,2023-11-08,2023,11,November
300143,202213,Current,16398,3267.0,4757,Mutual Fund,2023-11-03,2023,11,November
300144,200597,Business,99990,2592.0,28000,Recurring Deposit,2024-10-01,2024,10,October
300145,209381,Business,21156,4226.0,33599,Fixed Deposit,2024-03-17,2024,3,March
300146,205528,Current,40524,4756.0,26816,Mutual Fund,2024-06-19,2024,6,June
300147,208637,Business,9929,782.0,20624,Fixed Deposit,2023-04-15,2023,4,April
300148,204749,Savings,18171,2448.0,29221,Mutual Fund,2024-07-27,2024,7,July
300149,200046,Business,18156,2359.0,14701,Mutual Fund,2022-04-07,2022,4,April
300150,209704,Savings,91347,1325.0,14764,Recurring Deposit,2025-02-09,2025,2,February
300151,207890,Current,48523,4841.0,22937,Mutual Fund,2022-09-14,2022,9,September
300152,201286,Savings,74082,1340.0,23950,Recurring Deposit,2025-02-12,2025,2,February
300153,202701,Current,82597,3989.0,9143,Recurring Deposit,2024-07-02,2024,7,July
300154,200942,Savings,99993,553.0,1938,Recurring Deposit,2023-05-09,2023,5,May
300155,202290,Current,8955,2783.0,34108,Mutual Fund,2024-12-10,2024,12,December
300156,200903,Business,64612,1268.0,38242,Mutual Fund,2023-08-31,2023,8,August
300157,205452,Savings,22972,4538.0,11023,Mutual Fund,2022-09-10,2022,9,September
300158,202659,Current,6267,803.0,8556,Recurring Deposit,2023-06-19,2023,6,June
300159,201131,Business,91885,2758.0,30920,Mutual Fund,2024-01-25,2024,1,January
300160,202368,Business,96916,731.0,16938,Fixed Deposit,2022-11-21,2022,11,November
300161,206948,Current,48385,2048.0,46372,Recurring Deposit,2024-02-23,2024,2,February
300162,203544,Current,25726,3434.0,5608,Fixed Deposit,2022-03-26,2022,3,March
300163,208658,Savings,63852,482.0,17190,Mutual Fund,2023-05-04,2023,5,May
300164,204057,Current,30592,580.758814260561,7473,Fixed Deposit,2024-05-06,2024,5,May
300165,204850,Business,95211,2537.0,45303,Fixed Deposit,2022-12-23,2022,12,December
300166,204034,Current,60226,2119.0,11219,Fixed Deposit,2024-05-17,2024,5,May
300167,201135,Savings,62321,2830.0,5123,Recurring Deposit,2022-09-02,2022,9,September
300168,209670,Savings,53385,1054.0,39746,Mutual Fund,2024-11-16,2024,11,November
300169,204383,Savings,59970,1996.0,39453,Recurring Deposit,2023-06-27,2023,6,June
300170,205572,Savings,27041,3360.0,7774,Mutual Fund,2024-12-07,2024,12,December
300171,208532,Savings,70747,1269.0,5490,Recurring Deposit,2024-05-17,2024,5,May
300172,200659,Savings,6986,2289.0,14012,Fixed Deposit,2024-10-22,2024,10,October
300173,200185,Current,28635,2040.0,9484,Fixed Deposit,2023-01-23,2023,1,January
300174,202076,Savings,44194,3082.0,32141,Recurring Deposit,2022-11-13,2022,11,November
300175,201431,Current,88419,4101.0,43232,Fixed Deposit,2023-10-22,2023,10,October
300176,200746,Current,87048,1282.0,45449,Fixed Deposit,2022-11-26,2022,11,November
300177,203834,Business,24356,180.0,41597,Mutual Fund,2024-07-05,2024,7,July
300178,208724,Current,6084,1258.0,1969,Mutual Fund,2024-06-21,2024,6,June
300179,207056,Current,11096,1194.0,43934,Recurring Deposit,2022-03-21,2022,3,March
300180,207259,Current,57100,3812.0,45675,Mutual Fund,2024-10-06,2024,10,October
300181,202975,Savings,68596,2489.0,35436,Recurring Deposit,2023-08-06,2023,8,August
300182,206315,Current,64388,3258.0,29118,Recurring Deposit,2024-04-18,2024,4,April
300183,204209,Business,8463,191.0,19686,Mutual Fund,2022-04-20,2022,4,April
300184,209313,Current,20709,290.0,4279,Recurring Deposit,2022-09-10,2022,9,September
300185,207422,Savings,19445,1355.0,18591,Fixed Deposit,2023-10-05,2023,10,October
300186,203093,Current,94447,3729.0,9594,Fixed Deposit,2023-07-11,2023,7,July
300187,209336,Savings,25735,4764.0,34806,Fixed Deposit,2023-03-27,2023,3,March
300188,208402,Savings,18290,2478.289035114589,19738,Recurring Deposit,2022-06-18,2022,6,June
300189,203773,Savings,85706,3885.0,6272,Mutual Fund,2023-03-30,2023,3,March
300190,202863,Current,33068,1104.0,46259,Recurring Deposit,2024-08-18,2024,8,August
300191,207815,Current,47769,563.0,26568,Fixed Deposit,2022-07-21,2022,7,July
300192,202433,Current,60044,1648.0,45393,Fixed Deposit,2022-08-01,2022,8,August
300193,207451,Business,98324,1618.0,16431,Fixed Deposit,2024-04-13,2024,4,April
300194,201923,Business,81324,1729.0,25244,Mutual Fund,2022-07-06,2022,7,July
300195,200640,Savings,32553,3133.0,29738,Fixed Deposit,2024-06-25,2024,6,June
300196,209806,Business,28289,1265.0,4243,Recurring Deposit,2022-10-02,2022,10,October
300197,201484,Current,5428,4488.0,1805,Fixed Deposit,2022-10-06,2022,10,October
300198,205854,Current,32611,447.93157897385976,30372,Mutual Fund,2025-01-08,2025,1,January
300199,203792,Current,68109,549.0,30252,Recurring Deposit,2024-03-28,2024,3,March
300200,201925,Business,77784,805.0,21582,Fixed Deposit,2024-07-22,2024,7,July
300201,201331,Savings,76879,4868.0,9942,Mutual Fund,2022-12-02,2022,12,December
300202,205452,Business,37018,3045.0,12295,Mutual Fund,2023-05-06,2023,5,May
300203,206333,Savings,95606,3141.0,21219,Fixed Deposit,2024-06-17,2024,6,June
300204,207157,Current,22088,3427.0,37378,Mutual Fund,2024-10-18,2024,10,October
300205,202140,Savings,3077,1630.0,2492,Fixed Deposit,2024-01-07,2024,1,January
300206,207575,Business,47239,2320.0,8457,Recurring Deposit,2023-02-13,2023,2,February
300207,201643,Business,71065,3351.0,39209,Recurring Deposit,2024-07-05,2024,7,July
300208,206859,Business,83950,3001.0,14428,Mutual Fund,2025-02-24,2025,2,February
300209,205097,Current,19214,4834.0,26396,Recurring Deposit,2023-01-27,2023,1,January
300210,205902,Current,72100,3858.0,44678,Fixed Deposit,2023-07-18,2023,7,July
300211,208190,Business,50935,4842.0,21279,Recurring Deposit,2023-11-30,2023,11,November
300212,203710,Current,91826,1264.0,26161,Recurring Deposit,2025-01-27,2025,1,January
300213,209987,Business,71564,4054.0,30080,Fixed Deposit,2024-12-24,2024,12,December
300214,209869,Savings,24860,2815.0,36541,Fixed Deposit,2023-10-22,2023,10,October
300215,202752,Savings,9781,4624.0,49690,Mutual Fund,2024-01-30,2024,1,January
300216,209595,Current,85630,3867.0,26524,Fixed Deposit,2024-06-02,2024,6,June
300217,206193,Current,22881,3647.0,25400,Fixed Deposit,2024-02-20,2024,2,February
300218,208430,Current,74914,4706.0,4541,Recurring Deposit,2022-09-24,2022,9,September
300219,207402,Current,10243,4070.0,24506,Fixed Deposit,2023-04-10,2023,4,April
300220,200318,Savings,50641,377.0,35492,Fixed Deposit,2023-03-05,2023,3,March
300221,208753,Business,44972,4705.0,15242,Recurring Deposit,2022-06-28,2022,6,June
300222,205212,Business,76095,3384.0,37075,Mutual Fund,2023-08-28,2023,8,August
300223,203413,Current,71322,4680.0,1594,Fixed Deposit,2022-04-22,2022,4,April
300224,206385,Business,84665,4475.0,45826,Recurring Deposit,2024-09-19,2024,9,September
300225,202659,Current,66017,3993.0,13426,Mutual Fund,2024-07-28,2024,7,July
300226,201507,Business,28843,1012.0,40145,Mutual Fund,2023-03-13,2023,3,March
300227,207089,Current,95422,3869.0,22019,Mutual Fund,2024-09-20,2024,9,September
300228,204961,Current,74416,3504.0,46858,Mutual Fund,2023-02-26,2023,2,February
300229,202020,Business,7258,290.0,49401,Recurring Deposit,2022-04-01,2022,4,April
300230,200154,Current,5898,1487.0,25708,Mutual Fund,2022-07-09,2022,7,July
300231,208733,Business,92274,1494.0,49517,Recurring Deposit,2024-11-25,2024,11,November
300232,207378,Savings,47608,3595.0,33597,Mutual Fund,2022-06-20,2022,6,June
300233,207892,Current,26169,3246.0,32389,Recurring Deposit,2023-03-11,2023,3,March
300234,201604,Current,36353,2695.2413084457903,44345,Mutual Fund,2022-07-03,2022,7,July
300235,209876,Savings,91621,447.0,43476,Recurring Deposit,2022-05-08,2022,5,May
300236,202536,Current,20952,3801.0,47912,Fixed Deposit,2023-08-16,2023,8,August
300237,209471,Savings,70145,4658.0,2385,Fixed Deposit,2022-07-09,2022,7,July
300238,202899,Business,66848,1893.7966336151444,16535,Recurring Deposit,2024-05-27,2024,5,May
300239,205861,Savings,53343,939.0,46679,Mutual Fund,2023-03-25,2023,3,March
300240,205278,Business,78021,4905.0,25144,Fixed Deposit,2023-05-27,2023,5,May
300241,200868,Savings,86582,3139.0,32943,Fixed Deposit,2025-01-23,2025,1,January
300242,203013,Savings,99286,534.0,9465,Recurring Deposit,2024-04-13,2024,4,April
300243,203310,Savings,8208,1087.0,49288,Recurring Deposit,2023-02-16,2023,2,February
300244,200682,Current,47747,2013.0,47685,Recurring Deposit,2024-07-05,2024,7,July
300245,201461,Current,23516,3425.0,38384,Recurring Deposit,2022-10-12,2022,10,October
300246,203829,Current,96634,3108.0,19099,Recurring Deposit,2024-08-24,2024,8,August
300247,200145,Current,60392,385.0,4082,Fixed Deposit,2024-09-01,2024,9,September
300248,201974,Business,29705,4139.0,20907,Recurring Deposit,2024-03-24,2024,3,March
300249,205627,Savings,14157,1675.0,25065,Mutual Fund,2023-04-02,2023,4,April
300250,201820,Business,65855,728.0,28418,Recurring Deposit,2024-03-24,2024,3,March
300251,206267,Savings,93584,3697.0,8569,Mutual Fund,2023-12-13,2023,12,December
300252,207868,Savings,90943,4751.0,3404,Fixed Deposit,2023-01-10,2023,1,January
300253,206962,Business,47846,4927.0,11913,Fixed Deposit,2022-08-14,2022,8,August
300254,206475,Savings,18993,4869.0,17821,Recurring Deposit,2022-08-18,2022,8,August
300255,208796,Current,38379,266.0,42994,Fixed Deposit,2025-01-07,2025,1,January
300256,206332,Current,14332,2791.0,40158,Fixed Deposit,2024-01-19,2024,1,January
300257,201606,Business,14119,1534.0,2473,Mutual Fund,2023-09-22,2023,9,September
300258,204239,Business,97409,4493.0,46342,Fixed Deposit,2024-01-08,2024,1,January
300259,201547,Business,16205,3310.0,42899,Recurring Deposit,2023-12-19,2023,12,December
300260,206973,Current,44251,3033.0,29727,Fixed Deposit,2024-03-15,2024,3,March
300261,202772,Savings,72630,3477.0,1344,Fixed Deposit,2022-06-13,2022,6,June
300262,201987,Business,96127,664.0,8401,Mutual Fund,2025-01-30,2025,1,January
300263,209577,Savings,76273,2308.935808365653,1146,Mutual Fund,2024-12-30,2024,12,December
300264,202896,Savings,59978,1450.0,44295,Recurring Deposit,2024-12-18,2024,12,December
300265,206975,Business,16824,689.0,30091,Fixed Deposit,2022-08-20,2022,8,August
300266,208174,Business,9223,3040.0,22062,Fixed Deposit,2022-06-23,2022,6,June
300267,209137,Current,3632,2992.0,37493,Mutual Fund,2023-12-06,2023,12,December
300268,209497,Business,52614,553.0,32404,Fixed Deposit,2023-08-30,2023,8,August
300269,206582,Current,7376,3806.0,25832,Mutual Fund,2022-09-06,2022,9,September
300270,208350,Current,24042,3692.0,12443,Recurring Deposit,2023-04-11,2023,4,April
300271,206013,Savings,33871,2337.0,24713,Mutual Fund,2023-01-12,2023,1,January
300272,201350,Current,7178,1094.0,41847,Recurring Deposit,2023-01-10,2023,1,January
300273,207684,Savings,99930,982.0,4934,Fixed Deposit,2024-07-01,2024,7,July
300274,207057,Current,40221,659.0,45673,Fixed Deposit,2024-02-15,2024,2,February
300275,209846,Business,97972,4541.0,19621,Mutual Fund,2022-10-24,2022,10,October
300276,207985,Savings,61245,679.0,30515,Recurring Deposit,2024-01-05,2024,1,January
300277,205875,Business,49239,959.0,48502,Mutual Fund,2022-12-31,2022,12,December
300278,207280,Savings,27009,1534.0,49591,Fixed Deposit,2023-05-27,2023,5,May
300279,203030,Current,95802,3030.0,32503,Mutual Fund,2024-03-08,2024,3,March
300280,200675,Savings,53445,2474.0,8067,Fixed Deposit,2023-04-13,2023,4,April
300281,200368,Business,74057,1436.0,12909,Mutual Fund,2022-07-16,2022,7,July
300282,206770,Savings,13955,4549.0,7938,Recurring Deposit,2024-02-07,2024,2,February
300283,209395,Business,82660,1114.0,10936,Recurring Deposit,2024-07-22,2024,7,July
300284,203360,Savings,41673,795.0,45938,Recurring Deposit,2022-08-20,2022,8,August
300285,201471,Current,56535,4717.0,30324,Mutual Fund,2022-06-07,2022,6,June
300286,205351,Savings,70232,3115.0,42548,Fixed Deposit,2024-12-28,2024,12,December
300287,201348,Business,83298,4451.0,38191,Mutual Fund,2024-07-07,2024,7,July
300288,203016,Current,86135,3850.0,41984,Fixed Deposit,2022-04-12,2022,4,April
300289,200669,Savings,95127,3914.0,25187,Recurring Deposit,2022-08-12,2022,8,August
300290,205727,Current,87258,4980.0,15890,Recurring Deposit,2023-03-23,2023,3,March
300291,201254,Business,44487,4277.0,16659,Mutual Fund,2022-12-04,2022,12,December
300292,202008,Current,70456,1349.0,3003,Fixed Deposit,2023-12-12,2023,12,December
300293,200826,Business,18099,1094.0,40379,Fixed Deposit,2024-04-13,2024,4,April
300294,202311,Savings,14323,1446.0,17681,Fixed Deposit,2024-04-06,2024,4,April
300295,208641,Business,4641,943.0,30594,Mutual Fund,2023-02-16,2023,2,February
300296,208740,Business,24334,775.0,20087,Fixed Deposit,2023-12-03,2023,12,December
300297,201634,Business,22253,262.0,7519,Mutual Fund,2022-06-20,2022,6,June
300298,207908,Business,94191,4313.0,43511,Recurring Deposit,2022-12-01,2022,12,December
300299,203669,Savings,58413,2771.0,32789,Recurring Deposit,2023-10-30,2023,10,October
300300,209830,Business,26949,958.0,16875,Recurring Deposit,2022-03-24,2022,3,March
300301,204719,Business,72740,511.0,4586,Recurring Deposit,2023-11-17,2023,11,November
300302,204448,Savings,86245,1949.0,5445,Mutual Fund,2023-05-06,2023,5,May
300303,201007,Business,68922,2614.0,29946,Mutual Fund,2024-02-25,2024,2,February
300304,201010,Savings,73541,670.0,28932,Mutual Fund,2023-06-07,2023,6,June
300305,207664,Savings,23488,3208.0,19933,Recurring Deposit,2024-01-07,2024,1,January
300306,202800,Business,36119,3275.0,44888,Recurring Deposit,2025-03-07,2025,3,March
300307,208501,Current,43861,3919.0,6355,Fixed Deposit,2024-07-31,2024,7,July
300308,207727,Savings,36434,3721.0,47656,Mutual Fund,2025-01-12,2025,1,January
300309,207528,Savings,39263,1093.0,5372,Fixed Deposit,2024-04-15,2024,4,April
300310,208347,Current,72963,2816.8814138384146,30408,Recurring Deposit,2022-11-16,2022,11,November
300311,209828,Current,77833,1267.0,17906,Fixed Deposit,2023-01-09,2023,1,January
300312,205057,Business,16672,922.0,17994,Recurring Deposit,2023-06-24,2023,6,June
300313,204461,Current,78378,4445.0,47499,Fixed Deposit,2023-02-22,2023,2,February
300314,203152,Savings,50433,487.0,5134,Mutual Fund,2022-06-19,2022,6,June
300315,207807,Current,44710,2898.0,26137,Recurring Deposit,2024-09-05,2024,9,September
300316,207838,Savings,42621,3466.0,20227,Mutual Fund,2024-07-10,2024,7,July
300317,203130,Business,75207,146.0,3067,Mutual Fund,2022-06-23,2022,6,June
300318,209452,Current,7762,703.0,35470,Fixed Deposit,2023-07-21,2023,7,July
300319,204567,Current,42508,3860.0,30162,Recurring Deposit,2022-06-17,2022,6,June
300320,205534,Business,75370,1161.0,14720,Fixed Deposit,2022-06-06,2022,6,June
300321,204469,Business,59331,1185.0,35686,Mutual Fund,2024-09-13,2024,9,September
300322,203380,Current,97089,4768.0,15076,Recurring Deposit,2024-03-30,2024,3,March
300323,201630,Current,17329,580.0,32917,Fixed Deposit,2024-05-10,2024,5,May
300324,209337,Current,90151,1131.0,19119,Mutual Fund,2024-06-23,2024,6,June
300325,206776,Current,50515,3977.0,17159,Mutual Fund,2022-11-20,2022,11,November
300326,200035,Savings,4687,1229.0,25510,Fixed Deposit,2022-06-17,2022,6,June
300327,200724,Current,56702,4487.0,3927,Mutual Fund,2024-05-17,2024,5,May
300328,209668,Savings,81838,2104.0,40793,Mutual Fund,2022-07-23,2022,7,July
300329,202506,Business,54217,2715.0,22803,Fixed Deposit,2023-01-03,2023,1,January
300330,203297,Savings,82749,3728.0,20368,Fixed Deposit,2022-07-05,2022,7,July
300331,200890,Business,80411,631.0,7739,Mutual Fund,2024-09-30,2024,9,September
300332,201400,Current,80114,4130.0,43232,Fixed Deposit,2022-07-04,2022,7,July
300333,207919,Business,52464,1998.0,24560,Mutual Fund,2025-02-01,2025,2,February
300334,209218,Business,98156,303.0,42332,Recurring Deposit,2023-03-21,2023,3,March
300335,204101,Savings,92461,1836.0,17844,Mutual Fund,2023-12-08,2023,12,December
300336,207571,Business,96814,434.0,2061,Fixed Deposit,2022-09-23,2022,9,September
300337,202660,Current,48054,3173.0,3171,Fixed Deposit,2024-08-21,2024,8,August
300338,205958,Current,67126,1335.0,4933,Mutual Fund,2023-04-07,2023,4,April
300339,203749,Business,47901,4081.0,21004,Mutual Fund,2024-09-05,2024,9,September
300340,208867,Business,96624,4338.0,35089,Mutual Fund,2024-09-29,2024,9,September
300341,208709,Current,56110,2240.0,28798,Recurring Deposit,2022-05-21,2022,5,May
300342,204479,Current,90067,4317.0,6194,Fixed Deposit,2024-11-07,2024,11,November
300343,207105,Current,26259,824.0,13278,Recurring Deposit,2022-07-26,2022,7,July
300344,206633,Savings,63156,493.0,6775,Fixed Deposit,2024-01-01,2024,1,January
300345,206694,Savings,77437,1563.0,47555,Recurring Deposit,2025-01-05,2025,1,January
300346,205394,Current,24349,2072.0,9060,Mutual Fund,2024-09-12,2024,9,September
300347,204703,Current,17317,2397.0,37465,Recurring Deposit,2024-08-15,2024,8,August
300348,208353,Savings,40345,2973.0,43087,Mutual Fund,2024-06-10,2024,6,June
300349,200600,Current,35922,3401.0,12418,Fixed Deposit,2023-07-25,2023,7,July
300350,209751,Current,19457,4664.0,47537,Mutual Fund,2023-04-30,2023,4,April
300351,208856,Savings,64669,1990.0,20245,Fixed Deposit,2023-02-01,2023,2,February
300352,204957,Savings,70544,4687.0,23035,Fixed Deposit,2025-01-24,2025,1,January
300353,206173,Savings,3686,4660.0,43330,Mutual Fund,2023-07-22,2023,7,July
300354,204576,Current,56673,1885.0,26429,Fixed Deposit,2023-03-26,2023,3,March
300355,204316,Current,25199,2255.0,16788,Fixed Deposit,2023-05-07,2023,5,May
300356,207733,Current,24575,1185.0,19719,Fixed Deposit,2023-11-25,2023,11,November
300357,206263,Current,16335,2204.0,8455,Recurring Deposit,2022-10-10,2022,10,October
300358,209964,Savings,9460,1058.0,40542,Recurring Deposit,2025-01-27,2025,1,January
300359,206012,Business,68914,2279.0,21656,Fixed Deposit,2024-12-17,2024,12,December
300360,207940,Current,57549,1201.0,45005,Recurring Deposit,2023-06-30,2023,6,June
300361,206657,Current,46164,4062.0,28687,Recurring Deposit,2024-02-29,2024,2,February
300362,201390,Current,53411,1095.0,15340,Mutual Fund,2023-07-25,2023,7,July
300363,207247,Savings,71797,1285.0,4175,Mutual Fund,2022-07-11,2022,7,July
300364,207526,Business,86037,1931.0,49629,Fixed Deposit,2022-04-04,2022,4,April
300365,204286,Current,58586,626.0,26352,Mutual Fund,2024-03-01,2024,3,March
300366,209909,Savings,39638,2966.0,30126,Fixed Deposit,2024-11-09,2024,11,November
300367,201957,Current,97396,1143.0,11897,Fixed Deposit,2024-08-11,2024,8,August
300368,209851,Current,71807,1784.0,35733,Mutual Fund,2022-08-23,2022,8,August
300369,203088,Current,28023,1339.0,29391,Mutual Fund,2022-07-12,2022,7,July
300370,205189,Business,87556,2157.0,28648,Mutual Fund,2024-07-03,2024,7,July
300371,201827,Savings,3066,199.0,14552,Fixed Deposit,2023-02-15,2023,2,February
300372,209308,Business,65080,1516.0,37217,Fixed Deposit,2024-05-14,2024,5,May
300373,202005,Savings,29603,2873.0,4789,Recurring Deposit,2023-05-06,2023,5,May
300374,201161,Savings,56229,2061.0,1727,Fixed Deposit,2022-10-12,2022,10,October
300375,206590,Current,70086,200.0,3553,Mutual Fund,2023-09-14,2023,9,September
300376,200167,Current,53399,3175.0,2744,Fixed Deposit,2022-07-05,2022,7,July
300377,208480,Business,74948,4346.0,20024,Mutual Fund,2023-04-04,2023,4,April
300378,201037,Savings,48391,2189.0,23763,Mutual Fund,2023-10-16,2023,10,October
300379,206198,Business,25144,4153.0,14844,Fixed Deposit,2023-06-06,2023,6,June
300380,204823,Current,99886,1061.0,37207,Mutual Fund,2022-11-21,2022,11,November
300381,207528,Business,90829,3800.0,32522,Fixed Deposit,2024-01-30,2024,1,January
300382,203973,Current,21804,3063.0,34977,Mutual Fund,2024-07-11,2024,7,July
300383,209376,Business,44959,4045.0,39777,Fixed Deposit,2025-03-17,2025,3,March
300384,209674,Business,24162,3707.0,35529,Recurring Deposit,2023-07-03,2023,7,July
300385,200199,Business,51592,3407.0,23732,Fixed Deposit,2024-10-26,2024,10,October
300386,208526,Business,95703,4319.0,23669,Mutual Fund,2024-12-30,2024,12,December
300387,203413,Savings,32181,2660.0,39467,Mutual Fund,2024-06-19,2024,6,June
300388,200178,Business,19810,1518.0,21861,Fixed Deposit,2022-04-02,2022,4,April
300389,208641,Current,59977,2818.0,35775,Mutual Fund,2025-01-21,2025,1,January
300390,201724,Savings,74916,4725.0,44141,Recurring Deposit,2024-07-29,2024,7,July
300391,201179,Savings,57963,186.88100848611936,15739,Fixed Deposit,2023-06-29,2023,6,June
300392,204835,Savings,79272,4698.0,3911,Recurring Deposit,2025-01-14,2025,1,January
300393,200867,Savings,18025,2932.0,33278,Recurring Deposit,2022-08-28,2022,8,August
300394,200977,Savings,97604,4307.0,35829,Fixed Deposit,2022-10-15,2022,10,October
300395,203640,Business,5793,3183.0,8509,Recurring Deposit,2023-05-05,2023,5,May
300396,208857,Business,70659,3509.0,25272,Mutual Fund,2022-09-16,2022,9,September
300397,200782,Business,7816,2127.0,41754,Recurring Deposit,2022-09-03,2022,9,September
300398,204297,Current,57598,2551.0,4841,Mutual Fund,2024-07-27,2024,7,July
300399,208038,Current,4667,2665.0,3786,Recurring Deposit,2022-11-17,2022,11,November
300400,206732,Business,56158,451.0,16459,Fixed Deposit,2023-05-18,2023,5,May
300401,209679,Business,77847,2093.0,44697,Mutual Fund,2023-06-01,2023,6,June
300402,203550,Savings,66526,1247.0,19573,Recurring Deposit,2024-10-15,2024,10,October
300403,208000,Business,86374,3020.0,38395,Mutual Fund,2023-02-11,2023,2,February
300404,207536,Current,67554,2608.405171622823,11459,Fixed Deposit,2023-09-04,2023,9,September
300405,203450,Savings,26132,3010.0,42272,Mutual Fund,2023-01-31,2023,1,January
300406,208314,Business,65415,3579.0,40160,Mutual Fund,2025-02-20,2025,2,February
300407,206197,Savings,42774,4480.0,2771,Mutual Fund,2024-11-30,2024,11,November
300408,205590,Business,59172,1973.0,28586,Recurring Deposit,2023-05-05,2023,5,May
300409,207373,Business,55449,1591.0,36972,Recurring Deposit,2024-05-14,2024,5,May
300410,206310,Savings,91658,4288.0,47004,Mutual Fund,2024-04-17,2024,4,April
300411,205085,Savings,43894,2639.256382349532,39835,Fixed Deposit,2023-04-15,2023,4,April
300412,200959,Current,4492,1827.0,35618,Mutual Fund,2022-06-07,2022,6,June
300413,205130,Business,68130,2242.0,26652,Mutual Fund,2022-08-11,2022,8,August
300414,209598,Current,2944,4598.0,40182,Recurring Deposit,2024-11-30,2024,11,November
300415,204604,Current,51707,858.0,36665,Mutual Fund,2024-01-08,2024,1,January
300416,208755,Business,9879,454.0,21227,Mutual Fund,2023-05-24,2023,5,May
300417,200724,Business,11325,353.1925723694183,16777,Fixed Deposit,2022-05-28,2022,5,May
300418,207221,Current,95867,197.0,4820,Fixed Deposit,2022-03-26,2022,3,March
300419,208438,Current,69494,3254.0,35004,Mutual Fund,2023-08-21,2023,8,August
300420,202628,Current,42533,421.0,37561,Mutual Fund,2022-10-10,2022,10,October
300421,206283,Business,47093,3045.0,20251,Fixed Deposit,2024-12-04,2024,12,December
300422,208596,Savings,38992,2545.0,13451,Fixed Deposit,2023-05-01,2023,5,May
300423,201247,Business,81049,1078.3487988216054,12874,Mutual Fund,2022-11-27,2022,11,November
300424,202394,Current,76984,3717.0,16033,Mutual Fund,2024-02-05,2024,2,February
300425,204958,Savings,96300,3678.789322406789,27849,Mutual Fund,2024-07-25,2024,7,July
300426,206517,Business,67446,4105.0,25493,Recurring Deposit,2024-01-14,2024,1,January
300427,201227,Savings,12326,4415.0,46476,Fixed Deposit,2024-08-08,2024,8,August
300428,208824,Savings,6290,2809.0,37545,Fixed Deposit,2022-04-05,2022,4,April
300429,206435,Current,59138,1604.0,45456,Recurring Deposit,2022-09-10,2022,9,September
300430,206420,Business,32101,841.0,29495,Fixed Deposit,2022-07-15,2022,7,July
300431,206142,Business,48932,1367.0,5507,Recurring Deposit,2025-02-26,2025,2,February
300432,208850,Savings,18717,3138.0,49437,Fixed Deposit,2022-11-07,2022,11,November
300433,207504,Business,82594,540.0,10373,Mutual Fund,2024-07-15,2024,7,July
300434,201123,Business,52947,2865.0,31238,Recurring Deposit,2022-05-15,2022,5,May
300435,206300,Business,92135,1388.0,27597,Recurring Deposit,2023-10-15,2023,10,October
300436,209075,Business,46684,1890.0,47178,Mutual Fund,2024-09-10,2024,9,September
300437,208888,Current,99466,2176.0,14254,Recurring Deposit,2024-07-26,2024,7,July
300438,208906,Current,65080,1064.0,22329,Fixed Deposit,2022-11-06,2022,11,November
300439,206290,Business,48607,525.0,27543,Recurring Deposit,2024-01-17,2024,1,January
300440,203989,Business,61680,872.5161486265661,48289,Mutual Fund,2022-10-04,2022,10,October
300441,200241,Business,93010,2570.0,7228,Recurring Deposit,2022-05-24,2022,5,May
300442,204274,Business,62945,2603.0,30279,Fixed Deposit,2023-07-12,2023,7,July
300443,202227,Business,88101,3809.0,2615,Mutual Fund,2023-10-08,2023,10,October
300444,207024,Current,37606,1967.0,39161,Recurring Deposit,2022-05-21,2022,5,May
300445,209531,Savings,53329,4301.0,43977,Recurring Deposit,2023-09-27,2023,9,September
300446,209935,Savings,60203,4344.0,35581,Mutual Fund,2023-02-10,2023,2,February
300447,206352,Savings,92279,1426.0,9474,Mutual Fund,2025-02-12,2025,2,February
300448,207655,Current,21879,4972.0,32819,Fixed Deposit,2023-04-12,2023,4,April
300449,207414,Current,61380,2970.0,13264,Recurring Deposit,2025-01-20,2025,1,January
300450,209652,Business,31559,190.0,26835,Mutual Fund,2022-08-27,2022,8,August
300451,206686,Current,79367,474.25009677525617,47012,Fixed Deposit,2023-09-21,2023,9,September
300452,208578,Current,9549,4639.0,26831,Mutual Fund,2024-08-06,2024,8,August
300453,205400,Business,46542,2178.0,28465,Recurring Deposit,2023-12-12,2023,12,December
300454,201441,Business,59599,1216.010290409291,5259,Recurring Deposit,2024-11-09,2024,11,November
300455,208992,Business,11277,4001.0,33198,Fixed Deposit,2022-11-16,2022,11,November
300456,200606,Savings,18062,998.0,24410,Fixed Deposit,2023-03-23,2023,3,March
300457,203109,Savings,83365,1053.0,33898,Mutual Fund,2022-11-28,2022,11,November
300458,200365,Business,16806,3239.0,34867,Recurring Deposit,2022-12-21,2022,12,December
300459,207343,Business,35408,1190.0,10439,Recurring Deposit,2023-12-21,2023,12,December
300460,204041,Savings,72695,3751.0,23078,Recurring Deposit,2022-04-28,2022,4,April
300461,209176,Business,91165,285.0,3418,Fixed Deposit,2022-12-24,2022,12,December
300462,201124,Business,25317,2673.0,17733,Fixed Deposit,2023-08-19,2023,8,August
300463,207996,Savings,22228,237.0,38769,Recurring Deposit,2023-12-20,2023,12,December
300464,208682,Current,37750,1585.0,39821,Recurring Deposit,2025-01-24,2025,1,January
300465,203644,Business,83691,2100.0,9211,Mutual Fund,2023-04-10,2023,4,April
300466,204224,Savings,24076,802.0,16374,Fixed Deposit,2023-05-09,2023,5,May
300467,202026,Savings,43279,672.0,24956,Mutual Fund,2022-11-23,2022,11,November
300468,200020,Savings,51750,273.0,11078,Fixed Deposit,2025-03-14,2025,3,March
300469,208219,Current,41003,392.0,1402,Mutual Fund,2022-09-04,2022,9,September
300470,205018,Business,90488,888.0,11218,Mutual Fund,2023-11-05,2023,11,November
300471,207071,Business,16312,4156.0,4719,Mutual Fund,2022-05-20,2022,5,May
300472,201453,Business,53705,3558.0,38289,Recurring Deposit,2024-03-21,2024,3,March
300473,205256,Current,48991,1526.0,21077,Mutual Fund,2023-03-01,2023,3,March
300474,206461,Savings,73367,306.0,19035,Fixed Deposit,2023-01-25,2023,1,January
300475,204835,Savings,46653,2401.0,44501,Mutual Fund,2024-03-05,2024,3,March
300476,205986,Business,93906,2939.0,33750,Recurring Deposit,2023-09-15,2023,9,September
300477,201475,Current,78248,4619.0,46387,Recurring Deposit,2023-07-08,2023,7,July
300478,200935,Savings,83228,1258.0,15608,Recurring Deposit,2023-03-09,2023,3,March
300479,208426,Current,11385,2705.0,25937,Recurring Deposit,2023-03-02,2023,3,March
300480,200034,Business,85774,2517.0,31731,Mutual Fund,2022-04-26,2022,4,April
300481,208530,Current,56227,225.0,41572,Mutual Fund,2025-01-09,2025,1,January
300482,203525,Business,41027,1522.0,14918,Fixed Deposit,2023-01-15,2023,1,January
300483,209694,Current,6580,3663.0,41434,Fixed Deposit,2023-11-29,2023,11,November
300484,205978,Current,86410,824.0,9060,Mutual Fund,2023-08-12,2023,8,August
300485,207807,Savings,59785,3440.4393153696933,44838,Fixed Deposit,2023-05-27,2023,5,May
300486,200705,Savings,34550,186.0,36655,Fixed Deposit,2022-07-06,2022,7,July
300487,204847,Current,15920,3688.0,24805,Fixed Deposit,2023-05-28,2023,5,May
300488,204344,Savings,8014,3870.0,49058,Fixed Deposit,2023-09-17,2023,9,September
300489,209316,Business,13050,2857.0,41495,Recurring Deposit,2024-12-11,2024,12,December
300490,205334,Business,34751,4223.0,3257,Fixed Deposit,2024-05-20,2024,5,May
300491,207467,Savings,16038,4214.0,13137,Mutual Fund,2023-12-01,2023,12,December
300492,209791,Savings,91905,3688.987716102979,19548,Mutual Fund,2025-02-08,2025,2,February
300493,204530,Savings,52376,4402.0,19629,Fixed Deposit,2024-06-30,2024,6,June
300494,200238,Current,10973,1027.0,42115,Recurring Deposit,2023-08-17,2023,8,August
300495,209339,Current,1771,761.0,20612,Recurring Deposit,2022-05-02,2022,5,May
300496,204244,Business,73848,4497.0,9593,Recurring Deposit,2022-09-16,2022,9,September
300497,202104,Current,16488,2870.0,15316,Fixed Deposit,2023-04-30,2023,4,April
300498,203668,Savings,42548,2658.0,9810,Mutual Fund,2022-12-23,2022,12,December
300499,204631,Current,18097,752.0,32830,Fixed Deposit,2024-09-07,2024,9,September
300500,202162,Current,43064,2425.0,34592,Mutual Fund,2023-05-07,2023,5,May
300501,206474,Current,93790,4177.0,21472,Mutual Fund,2022-05-19,2022,5,May
300502,204461,Savings,47292,465.0,4811,Recurring Deposit,2022-09-05,2022,9,September
300503,203565,Current,41030,2652.0,33563,Fixed Deposit,2024-10-02,2024,10,October
300504,205368,Current,36938,4641.0,10754,Mutual Fund,2024-01-25,2024,1,January
300505,202933,Current,28312,1195.0,22044,Mutual Fund,2023-09-09,2023,9,September
300506,203108,Savings,50199,555.0,9204,Mutual Fund,2023-07-21,2023,7,July
300507,200464,Current,48279,2260.0,3710,Mutual Fund,2024-01-27,2024,1,January
300508,205340,Business,75126,3866.0,31442,Mutual Fund,2024-10-17,2024,10,October
300509,202920,Business,27668,4628.0,45374,Recurring Deposit,2024-05-23,2024,5,May
300510,200810,Savings,23841,4426.0,44559,Recurring Deposit,2022-09-16,2022,9,September
300511,205909,Savings,38029,2709.0,44376,Mutual Fund,2023-11-09,2023,11,November
300512,205978,Current,86506,2381.0,48689,Fixed Deposit,2024-09-01,2024,9,September
300513,206629,Savings,88031,2717.0,24261,Mutual Fund,2023-01-10,2023,1,January
300514,200398,Current,5976,3780.0,40609,Fixed Deposit,2023-04-20,2023,4,April
300515,207700,Current,39359,3859.0,14534,Mutual Fund,2022-05-28,2022,5,May
300516,201075,Current,38562,1987.0,3345,Recurring Deposit,2024-01-27,2024,1,January
300517,207598,Current,28232,171.0,39934,Recurring Deposit,2022-03-23,2022,3,March
300518,201862,Savings,93350,3011.0,27087,Fixed Deposit,2024-06-05,2024,6,June
300519,200885,Business,93931,3055.0,40681,Mutual Fund,2024-07-04,2024,7,July
300520,205538,Savings,65170,125.0,34485,Mutual Fund,2025-02-19,2025,2,February
300521,202566,Current,99540,973.0,41231,Recurring Deposit,2025-01-25,2025,1,January
300522,201673,Business,50968,2117.0,21854,Fixed Deposit,2023-01-21,2023,1,January
300523,205259,Current,52135,3742.0,13697,Mutual Fund,2023-10-07,2023,10,October
300524,206490,Current,75259,2999.0,8061,Fixed Deposit,2024-01-19,2024,1,January
300525,201691,Current,62404,2519.0,19733,Recurring Deposit,2022-07-07,2022,7,July
300526,204153,Current,86844,1016.0,25935,Mutual Fund,2025-01-15,2025,1,January
300527,200657,Business,42644,3612.0,29369,Mutual Fund,2023-08-15,2023,8,August
300528,203256,Savings,36472,3654.0,49839,Fixed Deposit,2024-11-13,2024,11,November
300529,206321,Savings,26153,3417.0,42674,Recurring Deposit,2023-07-21,2023,7,July
300530,204054,Savings,69017,1677.0,34645,Recurring Deposit,2025-01-14,2025,1,January
300531,209702,Business,28077,2465.0,11575,Fixed Deposit,2022-09-30,2022,9,September
300532,205246,Business,33536,4942.0,18897,Recurring Deposit,2023-06-30,2023,6,June
300533,209260,Savings,69734,4225.0,1398,Recurring Deposit,2024-05-16,2024,5,May
300534,206333,Business,46697,160.0,2255,Fixed Deposit,2023-07-14,2023,7,July
300535,209577,Current,72670,1927.0,47207,Fixed Deposit,2025-01-19,2025,1,January
300536,202614,Savings,62181,666.0,22842,Mutual Fund,2023-12-15,2023,12,December
300537,200771,Current,38290,2407.0,35375,Recurring Deposit,2023-08-09,2023,8,August
300538,202574,Business,88440,2930.0,34662,Recurring Deposit,2023-12-06,2023,12,December
300539,202196,Current,73100,1322.0,4856,Mutual Fund,2025-03-08,2025,3,March
300540,207933,Business,95643,4291.0,48352,Fixed Deposit,2023-06-23,2023,6,June
300541,206357,Savings,4662,3780.0,11129,Recurring Deposit,2024-07-29,2024,7,July
300542,204715,Savings,3329,1948.0,32809,Fixed Deposit,2022-10-04,2022,10,October
300543,201997,Savings,30080,944.0,21847,Recurring Deposit,2023-01-13,2023,1,January
300544,202082,Business,24966,3339.0,38655,Fixed Deposit,2024-01-03,2024,1,January
300545,208963,Current,20357,3356.201887108497,42552,Mutual Fund,2025-01-16,2025,1,January
300546,206363,Business,77144,169.0,40566,Recurring Deposit,2023-10-30,2023,10,October
300547,201163,Current,74125,2654.0,49690,Mutual Fund,2025-02-05,2025,2,February
300548,206941,Business,4707,1173.0,16194,Fixed Deposit,2022-12-16,2022,12,December
300549,206408,Current,78396,3577.916720333353,21181,Recurring Deposit,2024-11-01,2024,11,November
300550,204882,Savings,53321,1594.0,16662,Mutual Fund,2024-08-21,2024,8,August
300551,205056,Current,33667,1531.0,42149,Fixed Deposit,2023-07-01,2023,7,July
300552,203693,Current,24923,4715.0,24756,Mutual Fund,2023-12-11,2023,12,December
300553,205676,Savings,32716,4636.0,2776,Fixed Deposit,2024-07-19,2024,7,July
300554,200772,Business,21380,4137.0,44763,Mutual Fund,2022-03-21,2022,3,March
300555,200723,Current,9151,2053.0,5194,Fixed Deposit,2023-07-06,2023,7,July
300556,201218,Business,47096,3189.0,37735,Fixed Deposit,2023-06-09,2023,6,June
300557,200705,Current,6732,1196.0,25923,Recurring Deposit,2023-02-10,2023,2,February
300558,209473,Current,10285,2116.0,45233,Mutual Fund,2024-01-17,2024,1,January
300559,204537,Business,54759,3697.0,34206,Recurring Deposit,2024-09-06,2024,9,September
300560,200610,Current,73553,1226.0,26644,Mutual Fund,2024-10-18,2024,10,October
300561,209923,Current,78668,2365.0,4799,Recurring Deposit,2025-01-01,2025,1,January
300562,205054,Business,64725,1927.0,37198,Mutual Fund,2023-08-03,2023,8,August
300563,209844,Business,99718,1159.0,14348,Fixed Deposit,2024-03-12,2024,3,March
300564,207975,Business,80928,1326.0,31307,Recurring Deposit,2024-02-05,2024,2,February
300565,209093,Business,22933,757.0,39327,Mutual Fund,2024-02-05,2024,2,February
300566,204046,Current,77929,2162.0,23192,Mutual Fund,2025-02-02,2025,2,February
300567,208036,Savings,11833,867.0,29153,Recurring Deposit,2023-02-15,2023,2,February
300568,207531,Business,13337,3137.0,25001,Fixed Deposit,2024-05-23,2024,5,May
300569,207314,Business,74659,4467.0,38817,Mutual Fund,2024-03-25,2024,3,March
300570,208362,Current,50621,2223.0,26339,Mutual Fund,2022-12-09,2022,12,December
300571,207880,Savings,34576,113.0,10780,Fixed Deposit,2025-01-07,2025,1,January
300572,207122,Savings,56780,1055.4930535015458,23376,Fixed Deposit,2022-07-30,2022,7,July
300573,202399,Business,45889,164.33254047671218,27085,Recurring Deposit,2023-06-04,2023,6,June
300574,204955,Business,37337,1121.0,27750,Fixed Deposit,2024-05-29,2024,5,May
300575,201374,Savings,54392,4679.0,3955,Recurring Deposit,2025-01-15,2025,1,January
300576,201596,Savings,1205,3473.0,27866,Fixed Deposit,2024-11-28,2024,11,November
300577,209187,Business,55153,3699.0,12092,Mutual Fund,2024-11-06,2024,11,November
300578,206284,Savings,7233,3300.0,22532,Fixed Deposit,2023-08-23,2023,8,August
300579,200745,Current,27482,2828.0,48331,Fixed Deposit,2022-08-13,2022,8,August
300580,205484,Savings,66705,1856.0,12370,Fixed Deposit,2023-03-20,2023,3,March
300581,208934,Savings,55509,894.0,23244,Fixed Deposit,2025-01-29,2025,1,January
300582,209685,Savings,60854,2209.0,23003,Fixed Deposit,2023-07-16,2023,7,July
300583,203520,Savings,67959,229.66550659387968,12957,Recurring Deposit,2023-03-04,2023,3,March
300584,203422,Current,96397,406.0,45591,Recurring Deposit,2023-01-24,2023,1,January
300585,203155,Current,50571,728.0,37458,Recurring Deposit,2022-11-04,2022,11,November
300586,202723,Savings,99700,1979.0,1695,Mutual Fund,2022-04-27,2022,4,April
300587,204268,Savings,12450,4396.0,3536,Recurring Deposit,2022-05-31,2022,5,May
300588,206025,Savings,24815,4292.0,33405,Mutual Fund,2023-04-05,2023,4,April
300589,206061,Current,14398,2565.0,41097,Mutual Fund,2024-03-28,2024,3,March
300590,204240,Business,55504,4945.0,34539,Mutual Fund,2024-10-25,2024,10,October
300591,203522,Savings,36124,510.0,36295,Recurring Deposit,2022-07-12,2022,7,July
300592,201171,Business,30386,712.0,26871,Fixed Deposit,2024-02-26,2024,2,February
300593,206269,Current,48236,708.0,27947,Recurring Deposit,2023-12-24,2023,12,December
300594,206029,Savings,64313,2441.0,33283,Recurring Deposit,2024-11-23,2024,11,November
300595,209856,Current,15070,4998.0,30659,Recurring Deposit,2024-08-31,2024,8,August
300596,202722,Savings,53985,1399.0,13008,Recurring Deposit,2023-01-17,2023,1,January
300597,207633,Business,17114,2428.0,32961,Recurring Deposit,2025-03-06,2025,3,March
300598,208874,Business,9471,4800.0,20174,Recurring Deposit,2023-11-07,2023,11,November
300599,207242,Savings,71122,2070.0,19781,Fixed Deposit,2024-04-26,2024,4,April
300600,201509,Savings,68530,293.0,19545,Recurring Deposit,2023-12-01,2023,12,December
300601,207935,Business,51893,2704.0,27292,Fixed Deposit,2023-04-04,2023,4,April
300602,202263,Current,63600,1897.0,8304,Mutual Fund,2022-11-05,2022,11,November
300603,206886,Savings,75175,797.0,34193,Mutual Fund,2025-01-03,2025,1,January
300604,202284,Current,56492,4012.0,33890,Fixed Deposit,2025-02-21,2025,2,February
300605,202959,Savings,52065,4238.0,5149,Fixed Deposit,2022-03-29,2022,3,March
300606,209848,Savings,28738,1907.0,16690,Mutual Fund,2022-09-02,2022,9,September
300607,203266,Savings,62322,113.0,15200,Recurring Deposit,2024-01-10,2024,1,January
300608,209465,Business,49776,4214.0,2432,Recurring Deposit,2023-02-23,2023,2,February
300609,203518,Business,74548,4827.120798054521,40009,Fixed Deposit,2022-12-19,2022,12,December
300610,206215,Savings,72740,3563.0,2114,Mutual Fund,2025-03-06,2025,3,March
300611,202015,Current,42810,2451.0,14833,Recurring Deposit,2024-06-02,2024,6,June
300612,209109,Savings,50223,4486.0,13529,Fixed Deposit,2024-03-11,2024,3,March
300613,209143,Current,81694,1321.0,6060,Mutual Fund,2022-06-07,2022,6,June
300614,207663,Savings,34219,4550.0,17779,Mutual Fund,2024-08-02,2024,8,August
300615,208346,Current,82771,4462.0,3311,Fixed Deposit,2023-04-12,2023,4,April
300616,208492,Current,70400,1023.0,17069,Fixed Deposit,2022-09-25,2022,9,September
300617,208386,Savings,91310,1707.0,5439,Mutual Fund,2024-02-28,2024,2,February
300618,207564,Savings,89887,4284.0,26368,Recurring Deposit,2022-10-14,2022,10,October
300619,206352,Savings,54530,2077.0,3860,Mutual Fund,2024-03-11,2024,3,March
300620,201437,Business,72655,1661.0,17558,Recurring Deposit,2025-01-21,2025,1,January
300621,208924,Current,26750,4111.0,22693,Mutual Fund,2024-06-23,2024,6,June
300622,203044,Savings,20495,1906.0,3262,Recurring Deposit,2024-08-05,2024,8,August
300623,201451,Business,13658,1948.0,47150,Mutual Fund,2024-10-01,2024,10,October
300624,207087,Savings,11232,2096.0,4290,Fixed Deposit,2023-07-26,2023,7,July
300625,204709,Business,79300,2638.0,3412,Mutual Fund,2024-02-06,2024,2,February
300626,201288,Business,5153,1764.0,33260,Fixed Deposit,2024-10-27,2024,10,October
300627,203247,Current,36363,238.0,37576,Recurring Deposit,2024-05-13,2024,5,May
300628,201375,Savings,32996,4471.0,41120,Recurring Deposit,2024-01-12,2024,1,January
300629,204279,Business,9905,1666.0,44151,Mutual Fund,2024-07-19,2024,7,July
300630,207491,Savings,48519,3919.0,38557,Fixed Deposit,2024-02-11,2024,2,February
300631,203973,Current,77014,710.0,2406,Fixed Deposit,2022-11-23,2022,11,November
300632,204594,Business,23911,3338.0,20359,Recurring Deposit,2024-03-27,2024,3,March
300633,200999,Savings,62846,4642.0,29465,Mutual Fund,2024-02-18,2024,2,February
300634,206338,Current,32911,4550.0,44976,Fixed Deposit,2023-04-27,2023,4,April
300635,202042,Current,43415,3678.141127812727,38565,Fixed Deposit,2023-04-09,2023,4,April
300636,201044,Business,9087,1046.0,47342,Mutual Fund,2024-12-05,2024,12,December
300637,204893,Current,84668,1239.0,28963,Fixed Deposit,2023-05-25,2023,5,May
300638,205688,Business,19732,1100.0,26382,Recurring Deposit,2024-06-07,2024,6,June
300639,209270,Current,70484,3236.0,30772,Recurring Deposit,2024-04-11,2024,4,April
300640,204399,Savings,15938,1331.0,47642,Mutual Fund,2024-11-18,2024,11,November
300641,209749,Savings,41462,208.0,45934,Fixed Deposit,2023-03-27,2023,3,March
300642,205260,Current,99885,1903.0,47548,Recurring Deposit,2023-05-21,2023,5,May
300643,202136,Savings,15040,2303.0,34915,Fixed Deposit,2024-02-02,2024,2,February
300644,202927,Current,44649,3939.0,6243,Recurring Deposit,2022-07-19,2022,7,July
300645,201834,Current,97249,1112.0,34484,Recurring Deposit,2023-06-07,2023,6,June
300646,207754,Current,19785,683.0,20619,Recurring Deposit,2023-03-20,2023,3,March
300647,204400,Current,99944,1858.0,30195,Fixed Deposit,2023-05-17,2023,5,May
300648,203819,Business,13920,2908.0,43311,Recurring Deposit,2023-08-24,2023,8,August
300649,207384,Savings,40093,1233.0,13783,Mutual Fund,2023-07-30,2023,7,July
300650,204379,Savings,82020,4225.0,6226,Mutual Fund,2024-07-07,2024,7,July
300651,207529,Savings,17493,3162.0,10404,Fixed Deposit,2022-07-24,2022,7,July
300652,207535,Business,69993,1542.0,37718,Recurring Deposit,2022-10-21,2022,10,October
300653,208632,Current,29393,4553.0,45153,Mutual Fund,2022-11-10,2022,11,November
300654,203954,Business,45995,4792.0,25811,Mutual Fund,2023-03-15,2023,3,March
300655,209660,Savings,41150,1504.0,48094,Recurring Deposit,2023-11-06,2023,11,November
300656,201962,Current,76878,875.0,29438,Fixed Deposit,2025-03-03,2025,3,March
300657,203448,Current,30075,830.0,25860,Fixed Deposit,2022-11-13,2022,11,November
300658,203567,Current,43554,388.0,45465,Fixed Deposit,2023-02-16,2023,2,February
300659,207817,Savings,49159,1199.0,7807,Fixed Deposit,2022-06-28,2022,6,June
300660,202894,Savings,60640,398.0,12413,Recurring Deposit,2023-12-25,2023,12,December
300661,203010,Business,79629,1680.0,29171,Fixed Deposit,2023-12-14,2023,12,December
300662,203863,Savings,46598,845.0,26423,Recurring Deposit,2023-08-17,2023,8,August
300663,207325,Current,80516,4121.0,25768,Recurring Deposit,2024-07-10,2024,7,July
300664,200744,Current,47817,3658.0,5978,Recurring Deposit,2024-03-13,2024,3,March
300665,207392,Savings,33562,4310.0,26501,Fixed Deposit,2023-12-26,2023,12,December
300666,200556,Current,3460,4074.0,35851,Fixed Deposit,2022-06-25,2022,6,June
300667,203800,Current,47682,263.0,42705,Recurring Deposit,2023-02-05,2023,2,February
300668,204725,Business,59334,2940.0,7566,Recurring Deposit,2024-01-02,2024,1,January
300669,201851,Current,42790,2360.0,22177,Recurring Deposit,2023-11-16,2023,11,November
300670,202356,Current,19166,392.0,21021,Recurring Deposit,2024-09-13,2024,9,September
300671,203864,Savings,74697,495.0,9457,Recurring Deposit,2025-03-05,2025,3,March
300672,204197,Savings,89912,2807.685512844428,11296,Mutual Fund,2022-04-20,2022,4,April
300673,206275,Current,75259,2569.0,20659,Recurring Deposit,2024-08-31,2024,8,August
300674,201883,Business,92806,1691.0,11318,Recurring Deposit,2023-11-01,2023,11,November
300675,204297,Business,14342,3251.0,40675,Mutual Fund,2024-03-30,2024,3,March
300676,207454,Current,46446,2084.0,40293,Mutual Fund,2022-03-30,2022,3,March
300677,203843,Current,19655,1504.0,31749,Recurring Deposit,2023-09-18,2023,9,September
300678,206437,Current,18910,539.0,34588,Recurring Deposit,2023-06-27,2023,6,June
300679,208209,Current,42942,4492.0,43572,Fixed Deposit,2023-11-16,2023,11,November
300680,200671,Business,77284,1574.0,24680,Mutual Fund,2023-12-31,2023,12,December
300681,206092,Business,44056,4696.0,11833,Recurring Deposit,2024-07-04,2024,7,July
300682,209330,Business,22866,623.0,35086,Mutual Fund,2024-07-16,2024,7,July
300683,208399,Business,50959,196.0,15219,Recurring Deposit,2024-10-13,2024,10,October
300684,200160,Current,67245,3092.0,23705,Fixed Deposit,2023-02-26,2023,2,February
300685,204414,Business,76679,2133.0,42352,Mutual Fund,2024-04-17,2024,4,April
300686,204557,Business,99021,1744.0,46699,Fixed Deposit,2023-02-24,2023,2,February
300687,201582,Business,42305,2806.0,23524,Recurring Deposit,2023-05-18,2023,5,May
300688,202956,Savings,88507,1829.0,40130,Mutual Fund,2024-01-27,2024,1,January
300689,206195,Current,28403,541.0,19011,Fixed Deposit,2024-04-13,2024,4,April
300690,208243,Business,78544,4538.0,25599,Recurring Deposit,2022-05-05,2022,5,May
300691,207338,Current,73172,3408.0,11236,Fixed Deposit,2023-11-15,2023,11,November
300692,204705,Current,50006,2731.0,28203,Fixed Deposit,2023-08-25,2023,8,August
300693,201744,Current,48342,4321.0,20899,Recurring Deposit,2025-01-23,2025,1,January
300694,206274,Savings,63105,1383.0,40165,Recurring Deposit,2025-02-08,2025,2,February
300695,209155,Savings,20292,4734.0,12931,Mutual Fund,2023-12-09,2023,12,December
300696,208117,Business,32645,1661.0,26918,Fixed Deposit,2022-12-02,2022,12,December
300697,204932,Current,35237,2500.0,41477,Mutual Fund,2024-03-16,2024,3,March
300698,201149,Savings,46802,3024.0,6570,Recurring Deposit,2022-10-05,2022,10,October
300699,202559,Current,26576,2131.0,7802,Recurring Deposit,2024-11-11,2024,11,November
300700,201067,Business,87288,2187.0,23676,Fixed Deposit,2024-06-27,2024,6,June
300701,201829,Current,72574,2860.0,43260,Recurring Deposit,2022-05-01,2022,5,May
300702,204283,Savings,2048,4397.0,43323,Fixed Deposit,2023-11-23,2023,11,November
300703,200922,Current,38620,2688.0,46823,Mutual Fund,2024-09-25,2024,9,September
300704,206746,Business,93997,3512.0,22814,Fixed Deposit,2024-08-13,2024,8,August
300705,201550,Business,98525,1370.0,13064,Recurring Deposit,2025-01-13,2025,1,January
300706,202982,Savings,46604,2529.0,24973,Mutual Fund,2022-05-02,2022,5,May
300707,202044,Current,37308,2061.0,23024,Mutual Fund,2022-07-29,2022,7,July
300708,205813,Savings,66349,341.0,7193,Fixed Deposit,2024-12-13,2024,12,December
300709,207097,Savings,74493,3508.0,15942,Mutual Fund,2024-01-15,2024,1,January
300710,201597,Savings,6840,4185.0,13319,Fixed Deposit,2022-10-17,2022,10,October
300711,205709,Savings,47538,3832.0,43024,Mutual Fund,2024-03-07,2024,3,March
300712,202321,Savings,19947,1534.0,9086,Recurring Deposit,2022-12-28,2022,12,December
300713,204858,Savings,3219,195.0,32603,Recurring Deposit,2022-06-07,2022,6,June
300714,201317,Current,65841,205.0,41847,Recurring Deposit,2023-04-29,2023,4,April
300715,203555,Savings,31992,4334.37049230339,28221,Mutual Fund,2023-10-30,2023,10,October
300716,204297,Savings,88476,3052.0,38342,Recurring Deposit,2023-08-11,2023,8,August
300717,201557,Current,12538,1502.0,49046,Recurring Deposit,2023-02-12,2023,2,February
300718,206304,Business,22333,495.0,39313,Recurring Deposit,2024-02-25,2024,2,February
300719,201069,Current,6688,627.0,38828,Mutual Fund,2023-08-10,2023,8,August
300720,200497,Current,37174,3227.0,21121,Mutual Fund,2023-08-27,2023,8,August
300721,200104,Business,93459,2710.0,17474,Recurring Deposit,2023-10-30,2023,10,October
300722,203753,Current,98276,4682.0,18372,Recurring Deposit,2023-05-27,2023,5,May
300723,205042,Business,88097,3454.0,35639,Recurring Deposit,2024-01-04,2024,1,January
300724,204035,Savings,10483,3628.0,13471,Mutual Fund,2023-04-16,2023,4,April
300725,205204,Current,17415,2213.0,16321,Recurring Deposit,2022-07-26,2022,7,July
300726,201847,Business,69014,170.0,37871,Fixed Deposit,2024-03-20,2024,3,March
300727,209769,Savings,68497,3051.0,14514,Recurring Deposit,2022-04-20,2022,4,April
300728,202572,Business,54469,3849.0,45290,Fixed Deposit,2024-07-05,2024,7,July
300729,206965,Business,89114,1910.0,19241,Mutual Fund,2022-06-09,2022,6,June
300730,200983,Business,22288,2075.0,20840,Mutual Fund,2023-09-15,2023,9,September
300731,206434,Current,71526,3327.0,30696,Fixed Deposit,2023-03-04,2023,3,March
300732,206482,Savings,46858,2113.0,40251,Mutual Fund,2024-12-24,2024,12,December
300733,204629,Business,73276,4158.0,32529,Fixed Deposit,2022-07-05,2022,7,July
300734,204647,Savings,63741,2852.0,5687,Fixed Deposit,2024-12-27,2024,12,December
300735,207540,Business,31148,2325.0,34583,Recurring Deposit,2022-05-22,2022,5,May
300736,209691,Business,96797,2563.0,2986,Recurring Deposit,2022-05-08,2022,5,May
300737,200126,Current,4025,2291.0,13286,Mutual Fund,2023-04-09,2023,4,April
300738,201757,Savings,39052,4645.0,46350,Recurring Deposit,2023-01-24,2023,1,January
300739,207390,Business,96147,2977.0,46893,Mutual Fund,2022-04-21,2022,4,April
300740,202269,Business,89401,4941.0,25554,Mutual Fund,2024-11-10,2024,11,November
300741,201614,Savings,11100,2469.0,30604,Mutual Fund,2022-11-12,2022,11,November
300742,200098,Business,77299,3830.0,28880,Mutual Fund,2023-03-26,2023,3,March
300743,201506,Current,18812,871.0,27147,Fixed Deposit,2022-10-03,2022,10,October
300744,203475,Current,26629,3125.0,26590,Fixed Deposit,2024-03-25,2024,3,March
300745,203257,Current,87312,2321.0,13097,Recurring Deposit,2025-01-23,2025,1,January
300746,200375,Business,60694,4048.0,23904,Mutual Fund,2022-09-14,2022,9,September
300747,203474,Current,59627,1738.0,33286,Fixed Deposit,2024-08-13,2024,8,August
300748,200235,Business,2947,3329.0,31375,Fixed Deposit,2023-02-22,2023,2,February
300749,204753,Current,17989,1676.0,19510,Fixed Deposit,2024-03-12,2024,3,March
300750,204163,Savings,73111,4596.0,45414,Mutual Fund,2025-03-11,2025,3,March
300751,207111,Current,36704,2222.0,6792,Fixed Deposit,2023-04-23,2023,4,April
300752,208157,Savings,64729,4169.0,29865,Recurring Deposit,2023-10-15,2023,10,October
300753,209391,Current,88567,4067.0,20633,Mutual Fund,2022-12-06,2022,12,December
300754,207699,Business,55111,561.0,23871,Recurring Deposit,2024-10-17,2024,10,October
300755,206727,Savings,78707,1673.0,25154,Fixed Deposit,2024-10-19,2024,10,October
300756,208808,Savings,13779,2157.527279471554,18522,Mutual Fund,2022-09-14,2022,9,September
300757,209009,Business,35702,4923.0858085649215,8262,Fixed Deposit,2022-11-30,2022,11,November
300758,200052,Savings,20090,4720.0,14254,Fixed Deposit,2023-07-17,2023,7,July
300759,205386,Savings,1729,2843.0,20965,Fixed Deposit,2022-09-04,2022,9,September
300760,203103,Business,11186,167.0,18433,Recurring Deposit,2024-09-04,2024,9,September
300761,200190,Savings,42949,4894.0,3497,Mutual Fund,2022-04-29,2022,4,April
300762,209910,Savings,14211,2910.0,21879,Mutual Fund,2023-07-18,2023,7,July
300763,207354,Business,80727,3860.0,11127,Mutual Fund,2024-08-31,2024,8,August
300764,209022,Savings,50162,1076.0,47328,Mutual Fund,2025-02-05,2025,2,February
300765,203472,Business,73106,3374.0,36158,Recurring Deposit,2023-10-25,2023,10,October
300766,205273,Savings,40807,102.0,21464,Mutual Fund,2023-11-27,2023,11,November
300767,202098,Business,93460,3378.0,7951,Recurring Deposit,2023-01-23,2023,1,January
300768,202585,Current,5134,668.0,43248,Mutual Fund,2022-07-17,2022,7,July
300769,200450,Savings,16326,1448.0,29711,Recurring Deposit,2024-09-25,2024,9,September
300770,204429,Savings,9782,3947.0,31046,Fixed Deposit,2025-02-25,2025,2,February
300771,208956,Current,59832,3693.0,45401,Fixed Deposit,2024-11-19,2024,11,November
300772,200481,Current,88000,102.0,44385,Recurring Deposit,2023-04-02,2023,4,April
300773,202407,Business,4223,2765.0,12264,Recurring Deposit,2022-08-26,2022,8,August
300774,204648,Savings,47074,3521.0,38844,Recurring Deposit,2025-03-08,2025,3,March
300775,200075,Savings,20747,886.0,14959,Recurring Deposit,2023-07-02,2023,7,July
300776,201460,Business,60232,1016.0,14330,Mutual Fund,2025-02-15,2025,2,February
300777,207871,Current,30547,1332.0,9183,Mutual Fund,2024-10-08,2024,10,October
300778,207501,Savings,89579,3274.0,37654,Fixed Deposit,2022-09-25,2022,9,September
300779,201998,Current,87720,1878.0,7775,Fixed Deposit,2024-08-16,2024,8,August
300780,202590,Business,87922,430.0,10754,Mutual Fund,2022-05-23,2022,5,May
300781,205032,Savings,46652,640.0,23228,Recurring Deposit,2023-09-11,2023,9,September
300782,208390,Business,45793,4458.0,43966,Recurring Deposit,2024-06-25,2024,6,June
300783,201097,Business,81433,2196.0,17234,Recurring Deposit,2024-01-15,2024,1,January
300784,203494,Savings,3611,588.0,10421,Mutual Fund,2025-01-11,2025,1,January
300785,203965,Current,97517,4593.0,19635,Mutual Fund,2023-10-17,2023,10,October
300786,202141,Current,49429,3782.0,7779,Fixed Deposit,2022-07-06,2022,7,July
300787,207020,Business,59053,1779.0,9629,Fixed Deposit,2024-05-14,2024,5,May
300788,206503,Business,90813,1272.4236232485728,29612,Fixed Deposit,2024-12-20,2024,12,December
300789,207336,Current,2653,568.0,31776,Mutual Fund,2023-09-02,2023,9,September
300790,208488,Business,35236,940.0,20638,Mutual Fund,2022-04-09,2022,4,April
300791,202772,Business,50440,3549.0,20910,Mutual Fund,2024-01-02,2024,1,January
300792,200317,Savings,67940,4256.0,39148,Recurring Deposit,2024-04-20,2024,4,April
300793,200271,Business,52595,1032.0,24266,Fixed Deposit,2022-08-31,2022,8,August
300794,201367,Business,69129,3284.750516283112,23621,Fixed Deposit,2024-01-23,2024,1,January
300795,207021,Savings,46087,3170.0,10129,Fixed Deposit,2023-10-04,2023,10,October
300796,207250,Current,63998,3742.0,31538,Recurring Deposit,2024-12-02,2024,12,December
300797,203311,Savings,55885,1679.9969210631737,7087,Mutual Fund,2024-03-04,2024,3,March
300798,209850,Current,78380,4050.0,41091,Fixed Deposit,2022-11-13,2022,11,November
300799,208634,Savings,62991,899.0,43891,Fixed Deposit,2024-01-26,2024,1,January
300800,208800,Business,24930,3573.0,15508,Recurring Deposit,2022-12-19,2022,12,December
300801,201092,Current,57350,985.0,4873,Fixed Deposit,2024-06-08,2024,6,June
300802,203784,Savings,96627,3411.0,7750,Recurring Deposit,2024-12-25,2024,12,December
300803,206612,Savings,98261,3180.0,6972,Fixed Deposit,2023-05-14,2023,5,May
300804,202857,Current,92405,4833.0,11703,Recurring Deposit,2024-11-01,2024,11,November
300805,201944,Current,96050,3144.0,23743,Mutual Fund,2024-07-04,2024,7,July
300806,202871,Current,52899,2730.0,27837,Recurring Deposit,2024-04-10,2024,4,April
300807,209134,Current,39366,3581.0,13473,Mutual Fund,2024-03-12,2024,3,March
300808,206604,Savings,80449,1008.0,38644,Fixed Deposit,2024-01-26,2024,1,January
300809,209649,Current,34826,1797.0,2288,Mutual Fund,2024-09-26,2024,9,September
300810,209556,Current,11266,398.0,15060,Fixed Deposit,2023-05-11,2023,5,May
300811,207639,Current,22124,5729.795634880601,23382,Fixed Deposit,2023-08-03,2023,8,August
300812,202138,Business,12338,4520.0,10543,Mutual Fund,2023-04-06,2023,4,April
300813,208480,Current,83866,1799.0,13758,Fixed Deposit,2022-08-02,2022,8,August
300814,206937,Business,9934,3804.0,1048,Fixed Deposit,2023-05-28,2023,5,May
300815,206115,Current,97859,3373.0,16497,Mutual Fund,2024-02-19,2024,2,February
300816,203344,Current,49527,1959.0,36944,Fixed Deposit,2023-04-03,2023,4,April
300817,207700,Savings,61327,1098.0,41912,Mutual Fund,2024-03-11,2024,3,March
300818,207148,Savings,43327,457.0,43288,Mutual Fund,2024-08-22,2024,8,August
300819,207681,Savings,36011,1851.0,21146,Fixed Deposit,2024-10-24,2024,10,October
300820,204686,Savings,44217,2487.0,38042,Recurring Deposit,2025-01-21,2025,1,January
300821,206699,Current,35422,1043.0,10031,Mutual Fund,2023-10-30,2023,10,October
300822,202630,Business,61365,140.0,23420,Fixed Deposit,2023-08-25,2023,8,August
300823,207914,Current,54072,1033.0,47064,Fixed Deposit,2022-05-04,2022,5,May
300824,200223,Current,13200,4172.0,36688,Recurring Deposit,2024-04-26,2024,4,April
300825,201521,Current,36444,1326.0,35008,Mutual Fund,2023-08-07,2023,8,August
300826,201654,Savings,14609,1390.0,24560,Recurring Deposit,2022-12-28,2022,12,December
300827,206048,Current,85371,3788.0,29521,Mutual Fund,2024-04-16,2024,4,April
300828,205144,Current,29861,4260.0,33367,Fixed Deposit,2023-02-13,2023,2,February
300829,204772,Business,22875,1604.0,26130,Mutual Fund,2023-09-23,2023,9,September
300830,206307,Savings,50258,4906.0,22157,Fixed Deposit,2023-04-26,2023,4,April
300831,200736,Business,73123,938.0,27155,Fixed Deposit,2023-08-31,2023,8,August
300832,208337,Business,84240,612.0,30513,Recurring Deposit,2023-05-29,2023,5,May
300833,206978,Current,2408,2602.0,9431,Fixed Deposit,2024-10-02,2024,10,October
300834,201033,Business,32247,3175.0,30593,Recurring Deposit,2025-03-14,2025,3,March
300835,206663,Business,88349,4440.0,44773,Mutual Fund,2023-05-24,2023,5,May
300836,202281,Current,41927,2696.0,28098,Mutual Fund,2024-07-31,2024,7,July
300837,207348,Savings,81924,1521.0,29471,Fixed Deposit,2022-04-05,2022,4,April
300838,206033,Current,89775,1970.0,10301,Recurring Deposit,2024-05-31,2024,5,May
300839,204619,Savings,2217,1916.0,25759,Recurring Deposit,2023-01-11,2023,1,January
300840,209919,Business,7807,1973.0,14997,Fixed Deposit,2022-07-31,2022,7,July
300841,208577,Savings,25638,4133.0,1752,Recurring Deposit,2023-03-30,2023,3,March
300842,204939,Current,29471,3342.0,37243,Mutual Fund,2023-12-12,2023,12,December
300843,206478,Savings,93653,2173.0,40129,Recurring Deposit,2024-04-17,2024,4,April
300844,200513,Current,37788,3383.0,35084,Mutual Fund,2024-07-30,2024,7,July
300845,208218,Current,49765,4850.0,9611,Recurring Deposit,2023-03-29,2023,3,March
300846,200664,Current,19090,4073.0,31172,Mutual Fund,2025-02-25,2025,2,February
300847,202187,Savings,84072,2312.0,39517,Fixed Deposit,2024-03-29,2024,3,March
300848,205824,Business,22365,3952.0,9006,Mutual Fund,2024-12-18,2024,12,December
300849,206238,Business,75367,2803.0,24242,Mutual Fund,2024-04-21,2024,4,April
300850,206311,Business,40562,653.0,23199,Mutual Fund,2024-02-15,2024,2,February
300851,201540,Savings,11387,1828.0,5290,Fixed Deposit,2022-04-16,2022,4,April
300852,209947,Savings,90166,2792.0,1546,Fixed Deposit,2022-08-12,2022,8,August
300853,202631,Savings,35011,4802.0,34152,Recurring Deposit,2023-06-21,2023,6,June
300854,207157,Savings,24368,3598.0,47761,Fixed Deposit,2023-02-28,2023,2,February
300855,208499,Current,19835,3622.0,26536,Mutual Fund,2023-12-09,2023,12,December
300856,201993,Current,54364,2445.0,6088,Mutual Fund,2025-02-27,2025,2,February
300857,200703,Business,9126,481.0,4946,Fixed Deposit,2023-04-02,2023,4,April
300858,206638,Savings,10806,2664.0,5719,Recurring Deposit,2023-07-09,2023,7,July
300859,200354,Business,73809,3654.0,29098,Mutual Fund,2025-01-15,2025,1,January
300860,200546,Current,75848,707.0,14655,Mutual Fund,2024-09-09,2024,9,September
300861,205136,Savings,40389,1402.0,40522,Mutual Fund,2023-10-15,2023,10,October
300862,200109,Business,86839,2377.0,39524,Recurring Deposit,2024-03-25,2024,3,March
300863,201498,Savings,69144,3683.0,25935,Fixed Deposit,2024-07-27,2024,7,July
300864,203671,Business,84365,3533.0,2402,Mutual Fund,2024-06-22,2024,6,June
300865,208754,Savings,70335,2539.0,3639,Mutual Fund,2023-09-06,2023,9,September
300866,209779,Business,16770,1449.0,30422,Fixed Deposit,2024-01-10,2024,1,January
300867,206892,Savings,76076,4179.66191954524,5713,Recurring Deposit,2024-07-22,2024,7,July
300868,207952,Business,45977,3277.0,45400,Fixed Deposit,2023-08-16,2023,8,August
300869,200465,Current,55128,3008.0,2101,Fixed Deposit,2023-09-18,2023,9,September
300870,200176,Business,27068,1929.0,16545,Recurring Deposit,2025-03-16,2025,3,March
300871,205861,Business,78226,3087.0,28016,Fixed Deposit,2024-02-23,2024,2,February
300872,205382,Current,90442,4585.0,37754,Recurring Deposit,2023-05-15,2023,5,May
300873,202927,Current,95533,2406.0,15457,Fixed Deposit,2023-07-10,2023,7,July
300874,205056,Business,19440,4163.0,14001,Recurring Deposit,2023-04-15,2023,4,April
300875,209086,Savings,20436,1619.0,27814,Fixed Deposit,2023-03-14,2023,3,March
300876,201482,Current,96322,3763.0,27777,Fixed Deposit,2022-09-24,2022,9,September
300877,206409,Savings,85253,3937.0,11125,Fixed Deposit,2023-01-14,2023,1,January
300878,209400,Current,14454,2564.0,27918,Fixed Deposit,2023-07-24,2023,7,July
300879,207232,Business,44423,3939.0,36869,Fixed Deposit,2022-09-22,2022,9,September
300880,200426,Business,30395,677.0,25204,Recurring Deposit,2024-06-30,2024,6,June
300881,201527,Current,49059,2142.0,36942,Mutual Fund,2025-02-25,2025,2,February
300882,205250,Business,10142,3022.0,17448,Recurring Deposit,2023-01-02,2023,1,January
300883,205952,Savings,19209,3581.0,13662,Mutual Fund,2023-01-12,2023,1,January
300884,202794,Business,64095,710.0,26217,Mutual Fund,2023-02-20,2023,2,February
300885,200086,Business,47140,3455.0,27646,Fixed Deposit,2024-04-11,2024,4,April
300886,203567,Business,36155,270.0,23817,Fixed Deposit,2023-05-24,2023,5,May
300887,205968,Current,55126,2875.0,43304,Fixed Deposit,2024-09-21,2024,9,September
300888,208584,Current,73498,627.0,43600,Recurring Deposit,2024-06-12,2024,6,June
300889,206657,Business,50337,1212.0,27665,Mutual Fund,2024-10-03,2024,10,October
300890,208947,Current,16451,4986.0,6289,Recurring Deposit,2023-06-03,2023,6,June
300891,206303,Savings,39026,4554.0,15148,Fixed Deposit,2022-08-24,2022,8,August
300892,207943,Savings,1881,2438.0,4039,Mutual Fund,2023-01-16,2023,1,January
300893,209636,Savings,50927,1340.0,23729,Recurring Deposit,2023-06-24,2023,6,June
300894,208974,Savings,90882,3808.0,33215,Recurring Deposit,2023-03-09,2023,3,March
300895,204641,Business,30333,4568.0,47841,Recurring Deposit,2023-10-02,2023,10,October
300896,205780,Current,51759,586.0,14346,Fixed Deposit,2022-12-24,2022,12,December
300897,205640,Savings,91464,505.0,34502,Fixed Deposit,2023-07-03,2023,7,July
300898,206183,Business,11278,3757.0,7187,Mutual Fund,2022-04-11,2022,4,April
300899,207933,Savings,34864,3556.0,41435,Mutual Fund,2024-06-27,2024,6,June
300900,200490,Current,8029,2041.597351452285,3863,Mutual Fund,2022-10-03,2022,10,October
300901,203989,Current,70653,4041.0,11033,Recurring Deposit,2023-05-21,2023,5,May
300902,203468,Current,86281,4473.0,39383,Mutual Fund,2022-05-30,2022,5,May
300903,201048,Savings,20267,3459.0,12220,Fixed Deposit,2022-06-13,2022,6,June
300904,200198,Savings,62293,826.0,9009,Fixed Deposit,2024-07-27,2024,7,July
300905,208562,Savings,61493,2234.0,12354,Fixed Deposit,2023-06-17,2023,6,June
300906,208590,Business,78242,4189.0,11016,Recurring Deposit,2025-03-08,2025,3,March
300907,200459,Business,84380,2159.0,2551,Recurring Deposit,2022-10-03,2022,10,October
300908,202604,Current,96592,438.0,46828,Recurring Deposit,2024-12-05,2024,12,December
300909,206932,Current,76746,4650.0,15763,Fixed Deposit,2024-04-21,2024,4,April
300910,207463,Savings,11965,1993.287326683388,36951,Fixed Deposit,2022-08-27,2022,8,August
300911,205461,Current,70685,1021.0,15554,Fixed Deposit,2022-04-09,2022,4,April
300912,204668,Current,54618,5022.350283549135,9461,Mutual Fund,2024-08-28,2024,8,August
300913,201293,Business,70189,4287.0,33713,Mutual Fund,2023-06-05,2023,6,June
300914,201198,Current,17480,1966.0,46944,Fixed Deposit,2024-03-19,2024,3,March
300915,208661,Savings,10076,785.0,43319,Recurring Deposit,2024-04-02,2024,4,April
300916,205007,Business,37487,1664.0,41796,Mutual Fund,2024-02-03,2024,2,February
300917,204934,Savings,45678,3925.0,23478,Mutual Fund,2023-09-01,2023,9,September
300918,206929,Savings,17262,2802.0,17853,Fixed Deposit,2023-01-01,2023,1,January
300919,202277,Business,63499,3871.0,43858,Recurring Deposit,2022-06-08,2022,6,June
300920,209921,Savings,7461,2357.0,1069,Fixed Deposit,2023-04-17,2023,4,April
300921,206273,Current,14681,1938.0,3170,Fixed Deposit,2024-04-01,2024,4,April
300922,209365,Current,40986,1423.0,10842,Recurring Deposit,2022-09-14,2022,9,September
300923,208357,Business,7430,4603.0,43798,Fixed Deposit,2022-06-30,2022,6,June
300924,207416,Current,29914,2781.0,37442,Mutual Fund,2023-12-03,2023,12,December
300925,201691,Savings,39178,3973.0,9028,Recurring Deposit,2024-04-22,2024,4,April
300926,205392,Business,99716,119.0,20675,Mutual Fund,2022-07-14,2022,7,July
300927,202415,Business,76997,4428.0,15482,Fixed Deposit,2024-09-02,2024,9,September
300928,206842,Savings,58264,892.0,16421,Recurring Deposit,2024-11-22,2024,11,November
300929,208818,Savings,27464,4436.0,10865,Mutual Fund,2025-02-19,2025,2,February
300930,202305,Savings,62047,3389.0,21535,Mutual Fund,2022-06-12,2022,6,June
300931,208034,Business,75599,2574.0,13042,Mutual Fund,2022-11-11,2022,11,November
300932,206350,Business,96984,2072.0,15571,Recurring Deposit,2022-11-07,2022,11,November
300933,201131,Savings,24521,4920.0,42565,Mutual Fund,2024-08-11,2024,8,August
300934,203955,Business,44792,1813.0,31287,Recurring Deposit,2023-07-05,2023,7,July
300935,201644,Savings,18889,4250.0,26990,Mutual Fund,2022-07-31,2022,7,July
300936,202294,Current,66631,1008.0,33564,Recurring Deposit,2023-04-10,2023,4,April
300937,205262,Business,17608,1300.0,9003,Mutual Fund,2022-09-21,2022,9,September
300938,203217,Business,54982,3652.0,17015,Recurring Deposit,2024-08-03,2024,8,August
300939,205196,Business,12609,3007.0,36515,Fixed Deposit,2023-12-27,2023,12,December
300940,202085,Savings,62662,2414.0,6247,Recurring Deposit,2024-10-17,2024,10,October
300941,206803,Business,79814,3549.0,34672,Recurring Deposit,2024-10-02,2024,10,October
300942,209122,Savings,24835,2778.0,6040,Mutual Fund,2024-11-05,2024,11,November
300943,204216,Business,49381,4401.0,37131,Mutual Fund,2023-03-06,2023,3,March
300944,200336,Business,35469,2743.0,35056,Fixed Deposit,2024-06-09,2024,6,June
300945,201259,Business,86739,4215.0,18695,Fixed Deposit,2023-11-01,2023,11,November
300946,209250,Business,74865,2219.0,1749,Mutual Fund,2024-02-18,2024,2,February
300947,207179,Current,77653,3247.0,39712,Fixed Deposit,2024-02-06,2024,2,February
300948,203448,Current,16075,3460.0,17729,Fixed Deposit,2023-06-25,2023,6,June
300949,202416,Current,5690,342.0,10362,Fixed Deposit,2024-09-20,2024,9,September
300950,205931,Savings,22019,529.0,34652,Recurring Deposit,2024-01-16,2024,1,January
300951,208245,Current,21164,4809.0,6443,Recurring Deposit,2023-07-08,2023,7,July
300952,209344,Savings,32831,3297.5579371516337,35111,Fixed Deposit,2024-08-20,2024,8,August
300953,204376,Current,33116,4315.0,24646,Fixed Deposit,2024-11-09,2024,11,November
300954,207164,Savings,20065,347.0,3700,Mutual Fund,2022-06-22,2022,6,June
300955,201806,Business,96622,4982.0,28885,Fixed Deposit,2024-10-23,2024,10,October
300956,200586,Business,10729,417.0,2711,Fixed Deposit,2022-08-22,2022,8,August
300957,204452,Current,65312,816.0,34395,Fixed Deposit,2023-02-06,2023,2,February
300958,200486,Savings,17106,4516.0,2455,Recurring Deposit,2024-11-16,2024,11,November
300959,207554,Business,78065,3438.0,4783,Mutual Fund,2023-02-11,2023,2,February
300960,201708,Business,23609,382.0,1063,Fixed Deposit,2023-05-06,2023,5,May
300961,204006,Current,42825,4680.0,36197,Mutual Fund,2025-01-09,2025,1,January
300962,204627,Savings,58741,4765.0,26038,Recurring Deposit,2022-07-25,2022,7,July
300963,206900,Business,22193,1316.0,4399,Mutual Fund,2022-11-19,2022,11,November
300964,203030,Savings,36173,2674.0,11248,Mutual Fund,2023-03-28,2023,3,March
300965,204302,Savings,44807,4021.0,44228,Mutual Fund,2022-12-16,2022,12,December
300966,204380,Savings,33948,4962.410891348815,42883,Recurring Deposit,2024-07-25,2024,7,July
300967,200937,Savings,39402,3428.0,30102,Mutual Fund,2022-07-15,2022,7,July
300968,206239,Savings,96222,3875.0,25811,Fixed Deposit,2022-11-19,2022,11,November
300969,202031,Current,15895,1925.0,6774,Fixed Deposit,2022-03-25,2022,3,March
300970,202871,Current,92271,3747.0,27865,Fixed Deposit,2023-12-15,2023,12,December
300971,209074,Business,6384,4192.0,32714,Recurring Deposit,2024-02-18,2024,2,February
300972,205899,Savings,1202,1189.0,41505,Mutual Fund,2025-02-23,2025,2,February
300973,203636,Savings,88521,387.0,29305,Mutual Fund,2024-09-28,2024,9,September
300974,205729,Business,43839,1174.0,21625,Recurring Deposit,2024-03-19,2024,3,March
300975,204921,Savings,56582,2231.0,29678,Mutual Fund,2023-06-16,2023,6,June
300976,203863,Business,67656,2330.0,45673,Fixed Deposit,2022-05-10,2022,5,May
300977,208252,Current,70494,1897.0,5817,Mutual Fund,2023-03-15,2023,3,March
300978,205248,Savings,33861,4698.0,14545,Mutual Fund,2023-06-11,2023,6,June
300979,202017,Savings,66230,2666.0,2842,Mutual Fund,2023-06-03,2023,6,June
300980,203811,Savings,55566,4133.0,19338,Mutual Fund,2025-03-17,2025,3,March
300981,200069,Savings,26615,2484.0,27469,Mutual Fund,2024-02-24,2024,2,February
300982,204780,Savings,57255,3325.0,15867,Mutual Fund,2022-07-09,2022,7,July
300983,206536,Current,88499,4313.0,30641,Recurring Deposit,2025-02-20,2025,2,February
300984,207624,Savings,66746,4546.0,2676,Fixed Deposit,2023-03-18,2023,3,March
300985,205271,Savings,56854,4826.0,5724,Recurring Deposit,2023-05-05,2023,5,May
300986,209787,Business,52642,3525.0,7679,Recurring Deposit,2024-11-15,2024,11,November
300987,201254,Current,95227,309.0,34705,Fixed Deposit,2024-09-22,2024,9,September
300988,202513,Savings,91132,5269.398504066571,22438,Recurring Deposit,2025-01-11,2025,1,January
300989,209213,Savings,65996,689.0,22618,Fixed Deposit,2023-01-22,2023,1,January
300990,204527,Current,56118,232.0,40725,Fixed Deposit,2024-01-10,2024,1,January
300991,205030,Business,50712,4410.0,11172,Fixed Deposit,2022-09-15,2022,9,September
300992,204369,Current,41335,3939.0,3378,Fixed Deposit,2024-07-13,2024,7,July
300993,203176,Current,37111,439.0,42918,Mutual Fund,2023-03-05,2023,3,March
300994,205467,Business,14334,3406.0,27488,Fixed Deposit,2024-12-21,2024,12,December
300995,207425,Current,1107,3713.739350582422,27383,Recurring Deposit,2022-11-07,2022,11,November
300996,205476,Business,22315,1736.0,5642,Recurring Deposit,2023-05-07,2023,5,May
300997,200232,Business,65092,1901.0,7604,Mutual Fund,2022-10-27,2022,10,October
300998,201187,Savings,72332,3418.0,13013,Mutual Fund,2022-07-09,2022,7,July
300999,205423,Savings,84991,4373.0,15600,Mutual Fund,2022-06-21,2022,6,June
301000,204980,Current,33572,1565.0,37830,Recurring Deposit,2022-12-03,2022,12,December
301001,206999,Savings,20207,2727.0,36235,Mutual Fund,2023-07-11,2023,7,July
301002,204898,Business,51923,4987.0,2962,Recurring Deposit,2024-09-30,2024,9,September
301003,204805,Business,52652,3795.0,39422,Mutual Fund,2024-08-21,2024,8,August
301004,200848,Current,31236,574.0,29848,Mutual Fund,2023-06-12,2023,6,June
301005,209821,Current,68698,2459.0,6599,Fixed Deposit,2024-02-01,2024,2,February
301006,201650,Savings,23921,3549.0,4055,Fixed Deposit,2022-09-30,2022,9,September
301007,208105,Current,34719,2375.0,26088,Recurring Deposit,2024-03-18,2024,3,March
301008,208137,Current,3667,1927.0,49335,Fixed Deposit,2025-02-22,2025,2,February
301009,205925,Current,43568,2100.0,26137,Fixed Deposit,2023-07-06,2023,7,July
301010,200691,Business,29309,879.0,44210,Fixed Deposit,2025-03-11,2025,3,March
301011,200007,Savings,95985,2543.0,40196,Fixed Deposit,2023-12-06,2023,12,December
301012,202082,Business,85563,2219.0,9193,Fixed Deposit,2023-05-17,2023,5,May
301013,204897,Business,31099,3629.0,41591,Fixed Deposit,2024-05-06,2024,5,May
301014,209353,Current,49946,1185.0,33847,Fixed Deposit,2024-07-06,2024,7,July
301015,201703,Business,80450,1571.0,45186,Recurring Deposit,2024-04-26,2024,4,April
301016,205227,Savings,86093,1110.0,33480,Fixed Deposit,2024-01-30,2024,1,January
301017,208331,Savings,29937,2663.0,26753,Fixed Deposit,2022-07-23,2022,7,July
301018,203432,Savings,63376,2611.0,34866,Mutual Fund,2024-10-05,2024,10,October
301019,200658,Business,66245,4944.0,25838,Recurring Deposit,2022-05-21,2022,5,May
301020,204661,Business,55991,3020.0,11021,Recurring Deposit,2024-01-21,2024,1,January
301021,203437,Business,33039,3069.0,33408,Mutual Fund,2023-08-03,2023,8,August
301022,202748,Savings,70877,207.0,2715,Recurring Deposit,2024-10-13,2024,10,October
301023,208593,Savings,63724,1481.0,12703,Recurring Deposit,2023-04-13,2023,4,April
301024,207514,Savings,1810,3521.0,3353,Recurring Deposit,2022-04-30,2022,4,April
301025,206527,Business,67546,2889.0,5551,Fixed Deposit,2022-08-09,2022,8,August
301026,200851,Savings,55978,3143.0,37187,Fixed Deposit,2023-03-11,2023,3,March
301027,202708,Savings,30847,1790.0,49901,Fixed Deposit,2025-01-31,2025,1,January
301028,203868,Current,14685,4939.0,22276,Mutual Fund,2024-08-30,2024,8,August
301029,208974,Business,41281,2628.0,8874,Mutual Fund,2024-09-18,2024,9,September
301030,207509,Business,13958,3588.0,22539,Fixed Deposit,2022-04-22,2022,4,April
301031,208534,Savings,82390,4022.0,34029,Fixed Deposit,2025-01-28,2025,1,January
301032,201786,Current,74725,2740.0,40808,Recurring Deposit,2023-05-13,2023,5,May
301033,202903,Current,84770,2180.0,39990,Mutual Fund,2024-09-01,2024,9,September
301034,208973,Savings,2141,1675.0,44164,Mutual Fund,2022-05-22,2022,5,May
301035,203748,Current,42666,1373.0,5430,Recurring Deposit,2022-12-18,2022,12,December
301036,206646,Savings,5030,658.0,27635,Mutual Fund,2024-03-20,2024,3,March
301037,206709,Business,8541,4066.0,31519,Fixed Deposit,2024-06-04,2024,6,June
301038,201338,Current,98482,2832.0,34663,Fixed Deposit,2024-12-27,2024,12,December
301039,206783,Current,29484,2430.0,7911,Mutual Fund,2024-02-05,2024,2,February
301040,205306,Current,21678,2282.0,37410,Mutual Fund,2023-05-27,2023,5,May
301041,203796,Savings,83686,625.0,10139,Fixed Deposit,2022-12-27,2022,12,December
301042,202870,Business,57224,1749.0,26636,Mutual Fund,2024-09-15,2024,9,September
301043,200691,Current,2100,3893.0,26703,Mutual Fund,2024-01-27,2024,1,January
301044,203878,Business,43430,3540.0,38926,Recurring Deposit,2024-12-01,2024,12,December
301045,203916,Business,4497,1971.0,31262,Mutual Fund,2024-04-22,2024,4,April
301046,200658,Current,10886,4617.0,29099,Fixed Deposit,2022-08-09,2022,8,August
301047,208375,Business,60569,2039.0,39844,Mutual Fund,2024-03-20,2024,3,March
301048,209395,Savings,80628,3171.0,34289,Mutual Fund,2023-09-12,2023,9,September
301049,205419,Savings,84392,246.0,12340,Fixed Deposit,2023-12-15,2023,12,December
301050,205933,Savings,24664,3812.0,40686,Fixed Deposit,2023-08-20,2023,8,August
301051,201703,Business,55507,2593.0,48010,Mutual Fund,2023-08-01,2023,8,August
301052,204431,Savings,56158,3795.0,32044,Mutual Fund,2025-01-25,2025,1,January
301053,205560,Current,80398,3455.0,38878,Mutual Fund,2022-08-30,2022,8,August
301054,200402,Business,27464,1975.0,8505,Mutual Fund,2022-11-25,2022,11,November
301055,208164,Savings,31718,1971.0,9198,Mutual Fund,2023-08-15,2023,8,August
301056,207979,Savings,13667,4361.0021393820125,23437,Mutual Fund,2023-12-20,2023,12,December
301057,208427,Savings,66122,627.0,14831,Recurring Deposit,2025-03-02,2025,3,March
301058,200605,Savings,99470,226.0,1870,Fixed Deposit,2024-04-28,2024,4,April
301059,208414,Current,11601,4092.0,35547,Mutual Fund,2023-06-11,2023,6,June
301060,207979,Savings,55088,3720.0,1892,Fixed Deposit,2025-01-13,2025,1,January
301061,204010,Current,20909,2304.0,4188,Recurring Deposit,2023-12-03,2023,12,December
301062,200622,Business,88656,264.0,49937,Fixed Deposit,2024-07-22,2024,7,July
301063,201833,Current,3806,2466.0,17537,Fixed Deposit,2022-05-17,2022,5,May
301064,209444,Savings,5552,2654.0,21741,Fixed Deposit,2024-02-25,2024,2,February
301065,208430,Savings,83778,3797.0,21305,Recurring Deposit,2022-08-04,2022,8,August
301066,205845,Business,65809,2852.0,23329,Mutual Fund,2023-07-22,2023,7,July
301067,205708,Current,92800,785.0,13645,Recurring Deposit,2023-04-17,2023,4,April
301068,206701,Savings,58761,2869.0,33777,Recurring Deposit,2023-08-05,2023,8,August
301069,206899,Current,36592,2872.0,41264,Recurring Deposit,2022-09-17,2022,9,September
301070,209765,Savings,82570,1185.0,37107,Fixed Deposit,2023-12-08,2023,12,December
301071,202432,Business,30466,2070.0,45060,Recurring Deposit,2024-05-28,2024,5,May
301072,205038,Current,46996,3728.0,33148,Recurring Deposit,2022-03-22,2022,3,March
301073,206506,Savings,86228,1324.0,7164,Fixed Deposit,2025-01-05,2025,1,January
301074,209356,Business,89050,3884.0,27458,Fixed Deposit,2024-07-10,2024,7,July
301075,209168,Savings,10642,1739.0,8465,Fixed Deposit,2024-03-07,2024,3,March
301076,209151,Savings,25636,1936.0,2867,Recurring Deposit,2023-12-22,2023,12,December
301077,205571,Business,39596,3658.0,27365,Fixed Deposit,2022-06-13,2022,6,June
301078,202334,Current,5187,797.0,21721,Mutual Fund,2023-01-06,2023,1,January
301079,203424,Current,92009,3266.0,46657,Mutual Fund,2024-06-03,2024,6,June
301080,206029,Business,34737,3877.0,30554,Fixed Deposit,2023-10-04,2023,10,October
301081,200886,Business,69114,1366.0,8771,Recurring Deposit,2024-11-12,2024,11,November
301082,208885,Business,56103,4440.0,33364,Recurring Deposit,2024-05-03,2024,5,May
301083,208372,Business,57121,324.0,23168,Mutual Fund,2024-11-16,2024,11,November
301084,209380,Current,10211,3866.0,1678,Recurring Deposit,2024-02-05,2024,2,February
301085,203167,Business,31651,2260.0,15906,Mutual Fund,2022-06-09,2022,6,June
301086,201512,Business,2653,2838.0,36278,Fixed Deposit,2023-01-31,2023,1,January
301087,207921,Current,98647,299.0,14466,Mutual Fund,2023-05-09,2023,5,May
301088,204393,Savings,67796,1938.0,34762,Recurring Deposit,2024-07-21,2024,7,July
301089,206838,Savings,4362,1419.0,32364,Mutual Fund,2022-10-10,2022,10,October
301090,201189,Current,6480,2790.0,16491,Recurring Deposit,2023-06-11,2023,6,June
301091,203976,Current,98417,1217.0,23195,Mutual Fund,2024-01-30,2024,1,January
301092,205004,Current,93783,2350.0,49468,Fixed Deposit,2025-03-09,2025,3,March
301093,205461,Current,93401,1939.0,17723,Mutual Fund,2024-04-11,2024,4,April
301094,204078,Business,87307,221.0,28909,Fixed Deposit,2022-09-25,2022,9,September
301095,205363,Business,60828,2768.0,45316,Fixed Deposit,2022-05-04,2022,5,May
301096,206109,Current,33631,3419.0,43678,Fixed Deposit,2024-11-23,2024,11,November
301097,201234,Savings,91871,4599.0,11855,Recurring Deposit,2024-10-21,2024,10,October
301098,209844,Savings,7671,1942.0,19979,Fixed Deposit,2023-03-27,2023,3,March
301099,200009,Current,12038,1589.0,39288,Recurring Deposit,2022-11-22,2022,11,November
301100,205048,Current,23716,3397.0,35160,Fixed Deposit,2023-07-16,2023,7,July
301101,203571,Savings,49041,1835.0,25612,Mutual Fund,2024-07-23,2024,7,July
301102,207286,Savings,78312,2317.0,41024,Mutual Fund,2022-04-11,2022,4,April
301103,203702,Business,56977,4829.0,25299,Fixed Deposit,2024-07-25,2024,7,July
301104,206100,Savings,20632,4147.0,17354,Mutual Fund,2023-12-14,2023,12,December
301105,207765,Savings,81090,3398.0,45025,Mutual Fund,2022-08-12,2022,8,August
301106,200777,Savings,93818,223.0,46503,Recurring Deposit,2023-03-05,2023,3,March
301107,205508,Savings,24247,4415.0,13472,Recurring Deposit,2022-09-13,2022,9,September
301108,204475,Business,12064,4898.0,27360,Mutual Fund,2024-03-06,2024,3,March
301109,202379,Business,81519,3661.0,43870,Fixed Deposit,2022-09-19,2022,9,September
301110,209117,Business,3237,3048.0,6130,Fixed Deposit,2024-12-21,2024,12,December
301111,203640,Savings,6967,230.0,5453,Recurring Deposit,2022-11-15,2022,11,November
301112,208356,Business,35251,3194.0,4216,Mutual Fund,2024-05-03,2024,5,May
301113,202897,Current,22512,3611.0,40902,Recurring Deposit,2023-06-17,2023,6,June
301114,203267,Business,40791,2409.0,6074,Fixed Deposit,2024-05-19,2024,5,May
301115,206106,Savings,63214,3497.0,26244,Recurring Deposit,2025-03-20,2025,3,March
301116,204334,Savings,14991,1803.0,10292,Mutual Fund,2023-05-19,2023,5,May
301117,204089,Current,59355,1158.0,35964,Fixed Deposit,2023-12-26,2023,12,December
301118,202117,Business,96716,4592.0,26956,Mutual Fund,2024-04-08,2024,4,April
301119,209990,Current,14500,4145.0,13100,Fixed Deposit,2024-03-23,2024,3,March
301120,204114,Savings,66832,3494.0,21018,Mutual Fund,2023-04-03,2023,4,April
301121,202285,Business,82558,2727.0,39542,Mutual Fund,2024-02-28,2024,2,February
301122,205006,Business,87995,966.0,30699,Recurring Deposit,2024-07-24,2024,7,July
301123,203444,Business,2775,2066.0,18406,Fixed Deposit,2022-10-31,2022,10,October
301124,207583,Current,82930,782.0,36266,Mutual Fund,2023-11-06,2023,11,November
301125,202117,Savings,57320,2661.0,7812,Fixed Deposit,2023-01-11,2023,1,January
301126,200197,Business,61592,1168.0,39666,Recurring Deposit,2024-10-07,2024,10,October
301127,203333,Current,63788,1185.0,47514,Mutual Fund,2024-05-18,2024,5,May
301128,200193,Current,20597,1033.0,48779,Fixed Deposit,2022-10-19,2022,10,October
301129,207640,Business,11758,3730.0,30658,Recurring Deposit,2022-07-07,2022,7,July
301130,200131,Current,71778,2847.0,36957,Mutual Fund,2023-05-24,2023,5,May
301131,206518,Savings,29183,1874.0,38990,Fixed Deposit,2023-12-25,2023,12,December
301132,209285,Business,97998,1199.0,13770,Recurring Deposit,2023-08-30,2023,8,August
301133,200766,Current,10091,1096.0,18464,Recurring Deposit,2024-05-17,2024,5,May
301134,209660,Current,88278,3916.0,25964,Mutual Fund,2023-05-10,2023,5,May
301135,202418,Business,89218,1750.3249599747185,25335,Mutual Fund,2022-03-24,2022,3,March
301136,205559,Current,12197,1349.0,36668,Mutual Fund,2023-06-03,2023,6,June
301137,205988,Savings,13725,3395.0,13061,Fixed Deposit,2023-06-27,2023,6,June
301138,208421,Current,41407,1982.0,22745,Recurring Deposit,2024-09-17,2024,9,September
301139,207309,Savings,92592,4555.0,39308,Recurring Deposit,2024-09-06,2024,9,September
301140,207790,Business,8616,3151.0,3050,Mutual Fund,2025-01-09,2025,1,January
301141,205557,Business,43721,1677.0,23201,Recurring Deposit,2024-04-19,2024,4,April
301142,205585,Current,7759,3926.0,43088,Mutual Fund,2022-11-06,2022,11,November
301143,207097,Savings,96070,1167.0,20015,Mutual Fund,2024-02-12,2024,2,February
301144,208043,Current,75342,4135.0,27260,Recurring Deposit,2024-07-04,2024,7,July
301145,207113,Savings,80702,2588.0,36257,Recurring Deposit,2024-04-11,2024,4,April
301146,204660,Business,24490,4231.0,41615,Fixed Deposit,2023-09-08,2023,9,September
301147,209810,Business,92321,4830.0,36303,Mutual Fund,2023-08-19,2023,8,August
301148,205803,Business,5783,1819.0,45144,Recurring Deposit,2024-07-25,2024,7,July
301149,209005,Business,21377,4567.0,23128,Mutual Fund,2024-07-12,2024,7,July
301150,207546,Savings,76679,2662.0,27787,Recurring Deposit,2023-10-27,2023,10,October
301151,204546,Savings,63816,2517.0,34823,Mutual Fund,2024-02-26,2024,2,February
301152,200486,Current,40428,3611.0,39213,Mutual Fund,2023-08-02,2023,8,August
301153,209882,Current,67057,4132.0,49018,Mutual Fund,2023-01-08,2023,1,January
301154,209459,Current,57904,3978.0,24902,Mutual Fund,2025-03-08,2025,3,March
301155,208169,Current,37383,3070.0,42411,Mutual Fund,2023-03-26,2023,3,March
301156,208870,Current,80804,719.0,6962,Fixed Deposit,2024-08-25,2024,8,August
301157,202261,Current,68156,2214.0,13229,Recurring Deposit,2023-11-05,2023,11,November
301158,209299,Business,29585,2753.0,14451,Recurring Deposit,2023-03-18,2023,3,March
301159,206170,Savings,88921,1444.0,19468,Fixed Deposit,2023-12-19,2023,12,December
301160,206963,Current,67040,4882.432066723348,3078,Fixed Deposit,2022-05-27,2022,5,May
301161,204164,Savings,41217,3686.0,26219,Fixed Deposit,2023-07-28,2023,7,July
301162,202241,Business,74622,1506.0,35446,Fixed Deposit,2024-03-24,2024,3,March
301163,200556,Savings,20848,2889.0,15565,Mutual Fund,2025-03-20,2025,3,March
301164,201655,Business,49580,2543.0614265599875,25236,Fixed Deposit,2023-11-03,2023,11,November
301165,200966,Savings,7198,1111.0,31859,Fixed Deposit,2023-11-10,2023,11,November
301166,208483,Business,90067,4037.0,21041,Fixed Deposit,2025-01-15,2025,1,January
301167,205831,Business,24607,2135.0,35053,Fixed Deposit,2024-12-27,2024,12,December
301168,209367,Business,26526,1518.0,12413,Mutual Fund,2022-11-12,2022,11,November
301169,200675,Business,52954,950.0,43813,Fixed Deposit,2024-04-28,2024,4,April
301170,203283,Current,76501,1854.0,26566,Recurring Deposit,2022-05-17,2022,5,May
301171,206035,Current,59154,164.0,33711,Recurring Deposit,2022-10-03,2022,10,October
301172,200180,Business,27442,438.0,24270,Mutual Fund,2024-05-09,2024,5,May
301173,200360,Savings,74783,3501.0,22949,Mutual Fund,2024-09-22,2024,9,September
301174,202471,Savings,13451,4175.0,46987,Recurring Deposit,2023-08-18,2023,8,August
301175,208801,Current,25465,1283.0,12138,Mutual Fund,2022-08-23,2022,8,August
301176,206321,Savings,21254,4122.0,32362,Recurring Deposit,2024-02-02,2024,2,February
301177,208521,Business,3536,4691.0,38682,Mutual Fund,2022-08-22,2022,8,August
301178,207106,Business,89675,3784.0,2289,Mutual Fund,2024-06-15,2024,6,June
301179,209441,Savings,91098,2725.0,4629,Fixed Deposit,2024-02-28,2024,2,February
301180,204258,Current,99450,2568.0,29779,Recurring Deposit,2022-04-13,2022,4,April
301181,201855,Current,96637,3953.0,11911,Mutual Fund,2022-10-30,2022,10,October
301182,209004,Savings,60457,3611.0,3667,Recurring Deposit,2023-12-17,2023,12,December
301183,200492,Current,44146,1952.0,15531,Mutual Fund,2025-01-01,2025,1,January
301184,201829,Savings,5290,4577.0,45253,Recurring Deposit,2022-11-15,2022,11,November
301185,207021,Savings,52488,3041.0,28497,Fixed Deposit,2022-07-15,2022,7,July
301186,200470,Current,17841,4505.0,37350,Fixed Deposit,2024-03-19,2024,3,March
301187,201380,Savings,65308,4464.0,7588,Fixed Deposit,2023-05-06,2023,5,May
301188,204855,Current,30100,1148.0,24531,Recurring Deposit,2023-08-28,2023,8,August
301189,202632,Business,74922,1467.0,27832,Recurring Deposit,2024-11-13,2024,11,November
301190,203330,Business,31330,2131.0,31527,Mutual Fund,2025-03-01,2025,3,March
301191,206878,Current,33504,3271.0,15838,Fixed Deposit,2023-11-28,2023,11,November
301192,203293,Savings,29068,2554.0,30631,Recurring Deposit,2024-12-24,2024,12,December
301193,201039,Business,35865,2707.0,46787,Recurring Deposit,2022-07-23,2022,7,July
301194,203868,Savings,8437,1799.0,44849,Fixed Deposit,2023-08-13,2023,8,August
301195,202765,Business,46875,4585.0,12870,Recurring Deposit,2025-01-31,2025,1,January
301196,200611,Current,6723,1008.3906351427718,36065,Mutual Fund,2024-06-26,2024,6,June
301197,209990,Savings,98821,3245.0,11643,Fixed Deposit,2023-11-01,2023,11,November
301198,207102,Current,95328,190.0,45380,Fixed Deposit,2023-07-25,2023,7,July
301199,206701,Savings,24194,293.0,4364,Fixed Deposit,2024-11-18,2024,11,November
301200,204071,Business,36393,3667.0,35936,Fixed Deposit,2024-04-17,2024,4,April
301201,208293,Current,99404,4395.0,17057,Recurring Deposit,2024-07-08,2024,7,July
301202,208856,Business,80180,1968.0,47296,Fixed Deposit,2022-05-15,2022,5,May
301203,203114,Savings,10510,2731.0,15848,Mutual Fund,2024-11-04,2024,11,November
301204,201590,Savings,88465,1918.0,42525,Fixed Deposit,2022-07-05,2022,7,July
301205,207585,Current,16443,145.0,48100,Recurring Deposit,2023-03-20,2023,3,March
301206,202368,Business,24358,2061.0,34742,Mutual Fund,2024-11-25,2024,11,November
301207,204508,Current,89118,1336.0,35902,Mutual Fund,2025-02-16,2025,2,February
301208,209119,Business,76921,2565.0,44484,Mutual Fund,2023-06-10,2023,6,June
301209,201850,Business,50848,4353.0,24991,Mutual Fund,2023-03-09,2023,3,March
301210,206893,Savings,85335,3855.0,12588,Fixed Deposit,2022-08-08,2022,8,August
301211,200444,Savings,71828,878.5796641527895,1058,Fixed Deposit,2024-01-24,2024,1,January
301212,201854,Current,2616,1856.0,42782,Mutual Fund,2022-08-20,2022,8,August
301213,201689,Savings,8062,2381.0,18678,Recurring Deposit,2024-11-29,2024,11,November
301214,200716,Savings,20486,114.0,11358,Recurring Deposit,2025-03-18,2025,3,March
301215,205387,Current,92528,1026.0,18048,Mutual Fund,2022-08-24,2022,8,August
301216,207701,Current,93962,796.0,26940,Recurring Deposit,2024-02-08,2024,2,February
301217,209160,Current,39296,1332.0,31544,Mutual Fund,2022-12-04,2022,12,December
301218,204407,Business,80773,2143.0,38286,Mutual Fund,2025-03-03,2025,3,March
301219,204101,Business,87276,4230.0,25609,Fixed Deposit,2023-06-29,2023,6,June
301220,202595,Business,18051,1362.0,13776,Fixed Deposit,2022-05-04,2022,5,May
301221,208829,Current,74222,280.0,34968,Mutual Fund,2022-05-31,2022,5,May
301222,209956,Savings,72529,4226.0,48028,Fixed Deposit,2023-08-06,2023,8,August
301223,205818,Business,96477,2031.0,11225,Recurring Deposit,2022-06-16,2022,6,June
301224,202618,Savings,26463,280.0,41437,Fixed Deposit,2023-06-19,2023,6,June
301225,203551,Business,22929,1819.0,10701,Mutual Fund,2023-09-28,2023,9,September
301226,207987,Savings,21197,1569.0,2597,Mutual Fund,2023-10-24,2023,10,October
301227,200119,Business,93607,3229.0,39553,Mutual Fund,2024-01-19,2024,1,January
301228,205059,Savings,65318,752.0,32297,Recurring Deposit,2022-11-02,2022,11,November
301229,209039,Business,35932,1440.0,47945,Fixed Deposit,2023-04-04,2023,4,April
301230,200874,Business,77014,3350.0,31821,Fixed Deposit,2024-06-23,2024,6,June
301231,202994,Business,45633,2128.0,37584,Fixed Deposit,2023-12-21,2023,12,December
301232,205984,Current,85908,3091.0,32229,Mutual Fund,2024-08-16,2024,8,August
301233,203651,Business,61417,2219.0,19621,Recurring Deposit,2025-02-12,2025,2,February
301234,205785,Savings,41767,4059.0,13899,Mutual Fund,2022-12-25,2022,12,December
301235,201320,Savings,48901,1942.0,29521,Fixed Deposit,2022-12-10,2022,12,December
301236,209930,Business,79587,3339.0,14164,Recurring Deposit,2022-12-17,2022,12,December
301237,204020,Savings,93777,768.0,13106,Fixed Deposit,2022-07-21,2022,7,July
301238,209125,Business,48478,2476.0,26513,Mutual Fund,2024-10-22,2024,10,October
301239,202675,Savings,55396,2804.0,9332,Mutual Fund,2023-11-05,2023,11,November
301240,202661,Business,99466,195.0,10123,Recurring Deposit,2024-11-07,2024,11,November
301241,209563,Business,87909,3383.0,41821,Recurring Deposit,2025-02-14,2025,2,February
301242,205556,Savings,97452,855.0,29100,Recurring Deposit,2023-03-30,2023,3,March
301243,207639,Business,99104,2815.0,42830,Fixed Deposit,2024-05-02,2024,5,May
301244,200274,Savings,48630,1613.0,26004,Fixed Deposit,2024-09-11,2024,9,September
301245,203136,Business,65806,2232.0,48741,Recurring Deposit,2022-10-29,2022,10,October
301246,200068,Savings,8630,2799.0,40202,Mutual Fund,2023-03-16,2023,3,March
301247,202774,Current,2563,4795.0,37636,Mutual Fund,2024-03-06,2024,3,March
301248,204404,Business,99315,2646.0,34523,Recurring Deposit,2024-12-05,2024,12,December
301249,202194,Business,38058,1098.0,10060,Mutual Fund,2023-04-19,2023,4,April
301250,208769,Business,67825,3414.0,45926,Mutual Fund,2024-03-03,2024,3,March
301251,204271,Current,51019,4702.0,13861,Mutual Fund,2023-04-21,2023,4,April
301252,203407,Business,68334,1732.0,9912,Recurring Deposit,2025-01-19,2025,1,January
301253,206856,Current,88722,2163.0,44405,Fixed Deposit,2022-04-04,2022,4,April
301254,205758,Current,56571,2302.0,4486,Fixed Deposit,2024-03-12,2024,3,March
301255,209366,Current,46870,959.0,28318,Fixed Deposit,2023-06-10,2023,6,June
301256,201184,Savings,22997,2311.0,30700,Recurring Deposit,2025-02-05,2025,2,February
301257,200229,Savings,69852,389.0,37241,Mutual Fund,2024-07-17,2024,7,July
301258,207098,Business,61619,2980.0,44857,Fixed Deposit,2022-11-21,2022,11,November
301259,205729,Current,32505,615.0,47734,Mutual Fund,2022-07-13,2022,7,July
301260,203984,Business,3412,3289.0,48538,Mutual Fund,2024-02-05,2024,2,February
301261,209396,Savings,38810,1149.0,19149,Recurring Deposit,2023-09-08,2023,9,September
301262,209037,Business,94220,247.0,44444,Recurring Deposit,2024-09-18,2024,9,September
301263,203788,Current,31087,3034.0,16220,Recurring Deposit,2023-06-28,2023,6,June
301264,208618,Current,21221,534.0,20944,Recurring Deposit,2024-12-07,2024,12,December
301265,205935,Current,42831,4912.0,16098,Fixed Deposit,2024-01-09,2024,1,January
301266,209619,Current,24144,1222.0,6499,Mutual Fund,2025-02-25,2025,2,February
301267,208669,Business,69603,2797.0,12666,Fixed Deposit,2023-04-13,2023,4,April
301268,201954,Current,24794,875.0,17048,Mutual Fund,2024-02-28,2024,2,February
301269,201056,Savings,15290,3240.0,47291,Fixed Deposit,2023-07-03,2023,7,July
301270,202640,Current,92077,385.0,48693,Mutual Fund,2023-01-24,2023,1,January
301271,202914,Savings,3011,3778.0,2978,Recurring Deposit,2023-11-08,2023,11,November
301272,203531,Business,48147,160.0,30575,Recurring Deposit,2024-04-09,2024,4,April
301273,200513,Business,56360,3543.0,42416,Mutual Fund,2022-09-02,2022,9,September
301274,204427,Business,12441,1716.0,9468,Fixed Deposit,2023-03-24,2023,3,March
301275,209631,Business,96378,2392.0,38879,Mutual Fund,2023-11-03,2023,11,November
301276,200532,Savings,26136,1460.6359486815709,5408,Recurring Deposit,2024-08-25,2024,8,August
301277,203926,Savings,43050,4814.0,38109,Recurring Deposit,2023-09-29,2023,9,September
301278,202911,Current,51147,4146.0,48162,Recurring Deposit,2024-08-29,2024,8,August
301279,203268,Current,70021,3360.0,47284,Fixed Deposit,2023-06-23,2023,6,June
301280,201277,Business,91020,6062.771611273661,22161,Mutual Fund,2025-03-11,2025,3,March
301281,200866,Business,78658,4978.0,19295,Fixed Deposit,2023-06-22,2023,6,June
301282,207929,Savings,2477,268.2439297899965,16546,Recurring Deposit,2022-04-24,2022,4,April
301283,205714,Savings,61264,3293.0,30924,Recurring Deposit,2025-01-06,2025,1,January
301284,206538,Business,9400,3848.0,40069,Fixed Deposit,2023-11-25,2023,11,November
301285,205800,Business,4886,673.0,27286,Mutual Fund,2023-05-21,2023,5,May
301286,205143,Savings,26565,931.0,36900,Fixed Deposit,2022-04-02,2022,4,April
301287,209898,Savings,45238,4106.0,33979,Recurring Deposit,2024-08-16,2024,8,August
301288,202156,Savings,54628,4413.0,45166,Mutual Fund,2025-02-18,2025,2,February
301289,209417,Business,8250,453.0,34515,Mutual Fund,2022-06-05,2022,6,June
301290,209625,Savings,46341,2862.0,43003,Mutual Fund,2024-10-18,2024,10,October
301291,206940,Savings,48975,879.0,6391,Recurring Deposit,2024-04-30,2024,4,April
301292,202049,Current,74160,4195.0,47593,Recurring Deposit,2023-06-08,2023,6,June
301293,202813,Savings,68194,4523.0,41841,Recurring Deposit,2023-03-13,2023,3,March
301294,201134,Current,95625,908.0,9947,Recurring Deposit,2024-10-19,2024,10,October
301295,207753,Current,10453,4264.0,45642,Fixed Deposit,2023-09-19,2023,9,September
301296,206219,Business,25921,3280.0,49298,Mutual Fund,2023-02-24,2023,2,February
301297,201976,Business,70997,4750.0,45297,Fixed Deposit,2024-12-03,2024,12,December
301298,209448,Business,87372,2702.673079611976,15028,Recurring Deposit,2023-01-10,2023,1,January
301299,203013,Business,13348,3612.0,29181,Recurring Deposit,2024-11-09,2024,11,November
301300,204983,Savings,28007,3452.0,12169,Mutual Fund,2023-04-14,2023,4,April
301301,206494,Savings,24714,2663.0,42031,Mutual Fund,2025-02-05,2025,2,February
301302,205920,Savings,51921,3720.0,37600,Recurring Deposit,2025-01-08,2025,1,January
301303,202369,Current,80884,4673.0,13243,Recurring Deposit,2025-02-10,2025,2,February
301304,200206,Business,77347,303.43601062560845,28721,Mutual Fund,2022-10-19,2022,10,October
301305,209305,Savings,86098,2931.0,43550,Recurring Deposit,2024-11-20,2024,11,November
301306,204160,Savings,58706,2652.0,18855,Fixed Deposit,2022-08-18,2022,8,August
301307,206559,Business,2288,1807.0,45892,Fixed Deposit,2024-11-19,2024,11,November
301308,201022,Current,80764,1137.0,9560,Mutual Fund,2024-12-19,2024,12,December
301309,207765,Current,77907,4926.0,9049,Fixed Deposit,2022-05-21,2022,5,May
301310,202524,Business,79656,225.0,7515,Recurring Deposit,2023-07-13,2023,7,July
301311,209656,Business,93996,3709.0,28572,Mutual Fund,2024-02-03,2024,2,February
301312,208561,Savings,50419,3147.0,8849,Recurring Deposit,2022-05-11,2022,5,May
301313,204527,Current,40146,1556.0,38277,Recurring Deposit,2024-09-06,2024,9,September
301314,204388,Business,79740,4398.0,34595,Mutual Fund,2023-10-08,2023,10,October
301315,206380,Current,39716,4801.0,32355,Recurring Deposit,2022-10-11,2022,10,October
301316,206788,Current,72894,4695.0,3775,Fixed Deposit,2022-08-08,2022,8,August
301317,201841,Savings,21935,322.0,47881,Recurring Deposit,2023-06-22,2023,6,June
301318,205845,Savings,85569,4133.0,39953,Fixed Deposit,2023-08-10,2023,8,August
301319,208516,Business,52538,3831.0,14076,Recurring Deposit,2023-12-26,2023,12,December
301320,208036,Current,83638,4065.0,16649,Mutual Fund,2022-12-18,2022,12,December
301321,206565,Savings,18572,2306.0,17671,Recurring Deposit,2023-01-26,2023,1,January
301322,204525,Savings,6160,743.0,22405,Mutual Fund,2022-10-12,2022,10,October
301323,204449,Current,6332,4451.0,9511,Mutual Fund,2024-07-05,2024,7,July
301324,209870,Current,72116,2939.254351100471,35637,Recurring Deposit,2023-10-10,2023,10,October
301325,209711,Current,20590,1826.0,16133,Fixed Deposit,2024-06-22,2024,6,June
301326,204388,Current,51520,4418.0,19617,Recurring Deposit,2024-05-08,2024,5,May
301327,202842,Savings,23560,4726.0,21904,Fixed Deposit,2023-05-18,2023,5,May
301328,209472,Savings,50666,4517.0,32002,Recurring Deposit,2022-12-01,2022,12,December
301329,205532,Business,16910,4017.0,36352,Fixed Deposit,2023-04-24,2023,4,April
301330,204476,Current,78151,4039.0,11357,Mutual Fund,2024-04-07,2024,4,April
301331,205319,Business,22492,4134.0,47168,Fixed Deposit,2023-06-22,2023,6,June
301332,200224,Savings,9871,2304.0,24383,Mutual Fund,2023-08-29,2023,8,August
301333,209094,Current,5595,3931.0,7139,Mutual Fund,2022-09-15,2022,9,September
301334,204766,Business,92633,2402.0,25002,Recurring Deposit,2024-03-17,2024,3,March
301335,205413,Business,6398,4883.0,2367,Mutual Fund,2022-07-15,2022,7,July
301336,208798,Business,45767,4119.0,27271,Mutual Fund,2022-10-25,2022,10,October
301337,208633,Savings,9493,3164.0,26942,Recurring Deposit,2023-03-06,2023,3,March
301338,202655,Savings,61933,288.0,45363,Fixed Deposit,2025-02-03,2025,2,February
301339,205401,Business,53038,550.0,33051,Recurring Deposit,2025-01-31,2025,1,January
301340,202977,Savings,63263,1899.0,47164,Fixed Deposit,2023-11-28,2023,11,November
301341,200800,Savings,84220,3897.0,30913,Fixed Deposit,2024-08-02,2024,8,August
301342,202512,Business,68010,187.0,5451,Recurring Deposit,2023-10-10,2023,10,October
301343,200992,Business,56550,3552.0,31960,Mutual Fund,2022-08-08,2022,8,August
301344,206256,Current,56118,1905.0,5529,Fixed Deposit,2023-11-23,2023,11,November
301345,207484,Business,78013,1569.0,34274,Mutual Fund,2022-04-11,2022,4,April
301346,209116,Current,52306,517.0,23433,Fixed Deposit,2023-05-05,2023,5,May
301347,202025,Current,53324,2946.0,16752,Recurring Deposit,2024-07-01,2024,7,July
301348,201774,Business,22104,574.0,17337,Fixed Deposit,2022-09-28,2022,9,September
301349,204777,Savings,43351,4240.0,7123,Mutual Fund,2024-02-25,2024,2,February
301350,203256,Current,21435,2304.0,28433,Mutual Fund,2023-10-14,2023,10,October
301351,202182,Current,77468,218.0,15630,Mutual Fund,2025-01-29,2025,1,January
301352,204152,Current,24580,3072.0,6149,Recurring Deposit,2025-01-28,2025,1,January
301353,208981,Savings,34124,3506.848267748019,44394,Recurring Deposit,2023-05-02,2023,5,May
301354,205002,Savings,32122,1314.0,7263,Mutual Fund,2024-09-14,2024,9,September
301355,206048,Current,80463,2133.0,47459,Recurring Deposit,2023-11-02,2023,11,November
301356,200693,Savings,88134,3731.0,14953,Recurring Deposit,2024-12-06,2024,12,December
301357,209875,Current,59937,1519.0,19808,Recurring Deposit,2023-10-19,2023,10,October
301358,207940,Current,41077,3633.0,18896,Recurring Deposit,2022-09-05,2022,9,September
301359,207181,Savings,43046,4606.0,5034,Recurring Deposit,2025-02-01,2025,2,February
301360,202946,Business,31067,225.0,8800,Recurring Deposit,2023-03-19,2023,3,March
301361,201023,Current,31923,3682.0,45522,Recurring Deposit,2024-03-22,2024,3,March
301362,209657,Current,93479,3500.0,28617,Recurring Deposit,2022-04-28,2022,4,April
301363,208218,Current,72818,1920.0,6822,Recurring Deposit,2024-11-07,2024,11,November
301364,200771,Current,43158,2459.0,20074,Fixed Deposit,2024-08-09,2024,8,August
301365,205503,Current,17136,3191.0,16942,Mutual Fund,2023-08-12,2023,8,August
301366,208130,Savings,68051,2888.0,30790,Recurring Deposit,2024-10-23,2024,10,October
301367,206463,Savings,32328,4096.0,39665,Fixed Deposit,2023-02-27,2023,2,February
301368,204314,Current,22685,2537.0,28762,Fixed Deposit,2024-12-21,2024,12,December
301369,203803,Savings,20169,4940.0,8010,Fixed Deposit,2022-06-27,2022,6,June
301370,201877,Business,17880,4605.0,29635,Fixed Deposit,2024-12-02,2024,12,December
301371,201193,Business,24680,4384.0,8222,Fixed Deposit,2024-03-11,2024,3,March
301372,209628,Savings,23025,729.0,2782,Mutual Fund,2025-03-14,2025,3,March
301373,201615,Savings,2676,2318.0,8827,Fixed Deposit,2023-07-03,2023,7,July
301374,202466,Current,18052,786.0,34321,Mutual Fund,2024-12-23,2024,12,December
301375,203187,Current,35414,4681.0,16116,Fixed Deposit,2023-12-15,2023,12,December
301376,206749,Business,22764,564.0,46063,Mutual Fund,2022-09-18,2022,9,September
301377,201998,Savings,29618,4324.0,23807,Mutual Fund,2022-10-24,2022,10,October
301378,205406,Savings,4162,3906.0,44797,Fixed Deposit,2022-05-30,2022,5,May
301379,207774,Business,65761,2685.0,26050,Recurring Deposit,2022-05-17,2022,5,May
301380,202508,Business,39566,1825.0,8854,Mutual Fund,2023-07-06,2023,7,July
301381,201002,Savings,66272,4693.0,12808,Recurring Deposit,2024-04-24,2024,4,April
301382,200148,Business,5531,361.0,3585,Recurring Deposit,2022-09-17,2022,9,September
301383,201901,Savings,69314,1884.0,25747,Fixed Deposit,2022-08-18,2022,8,August
301384,205854,Business,80594,3281.0,24938,Recurring Deposit,2023-03-20,2023,3,March
301385,201740,Business,46670,4513.0,7109,Mutual Fund,2024-07-03,2024,7,July
301386,204257,Business,78357,3749.0,47075,Fixed Deposit,2022-10-17,2022,10,October
301387,206076,Current,92224,4734.0,25677,Recurring Deposit,2023-11-14,2023,11,November
301388,203023,Current,89358,3253.0,34417,Recurring Deposit,2024-02-23,2024,2,February
301389,205577,Current,63295,709.0,28834,Fixed Deposit,2023-10-18,2023,10,October
301390,208571,Business,86033,2872.0,48457,Fixed Deposit,2025-01-25,2025,1,January
301391,205819,Current,95895,4772.0,2655,Fixed Deposit,2025-03-06,2025,3,March
301392,207605,Business,53766,1795.0,42709,Recurring Deposit,2024-07-07,2024,7,July
301393,208056,Current,77358,462.0,45960,Fixed Deposit,2024-01-01,2024,1,January
301394,200700,Savings,32192,4357.0,23865,Fixed Deposit,2024-09-18,2024,9,September
301395,209341,Business,99072,3602.0,46509,Fixed Deposit,2022-11-16,2022,11,November
301396,206895,Current,79802,2929.0,40185,Mutual Fund,2023-12-25,2023,12,December
301397,207873,Current,50539,1640.0,39237,Mutual Fund,2025-01-01,2025,1,January
301398,205319,Business,56000,1671.0,23467,Fixed Deposit,2022-08-21,2022,8,August
301399,205344,Business,35273,4833.0,48000,Mutual Fund,2024-04-19,2024,4,April
301400,200580,Business,67511,345.0,42197,Recurring Deposit,2024-11-01,2024,11,November
301401,209737,Business,13289,3011.0,8597,Fixed Deposit,2023-12-14,2023,12,December
301402,205898,Business,86529,1388.0,49580,Recurring Deposit,2023-05-29,2023,5,May
301403,201269,Business,18223,262.0,9633,Fixed Deposit,2022-05-10,2022,5,May
301404,208603,Business,43154,1020.0,45804,Recurring Deposit,2025-02-25,2025,2,February
301405,209988,Savings,16833,1681.0,37396,Mutual Fund,2023-10-17,2023,10,October
301406,205643,Current,56717,992.0,45627,Fixed Deposit,2023-02-21,2023,2,February
301407,206764,Savings,88572,1228.0,29009,Fixed Deposit,2024-02-07,2024,2,February
301408,207257,Business,48888,160.0,8884,Mutual Fund,2024-02-09,2024,2,February
301409,205084,Savings,89349,1935.6264907398968,19554,Recurring Deposit,2023-03-22,2023,3,March
301410,201485,Business,7898,3995.0,23016,Fixed Deposit,2023-10-05,2023,10,October
301411,209507,Current,96018,2342.0,38877,Mutual Fund,2022-08-22,2022,8,August
301412,203362,Current,5220,3626.0,28357,Mutual Fund,2025-02-18,2025,2,February
301413,201295,Current,97570,3994.0,27083,Mutual Fund,2023-10-12,2023,10,October
301414,202191,Savings,98850,1771.0,33940,Mutual Fund,2024-07-13,2024,7,July
301415,209768,Current,21523,1053.0,21581,Recurring Deposit,2024-12-16,2024,12,December
301416,207244,Business,78342,4739.0,7087,Fixed Deposit,2023-09-29,2023,9,September
301417,209525,Current,11404,2472.0,48688,Fixed Deposit,2022-06-23,2022,6,June
301418,206233,Savings,29005,2010.0,5029,Mutual Fund,2023-11-29,2023,11,November
301419,208068,Current,37654,3434.0,30088,Mutual Fund,2023-05-23,2023,5,May
301420,203045,Current,44770,887.0,22412,Mutual Fund,2023-01-09,2023,1,January
301421,203265,Savings,16871,2977.0,17571,Fixed Deposit,2022-09-26,2022,9,September
301422,205702,Savings,30382,703.0,21086,Fixed Deposit,2024-02-25,2024,2,February
301423,205917,Savings,54154,4649.0,46360,Fixed Deposit,2022-08-10,2022,8,August
301424,206251,Business,12482,2697.0,2168,Mutual Fund,2025-01-13,2025,1,January
301425,206750,Current,34433,4812.0,30941,Recurring Deposit,2023-02-13,2023,2,February
301426,200510,Business,7327,3558.0,43774,Fixed Deposit,2024-12-11,2024,12,December
301427,202368,Business,43366,5379.1411383263685,32396,Recurring Deposit,2024-12-08,2024,12,December
301428,201499,Savings,59666,1796.0,43321,Fixed Deposit,2024-10-03,2024,10,October
301429,206429,Business,50554,4717.0,48589,Mutual Fund,2022-04-23,2022,4,April
301430,206958,Current,56957,2874.0,37365,Mutual Fund,2022-06-07,2022,6,June
301431,207518,Savings,79400,2317.0,33510,Fixed Deposit,2023-08-21,2023,8,August
301432,200855,Business,32098,3803.0,29885,Mutual Fund,2023-04-03,2023,4,April
301433,201950,Current,54809,465.0,10834,Mutual Fund,2022-10-02,2022,10,October
301434,204027,Current,49799,3859.0,32529,Fixed Deposit,2024-08-14,2024,8,August
301435,203316,Current,63428,3669.0,1366,Recurring Deposit,2023-02-02,2023,2,February
301436,208778,Business,80922,4630.0,43920,Recurring Deposit,2022-07-05,2022,7,July
301437,200361,Savings,75587,771.9382165065572,24718,Mutual Fund,2024-07-28,2024,7,July
301438,205455,Savings,70164,4419.0,12435,Mutual Fund,2023-02-05,2023,2,February
301439,209864,Current,57753,3604.0,28866,Recurring Deposit,2024-09-16,2024,9,September
301440,209198,Savings,59747,2000.0,7473,Fixed Deposit,2023-02-19,2023,2,February
301441,204668,Savings,65347,3772.0,36233,Fixed Deposit,2023-03-17,2023,3,March
301442,203333,Savings,50287,968.0,40861,Recurring Deposit,2023-08-13,2023,8,August
301443,204396,Savings,98646,3826.0,45008,Mutual Fund,2022-11-05,2022,11,November
301444,205068,Business,48124,4723.0,1751,Fixed Deposit,2024-10-01,2024,10,October
301445,202596,Savings,46585,4404.0,30191,Recurring Deposit,2022-03-25,2022,3,March
301446,205090,Savings,50513,1150.0,41861,Recurring Deposit,2023-05-25,2023,5,May
301447,207401,Business,4342,4754.0,25595,Mutual Fund,2022-10-31,2022,10,October
301448,204709,Savings,3953,2572.0,32424,Recurring Deposit,2022-10-08,2022,10,October
301449,204066,Savings,91330,2508.0,48734,Recurring Deposit,2024-07-07,2024,7,July
301450,203992,Savings,27942,1774.0,33304,Mutual Fund,2023-04-14,2023,4,April
301451,209082,Current,89529,4286.0,38318,Fixed Deposit,2022-12-17,2022,12,December
301452,206982,Business,29792,2329.0,43809,Recurring Deposit,2022-09-07,2022,9,September
301453,208046,Savings,82981,2666.0,45874,Mutual Fund,2025-01-10,2025,1,January
301454,202846,Business,3021,3711.0,42062,Mutual Fund,2022-04-30,2022,4,April
301455,201695,Business,67541,3137.0,47013,Fixed Deposit,2022-10-11,2022,10,October
301456,209007,Savings,61154,1050.0,21179,Recurring Deposit,2022-04-13,2022,4,April
301457,207378,Business,14186,3847.0,29768,Recurring Deposit,2023-09-28,2023,9,September
301458,200498,Current,30941,1933.156635691116,36566,Recurring Deposit,2023-03-25,2023,3,March
301459,201680,Business,27633,802.0,33314,Recurring Deposit,2024-09-20,2024,9,September
301460,207352,Savings,50968,1389.0,37769,Recurring Deposit,2023-08-05,2023,8,August
301461,209528,Savings,67112,4528.849710736743,2787,Fixed Deposit,2022-04-14,2022,4,April
301462,200248,Current,12247,4949.0,7614,Recurring Deposit,2022-12-16,2022,12,December
301463,209888,Savings,16776,1038.0,25311,Mutual Fund,2023-05-07,2023,5,May
301464,200658,Current,91460,1790.0,5670,Recurring Deposit,2022-06-10,2022,6,June
301465,204770,Business,93578,1401.0,36607,Fixed Deposit,2022-10-03,2022,10,October
301466,200688,Business,26778,2767.0,29860,Fixed Deposit,2024-01-03,2024,1,January
301467,208159,Business,21533,2603.0,34160,Recurring Deposit,2024-06-15,2024,6,June
301468,201699,Savings,83238,3645.0,14206,Recurring Deposit,2022-09-13,2022,9,September
301469,200223,Savings,96277,3352.0,48725,Mutual Fund,2022-06-27,2022,6,June
301470,201759,Current,71061,2030.0,15383,Mutual Fund,2024-03-29,2024,3,March
301471,203815,Business,28000,1378.0,13240,Recurring Deposit,2024-02-15,2024,2,February
301472,200053,Current,41113,3520.0,43534,Fixed Deposit,2023-10-04,2023,10,October
301473,205684,Current,51108,456.0,33609,Mutual Fund,2024-05-26,2024,5,May
301474,200699,Savings,84669,222.0,11882,Recurring Deposit,2024-09-28,2024,9,September
301475,206625,Business,96465,413.0,26204,Fixed Deposit,2022-09-06,2022,9,September
301476,200585,Current,3059,2418.0,37837,Fixed Deposit,2024-02-21,2024,2,February
301477,203371,Business,62001,2849.0,14053,Mutual Fund,2024-05-11,2024,5,May
301478,204384,Savings,15885,2204.0,33903,Fixed Deposit,2023-02-28,2023,2,February
301479,201451,Business,44870,739.0,39280,Recurring Deposit,2024-10-31,2024,10,October
301480,200310,Current,55759,3250.0,40758,Recurring Deposit,2022-05-27,2022,5,May
301481,202505,Current,17364,3677.0,48423,Recurring Deposit,2025-01-07,2025,1,January
301482,201122,Business,25212,1540.0,33323,Recurring Deposit,2024-06-08,2024,6,June
301483,200341,Business,29054,657.0,4961,Fixed Deposit,2023-07-02,2023,7,July
301484,209174,Business,97734,4193.0,21101,Fixed Deposit,2024-03-01,2024,3,March
301485,209600,Current,77715,965.0,7674,Recurring Deposit,2024-12-14,2024,12,December
301486,208648,Current,21139,184.0,24268,Fixed Deposit,2022-05-08,2022,5,May
301487,205423,Current,88005,618.0,23938,Recurring Deposit,2022-06-23,2022,6,June
301488,209841,Business,89277,2639.0,4786,Recurring Deposit,2024-04-03,2024,4,April
301489,206894,Current,77524,3456.0,41968,Mutual Fund,2023-12-04,2023,12,December
301490,206995,Business,92156,2993.0,4535,Recurring Deposit,2024-01-12,2024,1,January
301491,201710,Current,87888,4545.0,19034,Fixed Deposit,2025-02-18,2025,2,February
301492,201582,Current,58811,4677.0,9951,Fixed Deposit,2022-09-04,2022,9,September
301493,206169,Business,33603,3482.0,10612,Fixed Deposit,2024-04-20,2024,4,April
301494,206784,Savings,50894,1503.0,28216,Recurring Deposit,2024-02-08,2024,2,February
301495,208556,Current,66980,4677.0,1968,Mutual Fund,2022-07-13,2022,7,July
301496,201168,Savings,5815,2743.0,47623,Mutual Fund,2022-07-24,2022,7,July
301497,208336,Current,36026,626.0,24321,Recurring Deposit,2023-08-03,2023,8,August
301498,206310,Current,97919,3862.0,23677,Mutual Fund,2024-10-20,2024,10,October
301499,201066,Current,74834,4776.0,32131,Recurring Deposit,2022-11-06,2022,11,November
301500,200971,Business,91782,3856.0,27550,Recurring Deposit,2022-07-01,2022,7,July
301501,209768,Current,73196,4866.0,1591,Fixed Deposit,2022-10-03,2022,10,October
301502,207182,Savings,70072,4316.71345807607,8651,Fixed Deposit,2023-05-22,2023,5,May
301503,204153,Current,20136,4345.0,18880,Mutual Fund,2024-11-14,2024,11,November
301504,209439,Current,10892,1363.0,18179,Recurring Deposit,2024-11-28,2024,11,November
301505,208324,Current,97543,4387.0,42500,Recurring Deposit,2024-09-15,2024,9,September
301506,201266,Business,17065,927.0,47441,Mutual Fund,2024-07-19,2024,7,July
301507,200209,Business,94985,255.8724527574553,29480,Recurring Deposit,2023-08-08,2023,8,August
301508,204337,Savings,56019,4088.0,22150,Recurring Deposit,2023-11-02,2023,11,November
301509,206526,Business,88068,3502.0,48709,Recurring Deposit,2024-10-04,2024,10,October
301510,206358,Current,20573,4429.0,35840,Fixed Deposit,2024-06-22,2024,6,June
301511,209005,Business,70764,432.0,32806,Recurring Deposit,2023-06-22,2023,6,June
301512,207257,Business,33925,4238.0,27355,Mutual Fund,2024-02-23,2024,2,February
301513,203520,Current,55890,1534.0,41628,Recurring Deposit,2024-05-14,2024,5,May
301514,207323,Current,12436,890.0,24441,Recurring Deposit,2024-10-16,2024,10,October
301515,203449,Business,25209,4950.0,45452,Mutual Fund,2024-01-18,2024,1,January
301516,202131,Current,93493,2244.0,49618,Fixed Deposit,2022-08-22,2022,8,August
301517,209640,Business,41356,4568.0,44324,Mutual Fund,2025-03-15,2025,3,March
301518,206127,Business,51954,4797.0,41014,Mutual Fund,2022-09-14,2022,9,September
301519,201695,Current,71915,2382.0,39748,Recurring Deposit,2025-01-01,2025,1,January
301520,201509,Savings,85848,3591.0,12140,Mutual Fund,2024-12-26,2024,12,December
301521,206225,Business,80405,2244.0,1939,Fixed Deposit,2024-07-24,2024,7,July
301522,206944,Savings,29539,2873.642415352112,49584,Mutual Fund,2023-02-18,2023,2,February
301523,206303,Savings,15132,4186.0,44620,Recurring Deposit,2024-01-18,2024,1,January
301524,206705,Business,41599,3955.0,34801,Recurring Deposit,2024-02-20,2024,2,February
301525,204274,Business,40777,3086.0,11008,Mutual Fund,2023-03-10,2023,3,March
301526,201228,Current,83055,2399.0,36510,Fixed Deposit,2023-12-23,2023,12,December
301527,209746,Current,21695,4236.0,15821,Mutual Fund,2023-08-29,2023,8,August
301528,204211,Savings,7607,1423.0,37709,Recurring Deposit,2024-02-23,2024,2,February
301529,203418,Savings,98503,4980.0,26491,Mutual Fund,2023-11-30,2023,11,November
301530,202448,Business,96974,4196.0,30865,Fixed Deposit,2023-12-27,2023,12,December
301531,204394,Business,43837,2240.0,5158,Fixed Deposit,2022-08-15,2022,8,August
301532,204764,Current,8662,380.0,12208,Mutual Fund,2023-07-19,2023,7,July
301533,203883,Business,34809,3689.0,36320,Mutual Fund,2024-01-12,2024,1,January
301534,206195,Business,71859,2605.0,39146,Fixed Deposit,2023-07-19,2023,7,July
301535,201007,Savings,44354,4683.0,47506,Mutual Fund,2025-01-17,2025,1,January
301536,208731,Business,95315,945.0,33202,Recurring Deposit,2023-04-20,2023,4,April
301537,208403,Savings,93582,506.0,5336,Recurring Deposit,2023-10-23,2023,10,October
301538,205228,Savings,35670,1398.0,45187,Mutual Fund,2022-11-13,2022,11,November
301539,208097,Current,68072,586.0,6630,Recurring Deposit,2025-02-19,2025,2,February
301540,204070,Current,44022,905.0,5618,Recurring Deposit,2024-03-26,2024,3,March
301541,203893,Savings,49781,1526.0,36570,Recurring Deposit,2022-07-03,2022,7,July
301542,206913,Business,86580,3278.0,23943,Mutual Fund,2022-08-09,2022,8,August
301543,201393,Business,56799,3556.0,3869,Recurring Deposit,2022-07-31,2022,7,July
301544,209455,Business,63292,2377.0,41061,Recurring Deposit,2022-08-12,2022,8,August
301545,203473,Savings,54421,2158.1490840926303,33749,Fixed Deposit,2024-01-20,2024,1,January
301546,209204,Current,29782,1910.982562645589,21178,Recurring Deposit,2022-08-18,2022,8,August
301547,200795,Business,74844,2325.0,4791,Recurring Deposit,2023-10-20,2023,10,October
301548,201203,Savings,65552,4293.0,37226,Mutual Fund,2022-10-09,2022,10,October
301549,203343,Current,55277,436.0,23412,Recurring Deposit,2024-08-01,2024,8,August
301550,205024,Business,54523,2324.0,20511,Mutual Fund,2022-06-22,2022,6,June
301551,205892,Savings,20523,4805.0,28442,Fixed Deposit,2024-09-17,2024,9,September
301552,203372,Savings,88847,836.0,42724,Recurring Deposit,2024-08-09,2024,8,August
301553,200420,Current,10706,2895.0,7820,Fixed Deposit,2024-08-09,2024,8,August
301554,202257,Current,97871,3263.0,46812,Fixed Deposit,2023-08-15,2023,8,August
301555,206079,Business,13414,350.0,46679,Recurring Deposit,2025-01-24,2025,1,January
301556,200061,Current,49713,2251.940767824739,4677,Fixed Deposit,2022-09-26,2022,9,September
301557,204100,Savings,43108,2579.0,14837,Recurring Deposit,2023-12-19,2023,12,December
301558,204591,Business,95465,4019.0,3423,Fixed Deposit,2023-09-21,2023,9,September
301559,203178,Savings,44358,3888.0,48477,Mutual Fund,2025-01-17,2025,1,January
301560,201546,Savings,83731,637.0,29402,Mutual Fund,2024-01-07,2024,1,January
301561,205973,Savings,54971,3306.0,39259,Mutual Fund,2022-06-08,2022,6,June
301562,209942,Savings,78048,2199.0,25483,Mutual Fund,2023-06-10,2023,6,June
301563,208922,Business,72173,4867.0,7725,Fixed Deposit,2024-10-08,2024,10,October
301564,207554,Savings,77842,145.8259001560465,22791,Fixed Deposit,2023-07-19,2023,7,July
301565,208370,Current,37604,951.0,28816,Fixed Deposit,2023-09-18,2023,9,September
301566,205609,Savings,35194,3356.0,39303,Fixed Deposit,2022-08-28,2022,8,August
301567,207233,Savings,41221,151.0,16243,Fixed Deposit,2024-09-03,2024,9,September
301568,208720,Business,33966,4821.0,6866,Recurring Deposit,2024-05-17,2024,5,May
301569,201410,Business,33144,1824.0,33614,Mutual Fund,2023-02-14,2023,2,February
301570,208527,Business,94812,1185.0,6429,Mutual Fund,2022-11-16,2022,11,November
301571,204853,Current,68764,4953.0,20128,Recurring Deposit,2025-01-04,2025,1,January
301572,209266,Savings,74667,2443.074449481692,22127,Mutual Fund,2024-04-08,2024,4,April
301573,206450,Savings,58535,1082.0,38545,Mutual Fund,2023-03-04,2023,3,March
301574,200210,Current,87146,2479.0,35530,Mutual Fund,2022-09-05,2022,9,September
301575,209859,Current,18150,2306.0,43309,Recurring Deposit,2023-09-15,2023,9,September
301576,201454,Business,84352,4482.0,10155,Fixed Deposit,2024-08-01,2024,8,August
301577,205030,Current,33931,4719.0,17811,Fixed Deposit,2023-10-12,2023,10,October
301578,204144,Current,44341,1101.0,47562,Fixed Deposit,2022-09-15,2022,9,September
301579,200440,Business,57232,3162.0,47297,Fixed Deposit,2023-05-27,2023,5,May
301580,206120,Current,30846,2460.0,33798,Mutual Fund,2024-08-28,2024,8,August
301581,208742,Business,36576,126.0,26940,Recurring Deposit,2023-03-07,2023,3,March
301582,208643,Savings,43673,4082.0,42431,Fixed Deposit,2024-01-16,2024,1,January
301583,208846,Business,85081,1601.0,37681,Recurring Deposit,2024-08-08,2024,8,August
301584,206504,Current,4675,2986.0,17774,Mutual Fund,2024-11-10,2024,11,November
301585,200667,Current,26547,1489.0,41321,Fixed Deposit,2024-10-29,2024,10,October
301586,206159,Business,68527,2485.0,5347,Mutual Fund,2025-02-01,2025,2,February
301587,204376,Current,34595,4603.0,14355,Mutual Fund,2024-12-13,2024,12,December
301588,203622,Savings,40272,4163.0,26677,Fixed Deposit,2024-08-01,2024,8,August
301589,204240,Business,27812,1199.0,27950,Recurring Deposit,2022-04-30,2022,4,April
301590,202510,Business,18157,4270.0,29816,Fixed Deposit,2024-10-22,2024,10,October
301591,208051,Current,60686,4454.0,38518,Mutual Fund,2025-01-05,2025,1,January
301592,201393,Current,82666,4552.0,1469,Recurring Deposit,2025-03-02,2025,3,March
301593,207474,Current,87089,1638.0,41095,Recurring Deposit,2023-05-10,2023,5,May
301594,207569,Business,36869,3587.0,38849,Fixed Deposit,2022-05-04,2022,5,May
301595,206637,Business,20722,3225.0,45697,Fixed Deposit,2022-12-26,2022,12,December
301596,201555,Current,13302,1545.0,22439,Fixed Deposit,2023-05-19,2023,5,May
301597,203414,Business,10781,3611.0,43295,Recurring Deposit,2025-03-16,2025,3,March
301598,206276,Savings,86632,4936.0,11325,Recurring Deposit,2023-07-13,2023,7,July
301599,207679,Current,75764,1676.0,16990,Fixed Deposit,2023-08-30,2023,8,August
301600,203389,Business,43295,3743.0,48508,Mutual Fund,2023-09-17,2023,9,September
301601,201894,Savings,95118,1054.0,39052,Recurring Deposit,2022-03-30,2022,3,March
301602,206736,Current,12330,4653.0,12178,Mutual Fund,2022-12-27,2022,12,December
301603,206813,Business,86917,271.5911742634958,44655,Fixed Deposit,2022-10-29,2022,10,October
301604,206367,Current,39507,2406.0,35173,Fixed Deposit,2024-08-16,2024,8,August
301605,209103,Current,73104,4846.342606203948,18729,Mutual Fund,2025-01-05,2025,1,January
301606,200971,Current,45121,369.0,4270,Fixed Deposit,2023-12-03,2023,12,December
301607,207408,Business,9143,720.0,41131,Mutual Fund,2022-07-07,2022,7,July
301608,208308,Savings,24157,2498.0,20514,Mutual Fund,2022-10-27,2022,10,October
301609,203847,Savings,46845,1862.0,14833,Recurring Deposit,2024-11-28,2024,11,November
301610,200436,Current,30349,2649.0,5589,Mutual Fund,2022-05-07,2022,5,May
301611,203287,Business,38387,937.0,38877,Fixed Deposit,2022-08-10,2022,8,August
301612,201584,Business,69401,3665.0,47382,Fixed Deposit,2024-06-22,2024,6,June
301613,207156,Business,39119,1880.0,12926,Fixed Deposit,2023-02-18,2023,2,February
301614,204312,Savings,84615,162.5648991185781,34281,Fixed Deposit,2023-10-26,2023,10,October
301615,201595,Business,91818,1657.0,47144,Fixed Deposit,2024-01-02,2024,1,January
301616,203190,Current,19200,4453.0,31410,Recurring Deposit,2024-02-23,2024,2,February
301617,207597,Business,73786,4735.0,30675,Recurring Deposit,2023-09-01,2023,9,September
301618,201342,Savings,17228,2395.0,5644,Recurring Deposit,2022-11-20,2022,11,November
301619,209854,Savings,98905,1576.0,10531,Mutual Fund,2023-10-16,2023,10,October
301620,205441,Savings,94285,564.0,8956,Recurring Deposit,2023-07-18,2023,7,July
301621,208860,Savings,15440,1198.0,25925,Mutual Fund,2023-08-06,2023,8,August
301622,207344,Business,43026,201.0,20864,Mutual Fund,2024-08-18,2024,8,August
301623,207516,Business,48951,610.0,21526,Recurring Deposit,2024-10-02,2024,10,October
301624,205910,Savings,60161,3730.0,2872,Fixed Deposit,2022-07-30,2022,7,July
301625,205883,Business,78920,1406.1377854271134,4623,Recurring Deposit,2022-06-10,2022,6,June
301626,203151,Current,62454,2270.0,7578,Mutual Fund,2022-11-17,2022,11,November
301627,204139,Savings,4380,4625.0,47422,Mutual Fund,2022-11-20,2022,11,November
301628,207059,Savings,42188,1244.0,34746,Mutual Fund,2024-11-04,2024,11,November
301629,208644,Business,11771,561.0,25838,Recurring Deposit,2022-06-06,2022,6,June
301630,209199,Current,28455,3838.0,16237,Recurring Deposit,2025-01-30,2025,1,January
301631,209414,Savings,75159,2736.0,5801,Mutual Fund,2022-07-25,2022,7,July
301632,208080,Current,83855,4923.0,28394,Recurring Deposit,2023-05-17,2023,5,May
301633,208385,Savings,3045,4804.0,29072,Recurring Deposit,2024-02-07,2024,2,February
301634,201035,Business,19199,3028.0,38115,Mutual Fund,2025-01-12,2025,1,January
301635,207097,Savings,34605,298.0,17010,Recurring Deposit,2024-01-08,2024,1,January
301636,207556,Business,6891,3541.0,40061,Recurring Deposit,2024-04-13,2024,4,April
301637,208015,Current,75351,120.0,22937,Fixed Deposit,2024-10-19,2024,10,October
301638,201149,Business,95156,259.0,35042,Fixed Deposit,2024-02-05,2024,2,February
301639,207239,Business,58011,2469.0,32023,Recurring Deposit,2023-12-24,2023,12,December
301640,208631,Savings,14294,399.0,42012,Recurring Deposit,2023-05-19,2023,5,May
301641,208923,Savings,27308,4828.0,12433,Recurring Deposit,2023-02-18,2023,2,February
301642,204397,Current,18804,3644.0,41943,Mutual Fund,2024-05-24,2024,5,May
301643,203655,Current,58601,2852.0,35824,Recurring Deposit,2022-09-13,2022,9,September
301644,204216,Current,9555,2606.0,24379,Recurring Deposit,2023-09-08,2023,9,September
301645,200785,Business,65645,1459.0,20953,Fixed Deposit,2024-01-17,2024,1,January
301646,205419,Business,90180,2874.0,18214,Recurring Deposit,2022-09-09,2022,9,September
301647,202602,Savings,33406,4850.0,24897,Fixed Deposit,2023-06-04,2023,6,June
301648,206617,Current,30001,1465.9717253574552,30427,Recurring Deposit,2025-02-06,2025,2,February
301649,204309,Savings,99648,2163.0,16126,Mutual Fund,2025-02-06,2025,2,February
301650,201358,Savings,18059,2449.0,3637,Recurring Deposit,2024-09-27,2024,9,September
301651,209365,Business,41457,1604.0,48869,Recurring Deposit,2024-04-14,2024,4,April
301652,200212,Savings,64898,1482.0,12732,Fixed Deposit,2024-06-16,2024,6,June
301653,207742,Business,53614,2658.077703474052,18238,Fixed Deposit,2025-01-20,2025,1,January
301654,204593,Savings,73241,3748.0,26675,Fixed Deposit,2023-07-13,2023,7,July
301655,208220,Current,77564,2166.0,43499,Recurring Deposit,2022-05-30,2022,5,May
301656,202944,Current,56341,2749.0,38840,Mutual Fund,2023-02-26,2023,2,February
301657,207680,Savings,61369,1672.0,38723,Fixed Deposit,2023-11-25,2023,11,November
301658,206216,Savings,31208,1562.0,1820,Recurring Deposit,2024-10-07,2024,10,October
301659,208980,Current,64926,4326.0,23837,Recurring Deposit,2022-06-14,2022,6,June
301660,202253,Current,97308,2235.0,16667,Recurring Deposit,2022-04-01,2022,4,April
301661,203739,Business,41340,4537.0,21262,Fixed Deposit,2023-02-01,2023,2,February
301662,206195,Current,88152,4234.0,25187,Recurring Deposit,2023-07-02,2023,7,July
301663,209194,Business,59333,4986.0,49163,Recurring Deposit,2023-02-12,2023,2,February
301664,209441,Current,84359,3845.0,16726,Fixed Deposit,2022-10-20,2022,10,October
301665,209815,Savings,53194,1044.0,32102,Recurring Deposit,2023-04-21,2023,4,April
301666,206162,Savings,62678,3476.0,31797,Recurring Deposit,2023-06-13,2023,6,June
301667,207877,Current,25589,493.0,2395,Mutual Fund,2023-08-12,2023,8,August
301668,206666,Savings,29454,451.0,25053,Recurring Deposit,2022-09-23,2022,9,September
301669,208185,Business,45669,1083.0,16264,Mutual Fund,2022-04-02,2022,4,April
301670,202703,Business,18705,4006.0,46589,Fixed Deposit,2024-05-01,2024,5,May
301671,207923,Business,90500,3631.0,46475,Fixed Deposit,2024-01-18,2024,1,January
301672,200084,Current,60367,138.0,29253,Mutual Fund,2022-12-18,2022,12,December
301673,205658,Business,6407,3085.0,38384,Mutual Fund,2022-10-07,2022,10,October
301674,207957,Savings,1010,1223.0,42800,Mutual Fund,2023-11-01,2023,11,November
301675,204866,Business,21635,1598.0,34781,Recurring Deposit,2024-06-25,2024,6,June
301676,203114,Current,54700,612.0,37159,Recurring Deposit,2025-03-18,2025,3,March
301677,207877,Business,2791,3857.0,41075,Mutual Fund,2023-03-13,2023,3,March
301678,203672,Savings,42698,4871.0,19651,Mutual Fund,2024-05-06,2024,5,May
301679,205924,Savings,21531,2115.0,26956,Mutual Fund,2024-08-04,2024,8,August
301680,201373,Current,25232,1666.0,9696,Fixed Deposit,2025-01-21,2025,1,January
301681,209655,Business,88218,383.9498750191541,42925,Recurring Deposit,2023-09-22,2023,9,September
301682,209766,Savings,43630,4893.0,33417,Recurring Deposit,2022-07-10,2022,7,July
301683,205011,Current,81800,3559.0,42207,Fixed Deposit,2023-11-27,2023,11,November
301684,205952,Current,10178,1176.0,35822,Recurring Deposit,2022-05-25,2022,5,May
301685,207330,Current,61376,1738.0,39832,Mutual Fund,2024-01-27,2024,1,January
301686,202652,Current,24509,4380.0,32850,Recurring Deposit,2022-04-19,2022,4,April
301687,202090,Current,25586,4396.0,39197,Mutual Fund,2024-03-04,2024,3,March
301688,200296,Current,60421,2395.0,38975,Fixed Deposit,2022-07-19,2022,7,July
301689,201130,Savings,84419,1557.0,36805,Fixed Deposit,2023-07-20,2023,7,July
301690,202984,Business,14672,1012.0,5009,Recurring Deposit,2024-08-31,2024,8,August
301691,208908,Current,22200,3817.0,32321,Mutual Fund,2024-01-16,2024,1,January
301692,207597,Business,85786,2600.0,9928,Mutual Fund,2024-08-27,2024,8,August
301693,203983,Current,46793,1629.0,42305,Recurring Deposit,2023-12-09,2023,12,December
301694,206520,Savings,52540,2528.0,11194,Fixed Deposit,2024-12-09,2024,12,December
301695,209499,Savings,15852,1983.0,34523,Mutual Fund,2023-12-29,2023,12,December
301696,204426,Business,87833,3104.0,28045,Recurring Deposit,2023-06-13,2023,6,June
301697,204331,Current,42215,980.0,7511,Mutual Fund,2022-09-15,2022,9,September
301698,209053,Business,4243,416.0,22515,Mutual Fund,2023-12-10,2023,12,December
301699,207818,Current,82783,4854.0,8866,Mutual Fund,2022-04-22,2022,4,April
301700,204811,Current,9718,3089.0,4818,Recurring Deposit,2023-08-07,2023,8,August
301701,205176,Current,90601,756.1289232931246,34237,Fixed Deposit,2022-12-12,2022,12,December
301702,202484,Current,21149,4023.0,28441,Fixed Deposit,2024-11-05,2024,11,November
301703,209289,Current,64241,4769.0,34398,Fixed Deposit,2024-03-04,2024,3,March
301704,206139,Current,56074,3481.0,38638,Recurring Deposit,2025-02-24,2025,2,February
301705,206262,Savings,15376,4987.0,5364,Recurring Deposit,2023-10-04,2023,10,October
301706,200570,Savings,95510,4725.0,14203,Fixed Deposit,2022-08-04,2022,8,August
301707,201314,Current,65637,852.0,14639,Recurring Deposit,2024-01-28,2024,1,January
301708,209139,Business,66876,1731.0,3413,Fixed Deposit,2022-09-01,2022,9,September
301709,207971,Business,64389,2707.0,33017,Fixed Deposit,2023-04-02,2023,4,April
301710,205452,Savings,27364,659.0,17569,Recurring Deposit,2024-01-26,2024,1,January
301711,204595,Business,28100,1363.0,18219,Mutual Fund,2024-09-20,2024,9,September
301712,208922,Current,40778,2369.0,5054,Mutual Fund,2023-12-03,2023,12,December
301713,204577,Current,77709,4937.0,4350,Recurring Deposit,2024-06-11,2024,6,June
301714,205588,Current,43521,1790.0,26667,Recurring Deposit,2022-07-21,2022,7,July
301715,200325,Current,29179,3745.0,43881,Fixed Deposit,2023-11-25,2023,11,November
301716,207230,Current,58635,2528.0,28629,Mutual Fund,2023-07-15,2023,7,July
301717,207347,Business,69415,457.0,20883,Mutual Fund,2023-08-30,2023,8,August
301718,205947,Business,36495,1457.0,13373,Fixed Deposit,2023-02-28,2023,2,February
301719,203235,Current,10109,932.0,26074,Fixed Deposit,2023-08-20,2023,8,August
301720,209575,Current,25780,100.0,39577,Mutual Fund,2022-12-07,2022,12,December
301721,204073,Business,58422,2699.0,29474,Fixed Deposit,2022-07-17,2022,7,July
301722,208746,Business,67063,683.0,28691,Mutual Fund,2024-05-22,2024,5,May
301723,208394,Current,24000,244.0,37928,Recurring Deposit,2024-11-28,2024,11,November
301724,204785,Business,21226,3172.0,10161,Recurring Deposit,2022-09-14,2022,9,September
301725,204879,Current,98382,2864.0,37727,Mutual Fund,2024-06-22,2024,6,June
301726,201587,Savings,72776,1025.0,45449,Mutual Fund,2024-05-21,2024,5,May
301727,200452,Current,57933,3674.0,25990,Fixed Deposit,2023-01-16,2023,1,January
301728,203074,Business,74219,3974.0,13941,Recurring Deposit,2023-09-14,2023,9,September
301729,201112,Savings,33426,2971.0,44315,Mutual Fund,2023-09-17,2023,9,September
301730,201074,Business,67149,2529.0,21335,Fixed Deposit,2024-12-17,2024,12,December
301731,203524,Business,97241,3403.0,36474,Mutual Fund,2022-11-05,2022,11,November
301732,204767,Business,11035,1680.0,30037,Recurring Deposit,2023-03-23,2023,3,March
301733,208671,Savings,24156,388.0,49156,Mutual Fund,2022-08-27,2022,8,August
301734,203318,Current,45353,1019.0,36555,Mutual Fund,2022-11-03,2022,11,November
301735,202933,Savings,8613,827.2201944333569,6405,Mutual Fund,2023-04-22,2023,4,April
301736,207850,Savings,37434,962.0,37154,Mutual Fund,2023-01-21,2023,1,January
301737,203794,Savings,62618,4992.0,44093,Mutual Fund,2022-12-15,2022,12,December
301738,202443,Savings,34983,3904.0,29993,Recurring Deposit,2024-10-11,2024,10,October
301739,204254,Savings,48825,4167.0,21774,Fixed Deposit,2022-11-13,2022,11,November
301740,202512,Current,47715,899.0883958997628,42496,Recurring Deposit,2025-01-02,2025,1,January
301741,209365,Current,94111,961.0,6639,Fixed Deposit,2022-07-16,2022,7,July
301742,206714,Business,88050,2297.0,37703,Fixed Deposit,2022-12-21,2022,12,December
301743,204654,Business,51338,716.0,37459,Recurring Deposit,2024-11-20,2024,11,November
301744,201896,Business,45938,2543.0,38062,Mutual Fund,2024-04-26,2024,4,April
301745,207125,Business,5512,4412.0,22077,Fixed Deposit,2024-03-10,2024,3,March
301746,206686,Current,61993,2556.120703715907,5828,Mutual Fund,2024-08-12,2024,8,August
301747,202294,Business,18399,580.0,29026,Recurring Deposit,2024-09-06,2024,9,September
301748,207402,Current,88424,267.0,24553,Fixed Deposit,2024-02-16,2024,2,February
301749,201355,Business,66568,2723.0,46034,Fixed Deposit,2025-02-11,2025,2,February
301750,201194,Savings,87092,1826.0,41176,Recurring Deposit,2024-08-13,2024,8,August
301751,201498,Current,12930,2384.0,3958,Recurring Deposit,2024-12-13,2024,12,December
301752,202889,Current,22952,1133.0,41949,Mutual Fund,2024-12-01,2024,12,December
301753,209220,Business,83793,3292.0,31966,Recurring Deposit,2024-11-15,2024,11,November
301754,200515,Business,68804,3114.0,46715,Mutual Fund,2023-08-05,2023,8,August
301755,204582,Savings,39060,3344.0,36673,Fixed Deposit,2024-11-19,2024,11,November
301756,206798,Savings,82766,3000.0,43122,Mutual Fund,2023-07-25,2023,7,July
301757,209089,Current,81467,1708.0,33040,Fixed Deposit,2022-11-10,2022,11,November
301758,205552,Business,6927,3895.0,12760,Fixed Deposit,2024-02-02,2024,2,February
301759,201671,Current,44564,112.0,4571,Fixed Deposit,2022-07-05,2022,7,July
301760,202771,Business,88681,3798.0,8235,Recurring Deposit,2024-03-18,2024,3,March
301761,205399,Current,63120,4923.0,47851,Mutual Fund,2024-02-05,2024,2,February
301762,204858,Current,58779,2817.0,3351,Mutual Fund,2024-11-25,2024,11,November
301763,203042,Business,91110,3797.0,13032,Mutual Fund,2023-07-04,2023,7,July
301764,200693,Business,26455,665.0,37694,Mutual Fund,2023-05-21,2023,5,May
301765,206352,Savings,14992,2972.0,30911,Fixed Deposit,2024-09-24,2024,9,September
301766,206861,Business,58220,4888.0,9508,Fixed Deposit,2022-06-16,2022,6,June
301767,207658,Current,59291,3694.0,31874,Mutual Fund,2023-09-18,2023,9,September
301768,207995,Business,89495,4677.0,3081,Recurring Deposit,2024-05-17,2024,5,May
301769,208350,Business,62273,1725.0,12971,Recurring Deposit,2022-07-14,2022,7,July
301770,207167,Savings,75508,2234.0,31209,Recurring Deposit,2023-07-16,2023,7,July
301771,206197,Business,26761,3597.0,6999,Mutual Fund,2024-03-07,2024,3,March
301772,204488,Savings,71454,5599.138067611126,31499,Fixed Deposit,2024-02-21,2024,2,February
301773,208435,Savings,60741,640.8269612864086,47326,Recurring Deposit,2022-05-18,2022,5,May
301774,203745,Current,11955,2948.0,40381,Recurring Deposit,2022-06-17,2022,6,June
301775,205835,Current,65695,2876.0,17873,Recurring Deposit,2023-10-14,2023,10,October
301776,204839,Current,59197,709.0,44752,Mutual Fund,2023-06-09,2023,6,June
301777,205455,Business,26445,4042.0,20162,Fixed Deposit,2022-07-18,2022,7,July
301778,207311,Business,14068,1448.0,33087,Fixed Deposit,2024-12-16,2024,12,December
301779,206981,Current,60823,3024.0,31514,Mutual Fund,2022-08-08,2022,8,August
301780,202949,Business,81243,2463.0,9596,Fixed Deposit,2024-10-31,2024,10,October
301781,208482,Savings,86927,2110.0,19298,Fixed Deposit,2024-09-28,2024,9,September
301782,205736,Current,72099,3080.0,13785,Recurring Deposit,2024-05-16,2024,5,May
301783,208322,Business,77270,1624.0,1995,Fixed Deposit,2023-11-08,2023,11,November
301784,205396,Business,80908,1807.0,1591,Mutual Fund,2024-03-08,2024,3,March
301785,201414,Savings,77308,2565.0,40141,Fixed Deposit,2024-09-07,2024,9,September
301786,208093,Current,54521,448.0,38142,Recurring Deposit,2024-07-29,2024,7,July
301787,206070,Current,49628,650.0,45979,Recurring Deposit,2022-05-23,2022,5,May
301788,203928,Business,39732,3318.0,47194,Mutual Fund,2024-02-17,2024,2,February
301789,206210,Current,26176,1782.0,32124,Fixed Deposit,2024-08-25,2024,8,August
301790,205865,Savings,92343,128.0,18132,Fixed Deposit,2024-12-27,2024,12,December
301791,208584,Current,85729,3029.099816153071,31229,Recurring Deposit,2023-01-07,2023,1,January
301792,204072,Savings,57028,4797.0,6859,Fixed Deposit,2023-08-02,2023,8,August
301793,202084,Business,70307,4688.0,39218,Recurring Deposit,2024-10-15,2024,10,October
301794,208788,Savings,19645,3027.0,20901,Mutual Fund,2024-03-28,2024,3,March
301795,209751,Business,18067,854.0,46128,Fixed Deposit,2024-05-07,2024,5,May
301796,204987,Business,28370,1349.0,14715,Recurring Deposit,2022-11-10,2022,11,November
301797,203197,Savings,22823,3503.0,40356,Mutual Fund,2022-06-25,2022,6,June
301798,209607,Savings,77249,4124.0,17230,Fixed Deposit,2024-02-18,2024,2,February
301799,207664,Savings,25219,1900.0,48255,Recurring Deposit,2022-08-28,2022,8,August
301800,207624,Business,52995,4709.0,1459,Recurring Deposit,2023-09-05,2023,9,September
301801,201029,Current,98366,376.0,24206,Fixed Deposit,2022-07-30,2022,7,July
301802,200848,Business,7758,1462.0,30272,Mutual Fund,2024-05-12,2024,5,May
301803,202997,Savings,82501,4913.0,21698,Fixed Deposit,2024-12-18,2024,12,December
301804,205484,Business,87883,2484.0,14993,Recurring Deposit,2022-12-14,2022,12,December
301805,206800,Savings,5005,539.0,13096,Recurring Deposit,2022-05-20,2022,5,May
301806,209522,Savings,13685,1512.0,18163,Mutual Fund,2023-04-09,2023,4,April
301807,201025,Current,10977,3512.0,2228,Mutual Fund,2024-01-30,2024,1,January
301808,209009,Business,40582,2937.0,14990,Mutual Fund,2024-02-01,2024,2,February
301809,206371,Savings,33622,2846.0,21465,Mutual Fund,2024-06-12,2024,6,June
301810,201222,Business,43442,1027.0,40207,Mutual Fund,2024-06-10,2024,6,June
301811,207931,Current,5483,400.0,34413,Recurring Deposit,2024-10-23,2024,10,October
301812,209615,Savings,90962,1462.0,11396,Recurring Deposit,2022-11-22,2022,11,November
301813,203510,Savings,9536,831.0,5526,Mutual Fund,2023-10-07,2023,10,October
301814,203533,Business,72019,2618.0,47614,Recurring Deposit,2023-10-21,2023,10,October
301815,203116,Business,6395,1709.1921380224533,7657,Fixed Deposit,2023-06-03,2023,6,June
301816,205555,Business,98303,4661.0,5355,Mutual Fund,2023-11-12,2023,11,November
301817,201568,Current,77625,2438.0,32538,Fixed Deposit,2023-12-16,2023,12,December
301818,200407,Current,41229,2474.383257988334,35452,Mutual Fund,2023-08-28,2023,8,August
301819,201108,Savings,73008,4680.0,10753,Recurring Deposit,2025-02-07,2025,2,February
301820,202903,Business,40920,775.0,33487,Mutual Fund,2024-10-04,2024,10,October
301821,206172,Current,20500,463.0,8069,Recurring Deposit,2022-06-10,2022,6,June
301822,201071,Business,16764,2510.0,7816,Recurring Deposit,2024-11-25,2024,11,November
301823,203217,Business,90928,746.0,19949,Recurring Deposit,2024-12-20,2024,12,December
301824,209231,Current,68265,2364.4126848675496,1595,Recurring Deposit,2023-08-22,2023,8,August
301825,208538,Business,35671,3816.0,15790,Mutual Fund,2022-07-01,2022,7,July
301826,206430,Savings,27071,2119.0,17669,Fixed Deposit,2023-08-15,2023,8,August
301827,203355,Savings,86025,3075.0,1106,Mutual Fund,2022-08-14,2022,8,August
301828,207143,Business,6257,1204.0,30416,Recurring Deposit,2024-08-03,2024,8,August
301829,203634,Current,83304,4535.0,17184,Mutual Fund,2025-02-06,2025,2,February
301830,205658,Business,31882,1052.0,36847,Fixed Deposit,2023-11-11,2023,11,November
301831,200376,Savings,15696,1843.0,15224,Mutual Fund,2023-06-05,2023,6,June
301832,203451,Business,8670,3040.0,18770,Recurring Deposit,2023-04-16,2023,4,April
301833,209123,Current,6686,2882.0,49219,Recurring Deposit,2025-01-03,2025,1,January
301834,201851,Current,47659,2269.0,26903,Recurring Deposit,2024-10-12,2024,10,October
301835,208955,Current,14956,4529.0,12784,Mutual Fund,2022-11-09,2022,11,November
301836,204840,Current,93758,1106.0,28691,Mutual Fund,2023-08-20,2023,8,August
301837,204152,Savings,29129,2221.0,38675,Fixed Deposit,2022-07-25,2022,7,July
301838,204782,Business,54698,836.0,40139,Fixed Deposit,2024-09-11,2024,9,September
301839,204209,Savings,67322,1420.0,25879,Fixed Deposit,2025-01-14,2025,1,January
301840,205849,Current,4370,4281.0,4081,Recurring Deposit,2022-10-26,2022,10,October
301841,207235,Business,70158,1827.0,41416,Mutual Fund,2023-09-15,2023,9,September
301842,202351,Business,87421,4970.0,39221,Mutual Fund,2023-07-15,2023,7,July
301843,203045,Current,22296,1326.9566107613282,1032,Recurring Deposit,2025-01-03,2025,1,January
301844,209291,Business,39201,2060.0,8669,Recurring Deposit,2025-03-10,2025,3,March
301845,205742,Current,53775,2270.0,8718,Fixed Deposit,2025-01-12,2025,1,January
301846,201647,Business,74321,4834.0,38375,Recurring Deposit,2023-11-19,2023,11,November
301847,202781,Current,6902,4111.0,7327,Recurring Deposit,2022-10-07,2022,10,October
301848,208056,Savings,65569,3713.0,7577,Recurring Deposit,2024-09-30,2024,9,September
301849,209691,Business,86342,4105.0,11858,Fixed Deposit,2022-07-30,2022,7,July
301850,200001,Savings,96731,6491.086809924741,1411,Recurring Deposit,2023-07-14,2023,7,July
301851,208014,Savings,17439,1782.0,4943,Fixed Deposit,2024-08-05,2024,8,August
301852,205159,Savings,12366,1889.0,14412,Mutual Fund,2023-10-27,2023,10,October
301853,207850,Savings,89016,4626.0,46151,Recurring Deposit,2024-12-14,2024,12,December
301854,202104,Savings,65886,4233.0,33730,Recurring Deposit,2023-08-13,2023,8,August
301855,206155,Business,38939,500.0,16171,Fixed Deposit,2022-10-05,2022,10,October
301856,208649,Business,14300,690.0,14666,Mutual Fund,2025-01-24,2025,1,January
301857,207491,Business,85940,3112.0,21831,Mutual Fund,2025-03-16,2025,3,March
301858,204786,Savings,53452,4293.671572945143,9970,Recurring Deposit,2025-02-17,2025,2,February
301859,208732,Current,79817,1614.0,32092,Mutual Fund,2024-06-15,2024,6,June
301860,201820,Current,30791,4038.0,46590,Fixed Deposit,2022-08-13,2022,8,August
301861,202386,Business,88799,871.0,9878,Fixed Deposit,2024-12-18,2024,12,December
301862,203442,Savings,2431,1798.0,33827,Fixed Deposit,2025-01-25,2025,1,January
301863,208120,Business,58725,1745.0,32126,Fixed Deposit,2024-01-07,2024,1,January
301864,207265,Savings,47756,1529.0,30542,Fixed Deposit,2024-05-18,2024,5,May
301865,209274,Current,77477,3359.0,7050,Mutual Fund,2023-10-04,2023,10,October
301866,200375,Current,61420,3207.0,38328,Mutual Fund,2022-04-18,2022,4,April
301867,205155,Savings,70291,4076.0,1816,Recurring Deposit,2023-10-05,2023,10,October
301868,209728,Current,56254,3537.0,44475,Recurring Deposit,2023-07-13,2023,7,July
301869,207001,Savings,42265,412.0,35154,Mutual Fund,2022-12-26,2022,12,December
301870,208578,Business,40892,973.0,16217,Mutual Fund,2023-02-16,2023,2,February
301871,209003,Savings,1640,189.0,14343,Recurring Deposit,2023-09-02,2023,9,September
301872,200182,Savings,61863,1767.0,9357,Recurring Deposit,2024-04-14,2024,4,April
301873,209662,Current,29108,2454.0,44053,Fixed Deposit,2023-01-13,2023,1,January
301874,207761,Savings,65755,695.0,17836,Mutual Fund,2023-03-07,2023,3,March
301875,209975,Current,39635,205.0,27173,Mutual Fund,2022-10-20,2022,10,October
301876,203299,Savings,59624,2350.0,34439,Mutual Fund,2022-11-16,2022,11,November
301877,202876,Current,57320,4522.0,20826,Mutual Fund,2022-07-18,2022,7,July
301878,207216,Savings,53173,1743.0,36214,Fixed Deposit,2023-06-23,2023,6,June
301879,202859,Savings,22996,4245.0,42800,Mutual Fund,2022-08-25,2022,8,August
301880,205043,Savings,51995,3051.0,49196,Fixed Deposit,2024-05-17,2024,5,May
301881,201822,Savings,98636,2234.0,22345,Mutual Fund,2024-07-06,2024,7,July
301882,202992,Business,34320,4051.0,41724,Recurring Deposit,2024-06-15,2024,6,June
301883,204397,Business,23334,4946.0,46762,Mutual Fund,2022-05-18,2022,5,May
301884,206759,Current,66812,877.0,11397,Recurring Deposit,2025-01-12,2025,1,January
301885,201088,Business,33704,4108.0,30828,Recurring Deposit,2023-08-26,2023,8,August
301886,201492,Business,81090,2747.0,9061,Mutual Fund,2024-11-05,2024,11,November
301887,205596,Current,25946,3347.0,38591,Fixed Deposit,2022-10-10,2022,10,October
301888,201353,Business,11291,2878.588149899876,1179,Mutual Fund,2024-10-03,2024,10,October
301889,202056,Current,87481,569.0,19447,Mutual Fund,2023-10-27,2023,10,October
301890,201427,Business,14091,1786.0,28269,Mutual Fund,2022-11-15,2022,11,November
301891,200642,Current,47580,1448.0,49295,Mutual Fund,2022-11-28,2022,11,November
301892,204923,Current,26186,2948.0,25546,Mutual Fund,2022-12-26,2022,12,December
301893,204960,Business,99371,1020.0,41089,Recurring Deposit,2025-03-01,2025,3,March
301894,207473,Current,86240,2379.0,22995,Mutual Fund,2024-11-15,2024,11,November
301895,208839,Savings,2793,797.0,42271,Mutual Fund,2022-12-03,2022,12,December
301896,200913,Business,53066,3773.0,8296,Mutual Fund,2024-01-29,2024,1,January
301897,203869,Savings,83257,1445.0,28321,Fixed Deposit,2022-05-27,2022,5,May
301898,206240,Business,27049,3397.0,7995,Recurring Deposit,2023-12-19,2023,12,December
301899,202325,Business,22318,3087.0,38045,Fixed Deposit,2023-10-07,2023,10,October
301900,209097,Current,34533,3362.0,22229,Fixed Deposit,2025-02-03,2025,2,February
301901,200992,Current,98630,1296.0,46386,Recurring Deposit,2023-03-24,2023,3,March
301902,204591,Current,75344,565.0,6011,Mutual Fund,2024-02-09,2024,2,February
301903,203558,Business,24777,4059.0,18190,Recurring Deposit,2024-10-24,2024,10,October
301904,209424,Current,11502,1958.0,7403,Recurring Deposit,2023-06-06,2023,6,June
301905,206152,Savings,65172,4394.0,37773,Mutual Fund,2024-02-16,2024,2,February
301906,201326,Savings,19557,3002.0,40085,Recurring Deposit,2023-03-19,2023,3,March
301907,207826,Business,44100,2276.0,27921,Mutual Fund,2024-06-27,2024,6,June
301908,204012,Business,77920,4010.0,3979,Mutual Fund,2023-03-27,2023,3,March
301909,205594,Current,63688,1115.0,14164,Mutual Fund,2023-07-14,2023,7,July
301910,202720,Savings,29162,4537.0,36605,Recurring Deposit,2024-03-18,2024,3,March
301911,201790,Current,69255,3254.0,33423,Mutual Fund,2023-01-16,2023,1,January
301912,200409,Current,84666,1260.0,38777,Fixed Deposit,2023-10-13,2023,10,October
301913,201654,Current,40235,262.0,7020,Recurring Deposit,2025-02-06,2025,2,February
301914,207278,Current,64881,4861.0,20243,Fixed Deposit,2024-08-23,2024,8,August
301915,205537,Savings,15097,2320.0,1477,Fixed Deposit,2024-02-03,2024,2,February
301916,205822,Current,17971,4374.0,9102,Fixed Deposit,2024-03-07,2024,3,March
301917,206043,Savings,45703,4031.0,33498,Recurring Deposit,2023-06-01,2023,6,June
301918,205845,Savings,87533,3324.0,26933,Mutual Fund,2023-11-04,2023,11,November
301919,205197,Business,19085,4654.0,29362,Fixed Deposit,2024-05-10,2024,5,May
301920,203589,Current,54046,3076.0,47579,Fixed Deposit,2024-06-17,2024,6,June
301921,201069,Business,60291,837.0,41724,Mutual Fund,2023-12-31,2023,12,December
301922,206051,Business,50945,4162.0,29603,Mutual Fund,2022-11-27,2022,11,November
301923,202672,Business,64687,1323.0,6578,Fixed Deposit,2023-01-25,2023,1,January
301924,207695,Savings,45021,2462.0,31044,Fixed Deposit,2024-10-15,2024,10,October
301925,206394,Current,79409,4601.0,43306,Recurring Deposit,2022-10-21,2022,10,October
301926,204551,Business,14525,777.0,29044,Mutual Fund,2023-04-13,2023,4,April
301927,200940,Savings,92361,2434.0,20833,Mutual Fund,2022-06-10,2022,6,June
301928,205369,Business,59476,4119.0,33303,Recurring Deposit,2024-12-11,2024,12,December
301929,206115,Savings,79079,3028.0,6342,Recurring Deposit,2024-04-05,2024,4,April
301930,207727,Savings,76349,465.0,2893,Recurring Deposit,2023-10-18,2023,10,October
301931,207792,Savings,13693,4745.0,41421,Fixed Deposit,2024-07-29,2024,7,July
301932,202657,Savings,20973,1114.0,24036,Recurring Deposit,2022-08-27,2022,8,August
301933,207127,Current,7622,2115.0,12493,Recurring Deposit,2024-05-30,2024,5,May
301934,208852,Savings,49419,1888.0,1512,Fixed Deposit,2022-09-30,2022,9,September
301935,205929,Business,16998,404.0,12615,Fixed Deposit,2023-06-06,2023,6,June
301936,206618,Current,36594,2877.0,6351,Mutual Fund,2022-07-29,2022,7,July
301937,202943,Business,93497,510.0,9386,Fixed Deposit,2022-11-25,2022,11,November
301938,200305,Current,23391,4730.0,13483,Mutual Fund,2023-05-18,2023,5,May
301939,209048,Business,65033,439.0,38502,Recurring Deposit,2024-02-16,2024,2,February
301940,202941,Business,87768,4184.0,6840,Mutual Fund,2024-05-26,2024,5,May
301941,200448,Savings,57936,692.0,31434,Fixed Deposit,2022-11-04,2022,11,November
301942,207448,Business,59801,3825.0,29029,Mutual Fund,2024-01-29,2024,1,January
301943,202794,Current,54605,203.0,23230,Mutual Fund,2022-08-10,2022,8,August
301944,201230,Business,16139,4176.0,46788,Mutual Fund,2023-02-28,2023,2,February
301945,205498,Savings,10936,2849.0,21920,Fixed Deposit,2024-02-19,2024,2,February
301946,200481,Savings,14917,351.0,27049,Mutual Fund,2023-09-15,2023,9,September
301947,206417,Current,60830,2831.0,12629,Recurring Deposit,2022-05-01,2022,5,May
301948,206424,Business,71173,2172.0,45283,Recurring Deposit,2023-12-25,2023,12,December
301949,203068,Savings,32293,790.603700761518,18142,Recurring Deposit,2022-06-11,2022,6,June
301950,203427,Current,28378,3147.0,9753,Recurring Deposit,2023-11-26,2023,11,November
301951,205053,Current,61596,2001.103287922485,34303,Mutual Fund,2024-05-08,2024,5,May
301952,209352,Savings,30802,3677.0,5161,Recurring Deposit,2023-10-22,2023,10,October
301953,201192,Current,27161,4663.0,43379,Mutual Fund,2023-03-22,2023,3,March
301954,208030,Business,9414,857.0,29036,Fixed Deposit,2023-11-10,2023,11,November
301955,207445,Business,52359,3589.0,24529,Mutual Fund,2022-07-25,2022,7,July
301956,204325,Business,71775,4986.0,39604,Fixed Deposit,2023-10-24,2023,10,October
301957,201517,Current,14167,1492.4833943841456,5617,Fixed Deposit,2023-03-04,2023,3,March
301958,202024,Current,8167,3663.0,19965,Recurring Deposit,2022-05-03,2022,5,May
301959,208680,Business,51514,4452.0,49860,Recurring Deposit,2023-07-29,2023,7,July
301960,209900,Business,37261,2280.0,30424,Fixed Deposit,2022-08-21,2022,8,August
301961,201299,Savings,78661,284.0,3412,Recurring Deposit,2024-12-24,2024,12,December
301962,204092,Business,59147,1273.0,37949,Mutual Fund,2023-08-23,2023,8,August
301963,207032,Current,55026,2235.477004956671,23531,Recurring Deposit,2022-11-02,2022,11,November
301964,203723,Savings,5595,1514.0,44192,Mutual Fund,2022-10-20,2022,10,October
301965,201085,Current,70591,376.0,42753,Recurring Deposit,2022-05-19,2022,5,May
301966,203204,Current,30928,3742.0,5629,Mutual Fund,2023-06-09,2023,6,June
301967,202859,Business,58534,3948.0,13489,Fixed Deposit,2024-03-23,2024,3,March
301968,209372,Savings,70204,4315.0,45022,Recurring Deposit,2025-03-06,2025,3,March
301969,205408,Current,37425,4780.0,18981,Mutual Fund,2022-10-22,2022,10,October
301970,208022,Current,82897,350.0,21242,Mutual Fund,2024-03-18,2024,3,March
301971,205475,Business,17882,214.0,19088,Mutual Fund,2024-02-15,2024,2,February
301972,206961,Current,48320,1044.0,1021,Fixed Deposit,2024-10-31,2024,10,October
301973,203530,Current,59719,3756.0,49666,Fixed Deposit,2022-03-29,2022,3,March
301974,203578,Business,54426,4820.0,20220,Mutual Fund,2022-07-22,2022,7,July
301975,209793,Business,4348,3919.0,43072,Recurring Deposit,2022-04-19,2022,4,April
301976,202275,Business,44600,1908.0,17405,Recurring Deposit,2023-04-22,2023,4,April
301977,204525,Current,45178,359.0,2928,Fixed Deposit,2023-02-19,2023,2,February
301978,200144,Savings,57780,3827.0,25222,Mutual Fund,2022-11-08,2022,11,November
301979,202208,Current,17961,1619.0,12948,Mutual Fund,2024-07-20,2024,7,July
301980,208480,Savings,99216,4807.0,48261,Recurring Deposit,2024-10-21,2024,10,October
301981,205471,Current,50215,3326.0,40352,Fixed Deposit,2024-06-17,2024,6,June
301982,204179,Current,75092,3177.0,24584,Mutual Fund,2024-01-07,2024,1,January
301983,200533,Savings,7560,715.0,22588,Fixed Deposit,2022-09-09,2022,9,September
301984,206268,Current,13905,3692.0,43613,Fixed Deposit,2023-06-11,2023,6,June
301985,200180,Current,96732,436.65945390593794,12791,Mutual Fund,2023-03-25,2023,3,March
301986,203032,Current,49792,1545.0,32812,Mutual Fund,2023-07-01,2023,7,July
301987,209259,Current,53667,1424.0,6786,Fixed Deposit,2022-09-26,2022,9,September
301988,200929,Current,74090,2517.0,8577,Fixed Deposit,2022-06-03,2022,6,June
301989,207963,Savings,25425,1024.0,7162,Mutual Fund,2023-03-26,2023,3,March
301990,204514,Current,14106,1855.0,30461,Recurring Deposit,2024-01-02,2024,1,January
301991,200963,Savings,93166,1273.0,48566,Fixed Deposit,2024-12-07,2024,12,December
301992,206920,Current,37464,4835.0,25801,Recurring Deposit,2024-11-12,2024,11,November
301993,203349,Business,2212,939.100298935718,28426,Fixed Deposit,2024-02-29,2024,2,February
301994,207384,Current,46848,1714.0,10357,Fixed Deposit,2022-06-26,2022,6,June
301995,203156,Business,31550,259.0,22334,Fixed Deposit,2022-09-09,2022,9,September
301996,202840,Savings,72933,1279.0,5464,Mutual Fund,2024-05-05,2024,5,May
301997,207504,Current,62019,494.0,2670,Mutual Fund,2024-10-03,2024,10,October
301998,202126,Business,51695,2006.0,43093,Mutual Fund,2024-06-30,2024,6,June
301999,205638,Business,20170,2518.0,17601,Recurring Deposit,2022-04-15,2022,4,April
302000,203898,Business,53221,1879.0,38641,Recurring Deposit,2024-11-26,2024,11,November
302001,201759,Current,96678,2812.0,45539,Recurring Deposit,2024-05-29,2024,5,May
302002,201479,Current,95435,423.0,27671,Mutual Fund,2024-08-30,2024,8,August
302003,204802,Business,88967,1782.0,4117,Fixed Deposit,2023-03-31,2023,3,March
302004,207651,Savings,32284,4707.0,21077,Fixed Deposit,2022-10-30,2022,10,October
302005,200976,Business,92416,5963.811563547475,36926,Recurring Deposit,2023-06-16,2023,6,June
302006,209152,Savings,55809,1945.0,17073,Mutual Fund,2024-01-16,2024,1,January
302007,203427,Current,24559,2732.0,3329,Mutual Fund,2022-03-23,2022,3,March
302008,200080,Current,25772,4877.0,4829,Fixed Deposit,2024-10-31,2024,10,October
302009,207289,Current,21458,2593.0,33657,Mutual Fund,2023-09-20,2023,9,September
302010,204665,Savings,17257,4216.0,31656,Recurring Deposit,2023-03-29,2023,3,March
302011,202859,Current,32890,6141.039110763303,34794,Mutual Fund,2024-08-23,2024,8,August
302012,209848,Business,8903,1939.0,45648,Recurring Deposit,2023-12-28,2023,12,December
302013,201071,Business,69794,2488.0,6148,Recurring Deposit,2023-01-05,2023,1,January
302014,209852,Business,74860,3368.0,12652,Recurring Deposit,2025-01-16,2025,1,January
302015,202456,Current,38708,3304.0,40935,Recurring Deposit,2025-01-22,2025,1,January
302016,209016,Business,81030,2987.0,44844,Fixed Deposit,2022-07-31,2022,7,July
302017,203084,Savings,90484,4466.0,7286,Mutual Fund,2024-06-11,2024,6,June
302018,201868,Savings,69725,688.0,15937,Mutual Fund,2023-10-02,2023,10,October
302019,203851,Savings,30056,4574.0,10497,Fixed Deposit,2022-07-04,2022,7,July
302020,206367,Savings,37397,1042.0,12299,Fixed Deposit,2024-06-15,2024,6,June
302021,204322,Business,86123,1667.0,2881,Mutual Fund,2024-07-13,2024,7,July
302022,200987,Savings,48507,3207.0,43737,Fixed Deposit,2024-05-17,2024,5,May
302023,205483,Business,63812,1812.0,45316,Mutual Fund,2024-05-17,2024,5,May
302024,208382,Current,75783,506.0,28891,Fixed Deposit,2024-07-28,2024,7,July
302025,208183,Business,76872,4446.575743526377,34301,Fixed Deposit,2022-04-21,2022,4,April
302026,206845,Business,29543,954.0,9893,Mutual Fund,2023-11-17,2023,11,November
302027,208051,Business,23093,3407.0,17320,Recurring Deposit,2024-03-20,2024,3,March
302028,201023,Business,34650,1790.0,32195,Fixed Deposit,2022-05-27,2022,5,May
302029,207606,Current,77162,514.0,44821,Recurring Deposit,2024-12-02,2024,12,December
302030,203294,Business,78578,4264.0,27982,Recurring Deposit,2023-11-11,2023,11,November
302031,207127,Savings,93936,3316.0,29882,Fixed Deposit,2023-10-21,2023,10,October
302032,208051,Business,68768,1166.0,3302,Recurring Deposit,2023-04-19,2023,4,April
302033,203113,Current,18591,3626.0,36432,Mutual Fund,2022-04-15,2022,4,April
302034,203663,Savings,35685,1890.0,23516,Mutual Fund,2023-09-26,2023,9,September
302035,205745,Savings,31770,293.0,34278,Recurring Deposit,2022-07-03,2022,7,July
302036,207531,Current,3779,898.0,41629,Mutual Fund,2023-09-07,2023,9,September
302037,201156,Business,11241,3878.0,47313,Fixed Deposit,2023-03-30,2023,3,March
302038,209903,Business,14388,492.0,45421,Recurring Deposit,2025-01-04,2025,1,January
302039,208354,Business,4042,1732.0,41566,Fixed Deposit,2024-11-20,2024,11,November
302040,204399,Current,70086,127.0,42442,Fixed Deposit,2022-08-29,2022,8,August
302041,202794,Current,5494,3135.0,19570,Mutual Fund,2024-09-09,2024,9,September
302042,208245,Savings,2062,3931.0,6888,Recurring Deposit,2023-08-19,2023,8,August
302043,208565,Business,75469,2037.0,31598,Mutual Fund,2022-10-14,2022,10,October
302044,209068,Business,80937,2606.0,42386,Mutual Fund,2022-05-28,2022,5,May
302045,205546,Current,18836,1084.0,30435,Recurring Deposit,2023-09-19,2023,9,September
302046,206893,Current,18760,2920.0,45841,Fixed Deposit,2024-07-16,2024,7,July
302047,205161,Savings,17766,908.0,27460,Recurring Deposit,2023-08-28,2023,8,August
302048,207782,Business,30722,3247.0,23945,Fixed Deposit,2024-12-13,2024,12,December
302049,208118,Savings,1066,1325.0,7814,Recurring Deposit,2022-12-17,2022,12,December
302050,202865,Savings,21287,1324.0,7267,Mutual Fund,2025-02-16,2025,2,February
302051,206485,Current,79323,472.0,42271,Recurring Deposit,2024-03-11,2024,3,March
302052,202708,Business,87770,3493.0,22632,Mutual Fund,2025-03-05,2025,3,March
302053,203288,Savings,2435,2476.0,18561,Fixed Deposit,2024-04-02,2024,4,April
302054,208231,Business,80837,3803.0,9177,Mutual Fund,2024-11-26,2024,11,November
302055,201654,Current,40592,1302.0,20740,Recurring Deposit,2022-12-29,2022,12,December
302056,200797,Savings,22873,4339.0,26636,Recurring Deposit,2022-10-16,2022,10,October
302057,208901,Business,58942,292.0,5873,Recurring Deposit,2022-06-27,2022,6,June
302058,205612,Business,10824,4664.0,22188,Mutual Fund,2024-02-29,2024,2,February
302059,200024,Business,59803,1365.0,43973,Mutual Fund,2022-05-17,2022,5,May
302060,205060,Current,92917,4772.0,33881,Fixed Deposit,2023-06-19,2023,6,June
302061,207452,Savings,74788,4628.0,39381,Recurring Deposit,2023-01-28,2023,1,January
302062,205114,Savings,78773,2194.0,25579,Fixed Deposit,2022-05-28,2022,5,May
302063,207383,Business,39961,2443.0,30429,Recurring Deposit,2023-01-24,2023,1,January
302064,209648,Savings,4596,403.0,28068,Mutual Fund,2022-05-25,2022,5,May
302065,209265,Current,71851,2563.0,17851,Mutual Fund,2023-07-24,2023,7,July
302066,209427,Business,57689,3131.0,19267,Fixed Deposit,2023-07-15,2023,7,July
302067,204697,Business,19647,1930.0,37810,Recurring Deposit,2024-05-29,2024,5,May
302068,204484,Current,88331,3844.0,23704,Fixed Deposit,2023-11-29,2023,11,November
302069,207436,Business,94509,2561.0,12964,Recurring Deposit,2024-07-11,2024,7,July
302070,203366,Savings,66291,2813.0,43695,Mutual Fund,2024-03-25,2024,3,March
302071,204524,Savings,11764,654.0,19994,Fixed Deposit,2023-04-18,2023,4,April
302072,202064,Current,89599,1562.0,44509,Mutual Fund,2022-05-16,2022,5,May
302073,204538,Current,50325,2703.0,15074,Recurring Deposit,2024-12-19,2024,12,December
302074,203426,Savings,54006,1766.3833810766855,49071,Mutual Fund,2023-01-11,2023,1,January
302075,201016,Business,12121,2255.0,16612,Mutual Fund,2023-06-08,2023,6,June
302076,202017,Current,77381,486.0,34879,Fixed Deposit,2023-09-26,2023,9,September
302077,205690,Savings,67143,4030.0,7834,Mutual Fund,2022-06-03,2022,6,June
302078,207648,Savings,15303,1517.0,5549,Recurring Deposit,2025-01-02,2025,1,January
302079,202425,Current,74697,621.0,42738,Recurring Deposit,2023-08-18,2023,8,August
302080,204226,Business,95242,3399.0,3575,Mutual Fund,2023-05-19,2023,5,May
302081,204496,Savings,89977,2181.0,32859,Fixed Deposit,2022-09-30,2022,9,September
302082,204218,Business,58298,2301.0,7876,Recurring Deposit,2023-10-13,2023,10,October
302083,209111,Savings,60121,1253.0,6288,Fixed Deposit,2024-01-28,2024,1,January
302084,203834,Current,90806,2137.0,46981,Recurring Deposit,2023-12-02,2023,12,December
302085,207359,Savings,85759,4752.0,3476,Mutual Fund,2024-02-02,2024,2,February
302086,204169,Business,73581,104.0,12974,Recurring Deposit,2023-11-11,2023,11,November
302087,207546,Savings,45195,1458.0,15863,Fixed Deposit,2023-08-29,2023,8,August
302088,203543,Savings,18801,3580.0,31110,Mutual Fund,2023-01-05,2023,1,January
302089,208302,Current,61683,1917.0,41146,Fixed Deposit,2024-04-29,2024,4,April
302090,202224,Business,79227,826.0,2357,Fixed Deposit,2025-02-28,2025,2,February
302091,203091,Business,36876,1720.0,17121,Recurring Deposit,2024-05-01,2024,5,May
302092,202252,Business,63959,4237.0,41398,Fixed Deposit,2023-10-12,2023,10,October
302093,201990,Current,42447,3330.0,37359,Mutual Fund,2024-06-04,2024,6,June
302094,205152,Business,31944,3842.0,26355,Mutual Fund,2023-05-09,2023,5,May
302095,202127,Savings,51472,599.0,38866,Fixed Deposit,2022-07-27,2022,7,July
302096,209759,Business,99059,349.0,12095,Mutual Fund,2024-01-09,2024,1,January
302097,202173,Savings,87344,430.0,33828,Mutual Fund,2022-07-21,2022,7,July
302098,204603,Savings,99400,1972.0,19341,Mutual Fund,2024-01-18,2024,1,January
302099,202422,Savings,16807,3385.0,17054,Recurring Deposit,2024-10-11,2024,10,October
302100,207132,Current,30853,175.49587417576694,47545,Mutual Fund,2022-12-26,2022,12,December
302101,204629,Current,59861,4995.0,48836,Mutual Fund,2024-07-15,2024,7,July
302102,204313,Current,6666,1190.0,33787,Mutual Fund,2023-06-20,2023,6,June
302103,204377,Current,56631,1314.0,8733,Mutual Fund,2023-08-01,2023,8,August
302104,204400,Savings,9615,3492.0,13669,Fixed Deposit,2022-08-27,2022,8,August
302105,204757,Savings,15738,4367.0,22351,Mutual Fund,2022-07-23,2022,7,July
302106,201218,Business,19235,3868.0,5073,Mutual Fund,2023-08-12,2023,8,August
302107,201449,Current,2917,1800.0,27231,Fixed Deposit,2025-01-10,2025,1,January
302108,201587,Business,46953,2165.0,46638,Fixed Deposit,2023-06-23,2023,6,June
302109,203984,Current,94097,3543.0,49904,Mutual Fund,2023-07-10,2023,7,July
302110,204749,Current,20948,4806.0,40217,Mutual Fund,2024-02-11,2024,2,February
302111,206847,Business,54258,1753.0,26786,Recurring Deposit,2024-10-12,2024,10,October
302112,207837,Current,26416,2243.0,28823,Fixed Deposit,2024-01-11,2024,1,January
302113,200396,Business,22018,3069.0,49326,Recurring Deposit,2022-12-04,2022,12,December
302114,200743,Savings,16629,2436.0,34842,Fixed Deposit,2025-02-24,2025,2,February
302115,205279,Savings,84554,315.0,7724,Mutual Fund,2024-02-08,2024,2,February
302116,209645,Business,1125,4121.0,48822,Fixed Deposit,2023-09-18,2023,9,September
302117,202017,Business,99003,4828.0,22953,Mutual Fund,2024-02-13,2024,2,February
302118,203611,Savings,63394,4654.0,3744,Recurring Deposit,2022-05-25,2022,5,May
302119,202322,Savings,89185,3553.0,20342,Recurring Deposit,2023-09-19,2023,9,September
302120,202631,Current,66887,358.0,36428,Recurring Deposit,2024-10-31,2024,10,October
302121,200361,Current,42327,4874.0,4405,Fixed Deposit,2024-01-25,2024,1,January
302122,200399,Savings,58735,2986.0,39770,Fixed Deposit,2023-05-21,2023,5,May
302123,203654,Current,1449,3567.0,9833,Mutual Fund,2024-12-08,2024,12,December
302124,208986,Business,8172,3204.0,29888,Mutual Fund,2022-06-18,2022,6,June
302125,200562,Business,69604,4985.0,1794,Mutual Fund,2022-07-15,2022,7,July
302126,207802,Savings,14469,4102.0,48155,Mutual Fund,2025-01-26,2025,1,January
302127,202064,Business,56498,4093.0,28252,Fixed Deposit,2024-12-05,2024,12,December
302128,208411,Current,7863,4662.0,8028,Mutual Fund,2023-12-12,2023,12,December
302129,202631,Current,25344,4064.0,2042,Recurring Deposit,2023-10-06,2023,10,October
302130,202016,Savings,21841,528.0,5713,Mutual Fund,2024-05-26,2024,5,May
302131,200625,Current,68914,2728.0,36823,Recurring Deposit,2025-02-08,2025,2,February
302132,209856,Savings,56869,3270.0,25733,Recurring Deposit,2022-11-24,2022,11,November
302133,203341,Current,44328,2036.0,5592,Fixed Deposit,2022-05-08,2022,5,May
302134,209094,Current,6856,1690.7001655155696,39985,Mutual Fund,2022-10-28,2022,10,October
302135,200063,Current,52575,4461.0,41926,Mutual Fund,2024-10-19,2024,10,October
302136,201927,Savings,14486,321.0,27444,Fixed Deposit,2025-02-06,2025,2,February
302137,209141,Savings,11533,1480.0,14964,Mutual Fund,2024-01-30,2024,1,January
302138,208630,Current,28026,2848.0,11138,Fixed Deposit,2022-05-14,2022,5,May
302139,200896,Current,38584,4089.0,49557,Recurring Deposit,2022-10-03,2022,10,October
302140,205858,Current,49779,4344.0,21626,Fixed Deposit,2022-07-03,2022,7,July
302141,207367,Business,99881,226.0,25846,Mutual Fund,2023-03-22,2023,3,March
302142,202079,Business,6319,1363.0,49747,Fixed Deposit,2024-12-17,2024,12,December
302143,200000,Current,53364,2426.0,11595,Fixed Deposit,2023-10-11,2023,10,October
302144,204801,Business,54290,1730.0,47875,Recurring Deposit,2023-10-04,2023,10,October
302145,204009,Current,36538,1524.0,22280,Fixed Deposit,2023-11-05,2023,11,November
302146,206024,Business,89481,4048.0,15123,Mutual Fund,2024-08-18,2024,8,August
302147,202763,Business,22277,3448.0,48158,Recurring Deposit,2022-05-10,2022,5,May
302148,202633,Current,80123,4292.0,40032,Recurring Deposit,2024-10-15,2024,10,October
302149,203432,Savings,65708,4338.0,22845,Fixed Deposit,2022-11-14,2022,11,November
302150,201682,Business,44784,1347.0,30731,Mutual Fund,2025-02-07,2025,2,February
302151,200562,Savings,65510,414.0,7341,Fixed Deposit,2024-02-17,2024,2,February
302152,206992,Business,85012,3058.0,34409,Fixed Deposit,2023-10-18,2023,10,October
302153,200257,Savings,63766,3542.0,4562,Fixed Deposit,2023-10-19,2023,10,October
302154,206665,Savings,9817,3512.0,34962,Fixed Deposit,2024-02-08,2024,2,February
302155,209156,Current,19253,2773.0,26156,Mutual Fund,2022-07-18,2022,7,July
302156,204741,Savings,33071,4958.0,43262,Recurring Deposit,2024-08-28,2024,8,August
302157,204673,Business,80668,831.0,45603,Fixed Deposit,2022-10-20,2022,10,October
302158,204931,Current,15372,521.0,21357,Recurring Deposit,2024-06-20,2024,6,June
302159,207006,Current,45382,2985.0,17956,Mutual Fund,2023-10-12,2023,10,October
302160,203875,Current,21665,2926.0,45352,Fixed Deposit,2023-11-29,2023,11,November
302161,204093,Savings,14352,3547.0,31050,Recurring Deposit,2023-07-22,2023,7,July
302162,202654,Savings,16269,2704.267767962507,3036,Mutual Fund,2024-12-24,2024,12,December
302163,203984,Business,9491,2644.0,3400,Recurring Deposit,2023-05-27,2023,5,May
302164,203815,Business,83154,4666.9016528805705,5889,Recurring Deposit,2023-04-12,2023,4,April
302165,201869,Business,9078,1501.0,32704,Mutual Fund,2022-09-13,2022,9,September
302166,200377,Business,32614,3398.0,41716,Fixed Deposit,2022-04-30,2022,4,April
302167,202392,Business,82314,4163.0,30776,Recurring Deposit,2023-01-04,2023,1,January
302168,206206,Current,76802,3560.7710195822133,26999,Recurring Deposit,2024-05-04,2024,5,May
302169,200848,Savings,40207,1279.0,26726,Mutual Fund,2024-06-02,2024,6,June
302170,200779,Current,12819,2897.0,9491,Fixed Deposit,2023-11-12,2023,11,November
302171,203411,Savings,28481,4470.0,1157,Fixed Deposit,2024-08-09,2024,8,August
302172,200865,Current,37011,4548.0,21609,Recurring Deposit,2022-09-19,2022,9,September
302173,203639,Savings,59116,3130.0,22315,Fixed Deposit,2023-05-01,2023,5,May
302174,207091,Business,32664,1343.0,8372,Recurring Deposit,2023-04-29,2023,4,April
302175,201930,Current,90796,3431.0,25016,Fixed Deposit,2025-03-18,2025,3,March
302176,200538,Business,94332,2962.0,26750,Recurring Deposit,2024-02-12,2024,2,February
302177,204029,Current,48623,1990.0,27652,Mutual Fund,2023-02-17,2023,2,February
302178,209297,Current,4905,488.0,26071,Recurring Deposit,2024-10-26,2024,10,October
302179,209957,Current,10078,4319.0,34848,Mutual Fund,2023-06-07,2023,6,June
302180,206061,Business,49292,3475.0,25776,Fixed Deposit,2025-03-03,2025,3,March
302181,209947,Business,77685,1505.0,4854,Fixed Deposit,2024-04-22,2024,4,April
302182,207541,Current,44425,4307.0,21289,Mutual Fund,2023-01-25,2023,1,January
302183,208425,Current,19804,1536.3388463993622,2244,Fixed Deposit,2022-09-27,2022,9,September
302184,206222,Current,8275,3397.0,15689,Mutual Fund,2022-10-17,2022,10,October
302185,205416,Current,67552,2635.0,46904,Mutual Fund,2022-07-14,2022,7,July
302186,207707,Business,2339,3730.0,12853,Recurring Deposit,2024-02-21,2024,2,February
302187,207143,Savings,53653,2508.0,16961,Recurring Deposit,2022-12-14,2022,12,December
302188,208079,Savings,11724,3334.0,46793,Recurring Deposit,2024-02-10,2024,2,February
302189,207214,Current,9410,4242.0,26489,Mutual Fund,2022-08-04,2022,8,August
302190,200896,Current,10713,2747.0,23499,Recurring Deposit,2025-02-12,2025,2,February
302191,207582,Savings,93433,3044.0,34542,Mutual Fund,2023-07-30,2023,7,July
302192,206488,Savings,32087,154.0,47180,Recurring Deposit,2025-01-21,2025,1,January
302193,203595,Current,1828,2414.0,1379,Recurring Deposit,2023-09-11,2023,9,September
302194,208467,Current,46252,4740.0,41729,Mutual Fund,2022-06-29,2022,6,June
302195,208594,Savings,31369,2089.0,39295,Recurring Deposit,2024-07-22,2024,7,July
302196,202301,Business,74553,4123.0,49339,Mutual Fund,2024-07-10,2024,7,July
302197,203048,Current,48029,1443.0,28044,Fixed Deposit,2023-06-15,2023,6,June
302198,202584,Savings,70113,3136.0,42175,Mutual Fund,2023-06-29,2023,6,June
302199,204258,Business,20042,3229.0,24036,Mutual Fund,2022-11-20,2022,11,November
302200,205227,Savings,65089,2767.0,20295,Recurring Deposit,2025-03-12,2025,3,March
302201,200242,Current,50820,1752.4590223682164,8906,Fixed Deposit,2024-12-05,2024,12,December
302202,202350,Savings,25411,2141.613214955656,42888,Fixed Deposit,2022-12-16,2022,12,December
302203,209154,Current,71341,3294.0,39273,Mutual Fund,2023-10-03,2023,10,October
302204,209331,Business,78913,2295.0,48867,Recurring Deposit,2024-05-19,2024,5,May
302205,201045,Business,79545,1333.0,42164,Fixed Deposit,2023-03-04,2023,3,March
302206,209678,Current,78725,2904.0,44677,Mutual Fund,2022-09-25,2022,9,September
302207,209156,Current,56968,244.0,40868,Recurring Deposit,2023-01-27,2023,1,January
302208,206633,Current,92070,700.0,6089,Mutual Fund,2022-10-22,2022,10,October
302209,202665,Business,96327,4968.0,39474,Fixed Deposit,2023-03-23,2023,3,March
302210,202011,Savings,36825,2521.0,2617,Recurring Deposit,2024-04-26,2024,4,April
302211,206526,Current,92865,1479.0,28603,Fixed Deposit,2022-04-30,2022,4,April
302212,207297,Business,47805,4932.0,16664,Mutual Fund,2023-10-02,2023,10,October
302213,205245,Business,40201,882.0,43885,Fixed Deposit,2024-07-28,2024,7,July
302214,208561,Savings,2142,3635.0,33521,Recurring Deposit,2024-08-26,2024,8,August
302215,201394,Current,45662,1097.0,48036,Fixed Deposit,2023-10-15,2023,10,October
302216,209020,Savings,48627,2314.0,39880,Fixed Deposit,2024-03-16,2024,3,March
302217,206404,Current,72829,4539.0,9625,Recurring Deposit,2024-07-24,2024,7,July
302218,202075,Current,45500,3432.0,16294,Mutual Fund,2022-10-08,2022,10,October
302219,202896,Current,1311,3878.0,38763,Recurring Deposit,2024-10-26,2024,10,October
302220,208374,Savings,13952,1772.0,23180,Mutual Fund,2022-08-01,2022,8,August
302221,200375,Business,78249,289.0,41681,Mutual Fund,2022-07-01,2022,7,July
302222,203990,Business,9186,3905.0,26803,Fixed Deposit,2023-07-14,2023,7,July
302223,208401,Business,92776,4690.0,43867,Recurring Deposit,2023-11-29,2023,11,November
302224,209077,Business,21681,2849.0,33694,Mutual Fund,2024-04-02,2024,4,April
302225,206259,Current,41309,2593.0,39616,Mutual Fund,2024-06-14,2024,6,June
302226,203706,Savings,47753,3871.0,16904,Mutual Fund,2023-12-19,2023,12,December
302227,204467,Current,78188,4628.0,48550,Fixed Deposit,2023-12-17,2023,12,December
302228,200994,Current,9976,780.0,41422,Recurring Deposit,2024-08-30,2024,8,August
302229,202489,Savings,46696,405.0,37171,Fixed Deposit,2022-07-13,2022,7,July
302230,202661,Current,1461,1093.0,30133,Mutual Fund,2022-10-01,2022,10,October
302231,205490,Savings,83949,1501.0,41085,Mutual Fund,2023-07-26,2023,7,July
302232,203515,Current,40754,4401.0,35519,Recurring Deposit,2024-12-12,2024,12,December
302233,204062,Business,39950,2587.0,32179,Recurring Deposit,2022-07-14,2022,7,July
302234,205834,Current,32674,868.0,37079,Recurring Deposit,2024-02-18,2024,2,February
302235,209546,Current,83579,292.0,46019,Mutual Fund,2024-03-13,2024,3,March
302236,205010,Current,86716,3107.0,32957,Mutual Fund,2025-02-09,2025,2,February
302237,207824,Current,33703,3429.0,46408,Mutual Fund,2024-06-01,2024,6,June
302238,205635,Current,74333,111.0,16309,Recurring Deposit,2023-09-07,2023,9,September
302239,205515,Savings,38928,1040.0,18356,Fixed Deposit,2022-10-06,2022,10,October
302240,207920,Business,2625,314.0,47055,Fixed Deposit,2024-07-24,2024,7,July
302241,201926,Business,79146,773.0,20421,Mutual Fund,2024-12-08,2024,12,December
302242,205076,Savings,16141,884.0,38120,Mutual Fund,2024-09-19,2024,9,September
302243,200228,Savings,20688,2956.0,17923,Fixed Deposit,2022-12-28,2022,12,December
302244,206585,Current,69645,817.0,18118,Fixed Deposit,2022-10-07,2022,10,October
302245,206052,Current,28799,2606.0,38475,Mutual Fund,2024-01-22,2024,1,January
302246,205687,Current,97061,4906.0,24983,Recurring Deposit,2024-05-10,2024,5,May
302247,208037,Savings,23195,2440.71713731519,37801,Mutual Fund,2022-06-15,2022,6,June
302248,202639,Current,77143,3938.0,11857,Recurring Deposit,2022-09-29,2022,9,September
302249,207966,Savings,8238,2387.0,21836,Fixed Deposit,2024-06-02,2024,6,June
302250,201294,Current,66750,114.0,31314,Fixed Deposit,2022-11-13,2022,11,November
302251,204225,Savings,43846,689.5651083206833,13417,Fixed Deposit,2023-07-06,2023,7,July
302252,201548,Business,55129,3436.0,16264,Fixed Deposit,2022-12-01,2022,12,December
302253,205879,Savings,40163,4365.0,49432,Mutual Fund,2022-11-27,2022,11,November
302254,200516,Current,53273,825.0,3529,Fixed Deposit,2023-08-04,2023,8,August
302255,203488,Savings,39638,4886.0,12171,Recurring Deposit,2023-03-06,2023,3,March
302256,204607,Current,62397,4273.0,8807,Recurring Deposit,2023-09-09,2023,9,September
302257,203009,Current,53954,838.0,30301,Mutual Fund,2024-06-04,2024,6,June
302258,208163,Current,9101,307.0,35944,Fixed Deposit,2023-06-05,2023,6,June
302259,201980,Current,65324,1014.0,36351,Fixed Deposit,2022-07-21,2022,7,July
302260,205557,Current,41849,3020.0,46332,Recurring Deposit,2023-04-14,2023,4,April
302261,208416,Business,27567,293.0,16900,Fixed Deposit,2023-01-19,2023,1,January
302262,202250,Business,87370,199.0,11956,Recurring Deposit,2024-12-01,2024,12,December
302263,207911,Current,7127,1627.0,14887,Recurring Deposit,2024-07-23,2024,7,July
302264,208327,Savings,73720,2350.0,31473,Mutual Fund,2023-05-21,2023,5,May
302265,205152,Savings,28595,2155.0,31348,Mutual Fund,2022-10-01,2022,10,October
302266,209244,Business,84318,4051.0,39282,Mutual Fund,2024-11-15,2024,11,November
302267,209566,Business,16590,4904.0,10846,Fixed Deposit,2023-07-04,2023,7,July
302268,203037,Current,92733,3715.0,6381,Fixed Deposit,2024-10-30,2024,10,October
302269,209543,Savings,35677,4012.406537250357,12186,Fixed Deposit,2024-06-26,2024,6,June
302270,206588,Savings,84764,4203.0,9969,Fixed Deposit,2022-08-13,2022,8,August
302271,203929,Current,19427,1895.0,22439,Mutual Fund,2024-05-09,2024,5,May
302272,201393,Savings,15213,903.0,30004,Recurring Deposit,2024-12-10,2024,12,December
302273,207859,Business,55109,4348.0,42327,Recurring Deposit,2022-12-07,2022,12,December
302274,200370,Current,5740,3453.0,8793,Mutual Fund,2024-09-25,2024,9,September
302275,204733,Savings,71529,3474.0,36797,Recurring Deposit,2024-09-08,2024,9,September
302276,201659,Savings,87717,3371.0,24824,Mutual Fund,2022-11-15,2022,11,November
302277,209113,Business,78922,3186.0,38378,Fixed Deposit,2022-12-11,2022,12,December
302278,203443,Current,77880,1805.0,35559,Mutual Fund,2025-01-07,2025,1,January
302279,207657,Business,2726,4592.0,40393,Mutual Fund,2024-11-15,2024,11,November
302280,201276,Savings,68546,2126.0,21250,Fixed Deposit,2024-10-16,2024,10,October
302281,206629,Current,52422,3666.0,42859,Fixed Deposit,2023-08-27,2023,8,August
302282,208793,Business,16090,4885.0,10632,Fixed Deposit,2024-08-12,2024,8,August
302283,208410,Business,20785,4191.0,28550,Recurring Deposit,2022-05-23,2022,5,May
302284,209393,Current,47411,1177.0,49914,Mutual Fund,2022-05-04,2022,5,May
302285,200208,Savings,98397,1616.7222467268084,23154,Recurring Deposit,2022-07-25,2022,7,July
302286,203206,Current,31225,4847.0,24027,Recurring Deposit,2022-05-30,2022,5,May
302287,200210,Business,23732,448.0,46604,Mutual Fund,2024-12-11,2024,12,December
302288,200272,Business,36256,1507.0,37686,Recurring Deposit,2024-09-01,2024,9,September
302289,207327,Current,11951,3831.0,7995,Recurring Deposit,2023-05-06,2023,5,May
302290,206287,Current,39754,4651.0,15268,Fixed Deposit,2024-12-26,2024,12,December
302291,209918,Current,77150,2815.315287915386,49112,Fixed Deposit,2023-02-11,2023,2,February
302292,203579,Current,98597,392.0,14057,Fixed Deposit,2024-08-25,2024,8,August
302293,207501,Business,34725,4354.0,7833,Recurring Deposit,2023-12-28,2023,12,December
302294,208693,Current,60693,1602.0,10421,Recurring Deposit,2024-11-05,2024,11,November
302295,206587,Current,55086,124.0,3839,Fixed Deposit,2024-12-07,2024,12,December
302296,203825,Business,98083,1744.0,45642,Mutual Fund,2022-05-07,2022,5,May
302297,203944,Business,54932,1643.0,31491,Fixed Deposit,2024-05-02,2024,5,May
302298,201109,Business,37715,3777.0,18697,Mutual Fund,2024-11-19,2024,11,November
302299,203064,Current,48182,4614.0,20024,Mutual Fund,2024-07-15,2024,7,July
302300,203151,Current,9673,4565.0,24687,Recurring Deposit,2023-06-13,2023,6,June
302301,208143,Savings,40573,1615.0,14054,Fixed Deposit,2024-12-12,2024,12,December
302302,201349,Current,50413,1912.0,21384,Mutual Fund,2023-07-03,2023,7,July
302303,208200,Savings,37735,3716.0,32551,Recurring Deposit,2024-04-09,2024,4,April
302304,203499,Current,55170,4452.0,12899,Recurring Deposit,2023-04-05,2023,4,April
302305,204287,Business,52081,4523.0,4346,Recurring Deposit,2025-02-17,2025,2,February
302306,209305,Savings,59550,282.2303876988258,23974,Fixed Deposit,2023-12-11,2023,12,December
302307,204587,Savings,12725,2918.0,26771,Recurring Deposit,2023-06-26,2023,6,June
302308,207874,Business,82448,4849.0,26975,Recurring Deposit,2024-02-23,2024,2,February
302309,205384,Savings,12423,221.0,16478,Mutual Fund,2022-07-12,2022,7,July
302310,206923,Current,6682,132.0,21628,Mutual Fund,2025-02-22,2025,2,February
302311,207111,Savings,67669,1383.0,45555,Mutual Fund,2022-06-22,2022,6,June
302312,207410,Business,99383,2697.0,28846,Mutual Fund,2022-11-21,2022,11,November
302313,207161,Current,55694,1276.0,32377,Fixed Deposit,2024-02-01,2024,2,February
302314,200676,Savings,65736,4826.0,20274,Recurring Deposit,2023-12-26,2023,12,December
302315,202772,Current,41452,2636.0,11695,Mutual Fund,2024-04-11,2024,4,April
302316,201383,Savings,38689,4425.0,17806,Fixed Deposit,2024-03-11,2024,3,March
302317,200498,Business,39800,300.0,14470,Mutual Fund,2023-01-31,2023,1,January
302318,206711,Savings,63637,654.0,15580,Fixed Deposit,2023-08-31,2023,8,August
302319,209832,Business,47703,1289.0,24322,Recurring Deposit,2024-10-18,2024,10,October
302320,207380,Current,64878,3206.0,14682,Recurring Deposit,2022-10-30,2022,10,October
302321,201854,Current,90192,1050.0,5827,Mutual Fund,2023-07-19,2023,7,July
302322,201069,Current,35877,917.0,21950,Recurring Deposit,2023-07-30,2023,7,July
302323,204276,Savings,23534,945.0,26256,Recurring Deposit,2023-09-08,2023,9,September
302324,209787,Business,7268,329.0,4849,Mutual Fund,2023-11-30,2023,11,November
302325,204321,Savings,60293,2437.0,31496,Mutual Fund,2022-10-10,2022,10,October
302326,208538,Business,39419,1163.5751102797124,37044,Fixed Deposit,2023-10-17,2023,10,October
302327,206589,Business,15274,2573.0,19586,Fixed Deposit,2024-05-28,2024,5,May
302328,200828,Current,39255,4954.0,23796,Fixed Deposit,2024-08-09,2024,8,August
302329,209821,Business,64797,1874.0,20001,Recurring Deposit,2022-09-01,2022,9,September
302330,206019,Savings,47513,4261.0,36580,Fixed Deposit,2023-07-29,2023,7,July
302331,201686,Current,13102,3205.0,33865,Recurring Deposit,2023-03-31,2023,3,March
302332,207464,Business,95640,2102.0,20502,Fixed Deposit,2024-03-14,2024,3,March
302333,204347,Savings,56032,1026.0,40723,Recurring Deposit,2022-09-27,2022,9,September
302334,209667,Savings,57113,765.0,16748,Fixed Deposit,2023-05-10,2023,5,May
302335,209636,Current,17642,3503.0,20045,Recurring Deposit,2024-02-17,2024,2,February
302336,202698,Business,21341,4320.0,17729,Mutual Fund,2023-04-10,2023,4,April
302337,206051,Business,55890,1986.0,25466,Recurring Deposit,2022-10-25,2022,10,October
302338,206627,Current,32167,4563.0,48566,Mutual Fund,2022-08-18,2022,8,August
302339,203906,Current,54494,1485.893977021251,22768,Mutual Fund,2022-06-07,2022,6,June
302340,200623,Current,71189,4332.0,4148,Recurring Deposit,2023-06-14,2023,6,June
302341,200157,Current,39736,254.2051160206884,30218,Recurring Deposit,2023-11-07,2023,11,November
302342,208760,Savings,89946,1241.6507979820894,35721,Mutual Fund,2024-10-31,2024,10,October
302343,205821,Current,97149,2233.0,5798,Fixed Deposit,2023-12-30,2023,12,December
302344,205762,Business,20891,4915.0,3785,Mutual Fund,2023-04-10,2023,4,April
302345,204604,Business,90724,4409.0,25284,Fixed Deposit,2022-11-24,2022,11,November
302346,204639,Business,41898,1290.0,47893,Mutual Fund,2023-08-11,2023,8,August
302347,202636,Savings,9623,1440.0,29588,Mutual Fund,2024-09-03,2024,9,September
302348,204190,Business,44421,4247.0,26483,Mutual Fund,2023-07-19,2023,7,July
302349,209492,Savings,76360,2343.0,8041,Recurring Deposit,2023-01-09,2023,1,January
302350,205654,Business,72817,812.0,6038,Recurring Deposit,2022-11-23,2022,11,November
302351,205068,Current,78126,781.0,18507,Recurring Deposit,2024-05-03,2024,5,May
302352,202969,Savings,66095,686.0,30567,Mutual Fund,2024-05-28,2024,5,May
302353,203032,Savings,25526,1884.3472845469971,43292,Mutual Fund,2024-03-15,2024,3,March
302354,204212,Savings,92631,463.0,9273,Recurring Deposit,2024-05-03,2024,5,May
302355,201479,Business,79658,2032.0,47583,Recurring Deposit,2023-07-13,2023,7,July
302356,204455,Current,31163,4572.0,28653,Recurring Deposit,2024-05-01,2024,5,May
302357,205149,Business,4297,3744.0,12997,Recurring Deposit,2022-04-26,2022,4,April
302358,202372,Savings,8406,1197.0,7612,Mutual Fund,2022-08-07,2022,8,August
302359,201943,Current,74901,826.0,18335,Fixed Deposit,2023-11-21,2023,11,November
302360,208265,Savings,55644,599.0,24061,Recurring Deposit,2024-05-14,2024,5,May
302361,205074,Savings,32912,1220.0,17504,Mutual Fund,2024-02-29,2024,2,February
302362,203903,Business,47083,2074.0,20082,Fixed Deposit,2023-03-29,2023,3,March
302363,201442,Business,82287,689.0,19022,Recurring Deposit,2023-02-18,2023,2,February
302364,203989,Current,27121,947.0,25361,Mutual Fund,2024-09-12,2024,9,September
302365,204902,Business,60903,1206.0,37614,Recurring Deposit,2023-09-20,2023,9,September
302366,209478,Business,41037,1028.0,25390,Mutual Fund,2022-06-04,2022,6,June
302367,200550,Business,97329,3212.0,48646,Mutual Fund,2022-06-07,2022,6,June
302368,202761,Savings,34871,3109.0,39455,Mutual Fund,2023-06-01,2023,6,June
302369,207970,Savings,51808,2761.0,26925,Fixed Deposit,2024-04-27,2024,4,April
302370,205380,Business,95650,3860.0,23617,Fixed Deposit,2024-10-04,2024,10,October
302371,200823,Savings,44449,1899.0,41695,Recurring Deposit,2024-12-31,2024,12,December
302372,201106,Business,10104,695.0,22411,Recurring Deposit,2025-01-28,2025,1,January
302373,202219,Current,69891,2360.0,38250,Recurring Deposit,2024-03-21,2024,3,March
302374,200361,Business,27769,4792.0,20452,Recurring Deposit,2023-06-07,2023,6,June
302375,209955,Current,9761,2268.0,20640,Mutual Fund,2024-07-01,2024,7,July
302376,206417,Business,28304,2603.0,3667,Mutual Fund,2022-04-02,2022,4,April
302377,204595,Current,98994,4620.0,14214,Fixed Deposit,2022-09-03,2022,9,September
302378,207620,Savings,99017,4910.0,15836,Mutual Fund,2024-01-19,2024,1,January
302379,202957,Business,9782,2032.4511542268085,21637,Recurring Deposit,2022-10-15,2022,10,October
302380,207086,Current,36584,2388.0,33734,Mutual Fund,2023-05-05,2023,5,May
302381,209268,Current,44360,1731.0,18117,Fixed Deposit,2023-10-10,2023,10,October
302382,209612,Savings,16432,3619.0,45744,Mutual Fund,2023-12-07,2023,12,December
302383,206337,Current,33363,3079.0,4421,Fixed Deposit,2023-10-10,2023,10,October
302384,200463,Business,36472,530.0,38913,Fixed Deposit,2022-05-30,2022,5,May
302385,201378,Current,71094,2836.0,3370,Mutual Fund,2023-12-03,2023,12,December
302386,207507,Current,28907,794.0,45949,Fixed Deposit,2022-06-08,2022,6,June
302387,205549,Current,98380,218.0,32657,Mutual Fund,2024-08-22,2024,8,August
302388,207824,Savings,96045,2029.0,25748,Fixed Deposit,2024-08-09,2024,8,August
302389,207635,Savings,53741,1698.0,42672,Mutual Fund,2023-01-17,2023,1,January
302390,201795,Savings,60730,2911.0,28398,Fixed Deposit,2023-10-05,2023,10,October
302391,200794,Current,3454,589.0,49932,Recurring Deposit,2024-07-27,2024,7,July
302392,203067,Savings,35397,2561.0,38832,Recurring Deposit,2023-06-12,2023,6,June
302393,209491,Savings,52319,640.0,29699,Mutual Fund,2022-07-13,2022,7,July
302394,200724,Business,33128,1561.0,44244,Fixed Deposit,2023-11-11,2023,11,November
302395,201232,Current,25060,1366.0,17235,Fixed Deposit,2024-05-12,2024,5,May
302396,209782,Savings,61104,1374.0,37986,Recurring Deposit,2024-02-18,2024,2,February
302397,207518,Business,20132,3337.0,31965,Recurring Deposit,2024-07-22,2024,7,July
302398,200539,Business,32610,382.0,31268,Mutual Fund,2023-05-29,2023,5,May
302399,206999,Current,92960,2875.0,40805,Fixed Deposit,2024-11-13,2024,11,November
302400,200108,Current,62859,1157.0,37304,Fixed Deposit,2025-02-09,2025,2,February
302401,202071,Business,67457,3962.0,46375,Mutual Fund,2024-10-25,2024,10,October
302402,209888,Current,97987,855.0,37310,Fixed Deposit,2022-09-21,2022,9,September
302403,204594,Business,17900,3240.0,8512,Recurring Deposit,2022-10-06,2022,10,October
302404,202419,Savings,86871,1752.0,45754,Fixed Deposit,2022-08-18,2022,8,August
302405,201188,Current,28797,172.0,46683,Fixed Deposit,2023-11-22,2023,11,November
302406,206540,Savings,52981,2978.0,33284,Fixed Deposit,2023-10-21,2023,10,October
302407,207594,Current,85424,2130.0,18694,Fixed Deposit,2023-08-29,2023,8,August
302408,207240,Business,65079,3969.0,35276,Recurring Deposit,2024-08-03,2024,8,August
302409,208241,Savings,95943,1647.0,33919,Fixed Deposit,2023-10-09,2023,10,October
302410,203694,Business,77613,2935.0,37793,Mutual Fund,2022-10-31,2022,10,October
302411,200070,Business,99064,3875.0,39601,Fixed Deposit,2023-01-24,2023,1,January
302412,208683,Business,6376,1024.0,28978,Mutual Fund,2024-10-11,2024,10,October
302413,200473,Current,74873,282.0,19199,Mutual Fund,2024-05-19,2024,5,May
302414,205320,Current,86578,1391.0,49641,Mutual Fund,2023-12-04,2023,12,December
302415,208660,Business,36850,2681.0,2329,Fixed Deposit,2024-05-05,2024,5,May
302416,201460,Business,36419,3921.0,26853,Recurring Deposit,2022-05-22,2022,5,May
302417,204309,Current,52361,3066.0,8644,Mutual Fund,2022-05-30,2022,5,May
302418,204242,Savings,95799,4496.0,13111,Mutual Fund,2022-05-20,2022,5,May
302419,206525,Current,40925,206.0,18698,Fixed Deposit,2022-10-19,2022,10,October
302420,209901,Current,36577,4991.0,15122,Recurring Deposit,2023-08-20,2023,8,August
302421,201439,Current,52956,4939.0,15626,Recurring Deposit,2024-03-25,2024,3,March
302422,201028,Savings,13141,1708.0,41581,Mutual Fund,2024-06-04,2024,6,June
302423,209035,Current,18661,3368.0,26340,Fixed Deposit,2024-02-28,2024,2,February
302424,209063,Current,26479,101.0,30462,Fixed Deposit,2022-11-07,2022,11,November
302425,202897,Savings,31505,2338.7022610480785,44421,Fixed Deposit,2024-10-17,2024,10,October
302426,205126,Current,44149,4735.0,35660,Mutual Fund,2024-05-29,2024,5,May
302427,200722,Business,61338,2480.0,1937,Mutual Fund,2022-10-24,2022,10,October
302428,203400,Savings,87408,4376.0,36466,Fixed Deposit,2023-08-12,2023,8,August
302429,203311,Current,60632,2801.0,33251,Mutual Fund,2024-10-28,2024,10,October
302430,202874,Business,19514,273.0,39231,Recurring Deposit,2023-07-28,2023,7,July
302431,202051,Business,4425,3914.0,10169,Fixed Deposit,2022-11-28,2022,11,November
302432,209929,Savings,48982,480.0,13698,Fixed Deposit,2023-11-21,2023,11,November
302433,206249,Savings,12685,2093.0,31132,Fixed Deposit,2024-11-02,2024,11,November
302434,206690,Current,52327,2648.0,3310,Recurring Deposit,2023-06-28,2023,6,June
302435,208151,Savings,77572,1321.0,20631,Fixed Deposit,2024-09-28,2024,9,September
302436,206699,Current,61443,4742.0,42556,Recurring Deposit,2023-08-25,2023,8,August
302437,209478,Business,76503,3091.0,6367,Fixed Deposit,2024-05-17,2024,5,May
302438,207446,Business,94424,1038.0,35382,Fixed Deposit,2024-05-20,2024,5,May
302439,208768,Current,8511,4471.0,27695,Mutual Fund,2024-06-24,2024,6,June
302440,206487,Savings,65603,4251.0,38083,Mutual Fund,2024-04-19,2024,4,April
302441,208979,Current,70737,3279.0,31036,Mutual Fund,2024-08-11,2024,8,August
302442,209759,Current,27347,2150.0,17199,Recurring Deposit,2023-06-29,2023,6,June
302443,207646,Savings,43105,935.0,20035,Recurring Deposit,2024-03-27,2024,3,March
302444,201888,Current,97517,4078.0,27593,Recurring Deposit,2022-04-15,2022,4,April
302445,208355,Savings,75497,4044.0,16214,Recurring Deposit,2023-10-14,2023,10,October
302446,208593,Savings,42841,1696.0,17846,Fixed Deposit,2023-08-17,2023,8,August
302447,202532,Business,36174,1602.0,49362,Recurring Deposit,2025-01-30,2025,1,January
302448,208544,Business,69894,3036.0,48268,Recurring Deposit,2022-09-07,2022,9,September
302449,200672,Savings,71327,4617.0,2242,Mutual Fund,2023-12-28,2023,12,December
302450,203153,Savings,64093,3511.0,7056,Mutual Fund,2024-09-12,2024,9,September
302451,200264,Savings,61892,3682.0,28289,Mutual Fund,2023-07-11,2023,7,July
302452,201065,Savings,73359,1886.0,7731,Mutual Fund,2025-02-21,2025,2,February
302453,207134,Current,76403,1979.0,39078,Recurring Deposit,2024-11-22,2024,11,November
302454,200206,Savings,81632,3961.0,46921,Recurring Deposit,2022-05-01,2022,5,May
302455,205763,Business,54814,2121.167173362909,46438,Recurring Deposit,2024-10-03,2024,10,October
302456,203501,Savings,92872,311.0,4074,Mutual Fund,2024-03-27,2024,3,March
302457,205862,Business,31392,209.0,15425,Fixed Deposit,2023-05-07,2023,5,May
302458,206215,Savings,17750,2784.0,6432,Fixed Deposit,2025-01-02,2025,1,January
302459,208599,Current,77460,1491.0,39547,Mutual Fund,2024-09-04,2024,9,September
302460,209851,Current,70656,1484.0,37519,Fixed Deposit,2024-09-03,2024,9,September
302461,202756,Savings,88185,2538.0,12152,Mutual Fund,2023-03-09,2023,3,March
302462,208470,Business,34437,1553.0,36392,Fixed Deposit,2022-06-08,2022,6,June
302463,207274,Current,69369,4657.0,38132,Mutual Fund,2024-09-12,2024,9,September
302464,201889,Business,2670,3426.0,1465,Mutual Fund,2024-04-05,2024,4,April
302465,207822,Business,92726,2944.0,1499,Fixed Deposit,2022-12-10,2022,12,December
302466,208242,Current,72044,934.0,32572,Fixed Deposit,2024-06-12,2024,6,June
302467,205242,Savings,52616,458.0,2971,Fixed Deposit,2024-11-22,2024,11,November
302468,204526,Business,71019,4416.0,26099,Recurring Deposit,2024-11-07,2024,11,November
302469,208515,Business,41588,435.0,47911,Recurring Deposit,2023-11-01,2023,11,November
302470,204013,Savings,79834,952.0,16115,Mutual Fund,2022-11-05,2022,11,November
302471,205959,Savings,96849,4538.0,4353,Recurring Deposit,2025-02-10,2025,2,February
302472,201804,Current,1793,981.0,27727,Recurring Deposit,2023-04-01,2023,4,April
302473,207845,Current,80379,3153.0,16787,Fixed Deposit,2022-05-09,2022,5,May
302474,201444,Savings,63111,2627.0,9660,Fixed Deposit,2024-08-26,2024,8,August
302475,201778,Savings,37063,3410.0,37273,Recurring Deposit,2025-03-13,2025,3,March
302476,202538,Business,7769,317.0,21720,Mutual Fund,2022-09-07,2022,9,September
302477,207803,Savings,20940,103.0,2290,Recurring Deposit,2023-01-11,2023,1,January
302478,205336,Business,62035,4731.0,10160,Fixed Deposit,2022-04-19,2022,4,April
302479,209920,Current,52449,4108.0,44106,Mutual Fund,2024-02-04,2024,2,February
302480,209766,Current,89000,4558.0,25355,Mutual Fund,2023-07-21,2023,7,July
302481,206120,Business,1984,1809.7067737770888,24024,Recurring Deposit,2023-12-31,2023,12,December
302482,205529,Current,98752,2959.0,49284,Recurring Deposit,2022-11-11,2022,11,November
302483,205631,Business,76156,2284.0,25615,Recurring Deposit,2023-12-22,2023,12,December
302484,207357,Business,48402,265.0,4984,Fixed Deposit,2025-02-25,2025,2,February
302485,205940,Business,26368,2736.0,24332,Mutual Fund,2023-01-31,2023,1,January
302486,209154,Savings,80347,2972.0,33623,Mutual Fund,2023-12-18,2023,12,December
302487,201329,Current,88406,1050.0,18072,Mutual Fund,2024-05-08,2024,5,May
302488,204202,Current,76239,3387.0,44079,Recurring Deposit,2024-10-25,2024,10,October
302489,205788,Business,82826,997.0,8860,Fixed Deposit,2024-03-22,2024,3,March
302490,201248,Savings,60542,467.0,40275,Mutual Fund,2022-06-25,2022,6,June
302491,209745,Current,64244,4041.0,41558,Recurring Deposit,2022-10-21,2022,10,October
302492,200059,Savings,63945,4433.0,4908,Mutual Fund,2024-06-03,2024,6,June
302493,206515,Current,64510,438.0,30590,Fixed Deposit,2023-02-06,2023,2,February
302494,203213,Business,71718,3410.0,45085,Recurring Deposit,2024-08-08,2024,8,August
302495,200117,Current,95818,2293.0,31702,Mutual Fund,2023-08-07,2023,8,August
302496,206823,Savings,8762,165.0,34000,Mutual Fund,2025-01-12,2025,1,January
302497,207359,Business,60918,573.0,47158,Fixed Deposit,2024-04-02,2024,4,April
302498,200285,Savings,79964,1187.0,37559,Fixed Deposit,2024-06-14,2024,6,June
302499,209884,Current,12726,1851.0,25474,Fixed Deposit,2023-10-27,2023,10,October
302500,208210,Current,74497,3667.0,48610,Recurring Deposit,2023-07-21,2023,7,July
302501,201005,Business,72526,766.0,4103,Fixed Deposit,2022-12-15,2022,12,December
302502,206745,Business,76202,1432.0,39199,Fixed Deposit,2024-03-04,2024,3,March
302503,203693,Savings,83424,1566.0,4303,Mutual Fund,2024-06-26,2024,6,June
302504,205689,Business,28984,4825.0,13466,Fixed Deposit,2023-09-03,2023,9,September
302505,205109,Savings,26181,3712.0,22356,Mutual Fund,2024-07-16,2024,7,July
302506,204211,Business,91401,2219.0,40908,Fixed Deposit,2023-09-22,2023,9,September
302507,207207,Current,38096,322.0,47167,Recurring Deposit,2025-02-02,2025,2,February
302508,208312,Savings,97906,1905.0,25478,Mutual Fund,2025-02-10,2025,2,February
302509,206507,Current,4542,679.0,37642,Fixed Deposit,2024-12-14,2024,12,December
302510,204766,Current,27008,1664.0,19895,Mutual Fund,2025-03-02,2025,3,March
302511,203470,Savings,40140,3227.0149616623253,4687,Mutual Fund,2023-05-05,2023,5,May
302512,202593,Business,37754,2777.0,47155,Recurring Deposit,2024-10-23,2024,10,October
302513,205949,Savings,30676,2516.0,36140,Mutual Fund,2024-04-11,2024,4,April
302514,206473,Current,27913,2414.1827078732267,42070,Mutual Fund,2023-01-13,2023,1,January
302515,205336,Current,12637,3862.0,45996,Fixed Deposit,2023-04-07,2023,4,April
302516,204263,Current,96431,1039.3645509615233,25083,Fixed Deposit,2023-05-28,2023,5,May
302517,202579,Current,14444,4942.0,6541,Recurring Deposit,2024-08-03,2024,8,August
302518,209324,Savings,19753,3097.0,37022,Recurring Deposit,2023-06-27,2023,6,June
302519,200198,Savings,9037,173.0,48711,Recurring Deposit,2023-03-05,2023,3,March
302520,208184,Savings,64229,2733.0,31718,Fixed Deposit,2023-06-26,2023,6,June
302521,200401,Savings,54835,1537.0,10063,Mutual Fund,2023-06-12,2023,6,June
302522,203801,Current,69325,2626.0,45298,Fixed Deposit,2025-03-20,2025,3,March
302523,200016,Business,36151,2387.0,9682,Mutual Fund,2023-02-05,2023,2,February
302524,204649,Savings,25754,3328.0,38552,Recurring Deposit,2025-02-25,2025,2,February
302525,203014,Current,86655,4140.0,44995,Mutual Fund,2025-03-20,2025,3,March
302526,201044,Savings,60825,1070.0,18419,Fixed Deposit,2024-04-18,2024,4,April
302527,205540,Current,30109,5159.458572515132,45717,Recurring Deposit,2023-07-26,2023,7,July
302528,209366,Business,85435,4540.0,45574,Fixed Deposit,2024-04-04,2024,4,April
302529,205230,Business,27096,3162.0,44613,Mutual Fund,2023-09-13,2023,9,September
302530,209530,Savings,52618,3869.0,26939,Mutual Fund,2024-08-07,2024,8,August
302531,208831,Business,95749,1895.17326566468,21632,Recurring Deposit,2023-05-19,2023,5,May
302532,208047,Current,91286,140.0,6553,Fixed Deposit,2023-06-11,2023,6,June
302533,208649,Current,48381,1561.0,9545,Fixed Deposit,2022-09-26,2022,9,September
302534,209197,Savings,33818,873.0,35850,Recurring Deposit,2024-08-27,2024,8,August
302535,209267,Business,76428,304.0,16274,Mutual Fund,2025-02-04,2025,2,February
302536,207440,Business,42943,996.0,37341,Mutual Fund,2024-07-11,2024,7,July
302537,200805,Current,27508,3679.0,49004,Recurring Deposit,2023-10-31,2023,10,October
302538,209054,Current,44608,896.0,41423,Mutual Fund,2023-11-23,2023,11,November
302539,203883,Current,54883,1841.0,27302,Recurring Deposit,2023-09-08,2023,9,September
302540,207187,Current,50310,3038.0,14930,Fixed Deposit,2022-11-03,2022,11,November
302541,209646,Business,99420,509.0,4729,Mutual Fund,2023-06-15,2023,6,June
302542,202628,Savings,43451,709.0,40029,Recurring Deposit,2022-05-25,2022,5,May
302543,209385,Business,44046,2849.0,1978,Recurring Deposit,2023-06-10,2023,6,June
302544,208518,Business,77123,2151.0,4150,Mutual Fund,2022-07-21,2022,7,July
302545,207386,Current,18368,4234.0,1846,Recurring Deposit,2023-09-10,2023,9,September
302546,206929,Current,20621,2772.0,8035,Recurring Deposit,2024-02-06,2024,2,February
302547,201893,Current,65618,4741.0,45316,Recurring Deposit,2025-01-03,2025,1,January
302548,204360,Savings,26361,213.89962076906644,2296,Fixed Deposit,2023-04-23,2023,4,April
302549,200321,Savings,59962,380.0,1167,Recurring Deposit,2024-04-03,2024,4,April
302550,202363,Current,2527,2418.0,33842,Recurring Deposit,2023-02-16,2023,2,February
302551,204203,Current,6442,1252.0,24810,Fixed Deposit,2023-01-28,2023,1,January
302552,201828,Business,68368,4571.0,49588,Mutual Fund,2024-07-04,2024,7,July
302553,205868,Business,58264,3052.0,37214,Recurring Deposit,2023-05-16,2023,5,May
302554,203580,Business,63965,4510.0,14948,Recurring Deposit,2024-08-10,2024,8,August
302555,202588,Current,47234,2289.0,40669,Fixed Deposit,2025-03-06,2025,3,March
302556,206718,Business,31754,1228.0,44695,Recurring Deposit,2023-05-16,2023,5,May
302557,201550,Savings,35021,898.0,40897,Fixed Deposit,2022-10-20,2022,10,October
302558,200237,Business,32210,4923.0,5152,Fixed Deposit,2022-09-06,2022,9,September
302559,209224,Savings,35956,603.0,32408,Fixed Deposit,2024-11-01,2024,11,November
302560,200120,Business,59749,4248.0,39622,Mutual Fund,2024-09-17,2024,9,September
302561,204408,Savings,47361,4439.0,39273,Mutual Fund,2023-03-27,2023,3,March
302562,200183,Current,95413,2541.0,35208,Fixed Deposit,2023-04-01,2023,4,April
302563,205357,Savings,67722,4232.69492557178,44791,Fixed Deposit,2022-06-07,2022,6,June
302564,201793,Business,43408,1294.0,37276,Mutual Fund,2025-01-24,2025,1,January
302565,200329,Current,95341,3317.0,33464,Mutual Fund,2024-06-22,2024,6,June
302566,204917,Current,93743,1438.0,40930,Recurring Deposit,2023-03-06,2023,3,March
302567,209234,Current,52763,1455.0,43046,Recurring Deposit,2024-12-06,2024,12,December
302568,201303,Savings,8655,4559.0,13016,Fixed Deposit,2023-03-17,2023,3,March
302569,207475,Current,14876,185.0,10271,Mutual Fund,2022-06-10,2022,6,June
302570,207381,Business,47574,2606.0,7887,Mutual Fund,2022-08-23,2022,8,August
302571,209544,Current,27062,1937.0,15751,Recurring Deposit,2023-12-23,2023,12,December
302572,205838,Business,53103,1300.0,22390,Fixed Deposit,2023-08-16,2023,8,August
302573,202747,Current,49814,2543.0,21747,Mutual Fund,2024-03-23,2024,3,March
302574,204111,Savings,80951,2747.0,34680,Mutual Fund,2022-08-24,2022,8,August
302575,206580,Current,81988,4766.0,25201,Mutual Fund,2025-02-11,2025,2,February
302576,200005,Business,57865,3480.0,14145,Fixed Deposit,2022-10-20,2022,10,October
302577,206424,Business,93669,3495.0,13459,Fixed Deposit,2022-03-29,2022,3,March
302578,203758,Current,28932,4552.0,49859,Mutual Fund,2024-07-22,2024,7,July
302579,205546,Savings,57111,1826.0,29571,Fixed Deposit,2022-11-21,2022,11,November
302580,207648,Current,26289,1664.0,3483,Recurring Deposit,2023-12-13,2023,12,December
302581,201663,Savings,12891,1986.0,7535,Recurring Deposit,2024-12-29,2024,12,December
302582,205880,Business,68776,188.0,47330,Recurring Deposit,2024-03-28,2024,3,March
302583,209761,Business,68010,3592.0,47193,Fixed Deposit,2024-03-31,2024,3,March
302584,200385,Current,12622,2426.0,21456,Recurring Deposit,2024-12-25,2024,12,December
302585,205651,Savings,38873,4954.0,9406,Mutual Fund,2023-01-24,2023,1,January
302586,204857,Business,83317,532.0,37468,Mutual Fund,2023-06-10,2023,6,June
302587,207439,Savings,40085,1209.0,36277,Fixed Deposit,2023-08-01,2023,8,August
302588,202973,Current,14338,4054.0,34127,Recurring Deposit,2023-06-07,2023,6,June
302589,206614,Savings,5013,1745.0,30549,Fixed Deposit,2024-12-18,2024,12,December
302590,209458,Savings,64900,2553.0,38146,Fixed Deposit,2022-06-20,2022,6,June
302591,207160,Business,53480,3451.3976296801598,31924,Fixed Deposit,2022-08-06,2022,8,August
302592,200214,Savings,63082,2541.0,49728,Mutual Fund,2024-12-28,2024,12,December
302593,203826,Savings,22017,923.0,47297,Fixed Deposit,2024-08-28,2024,8,August
302594,206220,Business,81276,2074.0,1830,Mutual Fund,2023-03-16,2023,3,March
302595,208336,Business,55901,3062.0,42451,Fixed Deposit,2024-06-29,2024,6,June
302596,200836,Current,90879,4228.0,13069,Recurring Deposit,2022-05-17,2022,5,May
302597,204600,Business,87316,902.0,16432,Mutual Fund,2022-12-17,2022,12,December
302598,209537,Savings,58971,478.0,29384,Fixed Deposit,2023-12-30,2023,12,December
302599,201781,Current,52950,3202.0,36506,Recurring Deposit,2022-12-19,2022,12,December
302600,204558,Business,73403,1557.0,1079,Fixed Deposit,2022-05-16,2022,5,May
302601,202198,Business,98297,1242.0,2264,Recurring Deposit,2023-11-27,2023,11,November
302602,202986,Business,10858,3985.0,21870,Mutual Fund,2024-04-28,2024,4,April
302603,201213,Current,34714,4973.0,28724,Mutual Fund,2023-01-04,2023,1,January
302604,203429,Current,93031,4518.0,14742,Fixed Deposit,2023-06-13,2023,6,June
302605,207272,Business,1622,2309.0,28682,Fixed Deposit,2022-05-18,2022,5,May
302606,200368,Current,11367,1930.0,33606,Fixed Deposit,2022-04-04,2022,4,April
302607,208363,Savings,2760,4413.0,14405,Recurring Deposit,2023-06-27,2023,6,June
302608,208911,Savings,89209,3879.0,39530,Mutual Fund,2024-08-19,2024,8,August
302609,207489,Current,85900,3069.0,3650,Fixed Deposit,2024-10-12,2024,10,October
302610,207775,Business,14175,2982.0,11143,Recurring Deposit,2022-09-03,2022,9,September
302611,206713,Current,34982,1283.4790174616664,17302,Recurring Deposit,2023-08-23,2023,8,August
302612,205239,Current,37370,229.0,41825,Mutual Fund,2023-06-06,2023,6,June
302613,203327,Business,24702,4207.0,41197,Mutual Fund,2024-02-24,2024,2,February
302614,201445,Business,92987,1504.0,32096,Fixed Deposit,2024-12-11,2024,12,December
302615,208347,Savings,71423,131.0,2981,Mutual Fund,2024-07-11,2024,7,July
302616,204808,Savings,64954,2198.0,12783,Fixed Deposit,2024-06-12,2024,6,June
302617,203673,Current,70785,479.0,11839,Mutual Fund,2024-04-26,2024,4,April
302618,201881,Savings,27848,3529.0,10166,Recurring Deposit,2022-10-15,2022,10,October
302619,207612,Business,39879,366.0,24531,Mutual Fund,2024-05-12,2024,5,May
302620,201526,Business,11743,1923.0,20212,Recurring Deposit,2024-03-17,2024,3,March
302621,203396,Savings,43594,1586.0,8891,Recurring Deposit,2023-05-18,2023,5,May
302622,204030,Current,38536,153.0,3692,Recurring Deposit,2023-01-14,2023,1,January
302623,206992,Savings,86975,617.0,36813,Fixed Deposit,2022-09-11,2022,9,September
302624,201817,Business,82529,1917.0,42286,Recurring Deposit,2023-08-16,2023,8,August
302625,208694,Savings,41816,1417.0,23073,Fixed Deposit,2022-11-28,2022,11,November
302626,205785,Savings,11632,2795.0,41900,Recurring Deposit,2024-03-02,2024,3,March
302627,208180,Business,83020,3700.0,16515,Recurring Deposit,2024-12-22,2024,12,December
302628,200456,Current,47911,1462.0,7692,Fixed Deposit,2023-04-24,2023,4,April
302629,204787,Business,72396,2528.0,40644,Mutual Fund,2023-01-04,2023,1,January
302630,205114,Savings,93362,1548.0,45452,Fixed Deposit,2022-04-11,2022,4,April
302631,205224,Business,29244,5785.300175092007,5730,Recurring Deposit,2023-08-26,2023,8,August
302632,209800,Current,31778,721.0,48238,Fixed Deposit,2023-06-22,2023,6,June
302633,207027,Current,8376,2755.0,2453,Fixed Deposit,2024-08-19,2024,8,August
302634,209157,Current,64503,897.9405893573303,42710,Mutual Fund,2025-01-31,2025,1,January
302635,208448,Current,65388,4133.236907581308,11425,Fixed Deposit,2023-01-15,2023,1,January
302636,201157,Savings,66067,1432.0,29242,Mutual Fund,2022-12-18,2022,12,December
302637,200951,Savings,7725,993.0,9887,Fixed Deposit,2024-10-25,2024,10,October
302638,207452,Savings,55591,2133.0,38737,Fixed Deposit,2024-12-07,2024,12,December
302639,209963,Savings,30509,1393.0,33211,Mutual Fund,2023-12-10,2023,12,December
302640,208812,Current,84326,1700.0,9030,Mutual Fund,2024-01-14,2024,1,January
302641,204521,Current,25123,1092.0,43245,Fixed Deposit,2024-05-29,2024,5,May
302642,200848,Savings,93440,740.0,4022,Mutual Fund,2023-08-12,2023,8,August
302643,206890,Savings,37694,3174.0,20543,Fixed Deposit,2022-08-02,2022,8,August
302644,203113,Business,84292,2894.0,13061,Fixed Deposit,2023-12-03,2023,12,December
302645,201783,Current,61244,3511.0,18416,Mutual Fund,2025-01-23,2025,1,January
302646,208973,Savings,91430,1828.0,5160,Recurring Deposit,2022-08-16,2022,8,August
302647,203965,Savings,44673,3613.0,22297,Recurring Deposit,2023-01-02,2023,1,January
302648,205987,Savings,98320,415.0,32470,Recurring Deposit,2022-10-25,2022,10,October
302649,205292,Savings,27932,1339.0,23926,Recurring Deposit,2024-03-31,2024,3,March
302650,200288,Savings,42956,4439.0,27245,Mutual Fund,2023-08-05,2023,8,August
302651,201939,Current,73394,4669.0,34114,Fixed Deposit,2023-04-10,2023,4,April
302652,203411,Business,39629,1902.0,37447,Recurring Deposit,2022-03-31,2022,3,March
302653,200322,Business,48255,2327.0,48060,Fixed Deposit,2023-04-30,2023,4,April
302654,207850,Business,46904,3022.0,47763,Mutual Fund,2023-11-06,2023,11,November
302655,202782,Current,40367,2217.0,24076,Mutual Fund,2023-03-21,2023,3,March
302656,200864,Savings,37230,651.0,23837,Recurring Deposit,2024-02-12,2024,2,February
302657,204553,Business,79463,3797.0,49229,Fixed Deposit,2023-05-09,2023,5,May
302658,208055,Savings,67788,1577.0,1739,Mutual Fund,2023-08-15,2023,8,August
302659,200371,Business,2520,4340.0,19381,Recurring Deposit,2023-07-03,2023,7,July
302660,205337,Current,83504,1075.131788073789,48337,Fixed Deposit,2024-09-10,2024,9,September
302661,201997,Business,13011,3906.0,15888,Recurring Deposit,2024-08-26,2024,8,August
302662,207815,Business,81327,4275.0,4631,Fixed Deposit,2022-04-07,2022,4,April
302663,202863,Savings,83799,1686.0,17205,Fixed Deposit,2023-05-01,2023,5,May
302664,207537,Savings,15381,2745.0,36073,Fixed Deposit,2024-12-30,2024,12,December
302665,205594,Business,17845,1779.0,18047,Mutual Fund,2023-09-30,2023,9,September
302666,204320,Current,4634,4368.0,26609,Recurring Deposit,2025-03-01,2025,3,March
302667,205460,Current,8110,6412.642814121966,15761,Fixed Deposit,2023-03-23,2023,3,March
302668,208054,Savings,27501,2927.0,47469,Fixed Deposit,2022-06-25,2022,6,June
302669,202531,Business,40709,105.0,25993,Recurring Deposit,2025-01-21,2025,1,January
302670,204443,Business,80734,4071.0,19393,Mutual Fund,2022-09-20,2022,9,September
302671,204794,Business,84256,4809.0,15153,Recurring Deposit,2024-03-12,2024,3,March
302672,201397,Current,34728,4061.0,26253,Fixed Deposit,2023-07-10,2023,7,July
302673,208604,Current,73508,3373.0,20381,Fixed Deposit,2022-11-24,2022,11,November
302674,201441,Business,80632,3915.0,9788,Recurring Deposit,2023-12-10,2023,12,December
302675,202880,Business,38822,1170.0,31707,Recurring Deposit,2025-02-18,2025,2,February
302676,207059,Current,89308,2744.0,11264,Mutual Fund,2024-05-09,2024,5,May
302677,204377,Savings,19679,216.0,30889,Fixed Deposit,2025-03-17,2025,3,March
302678,201266,Business,8330,3446.0,40971,Fixed Deposit,2023-07-17,2023,7,July
302679,204294,Current,86188,2430.0,41768,Recurring Deposit,2025-02-25,2025,2,February
302680,202837,Savings,13122,238.0,12435,Recurring Deposit,2022-09-19,2022,9,September
302681,209646,Current,49669,525.409737702223,33233,Fixed Deposit,2024-12-07,2024,12,December
302682,204322,Business,22097,739.460012868356,6883,Fixed Deposit,2023-06-22,2023,6,June
302683,209198,Current,75210,4878.0,49803,Mutual Fund,2023-10-12,2023,10,October
302684,209411,Business,25453,674.0,34195,Fixed Deposit,2024-10-30,2024,10,October
302685,204828,Current,90039,1552.0,30129,Fixed Deposit,2023-02-27,2023,2,February
302686,202916,Current,90655,3451.0,30218,Recurring Deposit,2023-02-24,2023,2,February
302687,200227,Business,5231,3528.0,37795,Mutual Fund,2022-10-14,2022,10,October
302688,202385,Business,95163,4912.0,25941,Fixed Deposit,2024-04-01,2024,4,April
302689,204705,Business,21702,547.0,37782,Recurring Deposit,2022-11-13,2022,11,November
302690,209742,Current,76208,3506.0,9161,Fixed Deposit,2024-02-25,2024,2,February
302691,201917,Business,48549,556.0,18887,Fixed Deposit,2024-10-16,2024,10,October
302692,200113,Current,8193,3466.0,29815,Mutual Fund,2023-10-22,2023,10,October
302693,202151,Savings,41513,3293.0,4966,Fixed Deposit,2023-12-26,2023,12,December
302694,200427,Current,97828,1680.0,18885,Recurring Deposit,2025-03-15,2025,3,March
302695,204598,Business,22948,4000.0,23970,Fixed Deposit,2024-07-21,2024,7,July
302696,206120,Savings,81428,2613.0,33444,Recurring Deposit,2024-03-21,2024,3,March
302697,203378,Savings,87829,4195.0,7878,Fixed Deposit,2024-07-03,2024,7,July
302698,209408,Savings,79615,1830.0,1580,Recurring Deposit,2025-01-15,2025,1,January
302699,201944,Business,21812,1983.0,14997,Recurring Deposit,2023-02-23,2023,2,February
302700,200956,Savings,80185,791.4643450052184,44866,Fixed Deposit,2023-04-09,2023,4,April
302701,208336,Business,87159,1932.0,5237,Recurring Deposit,2025-02-09,2025,2,February
302702,208800,Savings,52785,1038.0,2124,Recurring Deposit,2024-10-01,2024,10,October
302703,205683,Savings,55285,221.0,23476,Fixed Deposit,2022-07-26,2022,7,July
302704,207888,Savings,55362,4858.0,32090,Fixed Deposit,2024-06-14,2024,6,June
302705,206692,Savings,70168,2505.0,12647,Fixed Deposit,2024-02-12,2024,2,February
302706,202282,Savings,82419,3868.0,34029,Mutual Fund,2024-06-18,2024,6,June
302707,206091,Current,43005,1200.0,30896,Recurring Deposit,2025-03-18,2025,3,March
302708,205739,Savings,19081,2930.0,21732,Recurring Deposit,2023-10-04,2023,10,October
302709,202342,Current,66945,1648.0,2159,Mutual Fund,2022-07-20,2022,7,July
302710,208691,Business,36995,3232.0,16942,Mutual Fund,2024-08-13,2024,8,August
302711,202733,Business,75910,577.0,31588,Recurring Deposit,2022-09-11,2022,9,September
302712,205237,Savings,77557,2769.0,16691,Fixed Deposit,2022-06-24,2022,6,June
302713,204439,Business,91198,2619.0,3726,Mutual Fund,2024-07-18,2024,7,July
302714,205872,Savings,46776,1137.0,5688,Mutual Fund,2024-05-14,2024,5,May
302715,200046,Current,38383,4852.0,41497,Fixed Deposit,2023-01-29,2023,1,January
302716,206047,Business,81549,843.0,24887,Fixed Deposit,2024-08-26,2024,8,August
302717,206506,Savings,68593,929.0,31948,Recurring Deposit,2024-07-01,2024,7,July
302718,207500,Savings,32494,2342.861252220241,6384,Fixed Deposit,2022-11-08,2022,11,November
302719,204709,Business,90345,139.0,17904,Mutual Fund,2022-12-01,2022,12,December
302720,207147,Business,52477,134.0,38850,Recurring Deposit,2023-08-12,2023,8,August
302721,207863,Business,69740,194.0,41523,Recurring Deposit,2024-06-06,2024,6,June
302722,201187,Savings,27562,3870.0,38793,Recurring Deposit,2024-02-05,2024,2,February
302723,207028,Savings,80044,4164.0,3198,Fixed Deposit,2022-09-17,2022,9,September
302724,204265,Savings,87583,4206.0,34250,Fixed Deposit,2025-02-09,2025,2,February
302725,200593,Current,91588,2910.0,34032,Fixed Deposit,2023-02-03,2023,2,February
302726,209862,Savings,3245,349.0,29650,Fixed Deposit,2024-09-11,2024,9,September
302727,202870,Savings,90411,965.0,23988,Mutual Fund,2024-04-18,2024,4,April
302728,200511,Savings,3531,480.0,35163,Mutual Fund,2022-08-09,2022,8,August
302729,205451,Business,71840,3980.0,2713,Recurring Deposit,2024-05-21,2024,5,May
302730,205322,Savings,23036,3843.0,28629,Mutual Fund,2024-02-11,2024,2,February
302731,209335,Current,78902,3048.0,1120,Fixed Deposit,2022-06-15,2022,6,June
302732,202076,Current,33794,4821.0,31958,Fixed Deposit,2024-02-23,2024,2,February
302733,203010,Business,74042,4654.0,31145,Mutual Fund,2022-10-11,2022,10,October
302734,203745,Current,46802,350.0,31492,Mutual Fund,2024-05-26,2024,5,May
302735,208021,Current,80810,1961.0,26516,Mutual Fund,2023-12-26,2023,12,December
302736,200558,Savings,93635,3070.0,17824,Fixed Deposit,2024-02-28,2024,2,February
302737,206243,Savings,33469,3864.0,44669,Fixed Deposit,2024-08-13,2024,8,August
302738,201759,Savings,50522,4755.0,45970,Recurring Deposit,2022-06-18,2022,6,June
302739,206200,Savings,27992,1590.0,13244,Recurring Deposit,2024-08-05,2024,8,August
302740,203705,Savings,88749,157.0,7766,Recurring Deposit,2024-03-08,2024,3,March
302741,206626,Current,78814,2448.0,32365,Mutual Fund,2025-01-29,2025,1,January
302742,205264,Savings,33222,3327.0,31958,Mutual Fund,2023-07-12,2023,7,July
302743,207009,Current,63148,4351.0,33440,Fixed Deposit,2022-04-23,2022,4,April
302744,203225,Business,93172,2910.0,9598,Mutual Fund,2023-11-26,2023,11,November
302745,201404,Current,24152,294.0,6767,Fixed Deposit,2023-04-20,2023,4,April
302746,202697,Savings,79433,3124.0,39899,Fixed Deposit,2022-03-25,2022,3,March
302747,206182,Savings,27417,1029.0,46244,Mutual Fund,2023-02-22,2023,2,February
302748,207944,Savings,10865,4751.0,38447,Mutual Fund,2024-09-04,2024,9,September
302749,205646,Business,64719,3503.0,16849,Fixed Deposit,2022-07-12,2022,7,July
302750,202160,Business,27795,1852.0,6376,Fixed Deposit,2022-05-30,2022,5,May
302751,200650,Current,73148,3448.0,26354,Fixed Deposit,2024-01-08,2024,1,January
302752,205597,Current,15116,1525.0,44502,Mutual Fund,2023-09-07,2023,9,September
302753,205525,Savings,39179,4231.0,43782,Fixed Deposit,2025-03-13,2025,3,March
302754,208125,Savings,54175,2729.0,42325,Recurring Deposit,2022-06-28,2022,6,June
302755,207319,Savings,2627,567.0,49291,Fixed Deposit,2024-07-08,2024,7,July
302756,206051,Current,78004,4888.0,40111,Mutual Fund,2022-06-22,2022,6,June
302757,204497,Savings,46603,5929.880884664787,7615,Fixed Deposit,2022-07-06,2022,7,July
302758,203335,Current,74856,3651.0,45122,Recurring Deposit,2024-03-23,2024,3,March
302759,203854,Current,90258,1591.0,7225,Mutual Fund,2022-05-09,2022,5,May
302760,201612,Savings,12144,3798.0,22704,Fixed Deposit,2023-06-09,2023,6,June
302761,204067,Savings,95704,226.0,43659,Fixed Deposit,2023-12-16,2023,12,December
302762,204476,Current,13243,4188.0,31974,Mutual Fund,2022-12-25,2022,12,December
302763,204726,Current,11602,2871.0,21517,Mutual Fund,2022-10-17,2022,10,October
302764,202276,Current,24401,4715.0,33077,Fixed Deposit,2024-12-11,2024,12,December
302765,203886,Current,49080,4451.0,37620,Fixed Deposit,2024-12-18,2024,12,December
302766,205649,Business,78682,915.0,49807,Mutual Fund,2024-01-03,2024,1,January
302767,207650,Savings,79367,4602.0,38683,Mutual Fund,2023-10-23,2023,10,October
302768,205587,Current,79203,1636.0,49828,Fixed Deposit,2023-11-05,2023,11,November
302769,203753,Business,2605,51.61395167743253,27854,Mutual Fund,2024-02-15,2024,2,February
302770,209311,Business,18721,3757.0,16437,Mutual Fund,2023-10-28,2023,10,October
302771,200676,Current,22939,4488.0,21039,Fixed Deposit,2023-10-25,2023,10,October
302772,203054,Business,9389,2909.0,6771,Fixed Deposit,2022-07-23,2022,7,July
302773,201263,Business,67904,3265.0,36635,Mutual Fund,2025-02-13,2025,2,February
302774,207003,Business,68867,2198.0,15686,Recurring Deposit,2025-01-12,2025,1,January
302775,203344,Savings,29902,3343.0,5065,Mutual Fund,2024-07-05,2024,7,July
302776,202638,Current,80552,4355.0,13643,Mutual Fund,2022-10-13,2022,10,October
302777,205947,Savings,44471,2331.0,29628,Recurring Deposit,2024-12-30,2024,12,December
302778,201081,Business,92027,1941.0,18795,Recurring Deposit,2023-09-12,2023,9,September
302779,207614,Business,64063,1315.0,12146,Recurring Deposit,2022-09-21,2022,9,September
302780,206407,Business,8118,4361.0,47313,Recurring Deposit,2022-12-23,2022,12,December
302781,209419,Savings,89178,1761.0,32204,Mutual Fund,2024-07-02,2024,7,July
302782,201480,Current,4721,998.0,32464,Recurring Deposit,2023-11-21,2023,11,November
302783,206681,Business,68005,2192.0,10341,Fixed Deposit,2024-06-19,2024,6,June
302784,201901,Savings,7436,3361.0,4659,Mutual Fund,2022-10-04,2022,10,October
302785,200421,Savings,99018,2282.0,28010,Fixed Deposit,2023-03-01,2023,3,March
302786,203120,Savings,11043,4973.91543103525,41415,Fixed Deposit,2022-03-26,2022,3,March
302787,202490,Savings,14914,2124.0,33487,Mutual Fund,2022-04-25,2022,4,April
302788,204116,Current,76101,1865.0,21723,Mutual Fund,2023-06-27,2023,6,June
302789,200396,Business,34090,2170.0,27431,Mutual Fund,2024-03-09,2024,3,March
302790,206498,Business,86171,3331.0,45002,Recurring Deposit,2025-01-30,2025,1,January
302791,209304,Current,54615,4709.0,14795,Recurring Deposit,2024-07-13,2024,7,July
302792,202975,Business,27301,2821.0,22981,Fixed Deposit,2024-01-08,2024,1,January
302793,201812,Savings,97651,3360.0,18568,Mutual Fund,2024-06-24,2024,6,June
302794,207693,Business,26329,2143.0,41360,Fixed Deposit,2023-10-31,2023,10,October
302795,202526,Savings,91652,1234.0,44161,Fixed Deposit,2023-03-12,2023,3,March
302796,200006,Current,7429,3553.0,25869,Recurring Deposit,2023-04-09,2023,4,April
302797,204835,Business,88701,1898.0,21712,Mutual Fund,2024-03-05,2024,3,March
302798,208290,Business,31032,365.0,19977,Recurring Deposit,2023-09-09,2023,9,September
302799,201490,Current,54556,572.0,27189,Recurring Deposit,2022-11-16,2022,11,November
302800,204225,Savings,27842,4837.0,36052,Recurring Deposit,2023-05-23,2023,5,May
302801,205185,Business,3837,2049.0,17013,Recurring Deposit,2023-01-07,2023,1,January
302802,204814,Savings,87832,683.9981465572148,6710,Mutual Fund,2022-09-12,2022,9,September
302803,203215,Business,8088,415.0,29555,Recurring Deposit,2022-05-10,2022,5,May
302804,202315,Current,9582,2164.0,2830,Fixed Deposit,2025-01-09,2025,1,January
302805,206627,Business,52245,283.0,20944,Recurring Deposit,2024-01-01,2024,1,January
302806,209685,Savings,56306,2745.0,11077,Recurring Deposit,2024-10-31,2024,10,October
302807,209179,Business,3063,4092.0,41765,Recurring Deposit,2022-04-14,2022,4,April
302808,206453,Current,8349,4979.0,30872,Mutual Fund,2023-03-29,2023,3,March
302809,206826,Savings,92832,252.0,26402,Recurring Deposit,2023-02-04,2023,2,February
302810,204597,Current,91659,1394.0,32026,Recurring Deposit,2022-07-03,2022,7,July
302811,202051,Savings,34842,1736.0,25815,Fixed Deposit,2022-08-24,2022,8,August
302812,204555,Savings,70781,3612.0,43274,Recurring Deposit,2024-09-28,2024,9,September
302813,207956,Business,79244,1906.0,27802,Recurring Deposit,2022-05-12,2022,5,May
302814,206550,Current,43242,1307.0,49626,Mutual Fund,2024-02-12,2024,2,February
302815,202217,Current,41226,1672.0,21083,Recurring Deposit,2024-10-04,2024,10,October
302816,207002,Business,67160,3460.0,32262,Recurring Deposit,2025-01-27,2025,1,January
302817,208799,Savings,23309,2278.0,42459,Recurring Deposit,2025-03-17,2025,3,March
302818,205753,Business,24913,1428.0,1807,Fixed Deposit,2022-06-04,2022,6,June
302819,209488,Current,49694,793.0,35212,Recurring Deposit,2023-04-05,2023,4,April
302820,206325,Savings,7568,2257.0,44149,Mutual Fund,2022-05-28,2022,5,May
302821,202394,Current,21183,204.0,4826,Mutual Fund,2023-12-05,2023,12,December
302822,201909,Savings,14173,3198.0,6561,Fixed Deposit,2024-01-31,2024,1,January
302823,200869,Savings,91273,2535.0,14947,Recurring Deposit,2023-03-20,2023,3,March
302824,202677,Business,82890,2276.0,20483,Fixed Deposit,2024-07-06,2024,7,July
302825,206483,Current,17906,2586.0,13532,Recurring Deposit,2023-02-21,2023,2,February
302826,208443,Business,26806,1233.0,29683,Mutual Fund,2022-06-16,2022,6,June
302827,203896,Business,11509,2816.0,27984,Recurring Deposit,2022-10-24,2022,10,October
302828,200098,Business,4052,3705.0,24621,Fixed Deposit,2024-05-11,2024,5,May
302829,201312,Current,41468,3322.0,43307,Fixed Deposit,2023-06-13,2023,6,June
302830,205657,Current,43395,2667.0,35400,Mutual Fund,2023-03-19,2023,3,March
302831,204695,Savings,41554,1949.0,10783,Fixed Deposit,2024-08-31,2024,8,August
302832,203863,Savings,69709,3251.0,42988,Mutual Fund,2023-07-29,2023,7,July
302833,205168,Savings,33597,4678.0,3440,Mutual Fund,2024-09-03,2024,9,September
302834,200584,Savings,4068,3259.0,49701,Fixed Deposit,2024-10-04,2024,10,October
302835,206853,Business,44579,2718.0,23630,Mutual Fund,2025-01-28,2025,1,January
302836,206558,Savings,1545,3261.0,5433,Fixed Deposit,2023-08-01,2023,8,August
302837,209231,Current,90152,1379.0,10183,Recurring Deposit,2023-03-24,2023,3,March
302838,204204,Savings,12478,293.0,48070,Mutual Fund,2023-07-02,2023,7,July
302839,204182,Current,70599,479.0,37475,Recurring Deposit,2022-10-29,2022,10,October
302840,205828,Business,58091,4430.0,45967,Recurring Deposit,2025-01-09,2025,1,January
302841,208848,Business,23888,778.0,41922,Mutual Fund,2024-06-07,2024,6,June
302842,206152,Current,52946,719.0,33100,Fixed Deposit,2023-02-27,2023,2,February
302843,209561,Business,41005,3054.0,4428,Fixed Deposit,2023-12-23,2023,12,December
302844,203517,Current,97079,2799.0,35427,Recurring Deposit,2023-06-30,2023,6,June
302845,203340,Current,42993,1763.0,28765,Fixed Deposit,2023-05-22,2023,5,May
302846,204998,Current,66314,3654.0,4179,Mutual Fund,2022-06-23,2022,6,June
302847,207919,Business,5311,2203.0,28916,Recurring Deposit,2024-08-01,2024,8,August
302848,207655,Savings,81062,764.0189518909332,17771,Fixed Deposit,2024-09-25,2024,9,September
302849,207268,Business,90696,2002.0,38896,Fixed Deposit,2022-12-18,2022,12,December
302850,208599,Business,48322,4083.0,46767,Recurring Deposit,2024-11-17,2024,11,November
302851,201974,Business,14692,4372.0,17109,Fixed Deposit,2025-02-07,2025,2,February
302852,201311,Business,35008,3459.0,15213,Fixed Deposit,2024-01-13,2024,1,January
302853,203078,Business,35591,3544.0,37128,Recurring Deposit,2024-07-31,2024,7,July
302854,200275,Savings,78929,2576.0,21527,Recurring Deposit,2024-04-28,2024,4,April
302855,206892,Savings,53377,312.0,4408,Mutual Fund,2022-06-01,2022,6,June
302856,206546,Current,77867,3635.0,7604,Recurring Deposit,2023-09-07,2023,9,September
302857,206845,Savings,20912,3498.0,46717,Recurring Deposit,2024-12-14,2024,12,December
302858,202915,Business,58242,3048.0,48281,Recurring Deposit,2025-01-26,2025,1,January
302859,204697,Current,90800,2531.0,47866,Mutual Fund,2023-11-03,2023,11,November
302860,205724,Business,92627,271.0,9987,Recurring Deposit,2024-06-12,2024,6,June
302861,200734,Current,63041,1732.0,23390,Recurring Deposit,2023-07-29,2023,7,July
302862,207831,Business,59378,440.0,35420,Recurring Deposit,2025-03-06,2025,3,March
302863,208327,Current,60828,4345.0,31143,Recurring Deposit,2023-12-27,2023,12,December
302864,201753,Current,27213,4596.0,46753,Mutual Fund,2023-12-15,2023,12,December
302865,201785,Savings,61191,1724.0,20710,Fixed Deposit,2022-11-07,2022,11,November
302866,202929,Current,40610,789.0,1362,Mutual Fund,2023-06-29,2023,6,June
302867,208215,Savings,79054,1847.0,12160,Fixed Deposit,2023-10-26,2023,10,October
302868,201264,Savings,48240,4354.0,27731,Fixed Deposit,2022-12-31,2022,12,December
302869,202560,Savings,55794,4141.0,12591,Mutual Fund,2024-07-03,2024,7,July
302870,205876,Current,52600,2198.0,43911,Fixed Deposit,2024-03-25,2024,3,March
302871,203694,Savings,95047,1883.0,4832,Recurring Deposit,2023-03-30,2023,3,March
302872,203542,Savings,36594,3972.0,39986,Recurring Deposit,2023-03-06,2023,3,March
302873,208649,Current,71200,3020.0,48525,Mutual Fund,2023-07-01,2023,7,July
302874,206141,Current,18365,119.0,35287,Fixed Deposit,2022-10-31,2022,10,October
302875,206560,Business,85017,1388.4108634833858,13826,Recurring Deposit,2024-03-09,2024,3,March
302876,205662,Business,25569,3039.0,16652,Mutual Fund,2022-06-18,2022,6,June
302877,204172,Current,69432,171.0,13269,Mutual Fund,2024-08-10,2024,8,August
302878,206165,Savings,36892,2889.0,36176,Fixed Deposit,2023-12-22,2023,12,December
302879,201670,Current,54848,2111.0,4745,Fixed Deposit,2023-12-28,2023,12,December
302880,209349,Current,92899,2477.0,11638,Mutual Fund,2024-08-02,2024,8,August
302881,208715,Business,91319,3804.0,21378,Fixed Deposit,2024-06-21,2024,6,June
302882,208103,Business,20168,1433.5409628935515,38475,Recurring Deposit,2022-10-15,2022,10,October
302883,203524,Current,22953,1777.0,36404,Mutual Fund,2023-11-14,2023,11,November
302884,201977,Savings,38034,161.0,40302,Mutual Fund,2023-04-02,2023,4,April
302885,209090,Current,16142,3269.0,10660,Mutual Fund,2023-04-21,2023,4,April
302886,200099,Current,55313,226.0,7636,Mutual Fund,2023-01-30,2023,1,January
302887,203626,Business,42675,3764.0,41448,Recurring Deposit,2023-08-16,2023,8,August
302888,206985,Savings,53202,2410.9791189863704,41424,Fixed Deposit,2024-12-19,2024,12,December
302889,209868,Business,79753,3719.0,39292,Fixed Deposit,2022-07-21,2022,7,July
302890,204279,Savings,83509,2887.0,10116,Fixed Deposit,2024-02-17,2024,2,February
302891,207929,Current,36720,4204.0,32959,Fixed Deposit,2023-10-18,2023,10,October
302892,201170,Current,26978,2895.0,20026,Fixed Deposit,2022-08-11,2022,8,August
302893,204374,Savings,60101,2886.0,1090,Mutual Fund,2024-06-30,2024,6,June
302894,202346,Savings,25060,1360.0,6359,Fixed Deposit,2023-01-10,2023,1,January
302895,202327,Current,90995,244.0,29334,Mutual Fund,2022-06-09,2022,6,June
302896,204482,Savings,3825,4189.0,38466,Fixed Deposit,2023-05-12,2023,5,May
302897,200224,Current,1215,1648.0,33074,Recurring Deposit,2023-10-27,2023,10,October
302898,204493,Savings,12937,2094.0,12519,Recurring Deposit,2025-01-30,2025,1,January
302899,201440,Business,1587,726.0,47166,Recurring Deposit,2024-10-15,2024,10,October
302900,204950,Savings,3585,4164.0,10518,Fixed Deposit,2024-10-12,2024,10,October
302901,208346,Business,68551,575.0,20131,Fixed Deposit,2022-05-21,2022,5,May
302902,209261,Business,63162,2411.0,23099,Fixed Deposit,2022-07-12,2022,7,July
302903,204323,Business,99231,503.0,41191,Fixed Deposit,2023-01-07,2023,1,January
302904,208493,Business,74527,4318.0,41473,Fixed Deposit,2024-09-18,2024,9,September
302905,205201,Business,20413,4394.0,1163,Recurring Deposit,2025-01-27,2025,1,January
302906,203215,Business,71703,3488.0,4293,Fixed Deposit,2024-08-05,2024,8,August
302907,202617,Business,3112,655.0,13724,Mutual Fund,2023-02-21,2023,2,February
302908,205460,Savings,64980,1302.0,48299,Fixed Deposit,2024-04-03,2024,4,April
302909,208618,Savings,28366,3613.0,43322,Recurring Deposit,2023-02-08,2023,2,February
302910,204570,Business,45532,4902.378220617009,4068,Recurring Deposit,2023-08-20,2023,8,August
302911,206680,Business,90460,1240.0,40997,Fixed Deposit,2023-07-04,2023,7,July
302912,201437,Business,37587,2906.0,23465,Fixed Deposit,2022-04-13,2022,4,April
302913,209259,Savings,90854,1537.0,1137,Fixed Deposit,2023-02-13,2023,2,February
302914,205201,Savings,76401,1990.0,45985,Recurring Deposit,2023-01-10,2023,1,January
302915,207233,Current,86122,3664.0,35608,Recurring Deposit,2022-09-19,2022,9,September
302916,202972,Current,75267,712.0,25682,Fixed Deposit,2024-04-02,2024,4,April
302917,204030,Current,67900,3905.0,19102,Recurring Deposit,2023-04-01,2023,4,April
302918,206696,Savings,55794,4597.0,27666,Recurring Deposit,2025-03-05,2025,3,March
302919,203787,Savings,47295,380.0,31794,Fixed Deposit,2024-10-14,2024,10,October
302920,205468,Savings,42995,261.0,35453,Fixed Deposit,2025-03-18,2025,3,March
302921,208929,Savings,65518,135.41612107308958,29458,Recurring Deposit,2023-02-01,2023,2,February
302922,200740,Business,6801,4106.0,49903,Fixed Deposit,2023-11-27,2023,11,November
302923,200944,Current,20295,2623.0,28517,Fixed Deposit,2023-03-27,2023,3,March
302924,209919,Current,67364,1725.0,16362,Recurring Deposit,2024-07-25,2024,7,July
302925,209527,Current,36225,3342.0,45455,Mutual Fund,2023-08-02,2023,8,August
302926,207558,Business,44868,2039.0,15265,Mutual Fund,2023-06-03,2023,6,June
302927,202629,Business,59202,1893.0,44665,Mutual Fund,2023-11-02,2023,11,November
302928,201556,Current,36507,2645.0,3353,Recurring Deposit,2024-03-14,2024,3,March
302929,205947,Business,48561,1925.0,15293,Mutual Fund,2024-06-26,2024,6,June
302930,206032,Savings,83819,922.0,40946,Mutual Fund,2024-12-22,2024,12,December
302931,204328,Business,39037,568.0,32893,Recurring Deposit,2023-09-30,2023,9,September
302932,207257,Current,27889,2091.0,8528,Fixed Deposit,2023-07-13,2023,7,July
302933,204880,Current,73579,2362.0,40486,Recurring Deposit,2023-05-01,2023,5,May
302934,204860,Business,91758,2766.0,32438,Fixed Deposit,2023-09-30,2023,9,September
302935,200710,Savings,56486,1609.7417270263263,2671,Fixed Deposit,2024-05-25,2024,5,May
302936,205793,Savings,22745,420.0,36410,Fixed Deposit,2024-05-01,2024,5,May
302937,201817,Current,67754,1039.0,41520,Mutual Fund,2024-03-13,2024,3,March
302938,209225,Current,42047,2446.0,20271,Recurring Deposit,2022-08-21,2022,8,August
302939,209552,Business,20822,3245.0,33480,Fixed Deposit,2024-03-19,2024,3,March
302940,203386,Savings,80332,4640.0,27736,Recurring Deposit,2023-07-31,2023,7,July
302941,206255,Business,93061,240.0,6134,Recurring Deposit,2023-01-30,2023,1,January
302942,202127,Current,50512,981.0,35152,Recurring Deposit,2023-10-17,2023,10,October
302943,202095,Business,50267,1625.0,23278,Fixed Deposit,2023-07-20,2023,7,July
302944,200090,Current,20887,1151.0,4392,Mutual Fund,2023-12-24,2023,12,December
302945,209860,Current,32682,4353.0,24474,Fixed Deposit,2022-05-31,2022,5,May
302946,204791,Business,63926,3253.0,39745,Recurring Deposit,2024-08-10,2024,8,August
302947,207908,Business,50631,925.0,31845,Mutual Fund,2023-02-27,2023,2,February
302948,204005,Current,20879,2168.0,2371,Mutual Fund,2022-11-02,2022,11,November
302949,204049,Savings,31449,1469.0,36336,Mutual Fund,2022-04-15,2022,4,April
302950,203156,Savings,82279,2364.0,38017,Recurring Deposit,2023-04-30,2023,4,April
302951,208454,Current,22717,4684.0,27116,Fixed Deposit,2024-07-27,2024,7,July
302952,201257,Business,26571,2460.0,40533,Recurring Deposit,2024-09-13,2024,9,September
302953,207944,Current,21191,3957.0,44793,Recurring Deposit,2024-09-05,2024,9,September
302954,205096,Savings,21154,4087.0,12828,Fixed Deposit,2023-12-29,2023,12,December
302955,200215,Current,49964,4357.0,43692,Recurring Deposit,2023-06-22,2023,6,June
302956,206090,Current,59489,1517.0,46146,Recurring Deposit,2022-11-12,2022,11,November
302957,205464,Current,78736,225.14013498415008,30139,Recurring Deposit,2023-01-19,2023,1,January
302958,209389,Savings,64471,3798.0,2251,Fixed Deposit,2023-08-15,2023,8,August
302959,206180,Savings,38571,4086.0,10188,Fixed Deposit,2023-03-13,2023,3,March
302960,200902,Business,38807,2836.0,33417,Mutual Fund,2023-11-01,2023,11,November
302961,209744,Business,69284,129.0,11317,Fixed Deposit,2024-08-22,2024,8,August
302962,202934,Savings,77036,310.0,47533,Fixed Deposit,2023-04-06,2023,4,April
302963,202367,Savings,66542,4664.0,46850,Mutual Fund,2024-05-04,2024,5,May
302964,201874,Current,52077,2462.0,19440,Mutual Fund,2024-07-23,2024,7,July
302965,202092,Business,80794,2905.0,13597,Recurring Deposit,2024-12-31,2024,12,December
302966,203436,Business,17336,1615.0,10860,Mutual Fund,2025-02-16,2025,2,February
302967,209095,Current,3075,3121.0,21682,Fixed Deposit,2023-08-27,2023,8,August
302968,205228,Business,71456,4472.0,19946,Mutual Fund,2023-04-24,2023,4,April
302969,206998,Savings,62861,3096.0,6465,Fixed Deposit,2024-04-18,2024,4,April
302970,205057,Savings,15896,5620.433280313977,14197,Recurring Deposit,2024-12-11,2024,12,December
302971,202859,Savings,13779,507.0,4848,Recurring Deposit,2024-04-21,2024,4,April
302972,207471,Savings,19187,2376.0,22495,Mutual Fund,2024-03-05,2024,3,March
302973,201141,Current,64148,1810.0,41656,Recurring Deposit,2022-12-07,2022,12,December
302974,201103,Business,53581,925.0,10648,Mutual Fund,2023-09-19,2023,9,September
302975,204652,Current,77498,3220.0,2389,Mutual Fund,2022-12-08,2022,12,December
302976,208584,Current,37320,495.0,38001,Recurring Deposit,2022-10-24,2022,10,October
302977,201812,Savings,29972,3852.0,43486,Recurring Deposit,2024-07-17,2024,7,July
302978,208066,Current,37228,1695.0,3428,Fixed Deposit,2024-04-17,2024,4,April
302979,207925,Current,89994,880.0,38766,Mutual Fund,2022-12-31,2022,12,December
302980,206889,Current,38026,2592.0,24228,Recurring Deposit,2024-07-10,2024,7,July
302981,204728,Savings,29526,1208.0,36877,Recurring Deposit,2024-12-12,2024,12,December
302982,205075,Current,71766,600.0,46801,Recurring Deposit,2022-06-20,2022,6,June
302983,203783,Savings,85638,1958.0,44684,Fixed Deposit,2024-06-11,2024,6,June
302984,205867,Savings,67805,3412.0,16348,Fixed Deposit,2022-05-12,2022,5,May
302985,205667,Business,23307,329.0,35268,Recurring Deposit,2022-07-14,2022,7,July
302986,208717,Current,9615,345.0,15855,Recurring Deposit,2025-01-22,2025,1,January
302987,204058,Savings,89487,200.0,19648,Recurring Deposit,2022-06-04,2022,6,June
302988,208482,Business,69284,2956.0,43052,Recurring Deposit,2022-03-30,2022,3,March
302989,203703,Business,41182,3100.0,34046,Mutual Fund,2023-12-21,2023,12,December
302990,201710,Business,54969,1793.0,16460,Fixed Deposit,2022-10-20,2022,10,October
302991,205411,Savings,85699,1168.0,27521,Fixed Deposit,2024-11-24,2024,11,November
302992,206776,Savings,82676,4269.0,22074,Fixed Deposit,2023-03-15,2023,3,March
302993,207144,Current,46469,356.0,18457,Mutual Fund,2022-07-04,2022,7,July
302994,205817,Savings,17935,1226.0,17050,Fixed Deposit,2022-11-10,2022,11,November
302995,208684,Current,83832,1215.0,21457,Fixed Deposit,2022-04-04,2022,4,April
302996,209630,Savings,95280,1360.0,3936,Mutual Fund,2023-02-23,2023,2,February
302997,200867,Business,51534,2870.0,31776,Fixed Deposit,2024-05-14,2024,5,May
302998,207000,Savings,25981,4279.0,26022,Recurring Deposit,2024-02-27,2024,2,February
302999,205868,Current,90655,631.0,16912,Recurring Deposit,2023-10-21,2023,10,October
303000,205961,Current,89893,4194.0,40890,Recurring Deposit,2022-06-22,2022,6,June
303001,204557,Business,83574,957.0,17715,Mutual Fund,2024-11-04,2024,11,November
303002,208687,Business,43359,3177.77208981388,31754,Mutual Fund,2024-12-05,2024,12,December
303003,208217,Business,84509,2240.0,47303,Fixed Deposit,2025-01-19,2025,1,January
303004,208957,Current,97911,3132.0,9116,Fixed Deposit,2024-11-02,2024,11,November
303005,203026,Savings,10939,2459.0,8756,Recurring Deposit,2024-04-09,2024,4,April
303006,206173,Savings,5056,2441.0,25512,Mutual Fund,2025-01-08,2025,1,January
303007,203430,Current,60111,2880.0,11016,Fixed Deposit,2024-04-16,2024,4,April
303008,201902,Current,62847,4793.0,35484,Recurring Deposit,2022-04-14,2022,4,April
303009,204945,Current,63031,4637.0,40939,Fixed Deposit,2022-03-31,2022,3,March
303010,203329,Current,94042,2777.0,16479,Recurring Deposit,2024-06-24,2024,6,June
303011,200333,Savings,28343,4817.0,16105,Recurring Deposit,2024-07-24,2024,7,July
303012,201427,Business,66401,3883.0,48381,Fixed Deposit,2023-12-19,2023,12,December
303013,209657,Savings,39296,4781.0,30562,Recurring Deposit,2022-04-08,2022,4,April
303014,205350,Current,14438,562.0,40366,Fixed Deposit,2022-04-15,2022,4,April
303015,203617,Business,75669,1442.0,21711,Fixed Deposit,2024-06-20,2024,6,June
303016,200571,Savings,62295,986.863687638547,38244,Fixed Deposit,2023-05-21,2023,5,May
303017,200801,Current,27496,1610.0,41733,Recurring Deposit,2024-06-30,2024,6,June
303018,201188,Current,28057,4106.0,20530,Mutual Fund,2023-06-09,2023,6,June
303019,208386,Current,30818,1016.0,38802,Mutual Fund,2022-04-16,2022,4,April
303020,208318,Savings,86169,3399.0,44190,Fixed Deposit,2024-05-09,2024,5,May
303021,204320,Savings,58248,2963.0,18166,Recurring Deposit,2025-03-09,2025,3,March
303022,203294,Savings,21208,2121.300320559561,22830,Mutual Fund,2025-01-31,2025,1,January
303023,202611,Current,69422,3582.0,8228,Mutual Fund,2024-01-18,2024,1,January
303024,204651,Savings,19149,874.0,10026,Mutual Fund,2022-12-24,2022,12,December
303025,209813,Business,8835,3276.0,43778,Recurring Deposit,2022-09-03,2022,9,September
303026,204250,Business,10375,1341.0,11333,Fixed Deposit,2022-08-17,2022,8,August
303027,203732,Current,86511,2422.0,14231,Recurring Deposit,2024-06-12,2024,6,June
303028,206156,Business,32531,1035.0,31652,Recurring Deposit,2022-11-07,2022,11,November
303029,202452,Current,37959,1437.0,39415,Recurring Deposit,2023-03-30,2023,3,March
303030,200809,Savings,55395,4605.0,30325,Recurring Deposit,2023-01-13,2023,1,January
303031,208416,Current,96087,3629.0,39835,Recurring Deposit,2024-11-07,2024,11,November
303032,207007,Current,41642,4999.0,15933,Recurring Deposit,2024-06-15,2024,6,June
303033,204399,Savings,53870,399.0,48985,Mutual Fund,2023-04-17,2023,4,April
303034,200219,Current,39021,2144.0,31611,Recurring Deposit,2023-09-22,2023,9,September
303035,207793,Current,3524,3171.0,40689,Fixed Deposit,2023-05-10,2023,5,May
303036,208469,Business,68756,4003.0,32289,Fixed Deposit,2023-11-27,2023,11,November
303037,206113,Current,47778,2786.0,22276,Mutual Fund,2022-07-21,2022,7,July
303038,208720,Business,91426,1914.0,13931,Fixed Deposit,2023-10-21,2023,10,October
303039,208672,Current,95040,172.0,47558,Recurring Deposit,2023-12-11,2023,12,December
303040,203173,Savings,72460,1154.0,6325,Fixed Deposit,2024-03-03,2024,3,March
303041,202841,Savings,22585,1514.0,8556,Mutual Fund,2024-08-14,2024,8,August
303042,204774,Business,23467,4394.0,11819,Mutual Fund,2023-04-02,2023,4,April
303043,205190,Current,56286,2528.0,38066,Fixed Deposit,2025-03-08,2025,3,March
303044,201982,Current,29224,4909.0,5469,Recurring Deposit,2023-03-06,2023,3,March
303045,202776,Current,98632,2321.0,19904,Fixed Deposit,2023-06-29,2023,6,June
303046,206895,Business,23427,4096.0,2547,Mutual Fund,2025-02-15,2025,2,February
303047,209906,Business,6970,3900.0,40262,Recurring Deposit,2022-07-24,2022,7,July
303048,201181,Business,69704,332.0,4914,Mutual Fund,2024-12-30,2024,12,December
303049,204648,Business,12022,1921.0,27591,Recurring Deposit,2024-12-24,2024,12,December
303050,208096,Business,88276,1558.0,1842,Mutual Fund,2022-05-09,2022,5,May
303051,202097,Business,3390,3894.0,10286,Fixed Deposit,2022-08-13,2022,8,August
303052,208126,Savings,60046,3672.0,21289,Recurring Deposit,2023-12-10,2023,12,December
303053,207078,Savings,99765,1665.0,16680,Mutual Fund,2023-10-31,2023,10,October
303054,206545,Current,85300,3461.0,47680,Mutual Fund,2023-10-27,2023,10,October
303055,202803,Current,14287,1855.0,30512,Mutual Fund,2024-07-26,2024,7,July
303056,202673,Business,24835,2422.0,33813,Fixed Deposit,2024-03-29,2024,3,March
303057,205376,Savings,90502,4201.0,13636,Fixed Deposit,2022-06-16,2022,6,June
303058,208607,Business,22131,3316.0,7162,Mutual Fund,2024-12-04,2024,12,December
303059,203160,Savings,68852,3272.0,41564,Mutual Fund,2022-04-04,2022,4,April
303060,202569,Savings,62954,702.0,29276,Fixed Deposit,2025-03-16,2025,3,March
303061,207550,Savings,81446,3315.0,48516,Fixed Deposit,2022-12-12,2022,12,December
303062,207644,Savings,16423,3623.0,8796,Recurring Deposit,2022-07-27,2022,7,July
303063,203774,Business,90419,122.0,22781,Mutual Fund,2024-05-05,2024,5,May
303064,207401,Business,33596,3366.0,37535,Fixed Deposit,2024-01-24,2024,1,January
303065,202613,Business,53349,3617.0,44477,Mutual Fund,2024-12-16,2024,12,December
303066,206119,Savings,31529,2491.0,17860,Recurring Deposit,2023-08-17,2023,8,August
303067,201686,Current,26951,2034.0,47614,Recurring Deposit,2024-08-16,2024,8,August
303068,200838,Business,33712,4142.0,13199,Mutual Fund,2022-08-16,2022,8,August
303069,206449,Business,41592,678.0,30401,Fixed Deposit,2024-06-18,2024,6,June
303070,209123,Current,61536,2614.0,33446,Recurring Deposit,2022-05-26,2022,5,May
303071,202309,Business,11295,4367.0,20285,Mutual Fund,2023-03-12,2023,3,March
303072,204972,Business,23641,4681.0,30605,Fixed Deposit,2023-02-12,2023,2,February
303073,203947,Savings,83642,4902.0,28272,Mutual Fund,2025-02-28,2025,2,February
303074,204164,Current,85486,4238.0,40892,Mutual Fund,2024-08-17,2024,8,August
303075,200082,Current,20363,1604.0093950695364,8779,Fixed Deposit,2024-03-28,2024,3,March
303076,208961,Current,24847,846.0,6809,Mutual Fund,2023-05-16,2023,5,May
303077,209002,Business,2193,4001.0,6615,Mutual Fund,2022-06-01,2022,6,June
303078,208662,Current,21643,1518.0,20295,Fixed Deposit,2022-07-14,2022,7,July
303079,203623,Savings,57176,4674.0,29797,Mutual Fund,2025-02-16,2025,2,February
303080,205123,Current,39694,3308.0,22729,Fixed Deposit,2023-05-30,2023,5,May
303081,206730,Current,54112,3049.0,12068,Fixed Deposit,2024-07-11,2024,7,July
303082,205224,Savings,87767,4436.0,5633,Recurring Deposit,2024-08-12,2024,8,August
303083,208313,Business,39615,3737.0,42077,Recurring Deposit,2025-01-06,2025,1,January
303084,201890,Savings,94769,2977.0,45495,Mutual Fund,2022-05-11,2022,5,May
303085,208044,Savings,3890,732.0,8397,Mutual Fund,2022-12-24,2022,12,December
303086,204784,Current,95053,4430.0,19672,Mutual Fund,2023-07-22,2023,7,July
303087,209602,Current,52029,4533.0,46058,Fixed Deposit,2022-04-14,2022,4,April
303088,206094,Current,16159,698.0,26068,Fixed Deposit,2023-02-05,2023,2,February
303089,200316,Current,15750,3302.0,28811,Recurring Deposit,2024-09-17,2024,9,September
303090,200504,Savings,16616,995.0,35632,Recurring Deposit,2022-10-30,2022,10,October
303091,208624,Business,83866,4686.0,37730,Mutual Fund,2023-11-29,2023,11,November
303092,208783,Business,58535,1382.0,31192,Fixed Deposit,2022-07-18,2022,7,July
303093,206407,Current,41172,1062.0,28611,Fixed Deposit,2023-06-28,2023,6,June
303094,207268,Current,62136,1410.0,2990,Fixed Deposit,2022-11-28,2022,11,November
303095,200600,Current,30023,3498.0,49217,Recurring Deposit,2024-08-13,2024,8,August
303096,203479,Business,17244,4762.0,18728,Recurring Deposit,2023-03-29,2023,3,March
303097,202452,Savings,33515,1070.0,25168,Fixed Deposit,2024-08-17,2024,8,August
303098,201147,Savings,61154,2239.0,11092,Fixed Deposit,2023-11-15,2023,11,November
303099,204359,Business,89412,991.0,19024,Fixed Deposit,2025-02-04,2025,2,February
303100,208850,Savings,3857,2375.0,38713,Mutual Fund,2024-07-07,2024,7,July
303101,206941,Business,71606,3281.0,49119,Fixed Deposit,2023-08-18,2023,8,August
303102,201114,Savings,99456,2428.0,31924,Fixed Deposit,2023-11-07,2023,11,November
303103,209187,Savings,86890,2697.0,40311,Recurring Deposit,2022-10-24,2022,10,October
303104,206515,Current,48371,2975.0,25690,Fixed Deposit,2025-02-23,2025,2,February
303105,208552,Business,63375,3256.0,47940,Recurring Deposit,2022-07-20,2022,7,July
303106,206906,Business,96519,1321.0,41724,Recurring Deposit,2024-05-06,2024,5,May
303107,203784,Current,27929,3247.0,4464,Recurring Deposit,2023-09-09,2023,9,September
303108,209900,Current,28715,1076.0,39876,Fixed Deposit,2022-06-12,2022,6,June
303109,205695,Business,99588,1296.0,21171,Mutual Fund,2022-08-19,2022,8,August
303110,205661,Business,19974,711.0,9455,Mutual Fund,2024-01-28,2024,1,January
303111,205565,Current,72135,723.0,12745,Fixed Deposit,2023-03-16,2023,3,March
303112,207337,Business,29695,4963.0,23702,Recurring Deposit,2022-07-17,2022,7,July
303113,209371,Current,45042,1549.0,39099,Recurring Deposit,2023-09-01,2023,9,September
303114,203641,Business,7782,2781.0,47799,Mutual Fund,2024-10-16,2024,10,October
303115,201054,Current,28933,4288.0,13652,Fixed Deposit,2024-10-29,2024,10,October
303116,207001,Business,28632,1992.0,28192,Recurring Deposit,2024-10-01,2024,10,October
303117,205731,Business,87802,3713.0,48454,Fixed Deposit,2023-11-27,2023,11,November
303118,206510,Savings,79597,4004.0,23951,Fixed Deposit,2023-08-10,2023,8,August
303119,204211,Business,56425,3759.0,30426,Mutual Fund,2022-05-06,2022,5,May
303120,203595,Current,38606,1929.0,17033,Recurring Deposit,2024-11-30,2024,11,November
303121,205420,Savings,72442,3511.0,23915,Fixed Deposit,2023-05-19,2023,5,May
303122,208513,Current,91351,1905.0,44697,Mutual Fund,2024-02-18,2024,2,February
303123,202919,Current,8719,581.0,32993,Recurring Deposit,2024-04-21,2024,4,April
303124,205535,Current,25721,4030.0,44398,Recurring Deposit,2023-03-10,2023,3,March
303125,202472,Current,10507,4956.0,1383,Mutual Fund,2023-09-24,2023,9,September
303126,204278,Business,31007,3404.0,12945,Mutual Fund,2024-07-27,2024,7,July
303127,203908,Current,50459,3404.0,22605,Recurring Deposit,2023-10-25,2023,10,October
303128,204612,Savings,58141,3132.0,31144,Mutual Fund,2024-01-20,2024,1,January
303129,203062,Savings,51036,2925.0,4889,Fixed Deposit,2023-01-03,2023,1,January
303130,206514,Current,8797,2186.0,49761,Mutual Fund,2025-02-08,2025,2,February
303131,207138,Business,75353,2755.0,37397,Fixed Deposit,2024-09-16,2024,9,September
303132,208100,Savings,60923,325.0,22335,Fixed Deposit,2025-01-10,2025,1,January
303133,207521,Business,93388,3066.0,23569,Mutual Fund,2023-11-01,2023,11,November
303134,202715,Savings,57101,2627.0,19252,Fixed Deposit,2022-08-01,2022,8,August
303135,207482,Current,55291,2490.0,35533,Mutual Fund,2024-11-05,2024,11,November
303136,205819,Savings,85227,2554.0,13425,Fixed Deposit,2023-06-22,2023,6,June
303137,205300,Current,73688,2937.0,24321,Recurring Deposit,2023-04-07,2023,4,April
303138,202727,Business,79437,3446.0,29541,Mutual Fund,2022-07-13,2022,7,July
303139,202428,Savings,52396,738.0,24937,Mutual Fund,2022-07-26,2022,7,July
303140,203379,Savings,38253,4869.0,8392,Recurring Deposit,2023-05-11,2023,5,May
303141,204618,Current,59046,2015.0,20802,Recurring Deposit,2022-11-15,2022,11,November
303142,208881,Business,58689,125.0,11949,Recurring Deposit,2023-11-01,2023,11,November
303143,202170,Current,93800,1811.0,22180,Recurring Deposit,2024-11-29,2024,11,November
303144,206325,Current,41063,1680.0,3489,Mutual Fund,2022-11-15,2022,11,November
303145,205425,Business,72793,486.0,48666,Fixed Deposit,2023-11-16,2023,11,November
303146,202800,Current,36774,1079.0,16615,Recurring Deposit,2023-07-25,2023,7,July
303147,202303,Current,86198,1051.0,22326,Recurring Deposit,2023-10-02,2023,10,October
303148,200212,Business,3895,4680.0,43157,Mutual Fund,2022-09-02,2022,9,September
303149,204994,Savings,25406,3985.0,41777,Fixed Deposit,2022-08-10,2022,8,August
303150,201320,Business,32848,190.5130830711105,25412,Fixed Deposit,2022-03-29,2022,3,March
303151,208095,Business,57021,665.0,10763,Mutual Fund,2023-07-12,2023,7,July
303152,206871,Business,50077,3964.0,11931,Mutual Fund,2024-02-09,2024,2,February
303153,201214,Current,83628,4860.0,24125,Fixed Deposit,2023-10-01,2023,10,October
303154,208082,Business,17644,1876.0,5574,Fixed Deposit,2023-05-14,2023,5,May
303155,208320,Current,45809,2338.0,41422,Mutual Fund,2022-08-26,2022,8,August
303156,209248,Business,93021,2203.0,10921,Recurring Deposit,2022-10-12,2022,10,October
303157,205563,Business,86155,3197.0,27288,Recurring Deposit,2022-08-03,2022,8,August
303158,203286,Current,26250,4305.0,37805,Fixed Deposit,2023-01-06,2023,1,January
303159,209969,Current,59670,3107.0,27194,Mutual Fund,2024-01-19,2024,1,January
303160,207660,Savings,57207,2598.0,2178,Recurring Deposit,2024-02-16,2024,2,February
303161,201781,Savings,31884,4348.0,5549,Mutual Fund,2024-08-02,2024,8,August
303162,206333,Current,91025,1198.7792003912846,1001,Mutual Fund,2024-07-29,2024,7,July
303163,201838,Savings,84183,1853.8250669989088,46049,Fixed Deposit,2024-05-25,2024,5,May
303164,209616,Current,32271,1111.0,5598,Mutual Fund,2023-12-14,2023,12,December
303165,202440,Savings,80375,1048.3726860074753,44054,Mutual Fund,2022-08-28,2022,8,August
303166,201106,Savings,99500,3785.0,22129,Mutual Fund,2022-04-30,2022,4,April
303167,203002,Current,67610,3532.0,18596,Fixed Deposit,2022-08-07,2022,8,August
303168,205188,Business,24919,3708.0,26895,Fixed Deposit,2023-09-21,2023,9,September
303169,203405,Current,86357,4388.0,22508,Fixed Deposit,2024-07-28,2024,7,July
303170,209004,Savings,58581,867.0,41717,Fixed Deposit,2022-08-12,2022,8,August
303171,203232,Savings,45367,1490.0,41024,Fixed Deposit,2024-10-03,2024,10,October
303172,204202,Current,91818,3099.0,18093,Mutual Fund,2024-10-05,2024,10,October
303173,203051,Savings,59432,4467.0,31027,Fixed Deposit,2023-08-06,2023,8,August
303174,203877,Current,17173,643.0,21930,Recurring Deposit,2023-11-09,2023,11,November
303175,207614,Savings,22855,4046.0,37462,Recurring Deposit,2022-04-09,2022,4,April
303176,207307,Savings,56061,427.0,7385,Fixed Deposit,2023-06-17,2023,6,June
303177,202882,Business,80179,4540.0,39038,Mutual Fund,2023-12-23,2023,12,December
303178,200359,Current,61293,2543.0,37288,Recurring Deposit,2023-11-13,2023,11,November
303179,207068,Business,50318,2599.0,18486,Fixed Deposit,2022-07-30,2022,7,July
303180,202197,Business,65104,3618.0,6607,Fixed Deposit,2024-08-06,2024,8,August
303181,205025,Savings,45628,3581.0,31284,Mutual Fund,2023-04-02,2023,4,April
303182,205957,Current,37831,4639.0,5517,Mutual Fund,2024-08-25,2024,8,August
303183,200098,Savings,19224,1965.0,26229,Fixed Deposit,2024-06-07,2024,6,June
303184,207334,Current,14168,4768.0,34682,Recurring Deposit,2022-12-09,2022,12,December
303185,202703,Business,39414,2152.0,44144,Mutual Fund,2025-02-17,2025,2,February
303186,209003,Savings,17160,4867.0,34568,Fixed Deposit,2023-11-02,2023,11,November
303187,201875,Savings,21575,1219.0,4060,Fixed Deposit,2022-12-09,2022,12,December
303188,207407,Business,46281,2937.0,39828,Fixed Deposit,2022-10-22,2022,10,October
303189,209432,Business,78299,2979.0,43784,Fixed Deposit,2023-05-12,2023,5,May
303190,205703,Current,6749,3515.0,4587,Fixed Deposit,2023-07-01,2023,7,July
303191,205536,Savings,57518,4942.0,42297,Mutual Fund,2023-05-11,2023,5,May
303192,200684,Business,95860,3660.0,6144,Recurring Deposit,2024-04-25,2024,4,April
303193,202239,Current,9884,4723.0,19658,Mutual Fund,2022-11-02,2022,11,November
303194,200898,Current,81038,2454.0,3293,Fixed Deposit,2022-06-27,2022,6,June
303195,209879,Business,29613,2111.0,38222,Mutual Fund,2022-12-05,2022,12,December
303196,205067,Savings,24432,1750.0,15752,Mutual Fund,2024-01-25,2024,1,January
303197,206814,Business,2129,3096.0,21369,Mutual Fund,2023-05-23,2023,5,May
303198,205446,Business,96097,486.0,39775,Recurring Deposit,2024-01-04,2024,1,January
303199,201831,Current,62405,4080.0,1924,Fixed Deposit,2023-06-29,2023,6,June
303200,205584,Current,58108,4159.0,34512,Fixed Deposit,2024-04-11,2024,4,April
303201,202481,Current,82035,123.0,12598,Mutual Fund,2022-07-18,2022,7,July
303202,208212,Business,34868,4118.0,36015,Mutual Fund,2023-10-02,2023,10,October
303203,206164,Current,40805,277.0,34070,Mutual Fund,2023-04-16,2023,4,April
303204,204411,Business,76825,4655.0,44640,Mutual Fund,2023-04-08,2023,4,April
303205,200617,Business,63092,4570.0,42175,Mutual Fund,2024-11-15,2024,11,November
303206,201088,Current,71323,3860.0,47952,Fixed Deposit,2024-04-29,2024,4,April
303207,208340,Business,94658,4484.0,36519,Recurring Deposit,2024-09-28,2024,9,September
303208,205302,Current,1347,1309.0,20595,Mutual Fund,2024-11-02,2024,11,November
303209,207748,Business,40396,1285.0,36875,Recurring Deposit,2023-01-18,2023,1,January
303210,207886,Business,50359,3009.0,12789,Mutual Fund,2024-03-01,2024,3,March
303211,207789,Current,80476,2128.0,47559,Mutual Fund,2022-09-03,2022,9,September
303212,204377,Business,48764,1581.0,12058,Recurring Deposit,2022-10-17,2022,10,October
303213,207498,Business,41118,3014.0,21662,Mutual Fund,2023-07-07,2023,7,July
303214,200112,Current,2545,1202.0,19587,Recurring Deposit,2022-03-31,2022,3,March
303215,205332,Savings,55221,4382.0,36370,Fixed Deposit,2023-11-25,2023,11,November
303216,209261,Current,50782,2686.0,45179,Fixed Deposit,2023-08-19,2023,8,August
303217,209285,Savings,76867,484.0,10612,Fixed Deposit,2024-11-08,2024,11,November
303218,202229,Business,52868,2855.0,17557,Recurring Deposit,2023-11-01,2023,11,November
303219,205292,Savings,47190,1889.0,8084,Mutual Fund,2023-08-14,2023,8,August
303220,209172,Current,45711,3013.0,10296,Mutual Fund,2024-02-02,2024,2,February
303221,207671,Business,66154,1052.0,17413,Fixed Deposit,2023-08-22,2023,8,August
303222,202357,Savings,48616,698.0,42391,Recurring Deposit,2024-01-18,2024,1,January
303223,207092,Current,86286,4118.0,45647,Fixed Deposit,2024-12-26,2024,12,December
303224,205342,Savings,58473,2102.0,8568,Recurring Deposit,2024-09-29,2024,9,September
303225,206059,Current,41649,2270.0,26387,Mutual Fund,2022-10-18,2022,10,October
303226,204438,Business,82566,1591.0,27194,Mutual Fund,2023-06-30,2023,6,June
303227,206751,Current,36473,354.0,28720,Mutual Fund,2023-08-01,2023,8,August
303228,203051,Savings,54382,2359.0,35986,Fixed Deposit,2024-10-13,2024,10,October
303229,205239,Business,67308,383.0,12225,Mutual Fund,2025-03-05,2025,3,March
303230,204093,Business,87428,2427.0,27752,Recurring Deposit,2023-01-27,2023,1,January
303231,204485,Current,33707,3339.0,13050,Recurring Deposit,2024-04-03,2024,4,April
303232,202981,Business,82079,3374.0,17492,Fixed Deposit,2023-07-22,2023,7,July
303233,208021,Savings,43050,2875.0,34035,Fixed Deposit,2022-12-21,2022,12,December
303234,205066,Business,75823,3092.0,23646,Fixed Deposit,2023-11-29,2023,11,November
303235,203964,Current,34355,4811.0,15571,Recurring Deposit,2023-07-29,2023,7,July
303236,204084,Current,57599,3832.0,21507,Mutual Fund,2023-06-16,2023,6,June
303237,204860,Business,29946,3555.0,33876,Recurring Deposit,2025-03-04,2025,3,March
303238,204651,Savings,86750,1958.0,36813,Fixed Deposit,2024-11-28,2024,11,November
303239,201123,Business,65611,2977.0,20870,Recurring Deposit,2024-04-21,2024,4,April
303240,209243,Business,50233,3509.0,46371,Mutual Fund,2024-08-31,2024,8,August
303241,204671,Current,87823,4173.0,46260,Mutual Fund,2023-04-01,2023,4,April
303242,200815,Business,71391,1181.0,45276,Fixed Deposit,2023-08-09,2023,8,August
303243,200978,Savings,29286,2055.0,45650,Recurring Deposit,2023-10-26,2023,10,October
303244,202858,Savings,49383,739.0,40411,Fixed Deposit,2023-05-30,2023,5,May
303245,200682,Savings,85769,882.0,31260,Fixed Deposit,2023-11-21,2023,11,November
303246,208140,Savings,66240,1441.0,19954,Fixed Deposit,2023-10-09,2023,10,October
303247,203655,Savings,38499,1289.0,19315,Fixed Deposit,2022-09-13,2022,9,September
303248,200780,Business,32750,2723.0,1214,Recurring Deposit,2024-08-12,2024,8,August
303249,201442,Savings,44082,719.0,45601,Fixed Deposit,2023-01-25,2023,1,January
303250,207818,Savings,70157,849.5677387530214,19037,Mutual Fund,2024-09-25,2024,9,September
303251,204500,Business,51066,1834.0,33302,Fixed Deposit,2024-07-15,2024,7,July
303252,202759,Business,6932,814.0,10278,Mutual Fund,2022-12-25,2022,12,December
303253,205993,Savings,43643,1066.0,1991,Recurring Deposit,2025-02-12,2025,2,February
303254,203120,Savings,77250,4092.0,19882,Fixed Deposit,2024-07-22,2024,7,July
303255,202545,Current,87238,4132.0,19950,Recurring Deposit,2022-05-01,2022,5,May
303256,204041,Savings,43712,3401.0,44397,Mutual Fund,2024-03-07,2024,3,March
303257,205875,Savings,11103,4701.0,13706,Mutual Fund,2023-02-09,2023,2,February
303258,209562,Current,82025,4396.0,33694,Recurring Deposit,2024-01-31,2024,1,January
303259,202828,Business,13252,3278.0,28035,Fixed Deposit,2023-06-16,2023,6,June
303260,201462,Business,24076,2903.0,38654,Recurring Deposit,2025-03-01,2025,3,March
303261,207942,Business,7174,568.0,34673,Fixed Deposit,2022-07-06,2022,7,July
303262,200553,Savings,88593,2169.0,33080,Mutual Fund,2023-12-16,2023,12,December
303263,207051,Current,19029,4167.109768526058,13085,Fixed Deposit,2025-01-29,2025,1,January
303264,205899,Current,77756,4220.0,49189,Mutual Fund,2024-05-04,2024,5,May
303265,208907,Savings,68552,3785.0,34550,Mutual Fund,2022-10-23,2022,10,October
303266,204295,Savings,73393,1440.0,49525,Recurring Deposit,2024-11-28,2024,11,November
303267,205104,Savings,68579,3863.0,46834,Fixed Deposit,2023-07-04,2023,7,July
303268,203389,Savings,48701,2115.0,2846,Recurring Deposit,2023-03-31,2023,3,March
303269,205319,Business,67740,4403.0,6145,Recurring Deposit,2023-04-17,2023,4,April
303270,203651,Current,57202,1112.0,32790,Fixed Deposit,2025-01-07,2025,1,January
303271,203135,Current,91485,2167.0,45530,Mutual Fund,2022-11-15,2022,11,November
303272,205263,Current,22864,4812.0,29096,Fixed Deposit,2024-01-07,2024,1,January
303273,207402,Business,77747,3789.0,15610,Fixed Deposit,2023-10-27,2023,10,October
303274,203495,Business,64987,457.0,48498,Mutual Fund,2022-07-13,2022,7,July
303275,201337,Current,77005,2832.0,25923,Mutual Fund,2024-02-16,2024,2,February
303276,205088,Business,88052,4338.0,18279,Mutual Fund,2024-10-04,2024,10,October
303277,206196,Business,22925,2319.0,9562,Fixed Deposit,2024-04-03,2024,4,April
303278,203011,Current,81913,1778.0,5077,Mutual Fund,2024-09-10,2024,9,September
303279,202659,Savings,90487,3803.0,48954,Fixed Deposit,2023-12-03,2023,12,December
303280,209356,Current,70800,4825.0,19866,Mutual Fund,2024-06-28,2024,6,June
303281,202735,Savings,2073,953.0,1031,Mutual Fund,2024-05-15,2024,5,May
303282,205307,Business,48209,495.0,1810,Mutual Fund,2025-02-27,2025,2,February
303283,204813,Savings,86210,3070.0,47496,Fixed Deposit,2023-12-30,2023,12,December
303284,204713,Savings,8873,1014.0,17901,Recurring Deposit,2024-07-12,2024,7,July
303285,206756,Savings,1040,4397.0,39045,Fixed Deposit,2022-05-17,2022,5,May
303286,206597,Savings,74073,2118.0,15921,Fixed Deposit,2023-09-30,2023,9,September
303287,200178,Business,2655,4956.0,30341,Recurring Deposit,2025-03-14,2025,3,March
303288,201037,Current,54786,3023.0,39021,Recurring Deposit,2024-07-02,2024,7,July
303289,203834,Current,11938,3221.0,49876,Recurring Deposit,2024-09-28,2024,9,September
303290,204778,Savings,51496,512.3943367383597,10939,Fixed Deposit,2024-12-06,2024,12,December
303291,207426,Current,60533,4011.0,46776,Mutual Fund,2022-07-31,2022,7,July
303292,205784,Current,1930,2286.0,8553,Recurring Deposit,2022-09-06,2022,9,September
303293,206177,Current,15614,2802.0,28137,Mutual Fund,2023-04-10,2023,4,April
303294,204805,Current,27090,3746.0,4081,Fixed Deposit,2025-01-05,2025,1,January
303295,207399,Business,92674,1468.0,9704,Recurring Deposit,2025-01-16,2025,1,January
303296,207360,Current,95641,3693.0,19721,Mutual Fund,2023-09-23,2023,9,September
303297,206331,Savings,43849,2389.0,46806,Mutual Fund,2022-12-04,2022,12,December
303298,203568,Current,59032,2592.0,13020,Recurring Deposit,2024-12-20,2024,12,December
303299,204423,Business,78658,4114.0,42127,Fixed Deposit,2024-10-27,2024,10,October
303300,203986,Current,9162,2196.0,14682,Recurring Deposit,2022-05-28,2022,5,May
303301,203313,Savings,69948,1117.0,1915,Mutual Fund,2024-08-11,2024,8,August
303302,206240,Business,19534,1668.0,10439,Mutual Fund,2024-12-17,2024,12,December
303303,208683,Current,42858,945.0,6687,Mutual Fund,2025-02-05,2025,2,February
303304,208105,Savings,91435,4376.0,32035,Fixed Deposit,2024-12-19,2024,12,December
303305,200309,Savings,61174,4488.0,2493,Mutual Fund,2023-12-01,2023,12,December
303306,207277,Savings,70314,4985.0,33900,Recurring Deposit,2023-08-18,2023,8,August
303307,209893,Current,7658,1344.0,12072,Fixed Deposit,2024-01-18,2024,1,January
303308,208997,Business,6107,4837.0,26617,Mutual Fund,2022-09-01,2022,9,September
303309,206728,Current,49657,1015.0,23596,Fixed Deposit,2022-04-06,2022,4,April
303310,201892,Business,67413,574.0,9253,Fixed Deposit,2022-08-21,2022,8,August
303311,209518,Business,7836,3942.0,22830,Recurring Deposit,2023-04-26,2023,4,April
303312,201917,Savings,93424,541.0,36213,Recurring Deposit,2023-02-28,2023,2,February
303313,206499,Savings,23631,4777.0,16238,Recurring Deposit,2024-05-22,2024,5,May
303314,205221,Savings,7055,2504.0,24645,Fixed Deposit,2024-06-03,2024,6,June
303315,202241,Current,7583,3746.0,17780,Mutual Fund,2024-08-03,2024,8,August
303316,207241,Business,62196,4092.0,33651,Fixed Deposit,2024-09-07,2024,9,September
303317,201973,Savings,54166,296.0,29305,Recurring Deposit,2025-02-21,2025,2,February
303318,205938,Current,98609,2486.0,36221,Fixed Deposit,2024-08-30,2024,8,August
303319,205526,Business,34387,4140.0,2560,Mutual Fund,2023-02-27,2023,2,February
303320,203978,Business,10604,1261.0,41747,Fixed Deposit,2024-02-11,2024,2,February
303321,201315,Current,71997,4820.0,27904,Fixed Deposit,2023-10-23,2023,10,October
303322,208802,Business,17644,2193.0,10108,Mutual Fund,2023-11-18,2023,11,November
303323,209681,Current,94945,3132.0,37845,Mutual Fund,2024-03-09,2024,3,March
303324,206795,Savings,77171,2261.0,9988,Fixed Deposit,2025-02-08,2025,2,February
303325,208395,Business,50058,1270.0,45603,Fixed Deposit,2024-09-20,2024,9,September
303326,206548,Current,3644,2389.0,19941,Mutual Fund,2025-02-25,2025,2,February
303327,201399,Savings,87425,3089.0,41839,Fixed Deposit,2024-05-06,2024,5,May
303328,201372,Savings,39272,4427.0,29789,Recurring Deposit,2022-11-10,2022,11,November
303329,209448,Savings,21208,1493.0,48620,Recurring Deposit,2023-09-07,2023,9,September
303330,205106,Business,89201,292.0,34473,Recurring Deposit,2022-04-28,2022,4,April
303331,203203,Savings,13709,169.0,3454,Recurring Deposit,2024-04-08,2024,4,April
303332,209886,Savings,66687,3465.0,2237,Recurring Deposit,2022-08-30,2022,8,August
303333,202682,Savings,73414,3017.0,46908,Mutual Fund,2023-06-22,2023,6,June
303334,207922,Current,72404,3018.0,23635,Fixed Deposit,2023-12-27,2023,12,December
303335,208425,Business,82966,3040.0,14744,Recurring Deposit,2022-08-01,2022,8,August
303336,202137,Savings,41790,2292.0,8632,Fixed Deposit,2022-09-17,2022,9,September
303337,207147,Business,74556,4780.0,40079,Mutual Fund,2022-10-27,2022,10,October
303338,202806,Savings,78057,4320.0,30884,Mutual Fund,2023-09-13,2023,9,September
303339,204850,Current,8540,3317.0,42048,Recurring Deposit,2023-07-18,2023,7,July
303340,201957,Savings,49507,3409.0,45422,Fixed Deposit,2023-09-04,2023,9,September
303341,209685,Business,53381,4936.0,21504,Mutual Fund,2024-02-26,2024,2,February
303342,200931,Savings,69760,1258.0,16313,Mutual Fund,2023-02-05,2023,2,February
303343,200047,Business,23896,1542.0,11335,Mutual Fund,2024-06-07,2024,6,June
303344,202270,Business,40101,4367.0,3169,Recurring Deposit,2024-04-09,2024,4,April
303345,205767,Current,20197,2986.0,11937,Recurring Deposit,2023-09-13,2023,9,September
303346,207918,Savings,10472,4490.0,2596,Mutual Fund,2024-03-29,2024,3,March
303347,204561,Business,20931,622.0,2351,Fixed Deposit,2022-08-19,2022,8,August
303348,200678,Current,75942,2413.0,30709,Recurring Deposit,2024-01-30,2024,1,January
303349,201590,Business,48059,3299.0,18942,Recurring Deposit,2025-03-07,2025,3,March
303350,202518,Current,84567,3525.0,3005,Mutual Fund,2024-02-21,2024,2,February
303351,207132,Savings,86301,3247.0,42635,Mutual Fund,2023-07-29,2023,7,July
303352,209020,Savings,65452,2505.0,34730,Recurring Deposit,2022-07-03,2022,7,July
303353,201566,Savings,19870,1745.0,7572,Mutual Fund,2023-06-30,2023,6,June
303354,206683,Savings,53829,2883.0,15763,Fixed Deposit,2022-05-29,2022,5,May
303355,201567,Savings,74686,787.0,9644,Fixed Deposit,2022-09-15,2022,9,September
303356,200205,Savings,38850,4216.0,22631,Mutual Fund,2022-04-25,2022,4,April
303357,201805,Business,73500,307.0,37928,Recurring Deposit,2023-09-04,2023,9,September
303358,208671,Business,1233,4950.0,37576,Fixed Deposit,2024-12-21,2024,12,December
303359,202120,Current,36904,361.0,32927,Recurring Deposit,2022-09-06,2022,9,September
303360,209653,Savings,27674,3230.0,42492,Fixed Deposit,2025-02-04,2025,2,February
303361,205810,Savings,35009,711.0,14332,Recurring Deposit,2022-12-01,2022,12,December
303362,206685,Business,79197,3630.0,45423,Fixed Deposit,2023-04-03,2023,4,April
303363,201437,Current,86007,2777.0,48499,Mutual Fund,2024-05-30,2024,5,May
303364,201942,Current,9005,4102.0,14973,Recurring Deposit,2022-12-17,2022,12,December
303365,202827,Current,25765,2543.0,12184,Mutual Fund,2024-07-25,2024,7,July
303366,207380,Savings,47825,838.0,27632,Recurring Deposit,2022-11-24,2022,11,November
303367,208962,Savings,31756,4138.0,29581,Fixed Deposit,2023-08-17,2023,8,August
303368,208258,Current,7588,284.0,28394,Recurring Deposit,2024-08-06,2024,8,August
303369,209637,Savings,18080,768.0,11051,Recurring Deposit,2024-01-12,2024,1,January
303370,207636,Savings,1172,2872.0,39876,Recurring Deposit,2024-03-07,2024,3,March
303371,208555,Savings,6373,3744.0,14288,Recurring Deposit,2023-03-16,2023,3,March
303372,204495,Savings,9056,4960.0,30399,Recurring Deposit,2023-12-10,2023,12,December
303373,202897,Current,13673,1696.0,16999,Fixed Deposit,2024-11-23,2024,11,November
303374,200259,Current,11718,315.0,10345,Mutual Fund,2023-01-01,2023,1,January
303375,207929,Business,77725,1378.0,47466,Recurring Deposit,2023-01-04,2023,1,January
303376,201068,Savings,54161,3648.0,19062,Fixed Deposit,2024-12-09,2024,12,December
303377,204993,Savings,11524,4737.0,2751,Recurring Deposit,2025-01-05,2025,1,January
303378,209502,Savings,43816,3322.0,41497,Mutual Fund,2024-01-21,2024,1,January
303379,207707,Business,22227,524.9162515951041,15471,Fixed Deposit,2023-11-25,2023,11,November
303380,207496,Business,50357,2367.0,4687,Recurring Deposit,2022-05-05,2022,5,May
303381,206458,Business,6031,1177.2222018371697,38556,Recurring Deposit,2024-10-29,2024,10,October
303382,201442,Business,34546,2582.0,45014,Mutual Fund,2023-01-21,2023,1,January
303383,209520,Savings,77729,935.0,11756,Recurring Deposit,2024-02-17,2024,2,February
303384,207083,Savings,8391,3663.0,40623,Fixed Deposit,2024-09-25,2024,9,September
303385,200228,Savings,29947,463.0,38037,Fixed Deposit,2024-01-17,2024,1,January
303386,204845,Business,21161,2637.227089767642,28686,Mutual Fund,2023-11-15,2023,11,November
303387,209401,Current,66950,4688.0,8533,Fixed Deposit,2022-03-27,2022,3,March
303388,201970,Current,55660,1416.0,46918,Mutual Fund,2025-03-19,2025,3,March
303389,206261,Savings,77127,3780.0,40037,Fixed Deposit,2023-02-17,2023,2,February
303390,207952,Current,90137,726.0,27567,Recurring Deposit,2023-02-03,2023,2,February
303391,204227,Business,61456,3682.0,12792,Recurring Deposit,2023-05-27,2023,5,May
303392,201725,Business,37350,642.0,48866,Recurring Deposit,2025-03-18,2025,3,March
303393,209808,Savings,25073,1276.0,34919,Fixed Deposit,2022-06-26,2022,6,June
303394,206185,Current,43996,556.0,15230,Fixed Deposit,2024-09-02,2024,9,September
303395,202482,Savings,52892,1276.0,11726,Fixed Deposit,2022-08-26,2022,8,August
303396,205285,Business,55115,460.0,14041,Mutual Fund,2024-07-02,2024,7,July
303397,201450,Current,23937,4881.0,14772,Recurring Deposit,2023-01-05,2023,1,January
303398,206191,Business,38995,3132.0,16288,Mutual Fund,2023-10-10,2023,10,October
303399,205161,Current,33322,385.0,44308,Mutual Fund,2023-08-09,2023,8,August
303400,204280,Savings,36165,503.0,13891,Fixed Deposit,2023-01-21,2023,1,January
303401,205941,Business,72994,2426.0,21655,Fixed Deposit,2024-02-29,2024,2,February
303402,208032,Savings,92926,4322.0,24773,Fixed Deposit,2022-09-14,2022,9,September
303403,201255,Business,15614,484.0,6646,Recurring Deposit,2023-05-02,2023,5,May
303404,200400,Current,6034,2290.0,20109,Mutual Fund,2025-01-25,2025,1,January
303405,209939,Current,75339,3192.0,49813,Fixed Deposit,2024-04-19,2024,4,April
303406,205639,Business,93952,354.0,9700,Recurring Deposit,2024-06-17,2024,6,June
303407,205352,Business,58683,213.0,7478,Mutual Fund,2024-12-07,2024,12,December
303408,203464,Business,38947,1362.0,25293,Recurring Deposit,2023-07-20,2023,7,July
303409,205066,Current,66637,4740.0,33166,Recurring Deposit,2024-10-03,2024,10,October
303410,206645,Savings,68232,1605.0,18074,Recurring Deposit,2023-11-14,2023,11,November
303411,202414,Savings,33928,4061.0,47753,Mutual Fund,2024-10-25,2024,10,October
303412,201087,Business,32717,4260.0,22795,Recurring Deposit,2023-11-20,2023,11,November
303413,203874,Savings,98070,1302.0,22523,Mutual Fund,2024-09-17,2024,9,September
303414,203160,Savings,85512,4658.0,11091,Recurring Deposit,2022-09-14,2022,9,September
303415,206499,Savings,37133,2562.0,24052,Fixed Deposit,2023-09-12,2023,9,September
303416,209584,Savings,75903,4507.0,4627,Recurring Deposit,2023-09-18,2023,9,September
303417,209707,Current,30541,644.0,2580,Fixed Deposit,2024-03-01,2024,3,March
303418,202693,Current,50115,3277.0,16662,Fixed Deposit,2024-11-04,2024,11,November
303419,202903,Current,92862,1686.0,24060,Fixed Deposit,2022-12-14,2022,12,December
303420,206051,Business,10273,3816.0,6998,Fixed Deposit,2025-01-30,2025,1,January
303421,205376,Business,49857,1417.0,26133,Mutual Fund,2023-06-26,2023,6,June
303422,200220,Current,5448,1768.0,18154,Fixed Deposit,2024-10-30,2024,10,October
303423,206416,Savings,47010,155.0,48829,Fixed Deposit,2024-09-22,2024,9,September
303424,203012,Current,55904,1066.0,6724,Mutual Fund,2022-07-30,2022,7,July
303425,207544,Savings,85956,2044.0,33167,Fixed Deposit,2025-01-28,2025,1,January
303426,205366,Savings,61832,2598.0,37573,Fixed Deposit,2022-10-15,2022,10,October
303427,208049,Current,88334,1431.0,49471,Mutual Fund,2023-07-20,2023,7,July
303428,205689,Business,48661,3463.0,36160,Fixed Deposit,2022-09-20,2022,9,September
303429,209462,Savings,78294,1499.0,46003,Mutual Fund,2023-03-26,2023,3,March
303430,204268,Savings,11661,3647.0,17817,Mutual Fund,2023-07-08,2023,7,July
303431,205447,Current,43134,2810.0,2171,Recurring Deposit,2022-09-18,2022,9,September
303432,204218,Savings,64280,4002.0,8648,Mutual Fund,2022-12-30,2022,12,December
303433,209944,Savings,73300,3920.0,33550,Mutual Fund,2023-10-21,2023,10,October
303434,200635,Current,75007,1734.0,4221,Fixed Deposit,2025-03-02,2025,3,March
303435,202737,Savings,65126,3020.0,41237,Mutual Fund,2022-10-26,2022,10,October
303436,205350,Business,77394,3789.0,32826,Recurring Deposit,2024-05-22,2024,5,May
303437,202696,Business,25402,3675.0,28679,Fixed Deposit,2023-11-14,2023,11,November
303438,209691,Business,71825,3072.0,21852,Mutual Fund,2023-12-30,2023,12,December
303439,208692,Current,69733,4495.0,28378,Mutual Fund,2024-10-02,2024,10,October
303440,201656,Current,73218,316.0,2049,Mutual Fund,2022-10-21,2022,10,October
303441,203358,Business,62569,2917.0,17683,Recurring Deposit,2024-08-29,2024,8,August
303442,206464,Current,80475,207.0,21234,Fixed Deposit,2023-11-07,2023,11,November
303443,201896,Current,73526,2508.0,40610,Fixed Deposit,2024-01-07,2024,1,January
303444,202108,Current,91492,1266.0,31719,Fixed Deposit,2023-01-03,2023,1,January
303445,209353,Business,85108,4938.0,20175,Mutual Fund,2024-04-15,2024,4,April
303446,200125,Current,99394,1547.0,17911,Recurring Deposit,2024-12-02,2024,12,December
303447,203775,Current,44669,1298.0,18256,Mutual Fund,2024-07-02,2024,7,July
303448,204287,Business,58206,1327.0,29611,Mutual Fund,2025-03-02,2025,3,March
303449,202240,Business,56342,4695.0,24242,Fixed Deposit,2024-12-17,2024,12,December
303450,200588,Current,62742,407.0,20209,Recurring Deposit,2022-12-15,2022,12,December
303451,203094,Current,5672,4027.0,45282,Fixed Deposit,2024-07-30,2024,7,July
303452,208934,Savings,95404,1769.0,21026,Recurring Deposit,2022-12-05,2022,12,December
303453,206526,Business,75140,1299.0,8644,Mutual Fund,2024-04-19,2024,4,April
303454,203227,Savings,80221,3869.0,28140,Mutual Fund,2023-06-12,2023,6,June
303455,209308,Savings,91909,2248.0,21482,Fixed Deposit,2022-10-24,2022,10,October
303456,209017,Savings,93921,1766.0,48564,Recurring Deposit,2023-01-05,2023,1,January
303457,201703,Savings,82797,2499.0,8631,Recurring Deposit,2023-07-22,2023,7,July
303458,206847,Business,56859,2293.0,36688,Recurring Deposit,2024-02-19,2024,2,February
303459,209345,Business,73708,3355.0,6703,Mutual Fund,2024-11-07,2024,11,November
303460,206217,Business,45584,1983.0,43267,Fixed Deposit,2022-06-12,2022,6,June
303461,209326,Savings,90491,244.0,8063,Fixed Deposit,2023-09-29,2023,9,September
303462,208043,Business,72709,3971.0,48421,Mutual Fund,2022-04-04,2022,4,April
303463,201505,Business,2583,175.0,8429,Fixed Deposit,2024-04-11,2024,4,April
303464,207032,Business,63160,2872.0,5882,Mutual Fund,2022-10-19,2022,10,October
303465,202244,Current,17059,485.0,36473,Recurring Deposit,2023-01-18,2023,1,January
303466,207080,Savings,7778,2314.0,17445,Recurring Deposit,2023-11-07,2023,11,November
303467,203135,Business,5246,546.0,44045,Mutual Fund,2024-08-09,2024,8,August
303468,206085,Business,16719,4596.0,21951,Recurring Deposit,2024-05-14,2024,5,May
303469,207232,Savings,4003,1223.0,14606,Mutual Fund,2024-12-29,2024,12,December
303470,207942,Savings,60057,2181.0,41723,Recurring Deposit,2024-04-27,2024,4,April
303471,208360,Business,3931,4001.0,40479,Fixed Deposit,2023-12-16,2023,12,December
303472,200176,Current,45044,2563.0,18786,Mutual Fund,2025-02-16,2025,2,February
303473,201168,Business,15445,697.0,36969,Fixed Deposit,2024-04-22,2024,4,April
303474,200586,Current,13259,477.0,48843,Mutual Fund,2023-12-26,2023,12,December
303475,200054,Savings,92881,982.0,31863,Fixed Deposit,2024-02-08,2024,2,February
303476,206777,Savings,63501,1979.0,11850,Mutual Fund,2024-04-18,2024,4,April
303477,208327,Current,46458,2916.0,25710,Fixed Deposit,2022-12-05,2022,12,December
303478,207539,Savings,11931,3660.0,47011,Mutual Fund,2022-07-27,2022,7,July
303479,205142,Current,56417,3493.0,17029,Recurring Deposit,2024-08-15,2024,8,August
303480,208729,Business,91203,2299.0,39182,Mutual Fund,2022-05-07,2022,5,May
303481,207927,Business,3074,2891.0,46967,Mutual Fund,2023-02-26,2023,2,February
303482,202207,Savings,61310,101.0,34423,Mutual Fund,2023-06-17,2023,6,June
303483,202565,Savings,39270,1824.0,43903,Recurring Deposit,2022-05-10,2022,5,May
303484,201728,Savings,91130,2046.0,25973,Fixed Deposit,2023-05-21,2023,5,May
303485,205496,Current,40247,3514.0,30711,Recurring Deposit,2023-03-05,2023,3,March
303486,200707,Savings,86410,1057.0,18843,Recurring Deposit,2024-07-03,2024,7,July
303487,201240,Business,21868,4990.0,39726,Fixed Deposit,2023-06-12,2023,6,June
303488,204359,Business,53823,3375.0,17216,Mutual Fund,2022-12-07,2022,12,December
303489,201575,Business,42052,3179.0,10302,Mutual Fund,2024-02-29,2024,2,February
303490,202989,Current,23789,3959.0,8112,Fixed Deposit,2024-08-15,2024,8,August
303491,206143,Business,5136,2089.769462823215,10631,Recurring Deposit,2024-04-28,2024,4,April
303492,209376,Business,96925,1629.0,30738,Fixed Deposit,2024-07-21,2024,7,July
303493,204979,Savings,41363,1396.0,30397,Mutual Fund,2024-05-22,2024,5,May
303494,206222,Business,35863,3792.0,11257,Fixed Deposit,2022-09-12,2022,9,September
303495,205586,Savings,90508,2436.0,45457,Fixed Deposit,2024-08-26,2024,8,August
303496,204160,Business,86175,4506.0,25188,Mutual Fund,2022-09-14,2022,9,September
303497,200568,Business,77031,2350.0,41126,Recurring Deposit,2023-05-11,2023,5,May
303498,201442,Savings,87560,2476.0,46142,Fixed Deposit,2024-07-11,2024,7,July
303499,200946,Savings,52418,2245.0,46274,Mutual Fund,2023-10-11,2023,10,October
303500,208243,Business,84362,463.0,36809,Mutual Fund,2024-07-10,2024,7,July
303501,206969,Current,23503,1614.0,12912,Recurring Deposit,2022-05-24,2022,5,May
303502,207193,Current,53591,419.0,33084,Mutual Fund,2024-02-04,2024,2,February
303503,204487,Savings,81773,3259.0,4216,Recurring Deposit,2024-07-16,2024,7,July
303504,200233,Savings,32021,4552.0,8940,Mutual Fund,2023-02-23,2023,2,February
303505,204527,Business,70193,3540.0,9589,Fixed Deposit,2024-01-10,2024,1,January
303506,209321,Current,28683,267.0,14009,Fixed Deposit,2022-08-27,2022,8,August
303507,204703,Current,95342,2333.0,15999,Fixed Deposit,2024-12-30,2024,12,December
303508,202551,Business,15214,694.0,12720,Mutual Fund,2023-04-09,2023,4,April
303509,204728,Current,45316,1112.0,47420,Fixed Deposit,2023-06-26,2023,6,June
303510,200615,Business,7720,4810.0,17866,Recurring Deposit,2022-05-10,2022,5,May
303511,201924,Business,37130,3521.0,1702,Fixed Deposit,2024-02-17,2024,2,February
303512,207344,Savings,58582,1642.0,32897,Fixed Deposit,2023-05-03,2023,5,May
303513,203928,Business,1696,2590.0,18919,Mutual Fund,2023-09-13,2023,9,September
303514,202345,Current,68612,926.0,26360,Recurring Deposit,2022-08-03,2022,8,August
303515,204889,Current,90893,3541.0,30830,Recurring Deposit,2024-02-01,2024,2,February
303516,202772,Business,76251,4307.0,41578,Fixed Deposit,2022-09-19,2022,9,September
303517,200918,Savings,19663,2433.0,29584,Recurring Deposit,2023-03-24,2023,3,March
303518,205195,Current,55155,2541.0,36583,Fixed Deposit,2023-02-10,2023,2,February
303519,207718,Savings,16190,1221.0,8902,Recurring Deposit,2024-09-19,2024,9,September
303520,204855,Business,40533,4362.0,14204,Mutual Fund,2025-02-23,2025,2,February
303521,206243,Business,30263,1404.0,35810,Fixed Deposit,2023-09-16,2023,9,September
303522,200273,Current,51873,2059.0,44261,Fixed Deposit,2024-10-24,2024,10,October
303523,202345,Current,2869,4235.0,1845,Recurring Deposit,2024-11-27,2024,11,November
303524,203073,Savings,91447,587.0,43539,Fixed Deposit,2024-01-15,2024,1,January
303525,209147,Business,73069,1638.0,30402,Mutual Fund,2022-12-03,2022,12,December
303526,203757,Savings,45579,535.0,39309,Fixed Deposit,2024-11-02,2024,11,November
303527,206352,Current,35867,3985.0,41982,Mutual Fund,2022-10-23,2022,10,October
303528,205690,Current,86847,1221.0,13476,Fixed Deposit,2023-02-04,2023,2,February
303529,204792,Savings,10586,4520.0,25724,Recurring Deposit,2023-02-05,2023,2,February
303530,206589,Business,70402,569.0,23001,Mutual Fund,2022-06-21,2022,6,June
303531,202888,Current,54415,3999.0,31850,Recurring Deposit,2024-08-22,2024,8,August
303532,202718,Business,85899,2649.0,26135,Fixed Deposit,2023-09-16,2023,9,September
303533,208788,Current,53155,1375.0,4594,Fixed Deposit,2024-06-24,2024,6,June
303534,204384,Business,54020,3426.0,36724,Fixed Deposit,2023-05-31,2023,5,May
303535,202239,Current,3562,4604.0,30832,Recurring Deposit,2024-10-03,2024,10,October
303536,204361,Business,18036,4037.0,48597,Recurring Deposit,2024-07-04,2024,7,July
303537,203844,Business,82219,1221.0,20150,Fixed Deposit,2022-12-07,2022,12,December
303538,209027,Current,52199,2255.0,5786,Fixed Deposit,2023-08-05,2023,8,August
303539,206386,Business,90226,432.9722934269615,47529,Mutual Fund,2025-03-18,2025,3,March
303540,204773,Business,85399,2270.0,39103,Fixed Deposit,2023-06-18,2023,6,June
303541,209183,Current,75555,358.0,11188,Mutual Fund,2023-06-13,2023,6,June
303542,204776,Savings,5097,2552.0,43839,Recurring Deposit,2024-08-26,2024,8,August
303543,208892,Current,84822,2102.0,27097,Fixed Deposit,2023-05-10,2023,5,May
303544,204915,Savings,13044,276.0,20233,Recurring Deposit,2024-05-28,2024,5,May
303545,205559,Current,11786,1937.0,34474,Fixed Deposit,2025-02-08,2025,2,February
303546,201633,Savings,87834,2529.0,39553,Mutual Fund,2022-08-15,2022,8,August
303547,204681,Savings,41683,4165.0,13992,Mutual Fund,2022-10-17,2022,10,October
303548,208269,Current,38488,3134.427274689529,1092,Fixed Deposit,2023-12-20,2023,12,December
303549,203745,Business,60447,4017.0,1523,Mutual Fund,2022-06-21,2022,6,June
303550,202746,Current,95247,1703.0,39148,Fixed Deposit,2023-05-25,2023,5,May
303551,203285,Savings,83424,386.0,2339,Recurring Deposit,2025-01-02,2025,1,January
303552,203250,Savings,87988,4654.0,18202,Recurring Deposit,2022-10-04,2022,10,October
303553,207997,Savings,37788,4967.0,32798,Mutual Fund,2025-03-14,2025,3,March
303554,207196,Current,78427,3808.0,43566,Recurring Deposit,2022-10-13,2022,10,October
303555,202652,Savings,26896,2459.0,45642,Mutual Fund,2023-04-12,2023,4,April
303556,206571,Business,30587,2313.0,46894,Fixed Deposit,2022-11-03,2022,11,November
303557,204925,Business,89487,2409.0,8982,Mutual Fund,2023-08-03,2023,8,August
303558,201764,Business,68132,2648.0,28608,Mutual Fund,2023-04-09,2023,4,April
303559,205187,Current,39860,3067.0,2019,Fixed Deposit,2025-02-03,2025,2,February
303560,205581,Business,3322,3095.0,35777,Recurring Deposit,2023-11-21,2023,11,November
303561,200764,Current,73732,4306.0,28704,Recurring Deposit,2024-04-19,2024,4,April
303562,206597,Savings,61599,1196.0,46280,Recurring Deposit,2022-10-27,2022,10,October
303563,204112,Current,74242,2312.0,48688,Mutual Fund,2024-09-02,2024,9,September
303564,207088,Business,28047,1733.0,10634,Fixed Deposit,2024-11-27,2024,11,November
303565,204247,Current,66126,1761.0,25209,Recurring Deposit,2023-05-12,2023,5,May
303566,208652,Current,46504,1087.0,38714,Mutual Fund,2024-11-20,2024,11,November
303567,208791,Current,6197,3221.0,37960,Mutual Fund,2023-12-24,2023,12,December
303568,207485,Current,52719,4974.0,5035,Mutual Fund,2023-10-24,2023,10,October
303569,205197,Savings,15048,4093.0,36552,Fixed Deposit,2024-02-21,2024,2,February
303570,204634,Current,48070,3103.0,27928,Fixed Deposit,2022-07-16,2022,7,July
303571,208487,Current,92037,2943.0,35819,Mutual Fund,2024-11-29,2024,11,November
303572,206543,Current,42624,3895.0,39612,Recurring Deposit,2022-08-12,2022,8,August
303573,204533,Savings,32280,2915.0,3075,Mutual Fund,2023-12-06,2023,12,December
303574,201422,Savings,15068,2492.0,19495,Recurring Deposit,2024-05-29,2024,5,May
303575,208856,Savings,61983,674.0,41710,Mutual Fund,2023-05-27,2023,5,May
303576,207211,Current,86278,3360.0,42543,Fixed Deposit,2025-03-04,2025,3,March
303577,203443,Current,57546,4349.0,43123,Recurring Deposit,2023-10-15,2023,10,October
303578,208750,Savings,66851,1782.0,43153,Fixed Deposit,2024-02-25,2024,2,February
303579,202532,Current,6332,1301.0,6363,Fixed Deposit,2024-04-17,2024,4,April
303580,201107,Current,74377,246.0,8589,Fixed Deposit,2023-08-11,2023,8,August
303581,204761,Savings,55994,1891.0594953472475,4345,Fixed Deposit,2024-09-10,2024,9,September
303582,206060,Savings,94678,2891.0,23207,Recurring Deposit,2022-03-24,2022,3,March
303583,200105,Business,51821,370.0,23309,Fixed Deposit,2022-08-12,2022,8,August
303584,203678,Savings,86335,127.18707085691716,5191,Recurring Deposit,2024-03-02,2024,3,March
303585,209898,Savings,71781,3063.0,21317,Mutual Fund,2024-12-01,2024,12,December
303586,208135,Savings,51693,3683.0,20029,Mutual Fund,2025-01-15,2025,1,January
303587,200790,Savings,16454,4342.0,18969,Mutual Fund,2025-03-08,2025,3,March
303588,209003,Current,5254,4119.0,10924,Mutual Fund,2023-09-28,2023,9,September
303589,204945,Savings,10803,1131.0,30947,Mutual Fund,2022-06-27,2022,6,June
303590,208361,Current,21615,4245.0,47458,Fixed Deposit,2024-06-28,2024,6,June
303591,206923,Current,85202,1824.0,7122,Mutual Fund,2023-11-28,2023,11,November
303592,204445,Savings,87778,3051.0,40622,Fixed Deposit,2023-02-22,2023,2,February
303593,206609,Savings,91393,112.0,31408,Fixed Deposit,2024-01-17,2024,1,January
303594,206104,Business,44468,1325.0,27498,Recurring Deposit,2023-02-13,2023,2,February
303595,201932,Current,7327,758.0,28574,Fixed Deposit,2024-04-27,2024,4,April
303596,201751,Savings,11361,4629.0,20218,Recurring Deposit,2023-05-12,2023,5,May
303597,205200,Current,56436,2944.0627943290656,18053,Fixed Deposit,2023-08-04,2023,8,August
303598,208640,Business,93717,2076.0,43990,Mutual Fund,2023-06-04,2023,6,June
303599,202679,Savings,34973,4045.0,14363,Fixed Deposit,2023-08-27,2023,8,August
303600,209316,Business,7920,2368.960766420013,30947,Fixed Deposit,2024-07-18,2024,7,July
303601,201392,Current,73023,3072.0,46559,Fixed Deposit,2024-09-03,2024,9,September
303602,201818,Business,57578,2720.0,29132,Fixed Deposit,2022-10-09,2022,10,October
303603,201683,Business,77694,3718.0,34607,Mutual Fund,2024-08-16,2024,8,August
303604,209480,Current,85520,1491.0,30685,Recurring Deposit,2024-04-12,2024,4,April
303605,202249,Current,21907,4572.0,24452,Recurring Deposit,2023-09-05,2023,9,September
303606,209333,Current,34290,3277.0,22483,Mutual Fund,2025-02-13,2025,2,February
303607,201048,Current,13946,2518.0,19428,Recurring Deposit,2022-06-04,2022,6,June
303608,205690,Current,7586,2257.0,48762,Mutual Fund,2022-05-31,2022,5,May
303609,206051,Current,70704,2116.4721053905937,25759,Recurring Deposit,2022-08-22,2022,8,August
303610,207214,Business,14476,4157.0,4085,Fixed Deposit,2024-11-17,2024,11,November
303611,207584,Current,45169,2478.0,6903,Fixed Deposit,2024-03-03,2024,3,March
303612,204629,Current,82224,2571.0,27302,Mutual Fund,2022-04-15,2022,4,April
303613,204202,Current,23220,2371.0,44598,Fixed Deposit,2022-09-29,2022,9,September
303614,209113,Current,41875,2320.0,13643,Fixed Deposit,2022-11-21,2022,11,November
303615,208901,Savings,64836,3367.77554212371,4601,Mutual Fund,2024-02-04,2024,2,February
303616,205088,Business,68182,345.0,27599,Mutual Fund,2024-02-28,2024,2,February
303617,200446,Business,83556,2443.0,35148,Mutual Fund,2022-03-22,2022,3,March
303618,202509,Savings,93795,708.0,37574,Fixed Deposit,2024-01-14,2024,1,January
303619,207549,Business,8436,451.0,39128,Mutual Fund,2023-01-29,2023,1,January
303620,201072,Business,86115,3819.0,41487,Mutual Fund,2025-02-22,2025,2,February
303621,203128,Current,7891,392.0,13300,Recurring Deposit,2022-10-11,2022,10,October
303622,207175,Business,26406,3626.0,26928,Fixed Deposit,2024-12-24,2024,12,December
303623,206839,Savings,38517,3283.0,28455,Mutual Fund,2023-07-02,2023,7,July
303624,204118,Business,45744,4911.0,8088,Recurring Deposit,2022-11-22,2022,11,November
303625,209259,Savings,46138,4272.0,49757,Fixed Deposit,2023-05-20,2023,5,May
303626,207745,Savings,58716,1710.0,18893,Fixed Deposit,2022-08-12,2022,8,August
303627,205890,Business,27109,4275.0,2862,Mutual Fund,2024-12-31,2024,12,December
303628,208628,Current,7983,3727.0,31304,Recurring Deposit,2023-10-01,2023,10,October
303629,205004,Savings,10041,535.0,1151,Fixed Deposit,2023-04-13,2023,4,April
303630,201092,Business,5387,3864.0,35275,Recurring Deposit,2022-07-27,2022,7,July
303631,200593,Business,47088,3957.0,7426,Recurring Deposit,2023-10-19,2023,10,October
303632,200276,Current,11959,4107.0,41234,Mutual Fund,2025-01-16,2025,1,January
303633,204587,Current,1772,3360.0,3697,Mutual Fund,2024-12-23,2024,12,December
303634,208274,Business,90842,1916.0,32756,Fixed Deposit,2022-12-03,2022,12,December
303635,203383,Current,81526,4230.0,3419,Recurring Deposit,2022-06-09,2022,6,June
303636,207553,Savings,65407,4778.0,23460,Fixed Deposit,2023-11-26,2023,11,November
303637,200467,Business,38374,311.0,15828,Fixed Deposit,2024-11-16,2024,11,November
303638,205260,Current,10279,4478.0,8477,Fixed Deposit,2023-07-08,2023,7,July
303639,200997,Business,10195,2880.0,20761,Fixed Deposit,2025-03-11,2025,3,March
303640,202379,Current,33408,2285.0,31356,Mutual Fund,2023-03-19,2023,3,March
303641,205048,Savings,41655,4782.0,26387,Fixed Deposit,2024-01-16,2024,1,January
303642,209484,Business,24921,584.0,47049,Recurring Deposit,2025-01-02,2025,1,January
303643,204095,Current,40631,3266.209293965889,29934,Mutual Fund,2022-08-09,2022,8,August
303644,209559,Savings,49352,4078.0,2525,Mutual Fund,2025-03-18,2025,3,March
303645,207821,Savings,83363,2633.0,2570,Fixed Deposit,2022-08-15,2022,8,August
303646,207025,Current,22878,934.0,43077,Mutual Fund,2022-03-22,2022,3,March
303647,200093,Business,97401,1658.868107303362,28466,Recurring Deposit,2023-02-15,2023,2,February
303648,209114,Current,44135,2569.0,12327,Fixed Deposit,2024-03-30,2024,3,March
303649,207293,Current,77549,1261.0,26341,Recurring Deposit,2022-07-20,2022,7,July
303650,201909,Savings,61016,4201.0,21509,Recurring Deposit,2022-10-13,2022,10,October
303651,207054,Current,34035,3266.0,19873,Mutual Fund,2024-09-28,2024,9,September
303652,201879,Current,33107,3077.0,9761,Recurring Deposit,2023-03-07,2023,3,March
303653,209996,Business,41608,2708.0,49680,Mutual Fund,2024-06-04,2024,6,June
303654,201158,Current,18889,1923.0,9045,Mutual Fund,2025-02-09,2025,2,February
303655,205221,Business,54012,4480.0,2930,Mutual Fund,2024-02-10,2024,2,February
303656,200357,Current,72673,477.0,27322,Fixed Deposit,2022-04-04,2022,4,April
303657,208333,Savings,12961,841.0,30998,Mutual Fund,2022-04-02,2022,4,April
303658,209986,Current,39097,884.0,48256,Recurring Deposit,2025-03-05,2025,3,March
303659,202218,Business,66065,660.0,9991,Mutual Fund,2023-09-05,2023,9,September
303660,207532,Business,45253,2282.0,25474,Mutual Fund,2022-09-24,2022,9,September
303661,207906,Current,18666,2928.0,24725,Mutual Fund,2024-01-06,2024,1,January
303662,209270,Current,93088,2535.0,6644,Recurring Deposit,2025-03-03,2025,3,March
303663,208693,Current,67612,1442.0,33452,Mutual Fund,2022-10-12,2022,10,October
303664,206074,Business,63525,1320.0,27032,Recurring Deposit,2024-04-01,2024,4,April
303665,207925,Business,26484,223.0,13249,Recurring Deposit,2022-07-09,2022,7,July
303666,200885,Savings,38348,1967.0,5466,Fixed Deposit,2023-03-11,2023,3,March
303667,202939,Current,22906,4273.0,31114,Fixed Deposit,2023-11-06,2023,11,November
303668,208794,Business,59685,3048.0,2512,Fixed Deposit,2022-08-06,2022,8,August
303669,205818,Business,69004,3445.0,20965,Recurring Deposit,2022-08-27,2022,8,August
303670,201724,Business,91828,1963.0,46506,Fixed Deposit,2022-08-28,2022,8,August
303671,205929,Business,41334,3644.0,3009,Mutual Fund,2023-07-20,2023,7,July
303672,200171,Savings,12353,470.0,41106,Fixed Deposit,2023-10-12,2023,10,October
303673,204676,Business,32301,4349.0,31195,Fixed Deposit,2023-06-28,2023,6,June
303674,201301,Business,98882,1710.0,13079,Fixed Deposit,2022-10-20,2022,10,October
303675,200083,Current,36595,4612.0,4790,Fixed Deposit,2023-11-05,2023,11,November
303676,206231,Savings,74199,1145.0,3405,Mutual Fund,2022-10-13,2022,10,October
303677,209363,Savings,58688,4451.0,15233,Mutual Fund,2024-12-11,2024,12,December
303678,209135,Savings,17817,1704.0,18344,Recurring Deposit,2025-02-04,2025,2,February
303679,204828,Current,3413,953.0,10165,Fixed Deposit,2022-10-28,2022,10,October
303680,206679,Savings,35191,134.0,39834,Recurring Deposit,2022-07-05,2022,7,July
303681,201786,Business,40106,1346.0,13642,Mutual Fund,2024-06-22,2024,6,June
303682,204309,Savings,73693,1151.9225545087322,18397,Recurring Deposit,2024-08-12,2024,8,August
303683,208998,Business,80661,2276.0,27074,Fixed Deposit,2022-04-03,2022,4,April
303684,208502,Savings,69182,3741.0,14032,Mutual Fund,2024-10-24,2024,10,October
303685,201760,Savings,37927,4027.0,21639,Recurring Deposit,2024-12-24,2024,12,December
303686,205491,Business,86693,1352.0,40492,Fixed Deposit,2022-11-30,2022,11,November
303687,202230,Current,21432,2369.0,42661,Mutual Fund,2024-02-02,2024,2,February
303688,206341,Current,91805,3619.0,26285,Recurring Deposit,2023-09-17,2023,9,September
303689,201982,Current,88476,4784.0,33606,Recurring Deposit,2023-02-14,2023,2,February
303690,209548,Business,38102,4550.0,36627,Mutual Fund,2024-11-20,2024,11,November
303691,206553,Business,54387,3083.0,12430,Fixed Deposit,2022-11-11,2022,11,November
303692,206864,Savings,31671,1541.0,39918,Fixed Deposit,2023-12-20,2023,12,December
303693,200356,Savings,3597,4635.0,25499,Fixed Deposit,2024-11-02,2024,11,November
303694,204951,Business,4405,622.0,17073,Mutual Fund,2025-02-19,2025,2,February
303695,209390,Savings,93250,3132.0,11735,Fixed Deposit,2024-02-06,2024,2,February
303696,205060,Savings,18058,1419.0,20196,Fixed Deposit,2023-02-21,2023,2,February
303697,204734,Current,94381,4848.0,39700,Fixed Deposit,2022-08-02,2022,8,August
303698,202311,Business,29121,763.0,15980,Fixed Deposit,2022-08-24,2022,8,August
303699,205610,Current,66990,3271.0,33397,Mutual Fund,2022-10-24,2022,10,October
303700,208718,Savings,26419,1259.0,29243,Mutual Fund,2022-09-28,2022,9,September
303701,203244,Savings,84860,3418.0,17552,Recurring Deposit,2024-09-21,2024,9,September
303702,206884,Current,31196,1002.0,26077,Recurring Deposit,2023-11-07,2023,11,November
303703,200364,Business,78893,4513.0,38833,Mutual Fund,2023-09-18,2023,9,September
303704,207562,Savings,94998,1108.0,15857,Fixed Deposit,2024-01-17,2024,1,January
303705,203331,Business,44940,1322.0,40417,Recurring Deposit,2023-07-22,2023,7,July
303706,200112,Current,49088,226.0,45551,Recurring Deposit,2022-10-24,2022,10,October
303707,204574,Savings,60274,1152.0,14008,Fixed Deposit,2023-04-09,2023,4,April
303708,209039,Current,65195,958.0,27675,Recurring Deposit,2023-05-25,2023,5,May
303709,202529,Business,30698,4683.0,41805,Fixed Deposit,2024-12-16,2024,12,December
303710,209861,Savings,34036,3509.0,35034,Fixed Deposit,2022-07-29,2022,7,July
303711,206571,Business,94189,4139.918014997124,14004,Mutual Fund,2023-04-10,2023,4,April
303712,207684,Business,17768,2078.0,36364,Mutual Fund,2024-07-27,2024,7,July
303713,208151,Savings,71889,3096.0,2827,Mutual Fund,2024-10-09,2024,10,October
303714,208772,Current,5996,4903.0,28229,Recurring Deposit,2024-10-08,2024,10,October
303715,208567,Savings,35369,416.0,15574,Fixed Deposit,2024-10-19,2024,10,October
303716,202977,Business,26557,2833.0,13540,Recurring Deposit,2023-06-06,2023,6,June
303717,202613,Business,76871,3499.0,22223,Recurring Deposit,2025-02-25,2025,2,February
303718,209063,Business,42084,4807.0,38454,Mutual Fund,2022-05-01,2022,5,May
303719,200484,Savings,98789,4766.0,21119,Recurring Deposit,2025-01-06,2025,1,January
303720,206880,Business,28569,403.0,39761,Mutual Fund,2023-07-02,2023,7,July
303721,203760,Savings,7150,2028.0,30527,Fixed Deposit,2023-02-03,2023,2,February
303722,205632,Savings,27900,1318.0784313218442,40602,Fixed Deposit,2024-06-02,2024,6,June
303723,201710,Business,86940,1977.0,12520,Recurring Deposit,2024-10-18,2024,10,October
303724,201160,Business,74920,848.0,7929,Mutual Fund,2024-05-20,2024,5,May
303725,206417,Business,68743,3374.0,22106,Recurring Deposit,2023-01-08,2023,1,January
303726,209573,Current,37447,3326.0,26297,Mutual Fund,2023-11-19,2023,11,November
303727,200230,Current,6577,515.0,27546,Fixed Deposit,2023-06-23,2023,6,June
303728,206374,Current,5342,321.0,41742,Fixed Deposit,2024-12-18,2024,12,December
303729,203186,Business,37869,3513.0,26572,Recurring Deposit,2022-06-13,2022,6,June
303730,206853,Business,1552,4030.0,2210,Fixed Deposit,2023-03-27,2023,3,March
303731,202562,Current,52232,2862.0,38130,Fixed Deposit,2024-04-27,2024,4,April
303732,202031,Savings,8113,4926.0,29827,Fixed Deposit,2023-11-10,2023,11,November
303733,200111,Current,53830,1107.0,23154,Recurring Deposit,2022-09-12,2022,9,September
303734,203217,Current,45939,4628.0,13212,Recurring Deposit,2023-03-30,2023,3,March
303735,205907,Savings,20434,756.0,20617,Mutual Fund,2024-05-05,2024,5,May
303736,209564,Current,33676,3466.0,38560,Fixed Deposit,2024-12-06,2024,12,December
303737,209423,Current,46810,4908.0,45392,Mutual Fund,2024-09-28,2024,9,September
303738,208195,Current,15441,4636.0,35815,Fixed Deposit,2022-07-09,2022,7,July
303739,206252,Savings,88560,1650.0,2166,Mutual Fund,2024-06-18,2024,6,June
303740,203149,Savings,93797,991.0,3967,Fixed Deposit,2022-04-08,2022,4,April
303741,209954,Current,71722,4098.0,35727,Recurring Deposit,2023-10-02,2023,10,October
303742,201720,Business,50155,3433.0,6048,Fixed Deposit,2023-07-25,2023,7,July
303743,204834,Current,29725,4004.0,17321,Recurring Deposit,2022-10-12,2022,10,October
303744,202096,Savings,90428,1465.0,4141,Recurring Deposit,2023-11-11,2023,11,November
303745,209324,Savings,39021,1153.0,22441,Recurring Deposit,2024-08-19,2024,8,August
303746,209908,Savings,53673,4281.0,22456,Fixed Deposit,2024-01-03,2024,1,January
303747,200521,Business,45964,808.0,36782,Mutual Fund,2023-10-09,2023,10,October
303748,202423,Business,22459,2567.0,12287,Mutual Fund,2024-07-16,2024,7,July
303749,205242,Business,91156,401.0,47801,Recurring Deposit,2025-02-13,2025,2,February
303750,206731,Current,30920,3556.0,1695,Mutual Fund,2022-12-14,2022,12,December
303751,200634,Savings,53877,3416.0,39727,Fixed Deposit,2024-03-21,2024,3,March
303752,208840,Current,85819,1519.0,40211,Mutual Fund,2022-07-12,2022,7,July
303753,209364,Current,76946,2141.0,1444,Recurring Deposit,2022-04-15,2022,4,April
303754,207685,Business,99753,4021.0,2817,Fixed Deposit,2024-09-18,2024,9,September
303755,200366,Current,91478,4944.0,5416,Mutual Fund,2022-07-03,2022,7,July
303756,206289,Business,1310,1495.0,19176,Mutual Fund,2022-04-11,2022,4,April
303757,203783,Business,38540,4378.0,28771,Fixed Deposit,2023-05-02,2023,5,May
303758,206026,Savings,15539,788.0,28881,Mutual Fund,2023-02-19,2023,2,February
303759,203988,Savings,49624,3354.0,4330,Fixed Deposit,2022-05-21,2022,5,May
303760,204307,Current,88311,1959.0,47275,Recurring Deposit,2022-06-22,2022,6,June
303761,205377,Current,62200,908.0,43711,Fixed Deposit,2023-11-29,2023,11,November
303762,208816,Savings,51654,3354.0,43061,Mutual Fund,2024-05-15,2024,5,May
303763,201803,Current,58594,3117.0,49599,Mutual Fund,2023-06-09,2023,6,June
303764,201234,Savings,66790,557.0,30597,Recurring Deposit,2024-11-21,2024,11,November
303765,209298,Savings,78952,818.0,2638,Mutual Fund,2024-05-07,2024,5,May
303766,207250,Business,50665,2830.0,34312,Mutual Fund,2023-12-26,2023,12,December
303767,200761,Savings,17734,1616.0,8792,Mutual Fund,2024-01-08,2024,1,January
303768,208540,Savings,48187,2612.0,25596,Mutual Fund,2025-03-15,2025,3,March
303769,206331,Business,33100,1205.0,47398,Mutual Fund,2023-12-05,2023,12,December
303770,207585,Business,12386,412.0,24483,Fixed Deposit,2022-07-27,2022,7,July
303771,206970,Business,37512,1939.0,5831,Recurring Deposit,2024-12-10,2024,12,December
303772,200895,Business,62324,3112.0,43740,Mutual Fund,2024-07-01,2024,7,July
303773,207451,Savings,94344,4075.0,41542,Mutual Fund,2024-07-03,2024,7,July
303774,200330,Savings,11754,2843.0,15016,Fixed Deposit,2024-11-01,2024,11,November
303775,203551,Savings,47820,721.0,5914,Fixed Deposit,2022-11-13,2022,11,November
303776,200922,Savings,76323,3134.0,30472,Mutual Fund,2023-05-26,2023,5,May
303777,201518,Savings,81338,4311.0,3017,Recurring Deposit,2022-07-28,2022,7,July
303778,205428,Savings,92819,1744.0,1490,Fixed Deposit,2023-07-15,2023,7,July
303779,203450,Business,28001,3450.0,4691,Recurring Deposit,2022-07-21,2022,7,July
303780,205113,Savings,31175,3724.0,36786,Mutual Fund,2024-05-23,2024,5,May
303781,203338,Business,63596,186.0,27599,Mutual Fund,2023-01-30,2023,1,January
303782,208196,Business,75670,3264.0,41819,Mutual Fund,2022-11-17,2022,11,November
303783,208097,Savings,22034,1348.0,24907,Mutual Fund,2024-07-01,2024,7,July
303784,206461,Business,7958,3486.0,4060,Fixed Deposit,2023-08-10,2023,8,August
303785,208238,Savings,55500,2402.0,47561,Mutual Fund,2023-11-17,2023,11,November
303786,209241,Current,97773,3161.0,18544,Mutual Fund,2024-09-16,2024,9,September
303787,205334,Business,22691,3445.0,25862,Mutual Fund,2024-11-30,2024,11,November
303788,208490,Current,37772,2474.0,2692,Fixed Deposit,2024-12-24,2024,12,December
303789,208252,Business,29620,4063.0,27761,Mutual Fund,2025-02-10,2025,2,February
303790,207141,Savings,82269,235.0,14448,Mutual Fund,2024-12-14,2024,12,December
303791,203487,Savings,49587,461.0,32020,Recurring Deposit,2022-07-01,2022,7,July
303792,205758,Savings,21253,3444.0,33514,Fixed Deposit,2023-07-15,2023,7,July
303793,201824,Savings,40012,1942.0,15576,Recurring Deposit,2025-03-10,2025,3,March
303794,200755,Business,43877,3588.0,19001,Recurring Deposit,2024-01-29,2024,1,January
303795,208767,Savings,19569,4773.0,36194,Recurring Deposit,2023-03-26,2023,3,March
303796,207110,Current,87683,3143.0,21122,Mutual Fund,2022-06-18,2022,6,June
303797,202224,Business,68845,3203.0,1415,Recurring Deposit,2023-04-04,2023,4,April
303798,209742,Current,15615,235.0,42223,Fixed Deposit,2022-08-01,2022,8,August
303799,206419,Savings,59931,1186.0,37812,Fixed Deposit,2024-01-24,2024,1,January
303800,200533,Savings,59449,308.0,3705,Recurring Deposit,2022-09-17,2022,9,September
303801,201991,Savings,30100,2187.0,21121,Mutual Fund,2024-02-23,2024,2,February
303802,200863,Business,78173,613.0,45756,Fixed Deposit,2024-10-27,2024,10,October
303803,204507,Current,21950,1891.0,10453,Mutual Fund,2024-10-21,2024,10,October
303804,209246,Savings,9131,1940.0,48576,Fixed Deposit,2022-06-14,2022,6,June
303805,203026,Savings,55028,3146.0,7892,Recurring Deposit,2023-07-14,2023,7,July
303806,205961,Savings,42930,4948.0,14690,Fixed Deposit,2025-01-18,2025,1,January
303807,201208,Business,58930,2690.0,44779,Recurring Deposit,2025-01-06,2025,1,January
303808,201610,Business,56442,2727.0,4872,Recurring Deposit,2022-12-18,2022,12,December
303809,204327,Savings,56456,2493.0,17349,Mutual Fund,2022-09-22,2022,9,September
303810,201097,Current,50869,1516.0,16941,Fixed Deposit,2022-04-09,2022,4,April
303811,200252,Savings,35060,1133.0,34166,Recurring Deposit,2022-10-20,2022,10,October
303812,200433,Business,14574,4246.0,13750,Recurring Deposit,2025-03-14,2025,3,March
303813,201956,Savings,92936,1295.0,34958,Fixed Deposit,2022-04-07,2022,4,April
303814,202788,Current,57479,3197.0,47238,Mutual Fund,2022-11-30,2022,11,November
303815,209414,Business,56852,1458.0,12848,Mutual Fund,2024-04-30,2024,4,April
303816,200083,Current,23839,847.0,30563,Mutual Fund,2023-09-10,2023,9,September
303817,208903,Current,95436,4815.0,20743,Mutual Fund,2024-06-10,2024,6,June
303818,205776,Savings,29615,2177.0,43815,Recurring Deposit,2024-06-01,2024,6,June
303819,203045,Business,90389,6032.992436959582,31373,Recurring Deposit,2023-04-27,2023,4,April
303820,208408,Business,56009,4424.0,11708,Recurring Deposit,2022-12-05,2022,12,December
303821,207628,Business,37626,2739.0,27274,Mutual Fund,2023-10-19,2023,10,October
303822,205356,Current,2123,3294.0,15670,Mutual Fund,2022-10-04,2022,10,October
303823,204015,Business,95625,4430.0,43803,Recurring Deposit,2023-05-12,2023,5,May
303824,202558,Current,75942,3614.0,46674,Recurring Deposit,2022-09-20,2022,9,September
303825,202276,Business,15405,969.0,39491,Recurring Deposit,2022-05-05,2022,5,May
303826,204393,Savings,36578,4153.0,36167,Fixed Deposit,2023-08-23,2023,8,August
303827,202665,Current,12775,937.0,1957,Recurring Deposit,2024-01-16,2024,1,January
303828,200504,Savings,62308,759.0,4785,Fixed Deposit,2023-05-17,2023,5,May
303829,204746,Savings,16094,3368.0,45392,Mutual Fund,2024-06-11,2024,6,June
303830,203835,Savings,84761,3374.0,17534,Mutual Fund,2022-06-28,2022,6,June
303831,209939,Savings,42792,1253.0,16744,Mutual Fund,2023-05-03,2023,5,May
303832,209976,Current,7444,2795.0,48695,Fixed Deposit,2024-09-01,2024,9,September
303833,206583,Business,14390,1771.0,31894,Mutual Fund,2024-11-19,2024,11,November
303834,209800,Current,7984,296.0,33464,Fixed Deposit,2022-07-18,2022,7,July
303835,200940,Savings,80094,163.0,38907,Recurring Deposit,2024-04-29,2024,4,April
303836,204257,Savings,89380,2183.0,5368,Fixed Deposit,2024-02-26,2024,2,February
303837,206137,Business,98722,2348.7931848738976,7467,Mutual Fund,2024-05-22,2024,5,May
303838,204702,Savings,46185,2836.0,14403,Mutual Fund,2023-10-01,2023,10,October
303839,204953,Current,88197,2228.0,28072,Mutual Fund,2022-06-15,2022,6,June
303840,201912,Current,20629,3888.0,29796,Fixed Deposit,2024-05-05,2024,5,May
303841,209963,Current,83678,904.5197461640472,19509,Mutual Fund,2024-08-17,2024,8,August
303842,207239,Current,21547,4947.0,30205,Recurring Deposit,2022-12-05,2022,12,December
303843,206725,Savings,11386,2898.0,8373,Mutual Fund,2023-10-13,2023,10,October
303844,200401,Business,11707,4574.0,3830,Mutual Fund,2022-11-20,2022,11,November
303845,203444,Current,11244,1745.0,24876,Fixed Deposit,2023-04-21,2023,4,April
303846,209752,Savings,30256,688.0,5467,Mutual Fund,2022-08-27,2022,8,August
303847,209705,Current,25120,1632.0,11814,Fixed Deposit,2024-08-28,2024,8,August
303848,203347,Business,75174,1772.0,39123,Recurring Deposit,2025-01-31,2025,1,January
303849,201349,Savings,11608,1357.0,42377,Mutual Fund,2022-09-16,2022,9,September
303850,203087,Current,31778,206.0,28228,Recurring Deposit,2023-03-10,2023,3,March
303851,206050,Business,1122,4649.0,11325,Fixed Deposit,2024-05-19,2024,5,May
303852,202230,Savings,65079,1758.0,25079,Recurring Deposit,2022-03-24,2022,3,March
303853,204963,Savings,21858,1718.0,25646,Fixed Deposit,2022-05-28,2022,5,May
303854,201791,Current,39640,3346.0,39080,Recurring Deposit,2022-04-09,2022,4,April
303855,207360,Savings,53819,4527.0,4378,Mutual Fund,2023-04-04,2023,4,April
303856,207181,Savings,80833,2098.4335221797783,44753,Mutual Fund,2022-05-31,2022,5,May
303857,204119,Current,61518,2537.0,25533,Mutual Fund,2024-03-22,2024,3,March
303858,206949,Current,61064,1543.0,30553,Fixed Deposit,2023-10-07,2023,10,October
303859,209992,Savings,72307,545.0,5359,Recurring Deposit,2023-11-05,2023,11,November
303860,204350,Current,16252,2951.0,36813,Fixed Deposit,2022-11-09,2022,11,November
303861,204044,Current,7649,1282.0,13376,Mutual Fund,2022-12-24,2022,12,December
303862,207474,Savings,58207,4875.0,15459,Recurring Deposit,2022-05-14,2022,5,May
303863,209324,Current,24190,3231.0,49502,Fixed Deposit,2024-07-26,2024,7,July
303864,201341,Business,87419,4032.0,16863,Recurring Deposit,2025-01-02,2025,1,January
303865,202814,Savings,71614,579.0,8998,Mutual Fund,2024-01-01,2024,1,January
303866,207945,Savings,13848,2894.0,31916,Recurring Deposit,2023-03-04,2023,3,March
303867,208613,Business,16022,2696.0,46527,Mutual Fund,2023-08-02,2023,8,August
303868,208322,Current,49197,1374.0,36134,Mutual Fund,2023-04-10,2023,4,April
303869,205544,Current,89318,4853.0,48208,Recurring Deposit,2023-12-27,2023,12,December
303870,207312,Current,50452,1085.0,24354,Fixed Deposit,2023-07-31,2023,7,July
303871,204314,Savings,51678,501.0,45743,Recurring Deposit,2023-05-16,2023,5,May
303872,209800,Current,80051,2053.0,48354,Recurring Deposit,2022-07-19,2022,7,July
303873,208388,Current,22666,409.0,27326,Fixed Deposit,2024-08-24,2024,8,August
303874,206738,Savings,41775,1501.0,7175,Mutual Fund,2023-10-21,2023,10,October
303875,205980,Savings,94047,1410.0,14295,Fixed Deposit,2022-09-22,2022,9,September
303876,206926,Current,18783,3511.0,31161,Mutual Fund,2024-05-08,2024,5,May
303877,204713,Business,56450,3007.0,30545,Mutual Fund,2025-01-29,2025,1,January
303878,201635,Savings,57783,3751.0,41817,Recurring Deposit,2022-06-10,2022,6,June
303879,201394,Business,93462,3115.0,38346,Recurring Deposit,2022-12-24,2022,12,December
303880,209310,Business,70876,1333.0,3515,Fixed Deposit,2023-03-02,2023,3,March
303881,202436,Savings,10244,161.0,40829,Recurring Deposit,2024-05-30,2024,5,May
303882,201835,Business,5294,3250.0,9832,Recurring Deposit,2022-05-31,2022,5,May
303883,208238,Current,80924,4458.0,17809,Mutual Fund,2023-12-03,2023,12,December
303884,205277,Business,92228,979.0,41583,Recurring Deposit,2022-07-06,2022,7,July
303885,207947,Current,73119,1282.0,14267,Mutual Fund,2024-03-12,2024,3,March
303886,206565,Savings,86208,4450.0,14584,Recurring Deposit,2023-06-02,2023,6,June
303887,201051,Current,46354,963.0,47030,Mutual Fund,2023-07-16,2023,7,July
303888,205296,Savings,25163,4235.0,3026,Recurring Deposit,2023-08-11,2023,8,August
303889,208878,Business,38999,2486.0,14999,Mutual Fund,2022-08-02,2022,8,August
303890,206862,Savings,49771,3147.0,18877,Fixed Deposit,2024-07-27,2024,7,July
303891,209802,Current,18855,292.0,29022,Fixed Deposit,2024-02-28,2024,2,February
303892,202909,Savings,38846,124.0,14455,Recurring Deposit,2022-04-02,2022,4,April
303893,200757,Business,78462,3466.0,26431,Fixed Deposit,2023-10-15,2023,10,October
303894,207435,Business,35077,4971.0,34952,Fixed Deposit,2023-01-26,2023,1,January
303895,208245,Current,64530,752.0,44608,Recurring Deposit,2023-06-16,2023,6,June
303896,206528,Current,88255,1505.1549687637416,6293,Fixed Deposit,2024-08-12,2024,8,August
303897,206666,Savings,48919,3024.0,16213,Mutual Fund,2023-07-06,2023,7,July
303898,206366,Current,38839,1023.0,48351,Recurring Deposit,2024-11-12,2024,11,November
303899,203638,Savings,30782,2092.400528068338,30432,Recurring Deposit,2023-04-01,2023,4,April
303900,208099,Current,94925,2074.0,36491,Mutual Fund,2024-03-10,2024,3,March
303901,202333,Business,22621,4010.0,37039,Mutual Fund,2023-10-14,2023,10,October
303902,201603,Business,13009,2753.0,41541,Fixed Deposit,2024-09-25,2024,9,September
303903,206967,Current,76794,2476.0,36535,Recurring Deposit,2024-04-25,2024,4,April
303904,208635,Savings,37915,1398.0,46607,Fixed Deposit,2023-01-18,2023,1,January
303905,209744,Business,28374,1658.0,15585,Recurring Deposit,2024-07-17,2024,7,July
303906,206910,Savings,76257,4720.0,8886,Recurring Deposit,2023-04-05,2023,4,April
303907,204364,Business,47915,1600.0,45058,Recurring Deposit,2022-11-09,2022,11,November
303908,200907,Current,85472,3815.80988697208,16601,Fixed Deposit,2022-03-30,2022,3,March
303909,203451,Current,94317,3499.0,20884,Recurring Deposit,2023-12-17,2023,12,December
303910,209247,Current,25315,4561.0,5169,Fixed Deposit,2022-04-27,2022,4,April
303911,202140,Business,71521,4670.0,12671,Recurring Deposit,2023-03-17,2023,3,March
303912,200594,Current,90403,3547.0,14413,Mutual Fund,2024-07-09,2024,7,July
303913,207947,Current,64962,2033.0,26399,Fixed Deposit,2023-09-10,2023,9,September
303914,201539,Current,61915,3577.0,41256,Recurring Deposit,2024-12-02,2024,12,December
303915,208345,Savings,73028,4641.0,14697,Mutual Fund,2025-03-02,2025,3,March
303916,209809,Current,64605,1559.0,48654,Fixed Deposit,2022-04-04,2022,4,April
303917,207871,Savings,32371,4019.0,23411,Mutual Fund,2023-08-23,2023,8,August
303918,207039,Savings,35956,4989.0,15988,Recurring Deposit,2022-03-23,2022,3,March
303919,207033,Business,95715,3611.0,44992,Recurring Deposit,2025-01-05,2025,1,January
303920,200417,Current,78851,4591.0,30920,Fixed Deposit,2023-10-26,2023,10,October
303921,204348,Business,12268,4147.0,32505,Mutual Fund,2023-07-11,2023,7,July
303922,206911,Current,67733,1940.0,48175,Mutual Fund,2022-08-29,2022,8,August
303923,204407,Savings,10005,4171.0,41799,Recurring Deposit,2023-02-02,2023,2,February
303924,206942,Business,56705,1775.0,24819,Mutual Fund,2024-06-21,2024,6,June
303925,203863,Savings,33963,4807.0,11102,Mutual Fund,2023-03-25,2023,3,March
303926,204530,Current,73263,1727.0,48029,Fixed Deposit,2024-01-02,2024,1,January
303927,204032,Business,95297,3807.0,23226,Mutual Fund,2024-04-23,2024,4,April
303928,203425,Current,42599,534.0,35091,Recurring Deposit,2022-06-22,2022,6,June
303929,201005,Business,42355,760.855313215575,29481,Recurring Deposit,2022-10-28,2022,10,October
303930,204360,Current,10676,3687.0,32726,Mutual Fund,2023-05-29,2023,5,May
303931,209223,Savings,45500,4042.0,15271,Recurring Deposit,2022-08-12,2022,8,August
303932,209209,Savings,40091,1078.0,48538,Mutual Fund,2022-05-28,2022,5,May
303933,206250,Business,41868,4988.0,36416,Mutual Fund,2023-03-15,2023,3,March
303934,202979,Current,34830,2811.0,41162,Fixed Deposit,2024-06-05,2024,6,June
303935,200439,Current,11822,1307.0,28104,Fixed Deposit,2023-12-22,2023,12,December
303936,201837,Savings,33844,4470.0,4674,Mutual Fund,2025-03-13,2025,3,March
303937,203209,Business,50074,1718.0,14972,Fixed Deposit,2023-10-20,2023,10,October
303938,200894,Current,85780,707.0,37662,Recurring Deposit,2024-03-02,2024,3,March
303939,200650,Current,85743,3376.0,38871,Mutual Fund,2022-07-30,2022,7,July
303940,207795,Savings,45487,2193.0,9066,Fixed Deposit,2024-09-08,2024,9,September
303941,209283,Current,49556,1781.0,26662,Fixed Deposit,2022-08-16,2022,8,August
303942,207661,Savings,69737,1312.0,21584,Fixed Deposit,2024-05-14,2024,5,May
303943,204985,Business,23429,4778.0,46630,Fixed Deposit,2022-10-14,2022,10,October
303944,202562,Current,49556,3216.0,17656,Mutual Fund,2024-12-04,2024,12,December
303945,209614,Current,6648,529.0,49825,Recurring Deposit,2023-11-23,2023,11,November
303946,206075,Savings,9741,3188.0,12499,Mutual Fund,2022-07-15,2022,7,July
303947,204215,Savings,96288,2476.0,24101,Mutual Fund,2024-09-25,2024,9,September
303948,203783,Current,12424,3973.0,25941,Recurring Deposit,2024-08-19,2024,8,August
303949,200054,Savings,6981,750.0,48061,Recurring Deposit,2022-06-25,2022,6,June
303950,209285,Savings,74053,2829.0,38325,Mutual Fund,2024-01-25,2024,1,January
303951,201517,Business,55283,4801.0,35253,Fixed Deposit,2025-01-13,2025,1,January
303952,208547,Savings,25934,158.0,46423,Mutual Fund,2022-10-10,2022,10,October
303953,205587,Current,19415,3170.0,35376,Mutual Fund,2023-03-23,2023,3,March
303954,204869,Savings,20975,2799.0,32121,Mutual Fund,2023-06-17,2023,6,June
303955,205007,Current,82701,623.0,16274,Fixed Deposit,2023-04-30,2023,4,April
303956,205841,Current,20488,639.0,41360,Recurring Deposit,2023-07-23,2023,7,July
303957,209452,Savings,21911,2880.0,3440,Fixed Deposit,2023-11-21,2023,11,November
303958,202265,Current,86344,3857.0,10323,Fixed Deposit,2025-03-13,2025,3,March
303959,208915,Business,62740,3024.0,34219,Mutual Fund,2023-08-09,2023,8,August
303960,206124,Business,93234,3979.0,3498,Fixed Deposit,2023-07-28,2023,7,July
303961,209485,Current,89938,966.0,49868,Fixed Deposit,2024-02-22,2024,2,February
303962,203389,Business,74074,2944.0,20494,Recurring Deposit,2023-05-17,2023,5,May
303963,204359,Savings,47378,2523.0,43615,Fixed Deposit,2023-03-18,2023,3,March
303964,209692,Savings,42240,4137.0,28876,Fixed Deposit,2022-07-15,2022,7,July
303965,209257,Savings,71158,2961.0,2679,Mutual Fund,2023-01-29,2023,1,January
303966,207185,Current,67057,3391.0,31875,Mutual Fund,2022-10-18,2022,10,October
303967,201837,Savings,22907,2944.0,17381,Fixed Deposit,2024-09-14,2024,9,September
303968,208623,Savings,56676,3223.0,49733,Recurring Deposit,2022-09-06,2022,9,September
303969,201819,Current,77897,3723.0,23264,Mutual Fund,2022-11-17,2022,11,November
303970,202377,Business,13500,2665.0,37050,Mutual Fund,2022-09-01,2022,9,September
303971,204371,Savings,43808,3336.0,43070,Mutual Fund,2022-12-01,2022,12,December
303972,201445,Current,6165,4580.0,7129,Fixed Deposit,2024-02-17,2024,2,February
303973,207080,Business,41814,3347.0,4684,Fixed Deposit,2024-03-13,2024,3,March
303974,204822,Business,56931,4962.0,8574,Mutual Fund,2023-07-21,2023,7,July
303975,201903,Business,12495,2031.0,15587,Recurring Deposit,2023-12-12,2023,12,December
303976,201915,Savings,68712,4903.0,13584,Mutual Fund,2022-09-24,2022,9,September
303977,205267,Business,57631,1365.0,21575,Fixed Deposit,2024-06-30,2024,6,June
303978,203121,Business,42914,3919.0,22711,Recurring Deposit,2023-09-28,2023,9,September
303979,208776,Business,16805,206.0,11786,Mutual Fund,2023-02-06,2023,2,February
303980,203965,Savings,34746,824.0,49986,Mutual Fund,2024-02-21,2024,2,February
303981,202152,Current,85743,2135.0,13094,Recurring Deposit,2023-07-12,2023,7,July
303982,200291,Business,30224,4792.0,40898,Fixed Deposit,2024-03-09,2024,3,March
303983,206375,Current,63606,545.0,47401,Mutual Fund,2023-05-06,2023,5,May
303984,205220,Business,56851,1436.0,13364,Mutual Fund,2022-09-23,2022,9,September
303985,206402,Business,90937,4270.0,23661,Fixed Deposit,2022-08-08,2022,8,August
303986,209507,Savings,49382,1800.0,11074,Recurring Deposit,2022-11-20,2022,11,November
303987,209260,Business,91752,2578.0,25456,Recurring Deposit,2025-02-18,2025,2,February
303988,205602,Business,29782,439.0,4633,Recurring Deposit,2023-07-06,2023,7,July
303989,207779,Current,29896,4422.0,47678,Recurring Deposit,2025-03-19,2025,3,March
303990,203228,Savings,16552,3454.0,47946,Mutual Fund,2025-03-07,2025,3,March
303991,207047,Current,43100,4884.0,25043,Recurring Deposit,2024-10-13,2024,10,October
303992,209109,Current,60809,3668.857337696341,25127,Fixed Deposit,2022-05-22,2022,5,May
303993,204008,Current,1387,2730.0,38810,Mutual Fund,2023-02-18,2023,2,February
303994,207587,Current,3896,356.0,22028,Recurring Deposit,2023-08-12,2023,8,August
303995,207581,Savings,41321,455.0,6069,Recurring Deposit,2022-11-06,2022,11,November
303996,204656,Business,44430,1625.0,10817,Recurring Deposit,2022-08-09,2022,8,August
303997,201002,Savings,86246,4054.0,6063,Fixed Deposit,2023-04-10,2023,4,April
303998,204552,Business,66272,1486.0,44252,Fixed Deposit,2023-09-24,2023,9,September
303999,201539,Business,26525,1068.0,29670,Recurring Deposit,2023-11-26,2023,11,November
304000,208275,Current,35089,4720.0,46342,Fixed Deposit,2024-05-26,2024,5,May
304001,201936,Business,10772,906.0,44079,Recurring Deposit,2022-06-05,2022,6,June
304002,203285,Savings,88652,1655.0,18117,Fixed Deposit,2025-02-04,2025,2,February
304003,203462,Business,13697,1084.0,16034,Mutual Fund,2023-06-28,2023,6,June
304004,202406,Savings,3842,4604.0,3228,Recurring Deposit,2023-04-29,2023,4,April
304005,205492,Savings,53902,1563.0,24929,Fixed Deposit,2022-12-16,2022,12,December
304006,201597,Savings,26372,3641.0,25030,Recurring Deposit,2022-05-08,2022,5,May
304007,208249,Business,7509,2063.3894887960987,17542,Mutual Fund,2023-12-09,2023,12,December
304008,206827,Current,81337,1707.0,25525,Mutual Fund,2024-02-21,2024,2,February
304009,205945,Savings,41469,4679.0,41184,Fixed Deposit,2024-07-31,2024,7,July
304010,202921,Current,59738,633.0,4822,Mutual Fund,2024-07-22,2024,7,July
304011,206983,Savings,60225,3147.0,17550,Recurring Deposit,2023-04-13,2023,4,April
304012,209965,Business,50595,3601.8803559336297,47007,Mutual Fund,2022-08-15,2022,8,August
304013,206229,Savings,34113,1720.0,40128,Recurring Deposit,2024-03-07,2024,3,March
304014,207022,Business,68251,1666.0,49576,Fixed Deposit,2022-08-26,2022,8,August
304015,209791,Business,22076,1868.0,40934,Mutual Fund,2022-10-24,2022,10,October
304016,206810,Business,31100,1022.0,34014,Mutual Fund,2022-09-25,2022,9,September
304017,207546,Business,51793,4965.0,24196,Recurring Deposit,2022-04-08,2022,4,April
304018,206466,Current,2159,3677.0,4839,Mutual Fund,2022-06-24,2022,6,June
304019,204106,Business,58716,1535.8948693418763,16452,Fixed Deposit,2023-03-01,2023,3,March
304020,203939,Savings,66857,3665.0,22511,Mutual Fund,2022-10-10,2022,10,October
304021,207745,Current,62421,2539.0,11589,Recurring Deposit,2023-01-22,2023,1,January
304022,208454,Current,15561,4816.0,4485,Mutual Fund,2023-12-03,2023,12,December
304023,207191,Current,51891,646.0,9616,Recurring Deposit,2023-10-20,2023,10,October
304024,205003,Current,68601,3050.0,7070,Fixed Deposit,2025-02-19,2025,2,February
304025,208645,Savings,98104,3918.0,33471,Recurring Deposit,2024-11-24,2024,11,November
304026,209446,Business,89916,401.0,41268,Fixed Deposit,2024-12-16,2024,12,December
304027,203671,Savings,9786,4982.0,28272,Mutual Fund,2022-07-29,2022,7,July
304028,206423,Business,6434,4274.0,47611,Fixed Deposit,2024-09-10,2024,9,September
304029,208171,Current,58014,708.0,45659,Fixed Deposit,2024-09-16,2024,9,September
304030,200198,Current,9313,582.0,35736,Mutual Fund,2023-04-27,2023,4,April
304031,205897,Current,98695,1867.0,21492,Recurring Deposit,2022-07-15,2022,7,July
304032,203814,Current,25586,3184.0,11970,Mutual Fund,2022-04-23,2022,4,April
304033,205975,Business,39865,514.0,20985,Mutual Fund,2022-06-29,2022,6,June
304034,207450,Current,56476,1834.0,34799,Fixed Deposit,2023-01-22,2023,1,January
304035,200285,Business,40324,2786.0,15761,Fixed Deposit,2024-12-18,2024,12,December
304036,201151,Current,92970,1033.0,31448,Recurring Deposit,2024-02-07,2024,2,February
304037,209422,Savings,33241,4508.0,41711,Fixed Deposit,2022-10-07,2022,10,October
304038,200257,Current,83307,2759.0,2083,Mutual Fund,2022-08-10,2022,8,August
304039,200775,Business,1219,4698.0,49441,Recurring Deposit,2023-08-18,2023,8,August
304040,208702,Business,10352,1473.0,46719,Mutual Fund,2022-09-27,2022,9,September
304041,200700,Savings,49293,1302.0,42515,Fixed Deposit,2022-05-26,2022,5,May
304042,204236,Business,25326,3824.0,17487,Mutual Fund,2024-03-06,2024,3,March
304043,200977,Savings,63400,4911.0,35003,Recurring Deposit,2022-06-07,2022,6,June
304044,206036,Current,93578,2341.0,45541,Recurring Deposit,2022-12-06,2022,12,December
304045,204835,Current,34198,1656.0,6255,Fixed Deposit,2024-08-28,2024,8,August
304046,206250,Current,44041,1792.0,48575,Recurring Deposit,2024-01-22,2024,1,January
304047,205761,Business,79142,6138.075505333527,2447,Fixed Deposit,2023-11-24,2023,11,November
304048,203966,Current,94448,995.0,12260,Mutual Fund,2024-04-29,2024,4,April
304049,201875,Current,79098,1301.0,16437,Recurring Deposit,2022-05-05,2022,5,May
304050,200212,Current,84353,2851.0,11644,Recurring Deposit,2023-11-05,2023,11,November
304051,205772,Current,26773,2924.0,9480,Recurring Deposit,2025-02-14,2025,2,February
304052,204483,Current,76063,4466.0,29520,Recurring Deposit,2024-01-12,2024,1,January
304053,207281,Business,61023,3096.0,2900,Recurring Deposit,2022-12-14,2022,12,December
304054,209024,Business,87698,4932.0,38630,Recurring Deposit,2023-09-21,2023,9,September
304055,207705,Business,12677,2328.0,25630,Mutual Fund,2023-02-17,2023,2,February
304056,200797,Business,74187,4454.0,11048,Mutual Fund,2023-01-05,2023,1,January
304057,200037,Current,95390,1879.0050904245877,20768,Mutual Fund,2023-05-22,2023,5,May
304058,209240,Business,34209,2442.0,36141,Fixed Deposit,2023-05-29,2023,5,May
304059,207258,Savings,39686,2096.0,9411,Mutual Fund,2024-02-11,2024,2,February
304060,209353,Current,34257,4719.0,2958,Recurring Deposit,2022-11-06,2022,11,November
304061,207376,Current,49174,1476.0,10062,Recurring Deposit,2022-05-13,2022,5,May
304062,204156,Savings,69556,1886.0,12447,Mutual Fund,2024-10-29,2024,10,October
304063,204353,Business,44300,966.0,34936,Recurring Deposit,2024-11-06,2024,11,November
304064,200134,Savings,95173,906.0,14470,Fixed Deposit,2024-11-03,2024,11,November
304065,202383,Business,86688,4454.0,18401,Mutual Fund,2023-04-06,2023,4,April
304066,203072,Savings,11318,623.0,46107,Fixed Deposit,2024-12-20,2024,12,December
304067,202773,Current,88224,1678.0,6915,Mutual Fund,2023-06-22,2023,6,June
304068,208277,Business,30282,432.0,12398,Recurring Deposit,2024-05-04,2024,5,May
304069,206810,Business,87914,3547.0,28000,Fixed Deposit,2023-12-21,2023,12,December
304070,206715,Business,19076,806.0,3065,Recurring Deposit,2024-07-23,2024,7,July
304071,205667,Current,4543,3681.0,34999,Mutual Fund,2024-04-03,2024,4,April
304072,208992,Business,58900,1746.0,14249,Recurring Deposit,2022-06-23,2022,6,June
304073,207568,Savings,93758,4285.0,2427,Fixed Deposit,2022-08-04,2022,8,August
304074,205956,Business,68912,2925.0,9534,Mutual Fund,2023-05-29,2023,5,May
304075,204002,Business,92649,1623.0,30185,Mutual Fund,2023-11-05,2023,11,November
304076,205586,Current,1398,1383.0,42112,Recurring Deposit,2022-10-20,2022,10,October
304077,207018,Savings,74695,4040.0,5974,Recurring Deposit,2024-01-01,2024,1,January
304078,202222,Savings,54905,367.0,24429,Fixed Deposit,2023-01-24,2023,1,January
304079,209057,Savings,21124,371.0,30098,Fixed Deposit,2024-12-13,2024,12,December
304080,205720,Business,90383,4340.0,22223,Mutual Fund,2024-06-14,2024,6,June
304081,201082,Business,6433,3010.0,23536,Mutual Fund,2023-04-12,2023,4,April
304082,205692,Current,88366,1893.0,40852,Mutual Fund,2024-11-24,2024,11,November
304083,208597,Current,59717,128.0,34550,Fixed Deposit,2024-07-12,2024,7,July
304084,202534,Business,85186,3521.0,47765,Recurring Deposit,2022-04-20,2022,4,April
304085,208474,Savings,53892,1619.0,48439,Recurring Deposit,2023-11-05,2023,11,November
304086,208928,Savings,7814,1006.0,39767,Mutual Fund,2023-09-29,2023,9,September
304087,204551,Business,68197,1480.0,5978,Mutual Fund,2024-04-04,2024,4,April
304088,200221,Savings,98984,773.0,21779,Recurring Deposit,2024-07-13,2024,7,July
304089,202927,Savings,56144,4697.0,4592,Mutual Fund,2024-04-11,2024,4,April
304090,207769,Business,11538,1354.0,44843,Mutual Fund,2023-09-06,2023,9,September
304091,209742,Current,68738,1092.0,3535,Fixed Deposit,2024-08-15,2024,8,August
304092,201955,Business,68189,4316.0,2675,Recurring Deposit,2024-05-09,2024,5,May
304093,208044,Current,94148,2324.0,21858,Recurring Deposit,2023-08-02,2023,8,August
304094,200715,Savings,67562,446.0,15549,Fixed Deposit,2023-11-14,2023,11,November
304095,201064,Current,90756,4532.0,12136,Fixed Deposit,2023-05-15,2023,5,May
304096,207596,Current,17360,3440.0,48019,Fixed Deposit,2022-12-25,2022,12,December
304097,204875,Business,71502,2503.2626499343205,32399,Recurring Deposit,2022-04-30,2022,4,April
304098,208899,Savings,68571,2528.0,39267,Recurring Deposit,2023-07-29,2023,7,July
304099,206393,Savings,67188,4283.526825950985,10888,Fixed Deposit,2024-10-03,2024,10,October
304100,202754,Savings,32584,4655.0,34491,Recurring Deposit,2023-02-24,2023,2,February
304101,205727,Current,59427,1876.0,24650,Recurring Deposit,2022-05-05,2022,5,May
304102,205849,Current,42555,2265.0,11606,Fixed Deposit,2023-05-31,2023,5,May
304103,202051,Business,58154,4624.0,15465,Mutual Fund,2022-06-20,2022,6,June
304104,208640,Savings,47277,171.0,34673,Recurring Deposit,2024-03-22,2024,3,March
304105,208702,Savings,1848,2906.0,12847,Mutual Fund,2024-06-20,2024,6,June
304106,207684,Current,40802,2731.0,43381,Recurring Deposit,2023-09-27,2023,9,September
304107,207041,Current,82859,1912.0,3124,Mutual Fund,2024-09-13,2024,9,September
304108,208237,Current,24712,2370.0,9185,Mutual Fund,2023-03-17,2023,3,March
304109,206269,Savings,53085,1076.0,14644,Recurring Deposit,2022-11-23,2022,11,November
304110,209352,Savings,23975,1811.0,11933,Recurring Deposit,2022-08-23,2022,8,August
304111,209863,Business,58832,4429.0,6660,Recurring Deposit,2023-04-10,2023,4,April
304112,207993,Business,79829,3686.0,22255,Recurring Deposit,2025-01-04,2025,1,January
304113,201894,Savings,98274,133.0,25027,Mutual Fund,2023-03-30,2023,3,March
304114,201166,Business,25389,2185.0,28237,Fixed Deposit,2023-05-09,2023,5,May
304115,201449,Current,85914,3288.5310855339685,36802,Recurring Deposit,2024-06-27,2024,6,June
304116,202397,Business,19754,2178.5684508600043,47769,Recurring Deposit,2022-06-15,2022,6,June
304117,203506,Current,76157,3906.0,10926,Fixed Deposit,2023-02-24,2023,2,February
304118,208469,Business,33199,4343.0,17348,Recurring Deposit,2024-08-31,2024,8,August
304119,207261,Savings,57087,4829.0,18304,Recurring Deposit,2023-11-14,2023,11,November
304120,203956,Current,51380,4691.0,21249,Recurring Deposit,2023-09-23,2023,9,September
304121,206473,Business,50472,2207.0,20059,Mutual Fund,2022-12-15,2022,12,December
304122,201473,Savings,14439,549.0,34221,Mutual Fund,2022-12-19,2022,12,December
304123,200477,Current,51088,4945.0,46909,Fixed Deposit,2023-03-23,2023,3,March
304124,207317,Current,68683,800.0,38375,Fixed Deposit,2024-09-26,2024,9,September
304125,207820,Savings,89863,790.0,10574,Fixed Deposit,2023-07-28,2023,7,July
304126,207910,Savings,84952,2863.0,49582,Mutual Fund,2025-03-08,2025,3,March
304127,200509,Current,54574,3879.0,27521,Recurring Deposit,2023-09-29,2023,9,September
304128,208948,Savings,1241,3422.0,38644,Mutual Fund,2024-09-24,2024,9,September
304129,205934,Business,38919,783.0,21561,Recurring Deposit,2022-05-03,2022,5,May
304130,204126,Business,89603,1312.0,18438,Recurring Deposit,2025-03-17,2025,3,March
304131,209592,Current,48885,2387.0,31480,Mutual Fund,2025-03-13,2025,3,March
304132,201061,Current,7796,1323.0,21449,Recurring Deposit,2023-09-18,2023,9,September
304133,204646,Business,86980,2589.0,35807,Mutual Fund,2024-08-18,2024,8,August
304134,204771,Savings,59801,2950.2660671689828,1271,Mutual Fund,2024-08-12,2024,8,August
304135,200355,Savings,77967,2268.0,23395,Mutual Fund,2022-10-27,2022,10,October
304136,203008,Current,98710,1750.0,16520,Fixed Deposit,2024-08-11,2024,8,August
304137,204362,Savings,27736,2188.0,40208,Recurring Deposit,2023-01-07,2023,1,January
304138,200289,Current,84229,4347.0,10603,Fixed Deposit,2024-04-23,2024,4,April
304139,207940,Savings,27145,4366.0,36680,Fixed Deposit,2024-07-10,2024,7,July
304140,209235,Savings,25109,2484.0,23730,Recurring Deposit,2023-07-14,2023,7,July
304141,209707,Savings,36840,3545.0,3985,Mutual Fund,2022-12-18,2022,12,December
304142,200012,Business,52617,781.2072096283175,38399,Fixed Deposit,2024-04-20,2024,4,April
304143,206792,Current,54434,1900.0,22035,Fixed Deposit,2022-05-18,2022,5,May
304144,200388,Savings,71080,1283.0,39641,Mutual Fund,2022-08-08,2022,8,August
304145,201957,Savings,91082,2572.0,7211,Mutual Fund,2022-06-16,2022,6,June
304146,203677,Business,5849,1134.0,24179,Mutual Fund,2023-03-17,2023,3,March
304147,203419,Business,55156,2263.0,22686,Recurring Deposit,2024-10-10,2024,10,October
304148,206341,Business,61481,840.0,25835,Recurring Deposit,2023-02-23,2023,2,February
304149,203240,Current,84029,3445.0,47936,Mutual Fund,2022-04-20,2022,4,April
304150,203755,Business,3979,3179.0,16106,Recurring Deposit,2024-06-15,2024,6,June
304151,202204,Business,13208,3454.0,14264,Mutual Fund,2024-04-01,2024,4,April
304152,201347,Savings,32431,2924.0,11298,Mutual Fund,2022-03-22,2022,3,March
304153,208142,Savings,63550,4709.0,18164,Recurring Deposit,2023-08-18,2023,8,August
304154,209411,Business,35744,3560.0,14444,Recurring Deposit,2024-10-30,2024,10,October
304155,206413,Savings,57152,2799.0,40534,Mutual Fund,2023-01-27,2023,1,January
304156,208253,Savings,41674,2573.0,37350,Recurring Deposit,2022-10-09,2022,10,October
304157,200497,Business,10354,1494.0,29026,Fixed Deposit,2023-09-01,2023,9,September
304158,207824,Business,90896,1588.0,17444,Fixed Deposit,2022-12-21,2022,12,December
304159,208929,Business,36050,3474.0,36204,Fixed Deposit,2023-08-05,2023,8,August
304160,206260,Business,34541,4777.0,26419,Mutual Fund,2022-06-21,2022,6,June
304161,200914,Business,26449,1923.0,26563,Fixed Deposit,2022-04-24,2022,4,April
304162,204963,Savings,20433,4933.0,2408,Mutual Fund,2022-11-05,2022,11,November
304163,203649,Current,75737,4595.0,39306,Recurring Deposit,2024-09-17,2024,9,September
304164,202374,Savings,6932,3754.0,43651,Recurring Deposit,2025-03-19,2025,3,March
304165,205659,Business,35512,1780.0,18202,Fixed Deposit,2022-10-27,2022,10,October
304166,206876,Current,52427,4867.0,23977,Mutual Fund,2022-09-09,2022,9,September
304167,207444,Current,91193,4209.0,46022,Mutual Fund,2024-06-15,2024,6,June
304168,205922,Current,67208,3312.0,20790,Fixed Deposit,2023-10-08,2023,10,October
304169,202533,Savings,27812,4835.0,44379,Fixed Deposit,2022-07-11,2022,7,July
304170,206675,Business,87033,2876.0,15940,Recurring Deposit,2023-10-22,2023,10,October
304171,201222,Savings,30980,2927.0,20223,Recurring Deposit,2025-03-19,2025,3,March
304172,206854,Current,51372,4692.0,26096,Recurring Deposit,2025-01-12,2025,1,January
304173,207263,Savings,87750,4161.0,8870,Fixed Deposit,2023-11-25,2023,11,November
304174,208062,Business,82993,635.0,44426,Recurring Deposit,2024-09-16,2024,9,September
304175,200088,Savings,13286,2605.455007793426,21796,Recurring Deposit,2022-08-24,2022,8,August
304176,207685,Current,42372,3560.0,49783,Mutual Fund,2023-08-25,2023,8,August
304177,202994,Current,58756,4818.0,34095,Recurring Deposit,2023-07-02,2023,7,July
304178,207066,Savings,47095,1620.0,9726,Recurring Deposit,2023-08-04,2023,8,August
304179,209873,Business,25835,3330.0,13733,Mutual Fund,2022-10-18,2022,10,October
304180,203581,Business,34856,134.0,30099,Recurring Deposit,2022-11-20,2022,11,November
304181,208715,Business,34755,2667.0,9912,Mutual Fund,2024-01-28,2024,1,January
304182,206418,Savings,13928,5019.978660569348,6852,Recurring Deposit,2024-12-08,2024,12,December
304183,208656,Current,13793,244.0,40230,Recurring Deposit,2024-04-15,2024,4,April
304184,208846,Savings,23235,3191.0,28914,Recurring Deposit,2024-12-23,2024,12,December
304185,208644,Current,74279,4670.0,14507,Recurring Deposit,2023-07-26,2023,7,July
304186,200291,Savings,36569,3419.0,47416,Recurring Deposit,2022-12-16,2022,12,December
304187,207161,Current,82985,4529.0,4591,Fixed Deposit,2024-08-10,2024,8,August
304188,203668,Business,89888,537.0,37953,Fixed Deposit,2025-03-02,2025,3,March
304189,201833,Savings,84300,980.0,24283,Fixed Deposit,2024-10-29,2024,10,October
304190,203674,Business,6578,2730.0,16536,Fixed Deposit,2023-09-26,2023,9,September
304191,201917,Savings,34830,1332.0,9711,Fixed Deposit,2023-03-02,2023,3,March
304192,203613,Business,95695,4566.0,25518,Recurring Deposit,2025-01-17,2025,1,January
304193,201209,Current,56931,4276.0,20570,Mutual Fund,2024-09-20,2024,9,September
304194,208442,Current,10336,2395.0,31540,Mutual Fund,2022-12-18,2022,12,December
304195,202668,Current,38459,2599.0,10036,Recurring Deposit,2023-10-29,2023,10,October
304196,201463,Current,23736,4915.0,12869,Mutual Fund,2023-07-10,2023,7,July
304197,203284,Savings,20206,1464.0,10598,Fixed Deposit,2025-02-22,2025,2,February
304198,208535,Current,30622,2116.0,4776,Fixed Deposit,2023-06-21,2023,6,June
304199,203925,Business,84344,1264.0,44515,Mutual Fund,2022-10-04,2022,10,October
304200,207146,Business,11819,2912.0,40230,Recurring Deposit,2022-12-22,2022,12,December
304201,205781,Savings,39691,3200.0,25116,Fixed Deposit,2022-03-23,2022,3,March
304202,205613,Savings,26309,3634.0,16970,Recurring Deposit,2025-03-15,2025,3,March
304203,205216,Current,50152,4612.0,23594,Recurring Deposit,2024-08-26,2024,8,August
304204,209540,Savings,46814,1010.0,10373,Fixed Deposit,2023-11-19,2023,11,November
304205,204962,Current,96522,1246.0,24098,Recurring Deposit,2024-08-18,2024,8,August
304206,207801,Savings,57395,1486.0,48983,Mutual Fund,2022-05-10,2022,5,May
304207,200085,Current,79224,4707.0,20864,Fixed Deposit,2022-12-28,2022,12,December
304208,201040,Business,21047,1016.0,21640,Recurring Deposit,2024-10-11,2024,10,October
304209,202291,Current,17159,4051.0,34295,Fixed Deposit,2023-07-28,2023,7,July
304210,205917,Business,38613,1809.0,33002,Recurring Deposit,2024-10-25,2024,10,October
304211,207385,Business,96158,1616.0,3844,Fixed Deposit,2023-02-27,2023,2,February
304212,201932,Savings,18279,1322.0,11509,Recurring Deposit,2024-12-08,2024,12,December
304213,206149,Business,93690,3752.0,48338,Recurring Deposit,2024-08-15,2024,8,August
304214,200380,Current,49220,233.0,11476,Fixed Deposit,2022-08-29,2022,8,August
304215,200778,Savings,94788,2021.0,40108,Mutual Fund,2024-04-29,2024,4,April
304216,203306,Savings,97754,2012.0,33572,Mutual Fund,2022-10-25,2022,10,October
304217,203455,Current,60983,2662.0,32772,Fixed Deposit,2023-08-17,2023,8,August
304218,200123,Savings,32491,408.0,48252,Fixed Deposit,2022-07-19,2022,7,July
304219,201083,Current,16764,4717.0,45933,Mutual Fund,2023-03-25,2023,3,March
304220,202057,Business,57829,4731.0,45439,Recurring Deposit,2023-09-10,2023,9,September
304221,209162,Savings,21594,516.0,41176,Recurring Deposit,2023-07-30,2023,7,July
304222,206739,Business,53907,1463.0,15619,Recurring Deposit,2022-12-06,2022,12,December
304223,209641,Savings,49243,2136.0,39072,Mutual Fund,2024-12-03,2024,12,December
304224,203218,Current,49235,2425.0,11618,Fixed Deposit,2022-08-05,2022,8,August
304225,204552,Current,92353,2976.0,27296,Recurring Deposit,2025-01-24,2025,1,January
304226,204707,Current,14003,2627.0,41181,Fixed Deposit,2024-12-07,2024,12,December
304227,201806,Current,74360,1345.0,17489,Mutual Fund,2023-08-24,2023,8,August
304228,205670,Savings,91148,1958.0,34813,Mutual Fund,2024-02-12,2024,2,February
304229,207666,Business,76811,1639.0,46927,Mutual Fund,2022-04-07,2022,4,April
304230,203669,Business,13188,906.0,13561,Recurring Deposit,2023-05-06,2023,5,May
304231,209720,Savings,93484,4396.0,38176,Recurring Deposit,2023-02-09,2023,2,February
304232,204645,Savings,70221,2177.0,4840,Fixed Deposit,2023-04-12,2023,4,April
304233,202739,Business,42602,1368.0,43841,Recurring Deposit,2025-03-01,2025,3,March
304234,202958,Business,85366,3644.0,41060,Fixed Deposit,2022-07-04,2022,7,July
304235,207186,Savings,28586,3338.0,20126,Fixed Deposit,2023-09-16,2023,9,September
304236,207330,Savings,57004,4806.0,33072,Mutual Fund,2023-04-23,2023,4,April
304237,200713,Savings,98640,4220.0,11257,Fixed Deposit,2022-09-04,2022,9,September
304238,207950,Savings,78870,3420.0,25405,Recurring Deposit,2022-03-22,2022,3,March
304239,209073,Savings,32957,3741.0,7541,Recurring Deposit,2022-06-03,2022,6,June
304240,202999,Business,88848,3400.0,17203,Fixed Deposit,2023-11-10,2023,11,November
304241,208434,Business,48262,1287.0,25556,Fixed Deposit,2024-01-30,2024,1,January
304242,208851,Current,25610,2542.0,21274,Fixed Deposit,2024-01-01,2024,1,January
304243,200996,Current,19310,4669.0,17305,Recurring Deposit,2022-12-04,2022,12,December
304244,200970,Business,40399,2765.0,29986,Fixed Deposit,2023-12-24,2023,12,December
304245,207944,Business,82708,2449.0,5512,Fixed Deposit,2024-04-24,2024,4,April
304246,201540,Current,48928,2936.0,39351,Fixed Deposit,2023-10-30,2023,10,October
304247,200650,Current,84679,334.40288935333194,43819,Mutual Fund,2023-09-17,2023,9,September
304248,206246,Current,71141,485.0,16285,Mutual Fund,2024-07-16,2024,7,July
304249,205978,Savings,3676,3224.984448130802,13594,Recurring Deposit,2023-10-25,2023,10,October
304250,203763,Current,74326,1930.0,1631,Mutual Fund,2022-08-25,2022,8,August
304251,209461,Savings,29485,4294.0,29772,Recurring Deposit,2024-04-03,2024,4,April
304252,202195,Savings,67918,2564.0,38537,Mutual Fund,2024-09-03,2024,9,September
304253,209010,Current,92696,844.0,19217,Mutual Fund,2024-12-26,2024,12,December
304254,204765,Business,12310,5718.011776971003,27376,Mutual Fund,2025-02-20,2025,2,February
304255,209391,Current,61516,552.0,46675,Recurring Deposit,2023-03-06,2023,3,March
304256,200768,Current,11138,4660.0,14294,Recurring Deposit,2022-11-28,2022,11,November
304257,204514,Current,36413,2724.0,8520,Fixed Deposit,2024-02-20,2024,2,February
304258,201945,Current,37267,1290.0,11735,Mutual Fund,2022-07-13,2022,7,July
304259,208159,Current,39851,2136.0,25677,Recurring Deposit,2022-05-11,2022,5,May
304260,202824,Savings,10964,2901.0,43372,Fixed Deposit,2023-06-22,2023,6,June
304261,203184,Current,12237,4805.0,21722,Recurring Deposit,2022-04-21,2022,4,April
304262,204628,Business,44555,256.0,5128,Recurring Deposit,2023-07-29,2023,7,July
304263,209099,Business,48811,1474.0,41020,Fixed Deposit,2023-04-30,2023,4,April
304264,208419,Savings,74964,683.0,21230,Recurring Deposit,2022-08-30,2022,8,August
304265,201626,Savings,31281,2816.321826251813,19594,Fixed Deposit,2022-07-14,2022,7,July
304266,209542,Current,63303,836.0,46766,Mutual Fund,2023-09-02,2023,9,September
304267,203037,Current,13617,732.0,12783,Mutual Fund,2022-12-10,2022,12,December
304268,207319,Savings,9650,510.0,29018,Recurring Deposit,2023-10-25,2023,10,October
304269,204273,Business,47705,1604.0,47633,Mutual Fund,2022-11-25,2022,11,November
304270,202013,Current,92784,4169.0,24172,Mutual Fund,2022-07-15,2022,7,July
304271,204563,Business,9376,535.0,23459,Recurring Deposit,2024-07-17,2024,7,July
304272,206299,Savings,79825,3163.0,37868,Fixed Deposit,2022-08-12,2022,8,August
304273,206403,Business,1312,2910.0,33983,Mutual Fund,2023-08-27,2023,8,August
304274,206539,Business,32908,259.0,15581,Fixed Deposit,2024-09-28,2024,9,September
304275,205698,Business,3990,4667.0,39869,Mutual Fund,2024-10-29,2024,10,October
304276,200270,Current,93059,3557.0,38803,Recurring Deposit,2024-04-08,2024,4,April
304277,207204,Savings,23021,2981.0,45669,Recurring Deposit,2025-03-19,2025,3,March
304278,200392,Current,58248,2295.0,4788,Fixed Deposit,2022-05-08,2022,5,May
304279,207391,Business,19204,4252.0,36541,Recurring Deposit,2024-01-20,2024,1,January
304280,204989,Current,55967,3233.0,1601,Fixed Deposit,2024-12-30,2024,12,December
304281,208785,Current,6956,3134.0,47144,Fixed Deposit,2022-12-02,2022,12,December
304282,202609,Current,69949,3769.0,17561,Mutual Fund,2024-10-19,2024,10,October
304283,205197,Savings,27611,3592.818540381988,18075,Fixed Deposit,2024-01-24,2024,1,January
304284,208499,Savings,6278,4842.0,6770,Fixed Deposit,2022-11-20,2022,11,November
304285,204677,Business,12409,2965.0,19461,Recurring Deposit,2022-06-12,2022,6,June
304286,200559,Current,86192,2911.0,39573,Fixed Deposit,2022-08-25,2022,8,August
304287,206002,Business,9221,2949.0,26302,Mutual Fund,2023-08-17,2023,8,August
304288,204008,Current,53958,4300.0,22881,Fixed Deposit,2023-02-03,2023,2,February
304289,201395,Business,61578,3002.0,13118,Recurring Deposit,2023-01-10,2023,1,January
304290,209329,Savings,99832,3240.0,49523,Fixed Deposit,2023-12-16,2023,12,December
304291,204372,Business,36561,1486.0,37442,Fixed Deposit,2025-03-08,2025,3,March
304292,204557,Savings,8055,2470.0,19437,Recurring Deposit,2024-07-28,2024,7,July
304293,206765,Current,63688,699.0,46997,Fixed Deposit,2024-07-07,2024,7,July
304294,203480,Current,97579,1285.0,30861,Fixed Deposit,2023-05-07,2023,5,May
304295,206128,Current,58085,726.0,24458,Recurring Deposit,2025-01-10,2025,1,January
304296,203601,Business,9992,1422.0,6558,Mutual Fund,2023-06-01,2023,6,June
304297,208233,Business,24033,99.6299836481545,13351,Mutual Fund,2023-06-25,2023,6,June
304298,201039,Business,18137,1492.0,15469,Mutual Fund,2023-03-25,2023,3,March
304299,200646,Savings,66211,1477.0,18421,Mutual Fund,2022-08-17,2022,8,August
304300,207900,Current,1771,2458.0,13851,Mutual Fund,2022-06-06,2022,6,June
304301,200606,Current,71898,4644.0,14489,Mutual Fund,2023-11-21,2023,11,November
304302,205617,Savings,58187,4034.0,4344,Recurring Deposit,2024-08-25,2024,8,August
304303,208849,Savings,10407,4554.0,25456,Recurring Deposit,2024-07-21,2024,7,July
304304,206638,Current,44860,3016.0,44998,Fixed Deposit,2024-04-21,2024,4,April
304305,208138,Current,24244,2339.0,24075,Fixed Deposit,2022-11-14,2022,11,November
304306,200455,Savings,31339,575.0,41009,Recurring Deposit,2022-06-13,2022,6,June
304307,205196,Savings,54538,2633.382781930025,21826,Mutual Fund,2023-10-02,2023,10,October
304308,204409,Current,45057,2658.0,39448,Mutual Fund,2022-03-26,2022,3,March
304309,200922,Current,54913,3116.0,37048,Recurring Deposit,2024-01-14,2024,1,January
304310,204057,Savings,98810,573.0,4102,Mutual Fund,2022-08-04,2022,8,August
304311,205320,Current,75378,596.0,9376,Mutual Fund,2023-06-21,2023,6,June
304312,200326,Savings,85033,209.0,22069,Recurring Deposit,2025-01-12,2025,1,January
304313,200122,Current,76135,3222.0,21950,Mutual Fund,2024-11-16,2024,11,November
304314,205127,Business,96262,901.0,15443,Mutual Fund,2024-10-08,2024,10,October
304315,208193,Business,42361,1597.0,27214,Fixed Deposit,2024-04-05,2024,4,April
304316,201169,Current,47079,1480.0,15030,Fixed Deposit,2023-01-25,2023,1,January
304317,202678,Savings,53495,1602.0,11827,Mutual Fund,2022-08-18,2022,8,August
304318,206625,Business,25065,1907.0629622176616,16968,Recurring Deposit,2022-04-29,2022,4,April
304319,201065,Savings,55751,107.7631470845144,18339,Fixed Deposit,2023-02-05,2023,2,February
304320,201381,Business,48479,4571.0,33504,Mutual Fund,2022-12-11,2022,12,December
304321,201674,Business,40417,1359.0,13153,Mutual Fund,2024-12-06,2024,12,December
304322,202618,Business,55447,4683.0,41541,Fixed Deposit,2023-06-17,2023,6,June
304323,206835,Current,36797,3099.0,4349,Recurring Deposit,2022-07-26,2022,7,July
304324,201737,Current,81931,2110.0,23943,Fixed Deposit,2024-03-25,2024,3,March
304325,206364,Savings,53330,3492.0,32699,Recurring Deposit,2022-09-16,2022,9,September
304326,202096,Current,93184,2123.0,28813,Recurring Deposit,2023-07-13,2023,7,July
304327,200951,Savings,30095,3231.0,2786,Recurring Deposit,2023-11-28,2023,11,November
304328,208551,Business,45412,4420.0,39776,Mutual Fund,2024-03-21,2024,3,March
304329,207621,Current,41683,3952.0,7719,Fixed Deposit,2024-04-18,2024,4,April
304330,200751,Business,29419,1576.0,3041,Recurring Deposit,2025-01-10,2025,1,January
304331,200639,Savings,93842,4247.0,29342,Mutual Fund,2023-05-06,2023,5,May
304332,201865,Current,91057,1483.0,9603,Fixed Deposit,2022-08-09,2022,8,August
304333,207965,Current,26754,2958.0,31867,Fixed Deposit,2024-12-12,2024,12,December
304334,208118,Business,17872,831.0,34890,Recurring Deposit,2024-07-13,2024,7,July
304335,207195,Current,97677,2107.0,43429,Fixed Deposit,2023-11-13,2023,11,November
304336,202140,Savings,37304,1847.0,19878,Recurring Deposit,2023-01-02,2023,1,January
304337,202738,Current,33876,2189.0,37370,Mutual Fund,2023-10-18,2023,10,October
304338,206682,Business,37261,1079.0,23986,Fixed Deposit,2023-11-03,2023,11,November
304339,206782,Savings,48735,4518.0,17172,Fixed Deposit,2023-10-15,2023,10,October
304340,205427,Current,57024,2962.233928661527,25529,Fixed Deposit,2023-01-04,2023,1,January
304341,208609,Business,53368,2840.9343558607043,10710,Fixed Deposit,2024-02-11,2024,2,February
304342,201951,Business,3382,216.0,4149,Recurring Deposit,2022-05-29,2022,5,May
304343,206019,Business,12887,680.0,28661,Fixed Deposit,2023-05-04,2023,5,May
304344,200559,Business,63068,2245.0,34984,Fixed Deposit,2024-02-02,2024,2,February
304345,208975,Business,73215,2397.0,15773,Mutual Fund,2024-03-12,2024,3,March
304346,203771,Savings,94958,1610.0,44388,Fixed Deposit,2023-05-04,2023,5,May
304347,206958,Business,71079,285.0,44765,Recurring Deposit,2023-03-07,2023,3,March
304348,206647,Business,32806,2664.072169422157,6965,Recurring Deposit,2023-05-12,2023,5,May
304349,209317,Current,57037,5163.55483755061,30726,Fixed Deposit,2024-08-13,2024,8,August
304350,208410,Savings,58831,4626.0,28180,Recurring Deposit,2022-06-24,2022,6,June
304351,208079,Business,11857,1908.0,43725,Fixed Deposit,2022-11-10,2022,11,November
304352,202176,Current,54428,1516.0,24364,Recurring Deposit,2025-03-06,2025,3,March
304353,204650,Savings,73009,2881.0,17975,Mutual Fund,2025-01-20,2025,1,January
304354,200943,Savings,25544,1875.0,22523,Mutual Fund,2022-08-18,2022,8,August
304355,209283,Business,61871,3121.0,43927,Fixed Deposit,2022-08-01,2022,8,August
304356,201743,Savings,14478,3744.0,47997,Mutual Fund,2025-01-21,2025,1,January
304357,203982,Current,36374,292.0,29112,Recurring Deposit,2023-09-06,2023,9,September
304358,203809,Savings,52135,4125.0,38041,Recurring Deposit,2024-07-09,2024,7,July
304359,201680,Business,68115,1534.0,37785,Fixed Deposit,2023-12-24,2023,12,December
304360,200091,Business,83959,2341.0,21232,Fixed Deposit,2024-09-22,2024,9,September
304361,204019,Current,32215,3984.0,40525,Mutual Fund,2023-03-09,2023,3,March
304362,205769,Savings,35849,416.0,22481,Recurring Deposit,2024-07-27,2024,7,July
304363,209710,Current,13205,4572.0,14512,Recurring Deposit,2022-06-23,2022,6,June
304364,209607,Savings,93879,2444.0,48438,Recurring Deposit,2023-11-12,2023,11,November
304365,204609,Savings,67501,289.0,46235,Mutual Fund,2024-06-09,2024,6,June
304366,208631,Savings,3614,2764.0,15637,Mutual Fund,2023-12-31,2023,12,December
304367,209977,Savings,46943,4185.0,46133,Recurring Deposit,2024-06-29,2024,6,June
304368,208630,Business,84708,3919.0,27056,Fixed Deposit,2025-02-20,2025,2,February
304369,206774,Business,63833,2324.0,36464,Mutual Fund,2024-03-27,2024,3,March
304370,205316,Current,3121,1869.0,9608,Fixed Deposit,2024-08-26,2024,8,August
304371,205474,Savings,39423,4942.0,22560,Mutual Fund,2023-03-22,2023,3,March
304372,207381,Current,50050,1868.0,22236,Mutual Fund,2024-03-29,2024,3,March
304373,209322,Current,38486,3061.0,39654,Recurring Deposit,2023-06-28,2023,6,June
304374,207375,Business,43225,2881.0,21126,Recurring Deposit,2022-07-21,2022,7,July
304375,208820,Current,13744,4680.0,32689,Mutual Fund,2023-11-24,2023,11,November
304376,203016,Current,31959,3944.0,29617,Mutual Fund,2022-05-13,2022,5,May
304377,207075,Current,98409,750.0,39650,Recurring Deposit,2024-05-08,2024,5,May
304378,203080,Savings,48774,2151.0,1294,Recurring Deposit,2024-08-24,2024,8,August
304379,204237,Savings,57574,132.96317718225987,34732,Fixed Deposit,2024-05-31,2024,5,May
304380,205961,Current,19962,2006.0,9913,Fixed Deposit,2024-08-24,2024,8,August
304381,203752,Current,4925,3886.0,34105,Fixed Deposit,2025-02-05,2025,2,February
304382,203483,Savings,84847,4818.0,37281,Recurring Deposit,2024-11-08,2024,11,November
304383,208896,Savings,44141,1407.0,19763,Recurring Deposit,2022-11-05,2022,11,November
304384,200923,Current,86662,4123.0,18215,Fixed Deposit,2022-09-23,2022,9,September
304385,209557,Current,60122,4388.0,42576,Recurring Deposit,2024-02-16,2024,2,February
304386,207859,Savings,6730,1157.0,34012,Fixed Deposit,2022-12-14,2022,12,December
304387,201555,Savings,5401,2219.0,35568,Fixed Deposit,2022-12-05,2022,12,December
304388,205060,Savings,80719,115.0,1688,Fixed Deposit,2023-02-13,2023,2,February
304389,203627,Savings,22753,2499.303666023432,27815,Mutual Fund,2023-01-14,2023,1,January
304390,204081,Current,52740,1265.0,26200,Fixed Deposit,2022-10-03,2022,10,October
304391,205819,Savings,56572,4829.0,41341,Mutual Fund,2022-05-26,2022,5,May
304392,202017,Savings,24720,2849.0,46057,Fixed Deposit,2024-01-07,2024,1,January
304393,204190,Savings,2220,2597.0,18062,Mutual Fund,2022-07-20,2022,7,July
304394,208553,Business,52799,3453.0,36768,Fixed Deposit,2025-02-14,2025,2,February
304395,207814,Business,78134,2364.0,40118,Recurring Deposit,2024-01-26,2024,1,January
304396,205725,Savings,75167,3551.0,2341,Mutual Fund,2023-01-28,2023,1,January
304397,205685,Current,69379,3155.0,30560,Fixed Deposit,2024-11-19,2024,11,November
304398,203665,Savings,37001,820.0,48212,Recurring Deposit,2022-11-05,2022,11,November
304399,201804,Savings,11295,2689.0,36118,Recurring Deposit,2024-09-30,2024,9,September
304400,208861,Savings,82868,2095.0,29172,Fixed Deposit,2023-04-25,2023,4,April
304401,205908,Savings,74910,1692.0,42654,Recurring Deposit,2023-07-30,2023,7,July
304402,200799,Business,65427,2827.0,46210,Recurring Deposit,2022-07-03,2022,7,July
304403,200132,Savings,12679,4991.0,30801,Recurring Deposit,2022-08-03,2022,8,August
304404,203433,Savings,33635,4292.0,48056,Fixed Deposit,2023-11-13,2023,11,November
304405,206492,Business,63677,785.0,14726,Mutual Fund,2024-08-01,2024,8,August
304406,208738,Savings,81898,4652.0,1857,Fixed Deposit,2023-11-28,2023,11,November
304407,208954,Current,62764,2875.0,22013,Fixed Deposit,2024-07-25,2024,7,July
304408,205678,Business,12249,643.0,7175,Mutual Fund,2023-08-09,2023,8,August
304409,205924,Savings,28402,4282.0,34813,Fixed Deposit,2023-05-24,2023,5,May
304410,201067,Current,92901,2885.0,23205,Mutual Fund,2024-06-05,2024,6,June
304411,201301,Savings,40087,1584.9886947897364,1987,Recurring Deposit,2024-03-01,2024,3,March
304412,205974,Savings,74524,1789.0,22494,Recurring Deposit,2022-04-09,2022,4,April
304413,209526,Current,41247,1449.0,6166,Fixed Deposit,2025-03-13,2025,3,March
304414,207404,Current,83868,2325.0,20395,Fixed Deposit,2024-11-12,2024,11,November
304415,208457,Current,10369,1667.0,4535,Recurring Deposit,2024-09-18,2024,9,September
304416,201239,Savings,83312,285.0,49298,Mutual Fund,2024-06-09,2024,6,June
304417,200116,Current,10579,675.0,12606,Recurring Deposit,2024-01-01,2024,1,January
304418,207423,Current,33714,4528.0,43408,Fixed Deposit,2022-09-11,2022,9,September
304419,207923,Savings,33448,3042.0,33751,Recurring Deposit,2023-12-24,2023,12,December
304420,208015,Savings,52557,4428.0,7378,Recurring Deposit,2022-11-08,2022,11,November
304421,201974,Savings,68564,4351.0,40274,Mutual Fund,2022-11-06,2022,11,November
304422,202481,Savings,14367,3012.0,17192,Recurring Deposit,2024-08-17,2024,8,August
304423,207107,Business,96894,2091.0,17143,Mutual Fund,2024-09-19,2024,9,September
304424,204329,Savings,19334,3379.0,37288,Recurring Deposit,2024-09-11,2024,9,September
304425,200608,Current,56233,3034.0,47397,Mutual Fund,2022-08-23,2022,8,August
304426,200529,Current,88228,4490.0,35561,Mutual Fund,2022-09-01,2022,9,September
304427,207278,Savings,31289,2867.0,31795,Recurring Deposit,2024-08-11,2024,8,August
304428,201876,Current,71671,4336.0,21279,Recurring Deposit,2022-08-24,2022,8,August
304429,201658,Current,81058,1014.0,27835,Recurring Deposit,2023-06-08,2023,6,June
304430,200408,Business,59089,3182.7169266225046,47992,Mutual Fund,2024-06-30,2024,6,June
304431,209502,Business,21432,958.0,8356,Fixed Deposit,2023-09-06,2023,9,September
304432,200217,Savings,28823,819.0,7651,Fixed Deposit,2023-12-19,2023,12,December
304433,202531,Business,97750,2028.0,23790,Mutual Fund,2023-05-05,2023,5,May
304434,204208,Current,25098,4528.0,47420,Mutual Fund,2023-11-06,2023,11,November
304435,207619,Savings,89034,246.0,25353,Mutual Fund,2025-01-01,2025,1,January
304436,204256,Savings,4514,3546.0,13603,Recurring Deposit,2024-04-13,2024,4,April
304437,205189,Current,5311,1057.0,9213,Recurring Deposit,2024-08-25,2024,8,August
304438,209222,Current,6412,2975.0,46973,Recurring Deposit,2024-10-21,2024,10,October
304439,209216,Current,97368,2957.0,39292,Fixed Deposit,2024-03-24,2024,3,March
304440,208037,Current,11269,2197.0,33639,Recurring Deposit,2022-05-18,2022,5,May
304441,206242,Business,15673,3155.0,47092,Fixed Deposit,2022-12-13,2022,12,December
304442,200314,Current,51394,166.0,3284,Recurring Deposit,2023-05-22,2023,5,May
304443,205153,Savings,78199,1124.0,10925,Fixed Deposit,2023-12-06,2023,12,December
304444,200225,Business,21328,2280.0,32192,Mutual Fund,2022-10-30,2022,10,October
304445,208670,Savings,28694,3524.0,46099,Mutual Fund,2024-11-05,2024,11,November
304446,208414,Current,51971,1722.0,9094,Mutual Fund,2024-10-21,2024,10,October
304447,209907,Current,46096,2805.0,9472,Fixed Deposit,2025-02-10,2025,2,February
304448,206026,Savings,10468,167.0,28999,Fixed Deposit,2025-03-02,2025,3,March
304449,204615,Savings,76564,972.0,18462,Recurring Deposit,2023-12-05,2023,12,December
304450,206386,Current,30024,4292.0,33284,Fixed Deposit,2022-05-20,2022,5,May
304451,208279,Business,33968,573.0,47831,Fixed Deposit,2023-11-25,2023,11,November
304452,205078,Current,51623,2937.0,6922,Recurring Deposit,2023-08-17,2023,8,August
304453,200479,Business,11892,2945.0,18227,Fixed Deposit,2025-02-25,2025,2,February
304454,200308,Current,45202,2916.0,36919,Fixed Deposit,2023-03-25,2023,3,March
304455,206798,Business,6229,2217.0,20784,Mutual Fund,2022-06-05,2022,6,June
304456,200539,Current,7004,692.0,16052,Recurring Deposit,2024-03-28,2024,3,March
304457,207309,Savings,69883,2882.0,12609,Mutual Fund,2023-05-12,2023,5,May
304458,200089,Savings,8281,1430.0,4574,Fixed Deposit,2023-10-20,2023,10,October
304459,202360,Current,73894,685.0,12662,Recurring Deposit,2022-04-21,2022,4,April
304460,208371,Current,18920,3360.0,25899,Recurring Deposit,2023-08-27,2023,8,August
304461,200548,Business,18952,2456.0,12056,Mutual Fund,2023-07-04,2023,7,July
304462,200001,Business,44704,2506.0,26519,Mutual Fund,2023-07-17,2023,7,July
304463,201057,Current,64696,4409.0,43027,Mutual Fund,2023-05-30,2023,5,May
304464,207752,Business,49577,3682.0,41485,Recurring Deposit,2024-04-22,2024,4,April
304465,205626,Savings,46493,1254.128883293469,48215,Recurring Deposit,2025-03-06,2025,3,March
304466,205045,Savings,58589,197.99733820284607,15603,Recurring Deposit,2025-02-16,2025,2,February
304467,204211,Current,8332,2186.0,35107,Recurring Deposit,2022-08-20,2022,8,August
304468,202161,Savings,87263,2210.0,10429,Fixed Deposit,2023-03-10,2023,3,March
304469,208130,Business,64732,1227.2235228948634,6029,Mutual Fund,2022-10-15,2022,10,October
304470,209757,Current,19403,3245.0,25255,Recurring Deposit,2023-06-30,2023,6,June
304471,200594,Savings,32488,483.0,27106,Fixed Deposit,2024-02-07,2024,2,February
304472,206622,Current,25541,712.0,22853,Mutual Fund,2023-08-01,2023,8,August
304473,206007,Savings,96657,4897.0,19211,Recurring Deposit,2023-05-13,2023,5,May
304474,205271,Savings,93966,4821.0,40492,Fixed Deposit,2023-12-28,2023,12,December
304475,207327,Savings,63656,4108.0,18859,Recurring Deposit,2024-10-15,2024,10,October
304476,207516,Savings,75364,1916.0,8257,Fixed Deposit,2024-12-17,2024,12,December
304477,206825,Current,83044,255.0,6290,Mutual Fund,2022-08-06,2022,8,August
304478,204282,Savings,6688,2388.0,28213,Fixed Deposit,2023-01-06,2023,1,January
304479,206482,Savings,92621,4687.0,35138,Mutual Fund,2024-02-05,2024,2,February
304480,207336,Savings,83116,4917.0,19551,Fixed Deposit,2023-02-12,2023,2,February
304481,204920,Current,52413,4947.0,22669,Fixed Deposit,2023-12-13,2023,12,December
304482,200052,Savings,11768,1115.0,47697,Recurring Deposit,2024-04-11,2024,4,April
304483,200256,Savings,62830,4486.0,22718,Fixed Deposit,2024-05-31,2024,5,May
304484,205691,Savings,29358,3405.0,25937,Recurring Deposit,2023-10-22,2023,10,October
304485,207755,Current,9459,2103.0,42457,Mutual Fund,2022-06-16,2022,6,June
304486,202093,Savings,18622,266.0,23448,Fixed Deposit,2024-05-29,2024,5,May
304487,208206,Savings,86679,4164.0,12580,Recurring Deposit,2022-11-22,2022,11,November
304488,202896,Current,87454,1438.0,32553,Recurring Deposit,2022-06-30,2022,6,June
304489,202675,Business,38685,219.0,6324,Mutual Fund,2023-07-17,2023,7,July
304490,204107,Current,76335,3153.0,10867,Fixed Deposit,2024-05-16,2024,5,May
304491,202048,Business,22518,2166.0,19791,Fixed Deposit,2023-12-07,2023,12,December
304492,202124,Business,38917,787.0,37643,Recurring Deposit,2022-10-17,2022,10,October
304493,203785,Business,12412,1190.0,37802,Recurring Deposit,2024-06-12,2024,6,June
304494,209187,Business,72995,3841.0,21382,Fixed Deposit,2024-08-20,2024,8,August
304495,202949,Business,97205,215.0,19216,Mutual Fund,2022-05-04,2022,5,May
304496,206984,Current,26223,804.0,11907,Recurring Deposit,2022-12-15,2022,12,December
304497,201665,Savings,76639,424.0,41423,Fixed Deposit,2023-01-14,2023,1,January
304498,206218,Current,73611,105.0,29362,Fixed Deposit,2023-01-26,2023,1,January
304499,202898,Current,37377,1169.0,2463,Recurring Deposit,2022-06-18,2022,6,June
304500,207441,Savings,37435,4907.0,20407,Fixed Deposit,2023-04-12,2023,4,April
304501,209523,Savings,53346,288.0,45316,Mutual Fund,2022-05-11,2022,5,May
304502,205836,Current,36653,1154.0,10230,Recurring Deposit,2024-02-28,2024,2,February
304503,202803,Current,62089,4146.0,21621,Mutual Fund,2022-06-07,2022,6,June
304504,201245,Current,48163,2045.0,24183,Mutual Fund,2023-10-01,2023,10,October
304505,202325,Current,73854,1565.0,46530,Mutual Fund,2025-03-19,2025,3,March
304506,207525,Savings,46792,388.0,1283,Mutual Fund,2023-01-24,2023,1,January
304507,208876,Business,22116,3155.0,3765,Mutual Fund,2023-05-20,2023,5,May
304508,202365,Current,33424,3479.0,20491,Recurring Deposit,2023-10-14,2023,10,October
304509,203138,Business,33089,3018.0,31089,Fixed Deposit,2024-03-11,2024,3,March
304510,208334,Business,81964,3459.0,39574,Recurring Deposit,2024-05-13,2024,5,May
304511,208345,Current,62177,3560.0,35997,Fixed Deposit,2023-11-27,2023,11,November
304512,207261,Current,91696,4601.0,10608,Fixed Deposit,2024-12-02,2024,12,December
304513,203268,Savings,16916,2012.0,11459,Fixed Deposit,2022-09-29,2022,9,September
304514,204473,Business,80932,2136.0,8949,Mutual Fund,2025-02-11,2025,2,February
304515,205726,Current,50568,744.0,13669,Mutual Fund,2022-05-07,2022,5,May
304516,207550,Current,28096,4265.0,14759,Fixed Deposit,2023-03-31,2023,3,March
304517,208185,Savings,39579,1873.0,40500,Fixed Deposit,2023-10-20,2023,10,October
304518,208725,Current,40278,1931.0,39839,Fixed Deposit,2024-04-18,2024,4,April
304519,206780,Business,42215,3273.0,33946,Fixed Deposit,2024-09-28,2024,9,September
304520,206969,Current,25935,3916.0,37790,Mutual Fund,2024-02-11,2024,2,February
304521,200786,Current,44026,4626.0,8012,Recurring Deposit,2022-12-21,2022,12,December
304522,206305,Savings,8877,1919.0,46862,Recurring Deposit,2024-03-27,2024,3,March
304523,200465,Business,67181,155.0,27419,Mutual Fund,2024-09-17,2024,9,September
304524,207565,Business,23968,1943.0,15654,Recurring Deposit,2024-07-24,2024,7,July
304525,200140,Business,21342,161.0,19748,Mutual Fund,2023-09-15,2023,9,September
304526,207802,Current,46458,3914.0,41774,Mutual Fund,2023-09-06,2023,9,September
304527,201727,Current,35940,4303.0,31747,Fixed Deposit,2022-11-30,2022,11,November
304528,201991,Current,45211,4365.0,17397,Fixed Deposit,2023-04-26,2023,4,April
304529,209001,Business,10128,274.0,42205,Fixed Deposit,2025-02-23,2025,2,February
304530,209462,Business,97602,1241.0,35468,Mutual Fund,2022-08-08,2022,8,August
304531,202881,Business,58175,3530.0,19031,Recurring Deposit,2023-06-06,2023,6,June
304532,200702,Business,64870,4334.0,23037,Mutual Fund,2022-05-02,2022,5,May
304533,208361,Current,93484,2854.0,44230,Recurring Deposit,2023-11-11,2023,11,November
304534,202081,Savings,52855,4967.0,45288,Mutual Fund,2022-06-06,2022,6,June
304535,209625,Business,54810,578.0,47830,Fixed Deposit,2022-11-29,2022,11,November
304536,209622,Savings,77676,3713.0,26291,Mutual Fund,2024-08-25,2024,8,August
304537,205155,Business,25691,959.8709949147824,41157,Mutual Fund,2023-02-16,2023,2,February
304538,200264,Savings,74810,2738.0,30749,Mutual Fund,2023-02-27,2023,2,February
304539,209044,Savings,11685,4086.840550000491,12949,Recurring Deposit,2024-12-20,2024,12,December
304540,207465,Savings,15530,4867.0,29783,Recurring Deposit,2023-03-05,2023,3,March
304541,201763,Current,87074,2232.0,42434,Fixed Deposit,2025-02-05,2025,2,February
304542,207746,Savings,65347,4425.0,38972,Mutual Fund,2023-02-05,2023,2,February
304543,208198,Current,59600,2491.1993940181687,2783,Fixed Deposit,2023-05-13,2023,5,May
304544,209631,Savings,90935,3011.0,12331,Mutual Fund,2024-12-27,2024,12,December
304545,208204,Current,92709,1278.0,9385,Fixed Deposit,2023-12-17,2023,12,December
304546,205879,Business,97948,4475.0,27580,Fixed Deposit,2024-05-26,2024,5,May
304547,202767,Business,84905,1928.0,13934,Recurring Deposit,2022-04-21,2022,4,April
304548,200947,Savings,5909,899.0,3148,Recurring Deposit,2025-02-12,2025,2,February
304549,203781,Current,30029,3742.206707411644,14382,Mutual Fund,2022-04-03,2022,4,April
304550,203346,Business,40889,1252.0,26665,Recurring Deposit,2024-03-26,2024,3,March
304551,201810,Current,71166,2256.0,34664,Mutual Fund,2022-10-12,2022,10,October
304552,209319,Current,68878,2843.0,6120,Mutual Fund,2024-12-20,2024,12,December
304553,207209,Business,33666,617.0,19466,Recurring Deposit,2022-12-15,2022,12,December
304554,202712,Current,52128,1070.0,42743,Mutual Fund,2024-10-09,2024,10,October
304555,207458,Current,50707,3873.0,46554,Mutual Fund,2022-04-03,2022,4,April
304556,206879,Current,71379,1721.0,45167,Mutual Fund,2023-03-03,2023,3,March
304557,204535,Business,59437,624.0,4332,Recurring Deposit,2023-04-17,2023,4,April
304558,203109,Current,2942,3937.0,27935,Recurring Deposit,2024-10-21,2024,10,October
304559,204204,Business,56841,4527.0,43270,Recurring Deposit,2023-07-08,2023,7,July
304560,202477,Current,23040,1519.812016708452,33506,Recurring Deposit,2024-12-13,2024,12,December
304561,209636,Current,57202,4839.0,14401,Recurring Deposit,2023-05-22,2023,5,May
304562,206489,Business,78359,1161.0,43240,Recurring Deposit,2024-01-08,2024,1,January
304563,200380,Business,96040,3092.0,37566,Fixed Deposit,2023-10-26,2023,10,October
304564,209719,Current,80717,514.0,38260,Mutual Fund,2023-09-13,2023,9,September
304565,202621,Current,66673,3156.0,39431,Recurring Deposit,2024-03-03,2024,3,March
304566,203581,Savings,94896,3597.0,4524,Mutual Fund,2023-04-16,2023,4,April
304567,205662,Current,34673,533.0,28219,Fixed Deposit,2023-02-22,2023,2,February
304568,203101,Business,33017,3450.0,45338,Fixed Deposit,2024-03-14,2024,3,March
304569,203649,Current,46041,326.0,20547,Fixed Deposit,2023-07-03,2023,7,July
304570,202205,Savings,4259,1951.0,43374,Recurring Deposit,2025-02-04,2025,2,February
304571,203439,Current,19760,1539.0,23907,Recurring Deposit,2024-06-06,2024,6,June
304572,201382,Savings,54292,155.0,20513,Fixed Deposit,2024-11-13,2024,11,November
304573,208814,Business,24401,1722.0,4532,Mutual Fund,2023-11-27,2023,11,November
304574,202771,Business,15216,389.0,21973,Recurring Deposit,2024-09-13,2024,9,September
304575,205522,Current,85003,3466.0,31893,Fixed Deposit,2022-08-26,2022,8,August
304576,206792,Savings,23935,4192.0,12116,Mutual Fund,2022-04-01,2022,4,April
304577,208021,Business,88975,933.0,34287,Recurring Deposit,2024-05-23,2024,5,May
304578,200133,Current,40553,4705.0,27844,Fixed Deposit,2025-01-12,2025,1,January
304579,204796,Business,74091,2807.0,44289,Fixed Deposit,2023-10-23,2023,10,October
304580,205796,Current,71373,369.0,49657,Mutual Fund,2024-08-09,2024,8,August
304581,209467,Savings,44686,1289.0,38677,Fixed Deposit,2024-12-20,2024,12,December
304582,206086,Current,21268,2417.5786138221906,40804,Fixed Deposit,2024-09-28,2024,9,September
304583,206291,Business,23681,1928.0,35433,Mutual Fund,2024-10-22,2024,10,October
304584,208699,Current,43427,4567.0,11218,Fixed Deposit,2023-06-03,2023,6,June
304585,207965,Business,33964,1087.0,20886,Recurring Deposit,2023-06-27,2023,6,June
304586,200529,Savings,82987,3563.0,45521,Fixed Deposit,2025-02-16,2025,2,February
304587,202238,Business,81725,3829.0,45592,Mutual Fund,2022-09-04,2022,9,September
304588,206076,Business,51916,674.0,42401,Recurring Deposit,2024-04-07,2024,4,April
304589,200405,Savings,47197,3894.0,21202,Recurring Deposit,2022-06-28,2022,6,June
304590,204183,Savings,20230,1978.0,6397,Mutual Fund,2023-08-25,2023,8,August
304591,204702,Current,23910,1153.0,17993,Recurring Deposit,2023-05-24,2023,5,May
304592,205552,Savings,92844,4537.0,7623,Recurring Deposit,2024-12-10,2024,12,December
304593,204369,Business,16357,2202.0,31818,Mutual Fund,2023-08-08,2023,8,August
304594,208252,Current,28907,297.0,29075,Mutual Fund,2023-05-25,2023,5,May
304595,208273,Savings,58050,2344.0,43980,Recurring Deposit,2023-04-30,2023,4,April
304596,203779,Business,69808,4161.0,1996,Mutual Fund,2025-01-03,2025,1,January
304597,203974,Savings,79372,298.0,42952,Fixed Deposit,2024-12-27,2024,12,December
304598,205440,Business,62557,969.0,8890,Recurring Deposit,2023-06-28,2023,6,June
304599,207719,Savings,50665,227.7920115554466,30976,Fixed Deposit,2023-01-07,2023,1,January
304600,203110,Current,79512,3675.0,30643,Recurring Deposit,2022-11-08,2022,11,November
304601,204994,Current,35022,803.0,8554,Fixed Deposit,2024-06-01,2024,6,June
304602,208299,Current,45816,558.0,48390,Recurring Deposit,2023-03-29,2023,3,March
304603,207906,Business,22520,2060.0,21203,Recurring Deposit,2022-06-17,2022,6,June
304604,203334,Current,22999,1524.0,42415,Fixed Deposit,2024-10-08,2024,10,October
304605,201021,Current,21391,878.0,9991,Fixed Deposit,2023-12-08,2023,12,December
304606,201880,Current,85274,3007.0,11374,Recurring Deposit,2025-01-10,2025,1,January
304607,203006,Business,54617,3053.0,18604,Fixed Deposit,2023-07-30,2023,7,July
304608,206477,Current,18879,891.0,31219,Fixed Deposit,2025-02-10,2025,2,February
304609,201215,Current,88500,2971.0,27660,Recurring Deposit,2022-10-24,2022,10,October
304610,200320,Savings,87905,2429.0,25858,Fixed Deposit,2022-04-29,2022,4,April
304611,201051,Business,4629,763.0,5180,Recurring Deposit,2025-01-02,2025,1,January
304612,203385,Current,65369,2986.0,23904,Recurring Deposit,2024-05-01,2024,5,May
304613,206161,Current,80212,1871.0,22068,Recurring Deposit,2023-06-23,2023,6,June
304614,203181,Current,7782,391.0,32265,Fixed Deposit,2023-04-28,2023,4,April
304615,204728,Savings,61877,3188.0,10001,Recurring Deposit,2023-12-31,2023,12,December
304616,206955,Savings,9406,4915.0,19239,Recurring Deposit,2023-12-09,2023,12,December
304617,207716,Savings,96830,1909.0,37587,Fixed Deposit,2023-11-14,2023,11,November
304618,201538,Current,70168,4803.0,17376,Recurring Deposit,2022-05-14,2022,5,May
304619,206413,Business,12664,421.0,6679,Fixed Deposit,2024-09-11,2024,9,September
304620,206278,Business,37541,1748.0,10232,Mutual Fund,2024-08-25,2024,8,August
304621,202448,Savings,55538,4691.0,12924,Mutual Fund,2023-01-10,2023,1,January
304622,201518,Current,48058,1521.0,4342,Fixed Deposit,2023-09-05,2023,9,September
304623,205202,Business,14947,1298.0,1537,Recurring Deposit,2023-03-01,2023,3,March
304624,201742,Current,88532,2797.0,43912,Mutual Fund,2025-02-19,2025,2,February
304625,209894,Savings,39763,922.0,40010,Mutual Fund,2024-06-28,2024,6,June
304626,204174,Savings,35522,319.0,32577,Fixed Deposit,2024-12-06,2024,12,December
304627,201331,Current,23524,2785.0,43123,Fixed Deposit,2024-03-29,2024,3,March
304628,209241,Business,46371,1160.2175735956264,34275,Mutual Fund,2025-01-27,2025,1,January
304629,202214,Business,62910,1675.0,35761,Mutual Fund,2023-09-28,2023,9,September
304630,208876,Savings,10824,290.0,8112,Recurring Deposit,2024-05-17,2024,5,May
304631,209758,Current,50075,2783.0,41148,Recurring Deposit,2023-06-30,2023,6,June
304632,200460,Savings,40957,1442.0,24904,Fixed Deposit,2022-12-10,2022,12,December
304633,209255,Business,38964,786.0,28721,Mutual Fund,2025-01-05,2025,1,January
304634,203940,Current,61629,832.0,42900,Recurring Deposit,2024-08-04,2024,8,August
304635,203664,Current,43438,154.7767518706748,48494,Recurring Deposit,2022-12-27,2022,12,December
304636,202221,Savings,2573,2380.0,27874,Fixed Deposit,2023-06-20,2023,6,June
304637,206730,Current,68136,3820.0,10755,Mutual Fund,2022-08-19,2022,8,August
304638,206697,Current,48794,850.0,21263,Mutual Fund,2024-03-21,2024,3,March
304639,203168,Current,75581,750.0,14917,Fixed Deposit,2022-10-05,2022,10,October
304640,208358,Current,60774,184.0,44992,Recurring Deposit,2023-04-26,2023,4,April
304641,206341,Savings,56446,3120.0,31652,Fixed Deposit,2024-08-05,2024,8,August
304642,207782,Current,80230,4219.0,11545,Fixed Deposit,2022-12-30,2022,12,December
304643,206583,Business,17142,4984.0,30036,Mutual Fund,2025-02-08,2025,2,February
304644,200558,Savings,54611,4455.0,14775,Mutual Fund,2023-08-24,2023,8,August
304645,203749,Current,68918,3908.0,2289,Fixed Deposit,2024-12-31,2024,12,December
304646,201553,Savings,68870,4807.0,14080,Recurring Deposit,2022-08-06,2022,8,August
304647,204609,Business,20355,3115.0,35699,Recurring Deposit,2023-03-01,2023,3,March
304648,207784,Current,40337,4440.0,19919,Recurring Deposit,2023-09-23,2023,9,September
304649,205221,Current,81536,2538.0,10427,Fixed Deposit,2023-03-02,2023,3,March
304650,205301,Savings,67336,484.0,30477,Fixed Deposit,2023-07-11,2023,7,July
304651,202461,Savings,96840,552.0,37433,Mutual Fund,2024-01-03,2024,1,January
304652,202538,Savings,54654,1200.0,24260,Fixed Deposit,2023-08-17,2023,8,August
304653,207383,Savings,96028,4827.139199823835,30860,Mutual Fund,2023-10-19,2023,10,October
304654,205891,Savings,89207,4703.0,13730,Recurring Deposit,2023-04-29,2023,4,April
304655,203590,Current,17804,596.0,2904,Fixed Deposit,2024-09-15,2024,9,September
304656,201756,Savings,40146,1634.0,1395,Mutual Fund,2023-06-20,2023,6,June
304657,206896,Savings,34418,353.0,49036,Recurring Deposit,2024-03-10,2024,3,March
304658,202731,Savings,55027,3145.091952025496,45639,Mutual Fund,2022-09-19,2022,9,September
304659,208172,Business,23804,822.7242345624035,28147,Fixed Deposit,2024-03-20,2024,3,March
304660,207372,Current,73081,528.0,6687,Recurring Deposit,2022-06-12,2022,6,June
304661,208679,Savings,53512,2250.0,25420,Recurring Deposit,2024-11-30,2024,11,November
304662,201948,Current,85628,2035.0,3982,Recurring Deposit,2024-09-12,2024,9,September
304663,200368,Current,92545,4636.0,45235,Fixed Deposit,2024-09-07,2024,9,September
304664,200958,Savings,3535,959.0,45000,Fixed Deposit,2024-11-09,2024,11,November
304665,208449,Business,33664,538.0,35103,Fixed Deposit,2022-07-09,2022,7,July
304666,206863,Business,36874,3955.0,31202,Recurring Deposit,2024-03-23,2024,3,March
304667,209827,Current,85340,2419.0,10405,Fixed Deposit,2023-01-17,2023,1,January
304668,207271,Savings,10078,2441.0,45014,Mutual Fund,2024-05-06,2024,5,May
304669,208168,Current,65636,2489.0,43973,Mutual Fund,2022-09-23,2022,9,September
304670,208670,Current,10363,1795.0,22977,Recurring Deposit,2025-02-10,2025,2,February
304671,204335,Savings,72998,4044.0,4585,Mutual Fund,2023-11-03,2023,11,November
304672,202415,Business,54864,1594.0,38504,Mutual Fund,2024-06-21,2024,6,June
304673,207458,Current,93926,2170.0,18758,Fixed Deposit,2023-06-27,2023,6,June
304674,203569,Current,99546,2748.0,26068,Recurring Deposit,2023-12-22,2023,12,December
304675,208479,Current,34675,1085.0,38731,Fixed Deposit,2022-06-12,2022,6,June
304676,209878,Current,83463,1159.0,46063,Mutual Fund,2022-11-10,2022,11,November
304677,204229,Current,62536,533.0,34710,Mutual Fund,2022-10-20,2022,10,October
304678,205916,Savings,30662,2757.0,32050,Mutual Fund,2023-01-26,2023,1,January
304679,205950,Business,27592,1740.0,16577,Recurring Deposit,2023-09-04,2023,9,September
304680,209669,Savings,8421,999.0,31042,Mutual Fund,2023-12-16,2023,12,December
304681,204320,Savings,24927,3975.0,49929,Mutual Fund,2024-08-21,2024,8,August
304682,202684,Savings,43170,2594.0,43697,Recurring Deposit,2024-02-29,2024,2,February
304683,202031,Business,55547,1847.0,25058,Fixed Deposit,2022-10-29,2022,10,October
304684,202896,Savings,7948,5705.704542665246,10977,Recurring Deposit,2023-07-25,2023,7,July
304685,200899,Business,83038,4255.0,47438,Recurring Deposit,2022-12-26,2022,12,December
304686,204921,Current,1203,2801.0,11572,Fixed Deposit,2022-07-24,2022,7,July
304687,206046,Current,82241,2530.0,12979,Recurring Deposit,2024-04-16,2024,4,April
304688,207061,Savings,64521,2719.0,23608,Fixed Deposit,2023-08-19,2023,8,August
304689,200410,Current,69101,2596.0,49707,Mutual Fund,2024-11-25,2024,11,November
304690,208565,Current,34325,1700.0,31783,Recurring Deposit,2022-12-20,2022,12,December
304691,204179,Current,80564,4098.0,8782,Fixed Deposit,2023-07-20,2023,7,July
304692,200481,Savings,37470,3273.0,25360,Recurring Deposit,2024-11-30,2024,11,November
304693,207510,Savings,86074,3577.0,37435,Fixed Deposit,2022-06-19,2022,6,June
304694,208171,Business,15308,1248.0,4655,Fixed Deposit,2022-03-28,2022,3,March
304695,200271,Current,84094,3109.0,47562,Fixed Deposit,2024-02-21,2024,2,February
304696,203535,Savings,52313,2151.0,28100,Mutual Fund,2023-05-19,2023,5,May
304697,204614,Current,27175,3541.0,9494,Recurring Deposit,2023-02-09,2023,2,February
304698,203074,Savings,42567,316.0,44790,Fixed Deposit,2022-12-07,2022,12,December
304699,209952,Business,6291,571.0,36887,Mutual Fund,2024-09-01,2024,9,September
304700,209008,Business,9202,3627.0,26039,Mutual Fund,2022-11-22,2022,11,November
304701,208179,Savings,59947,2064.0,17038,Fixed Deposit,2024-04-19,2024,4,April
304702,200796,Current,58660,2496.0,9479,Mutual Fund,2022-08-04,2022,8,August
304703,208166,Business,21023,2408.0,24557,Recurring Deposit,2022-10-08,2022,10,October
304704,207555,Savings,87706,4533.0,43327,Recurring Deposit,2024-10-30,2024,10,October
304705,202534,Business,87078,4658.0,28999,Recurring Deposit,2024-01-23,2024,1,January
304706,201191,Savings,98510,2603.0467834778547,31097,Fixed Deposit,2024-11-29,2024,11,November
304707,200936,Business,66309,869.0,5971,Fixed Deposit,2024-01-17,2024,1,January
304708,206097,Savings,54257,4034.0,43441,Fixed Deposit,2023-12-07,2023,12,December
304709,200022,Business,95706,4092.0,23236,Recurring Deposit,2024-01-16,2024,1,January
304710,203203,Business,4031,3424.0,23024,Recurring Deposit,2024-03-31,2024,3,March
304711,200451,Savings,77694,541.0,40820,Mutual Fund,2023-11-06,2023,11,November
304712,200273,Business,14824,3449.0,49370,Fixed Deposit,2022-03-28,2022,3,March
304713,201024,Savings,80407,1138.0,49740,Fixed Deposit,2022-05-18,2022,5,May
304714,208357,Business,81027,3729.0,43631,Mutual Fund,2024-06-27,2024,6,June
304715,206553,Business,60563,3643.0,45212,Mutual Fund,2023-01-24,2023,1,January
304716,208488,Savings,87252,482.0,2769,Fixed Deposit,2023-10-21,2023,10,October
304717,207856,Business,21290,1373.0,40939,Recurring Deposit,2022-04-11,2022,4,April
304718,208020,Business,19817,1163.0,32177,Recurring Deposit,2023-08-03,2023,8,August
304719,207796,Savings,68176,337.0,9973,Fixed Deposit,2024-06-22,2024,6,June
304720,209128,Current,62189,937.0,33792,Recurring Deposit,2023-01-11,2023,1,January
304721,208287,Savings,33937,4117.0,32400,Fixed Deposit,2022-04-17,2022,4,April
304722,200570,Current,68344,4241.0,30133,Fixed Deposit,2025-02-04,2025,2,February
304723,208332,Business,42380,171.0,26801,Recurring Deposit,2022-03-27,2022,3,March
304724,205436,Current,11155,4999.0,7789,Recurring Deposit,2024-11-18,2024,11,November
304725,206706,Current,77071,2459.0,2796,Fixed Deposit,2023-04-11,2023,4,April
304726,200766,Savings,53436,3823.0,38780,Fixed Deposit,2023-03-07,2023,3,March
304727,201626,Current,12947,1064.0,45208,Fixed Deposit,2025-03-02,2025,3,March
304728,209024,Current,53382,688.0,3966,Fixed Deposit,2023-09-06,2023,9,September
304729,206320,Business,96819,3930.943321341784,23564,Mutual Fund,2023-07-18,2023,7,July
304730,204710,Savings,27844,4207.0,36922,Mutual Fund,2022-10-07,2022,10,October
304731,200653,Savings,63348,4483.0,44828,Fixed Deposit,2022-08-27,2022,8,August
304732,208333,Current,75201,4745.0,26776,Fixed Deposit,2023-11-06,2023,11,November
304733,205834,Business,21960,4640.0,8379,Recurring Deposit,2024-05-10,2024,5,May
304734,205624,Savings,31483,4157.0,46694,Fixed Deposit,2024-09-20,2024,9,September
304735,206042,Business,12950,2657.0,23419,Fixed Deposit,2023-07-09,2023,7,July
304736,202877,Current,11432,947.0,31474,Recurring Deposit,2022-12-05,2022,12,December
304737,204606,Current,57115,2504.0,26166,Recurring Deposit,2022-06-30,2022,6,June
304738,203525,Savings,5414,4019.0,23623,Fixed Deposit,2022-05-31,2022,5,May
304739,205394,Current,83557,4577.0,43122,Recurring Deposit,2023-06-27,2023,6,June
304740,204555,Business,33007,4074.0,8411,Mutual Fund,2023-06-15,2023,6,June
304741,209382,Business,27872,163.0,38084,Mutual Fund,2024-02-27,2024,2,February
304742,207155,Current,63216,3802.0,26063,Mutual Fund,2024-06-06,2024,6,June
304743,200383,Current,78846,4320.0,1294,Mutual Fund,2024-10-02,2024,10,October
304744,202198,Business,40675,986.0,22055,Mutual Fund,2024-06-12,2024,6,June
304745,205367,Current,53129,861.0,34326,Mutual Fund,2023-08-27,2023,8,August
304746,200570,Current,12510,1609.0,15170,Mutual Fund,2024-01-23,2024,1,January
304747,202642,Current,48061,4337.0,14447,Recurring Deposit,2025-02-19,2025,2,February
304748,205221,Business,63972,136.0,30019,Recurring Deposit,2022-10-14,2022,10,October
304749,203731,Current,14549,4779.0,45847,Recurring Deposit,2023-09-04,2023,9,September
304750,202988,Business,1701,2093.0,9658,Recurring Deposit,2024-04-20,2024,4,April
304751,209263,Savings,20455,1796.0,29124,Recurring Deposit,2023-09-30,2023,9,September
304752,206474,Current,9918,456.0,37853,Mutual Fund,2023-01-07,2023,1,January
304753,200761,Current,69160,1015.0,31825,Fixed Deposit,2022-12-02,2022,12,December
304754,207402,Current,9141,2983.0,38737,Fixed Deposit,2023-12-07,2023,12,December
304755,200927,Savings,47771,2646.0,37817,Recurring Deposit,2022-04-19,2022,4,April
304756,202144,Current,69208,288.0,15717,Fixed Deposit,2023-03-10,2023,3,March
304757,201798,Business,20493,3026.0,27849,Fixed Deposit,2023-03-04,2023,3,March
304758,207518,Current,83809,3385.0,25178,Mutual Fund,2022-10-10,2022,10,October
304759,207597,Business,13199,603.0,5498,Mutual Fund,2023-02-12,2023,2,February
304760,204247,Business,48473,1830.0,9279,Fixed Deposit,2022-04-24,2022,4,April
304761,200450,Business,59119,339.0,31945,Mutual Fund,2024-09-22,2024,9,September
304762,209009,Business,21255,3682.0,15303,Mutual Fund,2024-05-12,2024,5,May
304763,206391,Business,76457,3063.0,3369,Fixed Deposit,2022-12-08,2022,12,December
304764,209146,Current,62871,335.0,8743,Mutual Fund,2022-09-28,2022,9,September
304765,204580,Current,28916,2237.0,23367,Recurring Deposit,2023-10-11,2023,10,October
304766,206585,Current,3170,250.0,14420,Recurring Deposit,2024-12-25,2024,12,December
304767,203885,Business,24578,3440.0,5476,Fixed Deposit,2022-05-18,2022,5,May
304768,202547,Savings,19093,2611.0,24485,Fixed Deposit,2023-10-24,2023,10,October
304769,203032,Current,60974,1232.0,20380,Recurring Deposit,2024-12-09,2024,12,December
304770,203739,Current,14140,2123.0,45232,Mutual Fund,2023-04-22,2023,4,April
304771,201209,Current,57636,663.0,17278,Fixed Deposit,2024-06-28,2024,6,June
304772,209020,Business,63535,453.0,32094,Mutual Fund,2024-11-13,2024,11,November
304773,204022,Current,70568,4939.0,43054,Mutual Fund,2022-06-04,2022,6,June
304774,207667,Business,87160,2367.0,45420,Fixed Deposit,2024-09-28,2024,9,September
304775,200984,Current,67844,1662.0,49423,Recurring Deposit,2022-06-03,2022,6,June
304776,209761,Current,11149,1958.0,14471,Recurring Deposit,2025-01-12,2025,1,January
304777,204644,Business,57498,2250.0,47439,Recurring Deposit,2022-09-04,2022,9,September
304778,209727,Business,6162,3128.6939574242765,22250,Recurring Deposit,2024-12-30,2024,12,December
304779,205928,Current,75951,808.0,49573,Recurring Deposit,2022-04-20,2022,4,April
304780,206354,Business,93935,4866.0,8335,Recurring Deposit,2022-06-03,2022,6,June
304781,205205,Business,30080,1721.0,20292,Mutual Fund,2025-02-24,2025,2,February
304782,205624,Business,16593,998.0,36756,Recurring Deposit,2022-09-16,2022,9,September
304783,206351,Savings,96733,2984.0,34253,Fixed Deposit,2023-12-28,2023,12,December
304784,209177,Business,6243,5005.563951005801,29333,Fixed Deposit,2024-02-09,2024,2,February
304785,204867,Business,27934,1861.0,15153,Recurring Deposit,2023-11-01,2023,11,November
304786,202672,Savings,27796,3442.0,16538,Recurring Deposit,2022-09-28,2022,9,September
304787,207771,Business,77250,3838.0,7349,Fixed Deposit,2024-07-18,2024,7,July
304788,205877,Savings,80061,4784.0,43674,Fixed Deposit,2023-04-17,2023,4,April
304789,202906,Current,7978,3317.0,24518,Fixed Deposit,2024-03-26,2024,3,March
304790,202051,Current,73504,2157.0,9068,Recurring Deposit,2025-03-15,2025,3,March
304791,208687,Current,98840,551.0,43450,Fixed Deposit,2022-11-13,2022,11,November
304792,206522,Business,59421,3621.0,40968,Recurring Deposit,2023-02-03,2023,2,February
304793,204451,Savings,31192,2583.0,35945,Recurring Deposit,2025-03-04,2025,3,March
304794,204563,Current,38399,3484.0,23133,Recurring Deposit,2025-02-18,2025,2,February
304795,204533,Business,97829,4881.0,22084,Recurring Deposit,2024-11-24,2024,11,November
304796,204059,Current,92936,930.0,13369,Fixed Deposit,2022-04-04,2022,4,April
304797,209019,Current,73290,3633.0,29781,Mutual Fund,2023-07-01,2023,7,July
304798,207708,Current,87823,816.2069698723647,41969,Mutual Fund,2024-01-03,2024,1,January
304799,204796,Business,21636,410.0,44749,Mutual Fund,2025-01-11,2025,1,January
304800,207155,Savings,73711,2205.0,42685,Fixed Deposit,2022-08-24,2022,8,August
304801,204141,Savings,2295,161.0,15874,Fixed Deposit,2025-01-13,2025,1,January
304802,204704,Savings,84834,1096.0,3708,Recurring Deposit,2024-06-06,2024,6,June
304803,204144,Savings,5512,4470.0,22631,Mutual Fund,2023-05-14,2023,5,May
304804,202167,Business,72999,4276.0,18889,Fixed Deposit,2024-11-12,2024,11,November
304805,203145,Business,84198,531.0,7412,Recurring Deposit,2024-10-16,2024,10,October
304806,209215,Business,66162,3403.0,5519,Recurring Deposit,2025-03-13,2025,3,March
304807,207274,Current,84100,1584.0,37366,Recurring Deposit,2022-10-20,2022,10,October
304808,209011,Savings,45140,3576.0,46786,Recurring Deposit,2023-12-31,2023,12,December
304809,209798,Business,31807,3790.0,14179,Recurring Deposit,2022-08-30,2022,8,August
304810,205651,Current,44713,379.0,45911,Recurring Deposit,2024-05-23,2024,5,May
304811,209884,Current,84972,4865.0,1425,Fixed Deposit,2024-11-04,2024,11,November
304812,201362,Current,57023,3070.0,34430,Recurring Deposit,2022-09-19,2022,9,September
304813,200458,Savings,43420,4119.0,36647,Fixed Deposit,2023-06-03,2023,6,June
304814,204785,Business,35347,2776.0,19797,Fixed Deposit,2022-09-14,2022,9,September
304815,203701,Current,30934,1843.0,45130,Mutual Fund,2022-09-02,2022,9,September
304816,207054,Business,63598,4199.0,7453,Mutual Fund,2024-05-02,2024,5,May
304817,203742,Current,96198,3600.0,43503,Recurring Deposit,2023-01-23,2023,1,January
304818,203127,Current,15301,796.0,16350,Recurring Deposit,2024-10-22,2024,10,October
304819,202042,Business,19943,995.0,3144,Mutual Fund,2023-01-25,2023,1,January
304820,200239,Current,38445,4420.0,17966,Recurring Deposit,2023-05-03,2023,5,May
304821,204933,Current,48940,720.0,6091,Fixed Deposit,2024-06-10,2024,6,June
304822,204763,Current,60982,1981.0,45522,Fixed Deposit,2023-01-28,2023,1,January
304823,203663,Savings,73090,970.0,13684,Recurring Deposit,2023-09-28,2023,9,September
304824,209329,Current,75293,2151.0,34950,Mutual Fund,2025-03-17,2025,3,March
304825,207712,Savings,59568,2052.0,24671,Recurring Deposit,2023-12-17,2023,12,December
304826,201000,Savings,89445,4629.0,14617,Mutual Fund,2023-06-22,2023,6,June
304827,201455,Business,89854,1284.0908935801278,42286,Fixed Deposit,2022-11-25,2022,11,November
304828,205621,Savings,45217,3991.0,7549,Mutual Fund,2022-05-21,2022,5,May
304829,209586,Current,29304,4718.0,27547,Mutual Fund,2024-07-19,2024,7,July
304830,205694,Savings,14940,3302.0,36298,Recurring Deposit,2024-04-30,2024,4,April
304831,209753,Business,43582,3457.0,30186,Mutual Fund,2023-02-06,2023,2,February
304832,209661,Business,40526,4660.0,49831,Mutual Fund,2025-02-22,2025,2,February
304833,204700,Current,57622,4676.0,11260,Fixed Deposit,2024-04-05,2024,4,April
304834,204295,Savings,84420,3316.0,3296,Mutual Fund,2023-08-16,2023,8,August
304835,207786,Savings,40226,266.0,12852,Recurring Deposit,2023-03-20,2023,3,March
304836,205366,Business,12878,388.0,23880,Fixed Deposit,2022-03-25,2022,3,March
304837,201907,Business,61844,978.0,12171,Mutual Fund,2022-04-09,2022,4,April
304838,203588,Business,62805,1573.0,3313,Mutual Fund,2025-01-27,2025,1,January
304839,207983,Business,77861,1768.0,27339,Fixed Deposit,2022-08-06,2022,8,August
304840,208656,Business,13940,3847.0,5497,Mutual Fund,2022-09-08,2022,9,September
304841,201257,Savings,98547,3430.0,43718,Fixed Deposit,2024-08-28,2024,8,August
304842,202207,Savings,2537,4043.0,28372,Fixed Deposit,2025-01-23,2025,1,January
304843,208971,Savings,63645,259.0,22760,Recurring Deposit,2024-04-26,2024,4,April
304844,207267,Current,53234,1543.310661501984,10118,Mutual Fund,2022-11-07,2022,11,November
304845,200555,Current,64727,1882.0,41911,Fixed Deposit,2022-08-07,2022,8,August
304846,208160,Current,46424,4174.0,9741,Fixed Deposit,2024-05-23,2024,5,May
304847,206825,Savings,94773,3645.0,24115,Recurring Deposit,2022-07-15,2022,7,July
304848,203092,Savings,64893,2100.0,24535,Recurring Deposit,2022-08-25,2022,8,August
304849,201273,Current,1212,3487.0,11154,Recurring Deposit,2023-04-22,2023,4,April
304850,201212,Savings,76884,3766.0,43026,Fixed Deposit,2024-12-15,2024,12,December
304851,208985,Business,17560,2222.0,32794,Fixed Deposit,2023-03-15,2023,3,March
304852,202719,Current,19468,874.0,49220,Recurring Deposit,2024-02-28,2024,2,February
304853,206659,Savings,47883,4592.0,42915,Recurring Deposit,2023-06-23,2023,6,June
304854,201062,Business,33746,726.0,3873,Recurring Deposit,2023-05-05,2023,5,May
304855,207163,Current,6808,764.0,27315,Recurring Deposit,2024-03-11,2024,3,March
304856,200700,Savings,30241,2287.0,28652,Fixed Deposit,2022-06-06,2022,6,June
304857,206489,Savings,73962,1881.4822902260687,49385,Recurring Deposit,2022-08-23,2022,8,August
304858,208494,Business,75689,2670.0,4515,Fixed Deposit,2022-12-17,2022,12,December
304859,205249,Current,51138,714.0,39795,Recurring Deposit,2022-05-21,2022,5,May
304860,206611,Savings,38024,4611.0,17942,Mutual Fund,2023-06-15,2023,6,June
304861,206977,Business,21478,3948.0,42525,Mutual Fund,2023-10-01,2023,10,October
304862,208367,Savings,20345,4364.0,9157,Fixed Deposit,2025-02-04,2025,2,February
304863,206337,Savings,76695,2403.1687815919554,34826,Recurring Deposit,2023-07-19,2023,7,July
304864,202991,Current,78898,4027.0,41494,Recurring Deposit,2024-01-11,2024,1,January
304865,203857,Current,51374,2104.0,11619,Recurring Deposit,2022-09-17,2022,9,September
304866,209394,Savings,47769,720.0,42488,Recurring Deposit,2022-08-15,2022,8,August
304867,205871,Savings,40459,1160.0,13674,Mutual Fund,2022-05-31,2022,5,May
304868,202691,Current,49922,3304.0,15267,Fixed Deposit,2022-04-05,2022,4,April
304869,204176,Savings,86909,4204.0,29614,Mutual Fund,2022-10-21,2022,10,October
304870,204502,Savings,41222,4380.0,28475,Mutual Fund,2025-01-14,2025,1,January
304871,201204,Savings,63887,1193.0,20453,Recurring Deposit,2024-12-20,2024,12,December
304872,201292,Business,6951,2379.0,10547,Fixed Deposit,2022-12-10,2022,12,December
304873,201593,Business,79533,2005.0,27630,Fixed Deposit,2023-08-13,2023,8,August
304874,202238,Current,18780,2940.031531507624,18884,Mutual Fund,2023-09-27,2023,9,September
304875,200553,Savings,68380,947.0,28509,Mutual Fund,2024-01-29,2024,1,January
304876,206499,Savings,62237,2777.0,29989,Recurring Deposit,2024-11-10,2024,11,November
304877,203933,Business,73629,4532.0,37473,Fixed Deposit,2023-05-11,2023,5,May
304878,203173,Current,23470,1817.0,40804,Mutual Fund,2022-08-12,2022,8,August
304879,207119,Current,62317,3329.0,28665,Mutual Fund,2023-10-20,2023,10,October
304880,208864,Savings,30365,2844.0,37609,Mutual Fund,2023-09-04,2023,9,September
304881,202414,Savings,96808,238.0,1687,Recurring Deposit,2022-12-30,2022,12,December
304882,205831,Business,43981,299.0,29682,Recurring Deposit,2022-09-13,2022,9,September
304883,205504,Business,19601,2454.0,31333,Fixed Deposit,2023-12-03,2023,12,December
304884,201689,Current,62439,3747.0,49090,Recurring Deposit,2023-12-02,2023,12,December
304885,208143,Business,99027,2888.0,39034,Fixed Deposit,2024-02-28,2024,2,February
304886,203952,Business,94770,3684.0,17215,Mutual Fund,2023-05-17,2023,5,May
304887,206182,Current,98755,1212.0,24436,Fixed Deposit,2023-11-10,2023,11,November
304888,209527,Current,33679,3007.0,20973,Fixed Deposit,2025-02-24,2025,2,February
304889,201133,Current,3333,1472.0,49292,Mutual Fund,2024-04-01,2024,4,April
304890,204281,Savings,69630,4601.0,5216,Mutual Fund,2024-01-05,2024,1,January
304891,206102,Savings,87795,3572.0,26664,Recurring Deposit,2024-12-22,2024,12,December
304892,201344,Business,28126,4464.0,3355,Mutual Fund,2022-12-05,2022,12,December
304893,201980,Business,91715,435.0,4301,Mutual Fund,2022-09-12,2022,9,September
304894,208252,Business,29317,2518.0,4901,Mutual Fund,2022-10-12,2022,10,October
304895,208040,Savings,91234,687.0,24581,Mutual Fund,2025-03-06,2025,3,March
304896,203413,Savings,7758,4435.0,38975,Recurring Deposit,2022-06-20,2022,6,June
304897,201891,Current,35063,906.0,16080,Mutual Fund,2022-11-23,2022,11,November
304898,205248,Current,26757,928.0,12045,Fixed Deposit,2022-08-29,2022,8,August
304899,209791,Savings,36395,2994.0,32450,Fixed Deposit,2023-12-27,2023,12,December
304900,207742,Savings,68278,3331.0,47365,Mutual Fund,2024-09-23,2024,9,September
304901,203356,Savings,72193,3684.0,3173,Fixed Deposit,2024-04-08,2024,4,April
304902,201938,Business,90724,1200.1492655538234,38512,Recurring Deposit,2024-08-20,2024,8,August
304903,207722,Current,38389,2182.0,1612,Mutual Fund,2025-02-06,2025,2,February
304904,209797,Business,55968,823.0,17290,Mutual Fund,2024-01-30,2024,1,January
304905,207423,Current,88694,4866.0,1843,Recurring Deposit,2022-12-27,2022,12,December
304906,205142,Savings,3063,3063.0,26419,Mutual Fund,2024-10-25,2024,10,October
304907,200768,Business,31970,3986.0,46048,Mutual Fund,2023-10-31,2023,10,October
304908,201084,Current,97010,2171.0,19332,Recurring Deposit,2023-09-29,2023,9,September
304909,208398,Business,30450,2647.0,42172,Fixed Deposit,2024-10-25,2024,10,October
304910,204888,Savings,70792,429.0,26232,Mutual Fund,2022-05-04,2022,5,May
304911,207299,Current,37097,604.0,15113,Mutual Fund,2025-02-16,2025,2,February
304912,204972,Savings,57864,2908.0,26689,Mutual Fund,2022-10-09,2022,10,October
304913,200758,Current,88938,3142.0,18297,Fixed Deposit,2024-04-09,2024,4,April
304914,205257,Business,58683,2529.0,35405,Recurring Deposit,2024-04-17,2024,4,April
304915,206465,Current,17153,6528.357662037747,35392,Recurring Deposit,2022-09-12,2022,9,September
304916,207052,Business,50953,2240.0,24475,Mutual Fund,2023-12-19,2023,12,December
304917,201626,Savings,53301,1324.0,17609,Recurring Deposit,2024-02-03,2024,2,February
304918,205096,Savings,74139,3291.0,46691,Fixed Deposit,2022-05-31,2022,5,May
304919,200125,Current,79684,4845.0,21529,Fixed Deposit,2022-06-27,2022,6,June
304920,207408,Savings,74969,3939.0,5655,Mutual Fund,2023-05-01,2023,5,May
304921,206281,Current,61359,1056.0,14612,Recurring Deposit,2025-01-01,2025,1,January
304922,203317,Business,52098,3685.0,35894,Fixed Deposit,2023-07-22,2023,7,July
304923,205357,Current,35247,3450.0,41641,Fixed Deposit,2022-04-09,2022,4,April
304924,205422,Current,63278,949.0,39742,Fixed Deposit,2025-03-19,2025,3,March
304925,202568,Current,49330,1053.0,18964,Fixed Deposit,2025-02-06,2025,2,February
304926,201069,Savings,85339,4590.0,26413,Recurring Deposit,2024-06-13,2024,6,June
304927,203195,Business,63694,2504.0,4873,Mutual Fund,2024-09-01,2024,9,September
304928,207235,Current,9797,4187.0,30305,Recurring Deposit,2024-08-14,2024,8,August
304929,205443,Business,33757,3524.0,49301,Mutual Fund,2023-03-03,2023,3,March
304930,200643,Savings,81358,1159.0,7590,Fixed Deposit,2025-01-24,2025,1,January
304931,207528,Current,6296,2076.0,10814,Fixed Deposit,2023-08-28,2023,8,August
304932,200748,Current,92438,4667.0,12854,Fixed Deposit,2024-06-04,2024,6,June
304933,203796,Business,65148,3004.0,23145,Mutual Fund,2024-06-10,2024,6,June
304934,205000,Business,2940,2426.0,7949,Recurring Deposit,2025-02-22,2025,2,February
304935,201773,Business,4270,4633.0,38720,Fixed Deposit,2025-03-13,2025,3,March
304936,207577,Current,26811,1698.0,22483,Mutual Fund,2024-11-05,2024,11,November
304937,204919,Current,12580,3897.0,12835,Fixed Deposit,2022-08-15,2022,8,August
304938,209264,Business,78554,4228.0,28210,Mutual Fund,2024-01-22,2024,1,January
304939,202748,Business,93045,786.0,17924,Recurring Deposit,2025-01-11,2025,1,January
304940,200520,Business,57211,1654.0,6188,Fixed Deposit,2023-04-11,2023,4,April
304941,204489,Savings,92652,1029.0,47756,Fixed Deposit,2024-04-07,2024,4,April
304942,204191,Current,54406,1597.0,13883,Recurring Deposit,2023-09-09,2023,9,September
304943,208276,Business,66213,2151.0,24887,Fixed Deposit,2025-01-15,2025,1,January
304944,201059,Savings,96627,1220.0,14310,Recurring Deposit,2025-02-03,2025,2,February
304945,200415,Current,50345,2606.0,1340,Recurring Deposit,2024-12-11,2024,12,December
304946,206087,Savings,28161,3925.0,35468,Fixed Deposit,2023-11-08,2023,11,November
304947,204316,Business,55339,3299.0,2721,Mutual Fund,2022-11-06,2022,11,November
304948,203901,Savings,65029,792.0,11806,Recurring Deposit,2024-08-04,2024,8,August
304949,201342,Savings,2505,1756.0,27132,Fixed Deposit,2024-10-28,2024,10,October
304950,202492,Business,16332,1017.0,39363,Recurring Deposit,2022-06-13,2022,6,June
304951,204414,Business,88315,4613.0,7535,Mutual Fund,2022-04-08,2022,4,April
304952,204611,Current,77481,516.0,2374,Mutual Fund,2024-12-14,2024,12,December
304953,201079,Savings,59988,2684.0,16508,Recurring Deposit,2022-11-19,2022,11,November
304954,208761,Business,31114,3281.0,37674,Mutual Fund,2024-05-14,2024,5,May
304955,204857,Business,45366,4501.0,22690,Recurring Deposit,2024-03-19,2024,3,March
304956,208500,Business,40730,2486.0,21820,Mutual Fund,2024-04-29,2024,4,April
304957,204113,Current,50903,2593.6682305952268,16580,Fixed Deposit,2022-12-02,2022,12,December
304958,202872,Savings,46325,171.0,8967,Mutual Fund,2022-07-15,2022,7,July
304959,209381,Business,53131,1936.0,20129,Mutual Fund,2024-04-22,2024,4,April
304960,204947,Savings,18204,3287.0,9816,Recurring Deposit,2023-08-01,2023,8,August
304961,208345,Business,88733,2989.0,29825,Fixed Deposit,2023-03-30,2023,3,March
304962,208301,Business,10205,4735.0,2548,Fixed Deposit,2023-08-17,2023,8,August
304963,208529,Savings,11686,1817.0,49910,Mutual Fund,2023-05-27,2023,5,May
304964,206060,Savings,85701,3357.0,37353,Fixed Deposit,2022-06-07,2022,6,June
304965,200506,Current,54227,862.0,1240,Fixed Deposit,2024-05-16,2024,5,May
304966,203065,Current,91625,3054.0,11400,Mutual Fund,2023-03-01,2023,3,March
304967,209998,Savings,48572,3315.0,8615,Fixed Deposit,2024-07-23,2024,7,July
304968,208163,Business,15195,4447.0,31750,Mutual Fund,2024-12-14,2024,12,December
304969,203217,Current,41404,962.0,18984,Fixed Deposit,2023-10-30,2023,10,October
304970,204894,Savings,94462,4367.0,17078,Fixed Deposit,2023-12-07,2023,12,December
304971,200988,Current,89738,4436.0,31901,Fixed Deposit,2023-03-21,2023,3,March
304972,205368,Savings,75045,4094.0,22094,Recurring Deposit,2022-07-21,2022,7,July
304973,207744,Business,70959,436.0,7772,Mutual Fund,2024-03-03,2024,3,March
304974,208676,Current,35874,4949.0,7286,Fixed Deposit,2024-02-09,2024,2,February
304975,200173,Current,76723,179.0,47419,Fixed Deposit,2024-08-27,2024,8,August
304976,209573,Current,21315,2916.0,34971,Mutual Fund,2024-02-15,2024,2,February
304977,207055,Current,94088,3418.0,25675,Mutual Fund,2022-08-04,2022,8,August
304978,201462,Savings,5477,2270.0,2194,Mutual Fund,2024-05-03,2024,5,May
304979,209245,Savings,3382,2851.0,6899,Fixed Deposit,2024-02-13,2024,2,February
304980,207644,Current,37681,2056.0,8372,Mutual Fund,2023-07-24,2023,7,July
304981,200784,Business,43288,4602.0,48620,Recurring Deposit,2022-09-21,2022,9,September
304982,205657,Savings,46825,3710.0,15314,Fixed Deposit,2024-05-01,2024,5,May
304983,205237,Savings,78954,1992.0,18541,Fixed Deposit,2024-12-29,2024,12,December
304984,205476,Business,15537,3771.0,25381,Mutual Fund,2022-04-17,2022,4,April
304985,208439,Current,67322,2621.0,21908,Mutual Fund,2022-08-27,2022,8,August
304986,201630,Current,75984,4795.0,32594,Recurring Deposit,2023-12-07,2023,12,December
304987,200725,Savings,78749,962.0,9430,Recurring Deposit,2023-12-21,2023,12,December
304988,207149,Business,2018,2876.0,32557,Fixed Deposit,2022-05-15,2022,5,May
304989,207298,Business,57763,278.0,5853,Fixed Deposit,2024-08-02,2024,8,August
304990,203483,Savings,66514,229.0,35634,Mutual Fund,2024-07-20,2024,7,July
304991,202691,Current,79472,1376.0,8874,Mutual Fund,2022-03-21,2022,3,March
304992,207079,Current,18630,1194.0,3005,Recurring Deposit,2022-08-09,2022,8,August
304993,204152,Business,14661,3539.0,21639,Recurring Deposit,2024-10-14,2024,10,October
304994,204526,Business,4300,1210.0,35072,Recurring Deposit,2024-11-06,2024,11,November
304995,202511,Business,56219,960.0,45509,Mutual Fund,2024-12-05,2024,12,December
304996,204257,Business,23539,3777.0,49242,Recurring Deposit,2023-07-07,2023,7,July
304997,201964,Business,9410,512.0,2709,Mutual Fund,2024-05-18,2024,5,May
304998,202079,Business,67388,1026.0,2983,Mutual Fund,2024-08-10,2024,8,August
304999,209387,Business,87320,3597.0,48925,Recurring Deposit,2023-02-05,2023,2,February
305000,205101,Business,62685,2853.0,29698,Mutual Fund,2024-12-31,2024,12,December
305001,208330,Business,17566,434.0,44473,Mutual Fund,2025-01-27,2025,1,January
305002,209528,Savings,56925,2144.0,10228,Mutual Fund,2024-02-27,2024,2,February
305003,203027,Current,24948,1651.0,43859,Recurring Deposit,2023-09-01,2023,9,September
305004,209880,Savings,46570,2155.0,33632,Mutual Fund,2023-10-06,2023,10,October
305005,208389,Savings,54183,3723.0,24156,Mutual Fund,2022-06-13,2022,6,June
305006,201444,Business,95423,308.0,29702,Recurring Deposit,2023-03-02,2023,3,March
305007,206275,Business,67783,1880.0,40127,Mutual Fund,2024-02-24,2024,2,February
305008,204633,Business,63564,305.0,42149,Recurring Deposit,2023-08-18,2023,8,August
305009,209484,Savings,18271,2744.0,41694,Recurring Deposit,2024-08-07,2024,8,August
305010,206215,Business,2607,382.0,30988,Mutual Fund,2024-11-07,2024,11,November
305011,204018,Business,15690,1795.0,28285,Mutual Fund,2024-10-07,2024,10,October
305012,208494,Current,9854,1587.0,35144,Fixed Deposit,2024-03-24,2024,3,March
305013,207584,Business,41803,2015.0,29332,Fixed Deposit,2025-01-04,2025,1,January
305014,202026,Current,35504,2266.0,8162,Mutual Fund,2023-10-06,2023,10,October
305015,207375,Savings,49934,2068.0,2641,Recurring Deposit,2024-02-21,2024,2,February
305016,209385,Current,30497,854.0,42165,Recurring Deposit,2022-09-14,2022,9,September
305017,204310,Business,79353,2528.0,41239,Fixed Deposit,2022-08-19,2022,8,August
305018,205235,Business,1624,635.0,28771,Recurring Deposit,2025-01-07,2025,1,January
305019,208335,Current,7325,440.0,28150,Fixed Deposit,2023-02-28,2023,2,February
305020,207479,Current,7942,2826.0,36319,Recurring Deposit,2022-03-24,2022,3,March
305021,203619,Business,11559,1003.0,22017,Mutual Fund,2023-09-02,2023,9,September
305022,206379,Current,54033,4021.0,36605,Recurring Deposit,2023-09-23,2023,9,September
305023,201887,Current,38924,1590.0,6763,Recurring Deposit,2024-11-29,2024,11,November
305024,206991,Business,88150,246.0,33032,Recurring Deposit,2023-06-17,2023,6,June
305025,206839,Savings,80841,3849.0,36908,Fixed Deposit,2024-07-18,2024,7,July
305026,202012,Savings,88790,4623.0,3075,Fixed Deposit,2024-06-08,2024,6,June
305027,201327,Business,24144,3753.0,27750,Recurring Deposit,2023-10-22,2023,10,October
305028,205612,Current,3915,2429.0,18904,Mutual Fund,2025-03-15,2025,3,March
305029,209935,Savings,6480,2239.0,11786,Mutual Fund,2022-09-02,2022,9,September
305030,202830,Current,17736,517.0,48964,Mutual Fund,2022-05-31,2022,5,May
305031,209159,Business,23313,1296.0,27797,Fixed Deposit,2022-12-01,2022,12,December
305032,206030,Current,41914,4488.0,45311,Mutual Fund,2024-04-23,2024,4,April
305033,206292,Savings,76292,1724.0,6213,Fixed Deposit,2022-10-25,2022,10,October
305034,206612,Current,1372,4866.0,1894,Recurring Deposit,2023-12-16,2023,12,December
305035,208326,Savings,90730,203.0,2711,Fixed Deposit,2022-09-03,2022,9,September
305036,204915,Current,11385,678.0,8057,Mutual Fund,2023-04-20,2023,4,April
305037,204114,Savings,54076,3085.0,31474,Recurring Deposit,2024-10-24,2024,10,October
305038,202645,Current,39812,3304.0,47229,Recurring Deposit,2023-01-19,2023,1,January
305039,204236,Savings,11803,3263.0,46924,Recurring Deposit,2023-01-06,2023,1,January
305040,200034,Savings,92177,660.0,31934,Recurring Deposit,2022-09-24,2022,9,September
305041,207810,Business,74011,764.0,39364,Mutual Fund,2023-11-21,2023,11,November
305042,207534,Current,37259,237.0,39008,Recurring Deposit,2023-02-18,2023,2,February
305043,204751,Savings,30918,1779.794874288435,12615,Fixed Deposit,2024-02-28,2024,2,February
305044,204751,Current,86895,3698.0,14113,Recurring Deposit,2023-01-11,2023,1,January
305045,203777,Current,66503,2352.0,28755,Fixed Deposit,2023-08-27,2023,8,August
305046,208016,Business,31927,2334.0,37041,Recurring Deposit,2022-09-04,2022,9,September
305047,203749,Savings,19133,4436.0,19090,Mutual Fund,2023-12-24,2023,12,December
305048,203029,Savings,84969,3738.0,23895,Recurring Deposit,2022-06-01,2022,6,June
305049,204529,Current,67098,2349.0,26989,Fixed Deposit,2024-11-28,2024,11,November
305050,202262,Business,18294,3355.0,23228,Mutual Fund,2025-01-28,2025,1,January
305051,200363,Savings,59727,3944.0,24714,Mutual Fund,2024-09-20,2024,9,September
305052,202514,Savings,65528,3704.7050629278538,23402,Mutual Fund,2022-09-28,2022,9,September
305053,200824,Current,43636,2571.0,3730,Mutual Fund,2024-02-18,2024,2,February
305054,206379,Savings,35997,3411.0,39177,Mutual Fund,2024-02-29,2024,2,February
305055,201146,Current,73930,328.0,30868,Fixed Deposit,2025-01-06,2025,1,January
305056,200597,Savings,81536,278.18607699204205,11028,Recurring Deposit,2024-09-21,2024,9,September
305057,207245,Savings,12977,248.0,30348,Fixed Deposit,2024-05-12,2024,5,May
305058,208795,Business,56404,1975.0,22300,Fixed Deposit,2022-10-16,2022,10,October
305059,209548,Savings,13874,2374.0,40300,Recurring Deposit,2024-05-03,2024,5,May
305060,209463,Savings,75317,482.0,14105,Recurring Deposit,2022-03-27,2022,3,March
305061,203685,Business,68169,2478.0,42919,Recurring Deposit,2024-06-21,2024,6,June
305062,205456,Savings,53651,1575.0,9720,Mutual Fund,2022-06-04,2022,6,June
305063,202120,Current,67179,4605.0,45072,Mutual Fund,2024-07-27,2024,7,July
305064,206973,Current,92289,4849.0,40790,Mutual Fund,2024-01-22,2024,1,January
305065,207693,Business,23144,1514.0619241654415,11750,Mutual Fund,2024-09-14,2024,9,September
305066,209921,Savings,40945,3567.331824188985,22525,Recurring Deposit,2024-04-09,2024,4,April
305067,200233,Business,81483,2247.0,48711,Recurring Deposit,2024-05-18,2024,5,May
305068,209403,Business,29673,1276.0,1794,Recurring Deposit,2022-12-21,2022,12,December
305069,201300,Savings,2564,1482.0,13345,Mutual Fund,2025-02-27,2025,2,February
305070,202466,Savings,77696,2477.0,23686,Recurring Deposit,2024-09-04,2024,9,September
305071,202000,Savings,45502,3363.0,5666,Fixed Deposit,2022-12-15,2022,12,December
305072,208614,Business,23517,3240.0,35563,Recurring Deposit,2022-10-06,2022,10,October
305073,202072,Business,13668,1959.0,45462,Mutual Fund,2022-08-28,2022,8,August
305074,201451,Business,51141,1236.0,48206,Recurring Deposit,2023-11-12,2023,11,November
305075,205306,Savings,30499,3575.0,18578,Fixed Deposit,2025-01-05,2025,1,January
305076,204003,Business,73792,2529.0,39260,Recurring Deposit,2024-10-08,2024,10,October
305077,206255,Business,91892,4238.0,37192,Mutual Fund,2024-10-17,2024,10,October
305078,204736,Savings,24201,4584.0,42822,Mutual Fund,2023-08-02,2023,8,August
305079,200529,Savings,62218,3919.0,33667,Fixed Deposit,2024-05-12,2024,5,May
305080,200931,Business,5605,3136.0,28096,Fixed Deposit,2023-11-08,2023,11,November
305081,207813,Current,88630,209.0,23519,Mutual Fund,2023-12-31,2023,12,December
305082,203786,Business,3598,1027.0,36065,Fixed Deposit,2024-10-22,2024,10,October
305083,209981,Current,60945,953.0,17958,Fixed Deposit,2025-02-28,2025,2,February
305084,205035,Business,69842,1936.0,46968,Recurring Deposit,2023-04-10,2023,4,April
305085,209767,Current,88253,4622.0,24288,Fixed Deposit,2023-05-20,2023,5,May
305086,203101,Savings,84736,3929.0,15430,Mutual Fund,2023-11-29,2023,11,November
305087,209502,Savings,46046,463.0,32331,Fixed Deposit,2023-09-04,2023,9,September
305088,201465,Business,14965,4266.0,39253,Fixed Deposit,2023-06-20,2023,6,June
305089,203510,Savings,41274,1092.0,43730,Fixed Deposit,2024-02-22,2024,2,February
305090,206307,Business,87613,3997.0,44913,Fixed Deposit,2022-10-14,2022,10,October
305091,204430,Business,59582,4735.0,48218,Fixed Deposit,2022-10-21,2022,10,October
305092,209775,Savings,9614,3384.0,21783,Fixed Deposit,2023-12-22,2023,12,December
305093,200589,Current,29445,3894.0,30077,Mutual Fund,2024-10-11,2024,10,October
305094,205462,Business,6565,1430.0,32039,Recurring Deposit,2025-03-12,2025,3,March
305095,207952,Current,36068,2013.0,15046,Mutual Fund,2024-05-24,2024,5,May
305096,202330,Current,53940,3822.0,38277,Recurring Deposit,2023-06-28,2023,6,June
305097,209662,Savings,66694,2036.0,21243,Recurring Deposit,2025-03-14,2025,3,March
305098,203469,Business,28782,1968.0,6645,Mutual Fund,2024-07-18,2024,7,July
305099,209113,Savings,61542,2188.0,27894,Fixed Deposit,2023-07-21,2023,7,July
305100,200170,Business,83677,2454.0,31460,Mutual Fund,2024-07-27,2024,7,July
305101,204298,Current,99588,2926.0,48402,Fixed Deposit,2024-11-27,2024,11,November
305102,205760,Business,26650,1122.0,21792,Recurring Deposit,2023-02-21,2023,2,February
305103,204375,Current,15296,1428.6318532118985,13690,Recurring Deposit,2023-01-27,2023,1,January
305104,200403,Savings,75444,3198.0,6214,Recurring Deposit,2023-02-09,2023,2,February
305105,203527,Savings,20695,2708.0,6348,Fixed Deposit,2024-11-14,2024,11,November
305106,209223,Savings,60252,1561.0,10110,Fixed Deposit,2023-06-15,2023,6,June
305107,209597,Business,92128,2417.0,46419,Recurring Deposit,2025-02-19,2025,2,February
305108,202065,Business,60470,1633.0,49149,Recurring Deposit,2023-09-08,2023,9,September
305109,207669,Savings,49306,2869.0,40133,Mutual Fund,2025-01-28,2025,1,January
305110,209337,Business,84805,3375.0,4311,Fixed Deposit,2022-10-13,2022,10,October
305111,201902,Business,26542,893.0,5075,Recurring Deposit,2024-12-24,2024,12,December
305112,209955,Business,97269,3723.0,36358,Recurring Deposit,2022-12-22,2022,12,December
305113,204690,Current,50245,2393.0,6391,Mutual Fund,2024-05-11,2024,5,May
305114,205516,Business,65591,2411.1073805562,27677,Mutual Fund,2024-07-10,2024,7,July
305115,204584,Savings,60735,601.0,47487,Fixed Deposit,2025-03-03,2025,3,March
305116,206331,Savings,74258,3281.0,38396,Mutual Fund,2024-12-04,2024,12,December
305117,205273,Business,73247,1013.0,34095,Fixed Deposit,2023-08-03,2023,8,August
305118,200123,Current,31100,2916.0,32697,Recurring Deposit,2022-09-16,2022,9,September
305119,207476,Current,45138,2163.0,21805,Recurring Deposit,2023-09-19,2023,9,September
305120,208798,Current,46981,3528.0,9822,Recurring Deposit,2024-08-10,2024,8,August
305121,202921,Savings,15795,3115.0,6789,Mutual Fund,2024-04-05,2024,4,April
305122,209286,Savings,79188,4695.0,13749,Recurring Deposit,2024-09-11,2024,9,September
305123,202151,Business,89487,2085.0,29934,Fixed Deposit,2024-08-23,2024,8,August
305124,202713,Business,99397,2778.0,23787,Recurring Deposit,2025-01-20,2025,1,January
305125,207923,Business,20557,3136.0,6496,Fixed Deposit,2023-12-29,2023,12,December
305126,201715,Current,27133,2625.0,33338,Mutual Fund,2025-01-31,2025,1,January
305127,209895,Business,67454,4070.0,19200,Mutual Fund,2024-06-27,2024,6,June
305128,203459,Business,59985,3435.0,7040,Mutual Fund,2023-06-08,2023,6,June
305129,206894,Business,45246,1375.0,10618,Mutual Fund,2024-01-06,2024,1,January
305130,201889,Business,3517,3701.0,37010,Mutual Fund,2022-04-09,2022,4,April
305131,204656,Business,93349,1725.0,27973,Fixed Deposit,2024-06-10,2024,6,June
305132,201895,Savings,39881,1660.0,8694,Mutual Fund,2022-09-02,2022,9,September
305133,202927,Savings,22962,3445.0,16279,Recurring Deposit,2022-04-29,2022,4,April
305134,202693,Current,71364,3195.0,6916,Recurring Deposit,2023-11-02,2023,11,November
305135,205252,Current,44333,3240.0,5578,Fixed Deposit,2022-11-01,2022,11,November
305136,204241,Current,69111,110.0,31503,Mutual Fund,2022-06-11,2022,6,June
305137,205250,Savings,94307,359.0,49150,Mutual Fund,2025-01-25,2025,1,January
305138,202561,Savings,89083,3181.0,33682,Mutual Fund,2022-06-16,2022,6,June
305139,201826,Business,10133,3757.0,10919,Mutual Fund,2023-01-25,2023,1,January
305140,203506,Current,97101,3055.0,1100,Fixed Deposit,2023-05-09,2023,5,May
305141,204931,Business,64866,2894.0,21777,Fixed Deposit,2022-11-26,2022,11,November
305142,207202,Savings,27347,3262.0,31515,Mutual Fund,2023-06-09,2023,6,June
305143,202475,Business,31010,2627.0,13637,Fixed Deposit,2025-02-14,2025,2,February
305144,206477,Business,89789,122.0,24375,Mutual Fund,2023-04-14,2023,4,April
305145,205417,Business,27271,3355.0,11366,Mutual Fund,2022-11-03,2022,11,November
305146,203184,Business,61048,2705.0,9992,Recurring Deposit,2022-06-25,2022,6,June
305147,204721,Savings,88257,449.0,30018,Fixed Deposit,2025-02-25,2025,2,February
305148,204152,Savings,58807,4781.0,37233,Recurring Deposit,2023-06-22,2023,6,June
305149,203244,Savings,44401,4196.0,41083,Recurring Deposit,2023-01-31,2023,1,January
305150,200693,Savings,61289,2951.0,1062,Fixed Deposit,2024-07-08,2024,7,July
305151,203073,Current,81449,1185.0,41579,Recurring Deposit,2022-05-10,2022,5,May
305152,206599,Current,77013,2767.0,43451,Recurring Deposit,2023-09-29,2023,9,September
305153,203540,Business,2914,4211.0,21622,Recurring Deposit,2024-02-22,2024,2,February
305154,201619,Business,94469,523.0,43254,Mutual Fund,2022-08-27,2022,8,August
305155,203914,Business,10404,3408.0,16166,Recurring Deposit,2024-11-02,2024,11,November
305156,203873,Business,85921,1427.0,26518,Mutual Fund,2025-02-02,2025,2,February
305157,200564,Current,52403,2664.0,13688,Fixed Deposit,2024-08-09,2024,8,August
305158,208687,Savings,18741,2556.0,8635,Mutual Fund,2023-03-04,2023,3,March
305159,208992,Business,2175,1817.0,18661,Mutual Fund,2024-12-20,2024,12,December
305160,200640,Current,55865,576.0,12568,Mutual Fund,2024-08-08,2024,8,August
305161,200162,Current,55808,2092.0,6899,Recurring Deposit,2023-11-15,2023,11,November
305162,204346,Business,38208,1717.0,8690,Fixed Deposit,2023-03-25,2023,3,March
305163,207704,Business,42064,1583.0,4737,Recurring Deposit,2024-05-22,2024,5,May
305164,208835,Current,7424,4624.0,29792,Recurring Deposit,2025-03-06,2025,3,March
305165,204424,Current,45763,2260.0,43863,Mutual Fund,2023-06-10,2023,6,June
305166,204464,Business,46213,2314.0,11584,Recurring Deposit,2025-03-01,2025,3,March
305167,209330,Savings,1950,1791.0,35220,Mutual Fund,2025-01-16,2025,1,January
305168,203708,Savings,51071,3937.0,6072,Fixed Deposit,2022-06-01,2022,6,June
305169,206749,Business,90081,1945.0,1437,Fixed Deposit,2023-11-03,2023,11,November
305170,200137,Business,93391,195.0,41808,Mutual Fund,2023-11-13,2023,11,November
305171,209875,Savings,25446,4471.0,36834,Fixed Deposit,2023-12-28,2023,12,December
305172,207106,Current,34190,2635.0,6696,Recurring Deposit,2025-02-17,2025,2,February
305173,207242,Business,59113,5898.612694720322,42969,Recurring Deposit,2023-07-19,2023,7,July
305174,204251,Business,44535,1327.0,28710,Mutual Fund,2024-07-25,2024,7,July
305175,201058,Savings,8343,3961.0,40449,Fixed Deposit,2022-06-12,2022,6,June
305176,204614,Business,44159,3627.0,37546,Recurring Deposit,2022-04-10,2022,4,April
305177,204277,Current,24681,239.0,18652,Recurring Deposit,2023-04-15,2023,4,April
305178,208361,Current,90126,4761.0,37922,Fixed Deposit,2023-01-30,2023,1,January
305179,205413,Business,54606,3977.0,19041,Recurring Deposit,2024-11-09,2024,11,November
305180,205842,Current,2232,1471.0,2143,Fixed Deposit,2024-02-07,2024,2,February
305181,203903,Current,49570,3010.0,11378,Recurring Deposit,2023-03-06,2023,3,March
305182,207224,Current,25214,1353.0,42378,Fixed Deposit,2024-11-29,2024,11,November
305183,209579,Business,77876,1097.0,36206,Mutual Fund,2025-03-19,2025,3,March
305184,203051,Business,56876,447.0,38984,Recurring Deposit,2024-12-21,2024,12,December
305185,203666,Business,89206,1386.0,4055,Recurring Deposit,2023-10-13,2023,10,October
305186,202760,Current,9251,423.0,20994,Fixed Deposit,2024-09-20,2024,9,September
305187,203835,Savings,40231,2816.0,25668,Mutual Fund,2024-07-17,2024,7,July
305188,201360,Savings,22377,1504.0,44930,Recurring Deposit,2024-10-13,2024,10,October
305189,208614,Savings,66343,1997.0,2118,Fixed Deposit,2023-01-20,2023,1,January
305190,203973,Current,40075,5115.759217475968,40086,Mutual Fund,2023-01-15,2023,1,January
305191,202829,Savings,14526,3765.0,22124,Fixed Deposit,2023-06-20,2023,6,June
305192,200145,Business,56564,3099.0,24777,Fixed Deposit,2024-02-16,2024,2,February
305193,202373,Current,28393,3194.0,32268,Mutual Fund,2022-12-21,2022,12,December
305194,200229,Savings,26463,1874.0,45052,Fixed Deposit,2025-02-13,2025,2,February
305195,205388,Current,23276,2375.0,22849,Recurring Deposit,2022-07-14,2022,7,July
305196,204680,Current,90127,4483.0,22738,Recurring Deposit,2023-01-05,2023,1,January
305197,208049,Business,95159,3524.0,22572,Mutual Fund,2022-12-15,2022,12,December
305198,202665,Current,55719,4894.0,19528,Recurring Deposit,2024-05-27,2024,5,May
305199,203593,Business,79886,2626.0,29457,Mutual Fund,2022-09-22,2022,9,September
305200,202829,Business,9866,500.0,2342,Fixed Deposit,2023-10-27,2023,10,October
305201,203336,Savings,42121,3334.0,21822,Mutual Fund,2022-05-23,2022,5,May
305202,207816,Savings,99194,1977.0,22682,Recurring Deposit,2024-01-15,2024,1,January
305203,201241,Current,62821,413.0,25554,Recurring Deposit,2023-05-28,2023,5,May
305204,205048,Savings,39617,3544.0,42353,Mutual Fund,2024-08-01,2024,8,August
305205,203295,Current,96017,726.0,23112,Recurring Deposit,2023-05-05,2023,5,May
305206,209576,Business,11090,930.0,3281,Mutual Fund,2022-10-09,2022,10,October
305207,203362,Current,44024,2194.0,21516,Recurring Deposit,2022-11-25,2022,11,November
305208,201388,Business,30808,2477.0,48574,Mutual Fund,2024-09-13,2024,9,September
305209,208297,Business,3082,1394.0,19960,Recurring Deposit,2023-04-21,2023,4,April
305210,205752,Current,92339,4315.0,42325,Recurring Deposit,2022-03-29,2022,3,March
305211,201821,Business,6282,1770.0,40459,Mutual Fund,2023-08-16,2023,8,August
305212,208476,Savings,5452,201.0,38018,Recurring Deposit,2024-03-14,2024,3,March
305213,200595,Current,62701,3445.0,17431,Recurring Deposit,2022-11-16,2022,11,November
305214,209254,Savings,76187,1461.0,15502,Fixed Deposit,2022-05-22,2022,5,May
305215,206655,Business,89874,873.0,31656,Fixed Deposit,2022-11-14,2022,11,November
305216,208743,Business,89179,2958.0,40333,Fixed Deposit,2023-08-04,2023,8,August
305217,207877,Current,61999,3868.0,8997,Mutual Fund,2024-10-03,2024,10,October
305218,205784,Business,33194,3744.0,27591,Mutual Fund,2022-06-08,2022,6,June
305219,206884,Savings,65352,1217.0,15122,Recurring Deposit,2024-11-16,2024,11,November
305220,206049,Current,75945,78.59695930773552,35177,Recurring Deposit,2024-11-01,2024,11,November
305221,203605,Current,46473,4787.0,28513,Fixed Deposit,2025-01-12,2025,1,January
305222,209527,Savings,25482,4102.0,4160,Recurring Deposit,2023-07-01,2023,7,July
305223,207287,Business,2489,2730.0,13986,Mutual Fund,2024-04-21,2024,4,April
305224,200695,Business,2690,3021.0,44341,Mutual Fund,2024-08-26,2024,8,August
305225,203044,Current,12760,3145.0,16500,Recurring Deposit,2024-07-22,2024,7,July
305226,201946,Savings,5843,4876.0,44179,Recurring Deposit,2023-09-28,2023,9,September
305227,202722,Current,78797,4149.0,6650,Mutual Fund,2022-07-12,2022,7,July
305228,209715,Current,42407,2543.0,14195,Recurring Deposit,2023-07-27,2023,7,July
305229,209875,Business,40718,3337.0,27683,Mutual Fund,2024-06-14,2024,6,June
305230,201806,Current,10403,3433.0,32265,Fixed Deposit,2023-02-25,2023,2,February
305231,208141,Savings,21688,2528.450163745313,24208,Mutual Fund,2022-12-31,2022,12,December
305232,208301,Savings,43056,3297.0,44464,Mutual Fund,2024-06-06,2024,6,June
305233,208983,Savings,99399,3763.0,47863,Recurring Deposit,2022-07-04,2022,7,July
305234,208125,Savings,50046,1546.0,49711,Fixed Deposit,2024-05-13,2024,5,May
305235,202639,Business,90067,3220.0,14540,Mutual Fund,2022-11-23,2022,11,November
305236,209178,Business,47602,4679.0,1286,Fixed Deposit,2023-12-27,2023,12,December
305237,203883,Business,81899,1981.0,35742,Fixed Deposit,2024-07-11,2024,7,July
305238,203725,Business,87066,1028.330394190122,28999,Recurring Deposit,2024-07-02,2024,7,July
305239,208264,Savings,57613,1416.0,19085,Mutual Fund,2023-12-07,2023,12,December
305240,204973,Savings,38426,313.0,28491,Fixed Deposit,2022-08-10,2022,8,August
305241,202764,Current,51735,1398.0,6471,Fixed Deposit,2023-09-14,2023,9,September
305242,203989,Current,91063,1584.0,6014,Mutual Fund,2023-02-27,2023,2,February
305243,200591,Business,94987,3336.0,20701,Mutual Fund,2023-02-15,2023,2,February
305244,208216,Current,28928,4821.0,14561,Mutual Fund,2025-01-14,2025,1,January
305245,206320,Business,83761,4763.0,24648,Mutual Fund,2023-08-18,2023,8,August
305246,205398,Business,25132,902.0,42469,Fixed Deposit,2023-08-17,2023,8,August
305247,205339,Business,31568,183.0,42881,Fixed Deposit,2023-10-02,2023,10,October
305248,209218,Current,59705,2321.0,41743,Recurring Deposit,2023-06-20,2023,6,June
305249,203899,Current,30558,579.0,6378,Mutual Fund,2023-02-23,2023,2,February
305250,209622,Business,22526,3313.0,35764,Fixed Deposit,2024-11-05,2024,11,November
305251,209760,Savings,38349,1536.0,15554,Fixed Deposit,2024-06-22,2024,6,June
305252,206837,Current,98805,1907.3825670782824,43417,Mutual Fund,2024-03-27,2024,3,March
305253,207320,Savings,4763,4766.0,28162,Mutual Fund,2024-08-09,2024,8,August
305254,209304,Business,91198,4615.0,13587,Recurring Deposit,2024-12-23,2024,12,December
305255,201876,Business,52042,2748.0,48445,Fixed Deposit,2022-04-03,2022,4,April
305256,207670,Current,88864,1589.0,33310,Fixed Deposit,2022-09-15,2022,9,September
305257,200158,Current,22152,2117.0,42674,Fixed Deposit,2025-01-23,2025,1,January
305258,200733,Current,4877,1501.0,12918,Fixed Deposit,2023-09-09,2023,9,September
305259,204454,Business,36264,4463.0,34885,Recurring Deposit,2024-02-11,2024,2,February
305260,202028,Savings,54765,546.6603645184366,14521,Mutual Fund,2023-03-29,2023,3,March
305261,206843,Savings,79298,4928.0,29715,Mutual Fund,2024-12-12,2024,12,December
305262,200764,Current,23009,2779.0,17855,Mutual Fund,2024-10-29,2024,10,October
305263,200191,Current,46547,4372.421177375069,10567,Mutual Fund,2024-11-09,2024,11,November
305264,208435,Current,50797,3847.0,19645,Fixed Deposit,2023-04-03,2023,4,April
305265,207137,Savings,42767,3049.0,37036,Recurring Deposit,2022-05-21,2022,5,May
305266,209125,Current,38016,1740.0,2685,Mutual Fund,2025-02-13,2025,2,February
305267,201100,Current,36314,3272.0,16343,Mutual Fund,2023-08-01,2023,8,August
305268,208924,Business,93996,4802.0,34648,Fixed Deposit,2023-11-03,2023,11,November
305269,204052,Current,13989,3276.0,21402,Mutual Fund,2022-09-13,2022,9,September
305270,208972,Business,1078,3920.0,40078,Mutual Fund,2023-11-10,2023,11,November
305271,200793,Savings,51607,3813.0,5657,Fixed Deposit,2023-04-23,2023,4,April
305272,205098,Current,85389,2282.0,23453,Recurring Deposit,2024-07-07,2024,7,July
305273,208282,Savings,82468,4984.0,36540,Fixed Deposit,2023-06-03,2023,6,June
305274,206711,Savings,37432,1057.0,39882,Recurring Deposit,2022-04-28,2022,4,April
305275,201641,Savings,73976,719.0,32345,Recurring Deposit,2024-05-31,2024,5,May
305276,203358,Savings,81431,3637.0,48755,Recurring Deposit,2023-10-24,2023,10,October
305277,203856,Savings,65544,3596.0,20389,Fixed Deposit,2024-05-27,2024,5,May
305278,208627,Business,74525,4432.0,12620,Fixed Deposit,2024-05-19,2024,5,May
305279,201916,Business,35690,3544.0,9918,Mutual Fund,2024-02-11,2024,2,February
305280,200046,Savings,38976,1618.0,32653,Fixed Deposit,2024-04-15,2024,4,April
305281,208182,Savings,60234,2801.0,16354,Fixed Deposit,2022-05-28,2022,5,May
305282,202354,Current,8827,3636.0,18100,Recurring Deposit,2023-06-24,2023,6,June
305283,200113,Savings,97867,2670.0,47658,Mutual Fund,2024-12-27,2024,12,December
305284,201081,Business,80902,2127.0,31661,Mutual Fund,2023-01-14,2023,1,January
305285,204139,Business,81916,4754.0,35397,Fixed Deposit,2023-07-31,2023,7,July
305286,207150,Business,51815,3262.0,45584,Fixed Deposit,2024-05-27,2024,5,May
305287,208585,Business,19788,2421.0,7850,Fixed Deposit,2022-07-26,2022,7,July
305288,201589,Savings,18592,1414.0,25961,Fixed Deposit,2022-08-17,2022,8,August
305289,207713,Business,24204,3233.0,35106,Recurring Deposit,2022-12-06,2022,12,December
305290,204855,Business,25120,2234.451783879818,7045,Mutual Fund,2024-07-03,2024,7,July
305291,209629,Business,9502,1742.0,9380,Recurring Deposit,2024-06-26,2024,6,June
305292,206030,Current,41606,256.0,18072,Mutual Fund,2022-04-01,2022,4,April
305293,201525,Savings,40446,4054.0,17248,Mutual Fund,2024-11-18,2024,11,November
305294,206567,Business,66130,569.0,28367,Mutual Fund,2022-06-30,2022,6,June
305295,204595,Business,53837,2183.890648102353,9336,Recurring Deposit,2023-02-11,2023,2,February
305296,207445,Savings,79154,1630.0,49697,Mutual Fund,2025-01-25,2025,1,January
305297,205599,Business,88014,4907.0,48816,Recurring Deposit,2024-11-22,2024,11,November
305298,204310,Business,20247,4911.0,34299,Mutual Fund,2023-02-15,2023,2,February
305299,208935,Business,95564,3877.0,43316,Recurring Deposit,2025-02-17,2025,2,February
305300,202165,Current,70510,1532.123057681525,11202,Mutual Fund,2024-01-08,2024,1,January
305301,206704,Business,56394,1841.0,11363,Recurring Deposit,2022-08-29,2022,8,August
305302,209846,Business,28265,4403.0,8225,Fixed Deposit,2023-02-03,2023,2,February
305303,205569,Savings,21730,1221.0,31467,Recurring Deposit,2024-07-03,2024,7,July
305304,205778,Savings,82632,845.0,10818,Fixed Deposit,2025-03-16,2025,3,March
305305,203811,Current,17679,1238.0,1724,Recurring Deposit,2024-01-26,2024,1,January
305306,203469,Savings,48511,2592.0,42762,Fixed Deposit,2024-12-19,2024,12,December
305307,200262,Savings,17329,3562.0,7524,Fixed Deposit,2022-07-11,2022,7,July
305308,204431,Current,61013,2692.0,17539,Recurring Deposit,2025-02-18,2025,2,February
305309,203801,Business,59376,2251.0,16002,Mutual Fund,2022-11-14,2022,11,November
305310,209208,Savings,79457,3576.0,41646,Mutual Fund,2022-04-26,2022,4,April
305311,200983,Savings,27922,3900.0,15513,Mutual Fund,2024-03-03,2024,3,March
305312,207671,Current,57882,2703.0,22985,Mutual Fund,2023-08-18,2023,8,August
305313,201559,Savings,14012,2729.0,45572,Mutual Fund,2022-05-18,2022,5,May
305314,202702,Savings,92085,2525.0,23637,Mutual Fund,2022-08-03,2022,8,August
305315,205686,Business,38425,545.0,25891,Recurring Deposit,2022-07-12,2022,7,July
305316,207521,Current,49331,3924.0,6276,Fixed Deposit,2022-06-13,2022,6,June
305317,204497,Business,47229,1293.0,5152,Recurring Deposit,2022-12-22,2022,12,December
305318,205802,Business,89667,3528.0,38109,Fixed Deposit,2023-04-16,2023,4,April
305319,206628,Business,92145,3112.0,7008,Fixed Deposit,2024-08-03,2024,8,August
305320,208581,Current,59577,3044.0,42788,Recurring Deposit,2022-07-08,2022,7,July
305321,204268,Savings,61098,2561.0,29884,Fixed Deposit,2024-08-30,2024,8,August
305322,204048,Business,78187,2579.0,12963,Recurring Deposit,2023-03-09,2023,3,March
305323,200506,Current,14341,4927.0,46168,Recurring Deposit,2023-04-26,2023,4,April
305324,206287,Savings,92604,2849.0,9513,Mutual Fund,2023-12-14,2023,12,December
305325,200246,Current,27773,186.0,38938,Fixed Deposit,2023-11-13,2023,11,November
305326,206684,Business,56387,1538.0,9713,Mutual Fund,2024-02-19,2024,2,February
305327,207552,Current,14000,4972.0,20287,Recurring Deposit,2024-11-24,2024,11,November
305328,202714,Business,62803,2414.0,29250,Recurring Deposit,2023-12-09,2023,12,December
305329,206755,Current,91408,1550.0,25626,Fixed Deposit,2024-01-22,2024,1,January
305330,209634,Business,2512,117.0,44250,Mutual Fund,2023-07-25,2023,7,July
305331,202639,Savings,94839,3042.0,1351,Mutual Fund,2022-04-16,2022,4,April
305332,206684,Current,81823,2521.0,4030,Fixed Deposit,2023-11-16,2023,11,November
305333,204157,Current,7628,143.0,3735,Recurring Deposit,2025-01-29,2025,1,January
305334,201918,Savings,26156,422.0,21536,Recurring Deposit,2022-09-20,2022,9,September
305335,205921,Business,91765,4233.0,19667,Fixed Deposit,2024-06-28,2024,6,June
305336,200943,Business,61851,4432.0,29387,Fixed Deposit,2022-03-30,2022,3,March
305337,208308,Business,59030,4876.0,3360,Fixed Deposit,2024-12-11,2024,12,December
305338,202557,Savings,77559,1395.0,3900,Mutual Fund,2024-11-05,2024,11,November
305339,209415,Current,64846,1350.0,42813,Fixed Deposit,2022-06-27,2022,6,June
305340,206698,Current,15890,4541.0,38590,Recurring Deposit,2024-09-15,2024,9,September
305341,200988,Current,2603,839.0,28509,Fixed Deposit,2022-05-30,2022,5,May
305342,207936,Savings,93926,2119.0,20467,Mutual Fund,2025-03-13,2025,3,March
305343,206693,Business,89717,1078.0,32521,Mutual Fund,2022-07-11,2022,7,July
305344,208155,Business,47120,510.0,31168,Fixed Deposit,2023-09-27,2023,9,September
305345,204279,Business,42046,514.0,11689,Recurring Deposit,2024-05-10,2024,5,May
305346,203567,Current,10032,3314.0,38288,Fixed Deposit,2022-09-01,2022,9,September
305347,207160,Savings,57727,3395.0,40420,Mutual Fund,2023-06-14,2023,6,June
305348,209928,Business,88114,1900.0,13981,Recurring Deposit,2025-02-18,2025,2,February
305349,203113,Business,89018,911.0,8956,Mutual Fund,2023-07-02,2023,7,July
305350,209515,Current,58099,340.0,29535,Mutual Fund,2024-10-18,2024,10,October
305351,208707,Business,39702,1457.0,13689,Mutual Fund,2022-08-02,2022,8,August
305352,204214,Current,23667,790.0,26551,Fixed Deposit,2023-06-01,2023,6,June
305353,203148,Business,87146,4953.0,36277,Mutual Fund,2024-01-29,2024,1,January
305354,204887,Current,71557,1161.0,31560,Fixed Deposit,2023-11-03,2023,11,November
305355,202886,Current,41121,4611.0,33045,Fixed Deposit,2023-11-24,2023,11,November
305356,207290,Business,43350,1385.0,19182,Fixed Deposit,2025-01-10,2025,1,January
305357,202481,Current,86165,214.0,43917,Mutual Fund,2022-05-07,2022,5,May
305358,202010,Business,48282,4505.0,44795,Mutual Fund,2024-03-26,2024,3,March
305359,201425,Business,96074,3734.0,33778,Mutual Fund,2022-11-18,2022,11,November
305360,207517,Savings,12790,835.0,14061,Recurring Deposit,2024-06-26,2024,6,June
305361,200667,Business,10002,2132.0,49486,Recurring Deposit,2023-02-25,2023,2,February
305362,205532,Business,7549,3269.0,28270,Recurring Deposit,2022-10-18,2022,10,October
305363,206472,Savings,56643,4527.0,32788,Recurring Deposit,2023-11-18,2023,11,November
305364,200102,Savings,77636,4588.0,9731,Recurring Deposit,2024-07-15,2024,7,July
305365,205460,Current,66766,2996.62751930948,19789,Mutual Fund,2023-06-22,2023,6,June
305366,203685,Savings,28110,2996.0,43722,Mutual Fund,2024-11-29,2024,11,November
305367,205164,Savings,22456,2517.0,12831,Mutual Fund,2022-10-30,2022,10,October
305368,206488,Current,71979,4768.0,2152,Fixed Deposit,2023-06-27,2023,6,June
305369,200048,Savings,21536,789.0,44351,Fixed Deposit,2025-02-05,2025,2,February
305370,204947,Business,55534,1155.0,4387,Mutual Fund,2024-12-21,2024,12,December
305371,209617,Savings,66025,2550.0,42391,Mutual Fund,2023-10-21,2023,10,October
305372,208659,Current,3101,3543.0,17566,Mutual Fund,2022-04-07,2022,4,April
305373,208238,Business,11660,1744.0,49737,Mutual Fund,2024-07-27,2024,7,July
305374,204719,Current,5041,4511.0,27711,Fixed Deposit,2024-07-30,2024,7,July
305375,203827,Savings,93113,3309.0,46854,Fixed Deposit,2022-10-26,2022,10,October
305376,201293,Business,78211,4819.0,21371,Mutual Fund,2022-09-28,2022,9,September
305377,206100,Savings,77205,1803.0,35234,Mutual Fund,2022-05-24,2022,5,May
305378,206908,Current,77222,3506.0,23044,Mutual Fund,2022-03-28,2022,3,March
305379,201316,Current,76170,4542.0,35637,Recurring Deposit,2024-08-26,2024,8,August
305380,207750,Savings,76634,3202.0,45923,Mutual Fund,2024-10-02,2024,10,October
305381,200498,Current,57413,883.0,34433,Mutual Fund,2023-11-23,2023,11,November
305382,209892,Savings,4284,1151.0,22992,Mutual Fund,2024-07-02,2024,7,July
305383,200486,Current,37409,528.0,13159,Recurring Deposit,2024-07-18,2024,7,July
305384,207579,Current,74432,1995.0,9427,Recurring Deposit,2022-07-31,2022,7,July
305385,204474,Current,20084,1288.0,40946,Mutual Fund,2023-07-07,2023,7,July
305386,208966,Current,65326,1550.0,14967,Recurring Deposit,2023-02-10,2023,2,February
305387,205740,Business,48315,773.1935763515272,2443,Recurring Deposit,2023-09-06,2023,9,September
305388,200888,Business,91244,938.0,12610,Fixed Deposit,2023-02-12,2023,2,February
305389,204787,Savings,8333,2463.0,25348,Mutual Fund,2023-12-22,2023,12,December
305390,207332,Savings,98195,931.0,34691,Fixed Deposit,2024-12-18,2024,12,December
305391,204109,Savings,84992,198.0,45639,Mutual Fund,2024-05-25,2024,5,May
305392,207736,Savings,64313,2066.0,42370,Mutual Fund,2022-10-28,2022,10,October
305393,207171,Current,32703,4873.0,12463,Recurring Deposit,2022-11-26,2022,11,November
305394,201104,Current,8566,292.0,36504,Mutual Fund,2022-12-31,2022,12,December
305395,209069,Current,70452,3063.7423403244893,48924,Recurring Deposit,2023-02-26,2023,2,February
305396,200180,Savings,55182,4857.0,27986,Recurring Deposit,2024-11-03,2024,11,November
305397,204767,Business,99351,4289.0,3371,Fixed Deposit,2023-04-17,2023,4,April
305398,200869,Savings,89115,3883.0,31131,Recurring Deposit,2023-01-16,2023,1,January
305399,208408,Business,35875,4522.0,10336,Fixed Deposit,2022-09-15,2022,9,September
305400,205385,Business,73152,869.0,28851,Recurring Deposit,2022-12-27,2022,12,December
305401,202810,Current,9982,3777.0,11426,Fixed Deposit,2025-01-26,2025,1,January
305402,208816,Current,22956,2543.0,32435,Mutual Fund,2024-08-18,2024,8,August
305403,206333,Savings,48923,2125.0,5850,Mutual Fund,2022-06-13,2022,6,June
305404,200631,Savings,2877,969.0,39591,Recurring Deposit,2024-07-20,2024,7,July
305405,207567,Business,48854,3966.0,7967,Mutual Fund,2024-03-06,2024,3,March
305406,200130,Business,70397,1221.0,23459,Mutual Fund,2024-12-16,2024,12,December
305407,208721,Current,16896,3081.0,10112,Mutual Fund,2024-07-21,2024,7,July
305408,206559,Business,56478,3676.0,37947,Recurring Deposit,2022-07-12,2022,7,July
305409,201147,Business,30934,3459.0,21785,Mutual Fund,2023-06-15,2023,6,June
305410,200561,Savings,33259,1853.0,21713,Mutual Fund,2025-01-27,2025,1,January
305411,203586,Savings,97051,2209.0,46573,Mutual Fund,2022-07-03,2022,7,July
305412,201095,Business,65415,4931.0,5306,Fixed Deposit,2023-04-14,2023,4,April
305413,202172,Business,96796,4827.0,23283,Mutual Fund,2022-08-20,2022,8,August
305414,207172,Business,94721,1719.2896754605267,28370,Mutual Fund,2023-01-21,2023,1,January
305415,200083,Savings,38475,659.0,1622,Fixed Deposit,2024-09-07,2024,9,September
305416,202987,Savings,81802,4078.0,38540,Recurring Deposit,2024-04-15,2024,4,April
305417,206875,Current,70605,4816.0,6385,Recurring Deposit,2023-08-16,2023,8,August
305418,205142,Current,24258,2449.0,19262,Fixed Deposit,2023-09-26,2023,9,September
305419,205079,Current,4489,156.0,24505,Fixed Deposit,2022-10-06,2022,10,October
305420,200905,Current,38435,1559.0,46076,Recurring Deposit,2025-01-26,2025,1,January
305421,206793,Savings,51840,1690.0,40861,Mutual Fund,2025-01-02,2025,1,January
305422,203232,Current,36381,249.0,42966,Recurring Deposit,2023-03-20,2023,3,March
305423,203144,Savings,7910,3824.248538997964,23389,Recurring Deposit,2022-08-23,2022,8,August
305424,209312,Savings,28034,423.0,29300,Recurring Deposit,2023-06-06,2023,6,June
305425,209801,Current,25596,2656.0,37801,Fixed Deposit,2024-11-07,2024,11,November
305426,208730,Savings,65431,2507.0,27877,Mutual Fund,2022-07-07,2022,7,July
305427,206205,Business,94875,2830.0,47657,Mutual Fund,2023-01-15,2023,1,January
305428,208593,Current,22986,1503.0,8825,Mutual Fund,2023-07-27,2023,7,July
305429,200198,Current,14302,1523.0,3850,Mutual Fund,2024-04-13,2024,4,April
305430,205333,Business,29302,3405.0,20311,Recurring Deposit,2024-02-19,2024,2,February
305431,206921,Current,23532,3767.0,25808,Mutual Fund,2023-08-13,2023,8,August
305432,209723,Savings,89025,4653.0,46513,Mutual Fund,2024-11-02,2024,11,November
305433,204122,Savings,69256,3401.0809210974885,33868,Mutual Fund,2025-01-08,2025,1,January
305434,205100,Savings,28544,2754.0,9095,Mutual Fund,2023-07-08,2023,7,July
305435,200971,Current,73312,335.0,6271,Fixed Deposit,2025-03-02,2025,3,March
305436,205314,Business,12984,4451.0,29140,Fixed Deposit,2024-09-13,2024,9,September
305437,205558,Business,55195,4132.0,23310,Mutual Fund,2022-11-12,2022,11,November
305438,208042,Current,85651,380.0,42697,Mutual Fund,2024-08-15,2024,8,August
305439,202370,Savings,22267,1416.0,29185,Mutual Fund,2024-08-17,2024,8,August
305440,208089,Savings,46801,1141.0,5862,Fixed Deposit,2023-10-08,2023,10,October
305441,207981,Current,58655,4594.0,6929,Recurring Deposit,2023-07-25,2023,7,July
305442,209825,Current,85598,3111.0,21036,Mutual Fund,2024-01-15,2024,1,January
305443,205321,Savings,9711,4742.0,39184,Fixed Deposit,2022-12-07,2022,12,December
305444,207618,Current,7994,355.0,32391,Recurring Deposit,2022-03-28,2022,3,March
305445,208951,Business,29735,3183.0,15353,Fixed Deposit,2023-07-20,2023,7,July
305446,201371,Business,76420,1996.0,5793,Mutual Fund,2023-04-07,2023,4,April
305447,202058,Current,78231,517.0,13149,Recurring Deposit,2023-02-28,2023,2,February
305448,208626,Savings,66401,2622.0,3688,Mutual Fund,2024-12-10,2024,12,December
305449,203103,Business,61040,2044.0,23167,Fixed Deposit,2024-01-27,2024,1,January
305450,200839,Current,69167,2095.0,27798,Fixed Deposit,2023-05-24,2023,5,May
305451,206291,Savings,63832,3896.0,26424,Fixed Deposit,2023-09-30,2023,9,September
305452,206412,Current,25590,533.0,11814,Recurring Deposit,2022-10-15,2022,10,October
305453,207801,Current,14635,160.0,14533,Recurring Deposit,2025-02-08,2025,2,February
305454,204738,Current,2342,3318.0,47180,Fixed Deposit,2023-08-18,2023,8,August
305455,205006,Current,27714,3131.0,4494,Recurring Deposit,2024-04-04,2024,4,April
305456,206907,Current,77709,1104.0,31742,Fixed Deposit,2024-03-09,2024,3,March
305457,202299,Savings,63766,3831.0,21825,Fixed Deposit,2024-02-10,2024,2,February
305458,202615,Business,45300,1345.0,20060,Fixed Deposit,2023-09-29,2023,9,September
305459,200891,Savings,68039,726.0,26311,Recurring Deposit,2023-07-08,2023,7,July
305460,204010,Business,69706,3575.0,5524,Recurring Deposit,2024-04-15,2024,4,April
305461,208952,Current,11227,820.0,30123,Mutual Fund,2024-07-24,2024,7,July
305462,201225,Current,39255,1221.0,9725,Recurring Deposit,2022-09-06,2022,9,September
305463,202296,Savings,43285,4817.376733974518,24664,Mutual Fund,2022-12-19,2022,12,December
305464,204909,Savings,53003,3893.0,13044,Mutual Fund,2024-12-17,2024,12,December
305465,206516,Business,39921,2999.0,25903,Fixed Deposit,2024-10-18,2024,10,October
305466,208367,Current,6558,3493.0,35405,Recurring Deposit,2022-07-26,2022,7,July
305467,203176,Savings,40190,874.0,5296,Recurring Deposit,2023-05-30,2023,5,May
305468,200864,Current,70547,4286.0,26529,Mutual Fund,2022-10-24,2022,10,October
305469,209878,Current,99819,3954.0,40019,Fixed Deposit,2024-07-04,2024,7,July
305470,206582,Current,9605,438.0,5507,Fixed Deposit,2023-01-20,2023,1,January
305471,202101,Business,50075,4393.0,13416,Fixed Deposit,2023-05-03,2023,5,May
305472,202368,Current,13512,2075.0,48246,Fixed Deposit,2024-11-18,2024,11,November
305473,201242,Business,26839,3652.0,20334,Mutual Fund,2022-07-17,2022,7,July
305474,200927,Savings,90831,2591.0,20856,Recurring Deposit,2022-07-16,2022,7,July
305475,205588,Savings,6237,4059.0,37299,Recurring Deposit,2022-04-18,2022,4,April
305476,206891,Current,25081,1727.0,37150,Fixed Deposit,2024-05-16,2024,5,May
305477,202943,Current,71047,4207.0,27558,Recurring Deposit,2024-11-26,2024,11,November
305478,204499,Business,21896,831.0,19550,Mutual Fund,2022-05-08,2022,5,May
305479,200346,Current,40737,2010.0,43204,Mutual Fund,2024-09-09,2024,9,September
305480,206819,Current,49957,2664.0,31519,Recurring Deposit,2024-09-05,2024,9,September
305481,200488,Current,39598,4982.0,32757,Mutual Fund,2023-12-10,2023,12,December
305482,202847,Business,21365,2475.0,35380,Fixed Deposit,2024-09-22,2024,9,September
305483,202406,Business,84559,2383.0,5212,Mutual Fund,2023-02-14,2023,2,February
305484,209272,Current,97367,2696.0,4127,Mutual Fund,2022-05-16,2022,5,May
305485,207708,Current,14325,127.0,40839,Recurring Deposit,2024-07-24,2024,7,July
305486,207085,Savings,51792,1294.0,2908,Mutual Fund,2023-04-29,2023,4,April
305487,201110,Business,12763,4392.0,41538,Mutual Fund,2024-07-12,2024,7,July
305488,202425,Savings,51982,2899.0,38271,Mutual Fund,2024-07-06,2024,7,July
305489,209122,Current,98508,1851.0,46964,Fixed Deposit,2024-03-23,2024,3,March
305490,206222,Current,8853,2779.0,23620,Fixed Deposit,2024-12-30,2024,12,December
305491,209578,Current,15225,233.0,48261,Recurring Deposit,2022-11-06,2022,11,November
305492,200969,Current,75130,3032.0,10434,Fixed Deposit,2023-10-10,2023,10,October
305493,204403,Business,11217,3391.0,46196,Mutual Fund,2023-11-20,2023,11,November
305494,201934,Current,8972,2275.0,47690,Recurring Deposit,2023-03-02,2023,3,March
305495,203160,Savings,16598,2927.0,34477,Mutual Fund,2024-09-21,2024,9,September
305496,204786,Savings,21215,1522.0,34594,Fixed Deposit,2023-06-16,2023,6,June
305497,207454,Savings,49054,3746.0,33276,Mutual Fund,2022-10-14,2022,10,October
305498,206799,Business,18030,599.0,47609,Recurring Deposit,2024-03-11,2024,3,March
305499,200163,Savings,83246,3079.0,22551,Fixed Deposit,2024-05-07,2024,5,May
305500,205414,Business,58343,1130.0,17476,Fixed Deposit,2024-05-21,2024,5,May
305501,208842,Business,44764,4414.0,17409,Recurring Deposit,2022-08-08,2022,8,August
305502,207920,Current,78363,1044.0,12302,Recurring Deposit,2023-11-27,2023,11,November
305503,207922,Business,96269,4857.0,29836,Recurring Deposit,2023-10-07,2023,10,October
305504,207641,Business,72669,1431.0,17061,Mutual Fund,2024-05-09,2024,5,May
305505,202094,Business,53031,454.6253334201471,46503,Fixed Deposit,2022-04-06,2022,4,April
305506,204101,Current,13282,270.0,1492,Mutual Fund,2025-01-13,2025,1,January
305507,209762,Current,80223,3288.0,38309,Mutual Fund,2023-03-27,2023,3,March
305508,209338,Current,12977,3849.0,49611,Mutual Fund,2024-10-29,2024,10,October
305509,204852,Savings,99943,702.0,7026,Fixed Deposit,2025-02-15,2025,2,February
305510,205007,Savings,57953,310.0,46835,Recurring Deposit,2022-12-03,2022,12,December
305511,202568,Business,15507,848.0,32259,Fixed Deposit,2024-05-27,2024,5,May
305512,204938,Savings,83852,3507.0,49100,Mutual Fund,2022-10-25,2022,10,October
305513,203796,Current,92455,1327.0,36767,Recurring Deposit,2024-02-12,2024,2,February
305514,205933,Savings,54018,3990.0,45215,Fixed Deposit,2022-11-23,2022,11,November
305515,202374,Current,47272,4986.0,18284,Recurring Deposit,2022-12-24,2022,12,December
305516,201931,Savings,19304,4374.0,38004,Mutual Fund,2024-08-16,2024,8,August
305517,207026,Current,99735,1493.0,41306,Recurring Deposit,2024-08-15,2024,8,August
305518,206887,Savings,74556,3419.0,11668,Mutual Fund,2025-01-08,2025,1,January
305519,207173,Business,29836,4945.0,37424,Recurring Deposit,2022-11-03,2022,11,November
305520,204138,Savings,26947,4441.0,15750,Mutual Fund,2024-04-10,2024,4,April
305521,207449,Savings,6158,2241.0,21950,Recurring Deposit,2023-09-29,2023,9,September
305522,201589,Business,26793,2547.0,38754,Fixed Deposit,2022-05-22,2022,5,May
305523,202943,Business,98347,515.0,3703,Mutual Fund,2023-02-23,2023,2,February
305524,207818,Current,45801,1567.0,25501,Recurring Deposit,2024-04-16,2024,4,April
305525,205334,Business,16344,1528.0,38843,Fixed Deposit,2023-03-16,2023,3,March
305526,203096,Savings,27215,4449.0,49686,Recurring Deposit,2022-06-26,2022,6,June
305527,200907,Current,66809,2599.0,30831,Fixed Deposit,2023-05-05,2023,5,May
305528,204672,Savings,69264,618.0,20119,Recurring Deposit,2023-10-15,2023,10,October
305529,208451,Current,18249,846.0,14503,Fixed Deposit,2023-03-19,2023,3,March
305530,208128,Current,53346,2473.0,7449,Fixed Deposit,2022-05-26,2022,5,May
305531,205537,Business,44510,4471.0,13434,Recurring Deposit,2025-01-22,2025,1,January
305532,205594,Savings,75918,4367.0,38930,Recurring Deposit,2023-02-05,2023,2,February
305533,209324,Current,98945,2447.0,27596,Fixed Deposit,2024-06-02,2024,6,June
305534,202762,Current,10674,3230.0,39490,Mutual Fund,2023-10-03,2023,10,October
305535,209869,Current,93775,3633.0,25151,Fixed Deposit,2023-11-13,2023,11,November
305536,200869,Current,18922,3405.0,49836,Recurring Deposit,2024-03-19,2024,3,March
305537,202031,Business,71320,2821.0,6300,Fixed Deposit,2024-02-25,2024,2,February
305538,208124,Business,46027,4439.0,37014,Fixed Deposit,2022-06-01,2022,6,June
305539,209780,Savings,19575,1935.0,40717,Mutual Fund,2022-05-21,2022,5,May
305540,205237,Current,13770,800.0,9248,Mutual Fund,2024-12-22,2024,12,December
305541,208766,Savings,26722,632.0,44272,Recurring Deposit,2023-08-06,2023,8,August
305542,208332,Savings,80893,4847.0,8000,Mutual Fund,2022-08-28,2022,8,August
305543,204094,Business,52535,4705.0,1654,Fixed Deposit,2025-03-18,2025,3,March
305544,203372,Current,21064,1589.0,11987,Recurring Deposit,2024-06-07,2024,6,June
305545,206368,Business,17716,2455.0,2562,Recurring Deposit,2024-11-29,2024,11,November
305546,209398,Current,24600,1852.0,2196,Recurring Deposit,2023-05-19,2023,5,May
305547,206304,Current,6628,3165.0,11228,Mutual Fund,2023-05-04,2023,5,May
305548,209277,Savings,56579,4721.0,13293,Fixed Deposit,2024-09-04,2024,9,September
305549,200396,Savings,4307,3061.0,7962,Mutual Fund,2024-07-13,2024,7,July
305550,201864,Business,39287,3104.0,13060,Fixed Deposit,2024-08-22,2024,8,August
305551,206372,Business,82983,4903.0,36040,Recurring Deposit,2022-12-16,2022,12,December
305552,208629,Current,88227,3747.0,10297,Recurring Deposit,2023-10-27,2023,10,October
305553,206557,Savings,37033,4363.0,5236,Fixed Deposit,2024-12-30,2024,12,December
305554,206752,Savings,90113,2816.0,45563,Recurring Deposit,2023-10-30,2023,10,October
305555,205951,Current,6506,2293.0,24393,Fixed Deposit,2023-10-09,2023,10,October
305556,200651,Business,51795,4903.0,15417,Mutual Fund,2024-09-18,2024,9,September
305557,202177,Current,48380,4830.0,26213,Fixed Deposit,2024-12-29,2024,12,December
305558,208846,Savings,19207,1488.0,44974,Mutual Fund,2022-07-19,2022,7,July
305559,200848,Business,53216,4193.0,38412,Recurring Deposit,2024-05-31,2024,5,May
305560,209378,Current,9388,2725.0,6583,Recurring Deposit,2023-04-15,2023,4,April
305561,208669,Savings,17407,3542.0,1461,Fixed Deposit,2023-10-26,2023,10,October
305562,201061,Business,83496,1903.0,40565,Fixed Deposit,2023-03-02,2023,3,March
305563,200975,Current,5886,4641.0,39976,Fixed Deposit,2024-05-31,2024,5,May
305564,205883,Business,9783,2801.0,39199,Recurring Deposit,2023-12-11,2023,12,December
305565,200518,Current,84975,4909.0,21384,Fixed Deposit,2023-09-20,2023,9,September
305566,202948,Savings,58709,362.0,20655,Fixed Deposit,2023-09-07,2023,9,September
305567,207996,Current,47730,1554.0,49864,Mutual Fund,2024-04-15,2024,4,April
305568,203802,Current,23072,797.0,32481,Recurring Deposit,2024-04-07,2024,4,April
305569,208256,Savings,30707,1714.0,36193,Fixed Deposit,2024-10-14,2024,10,October
305570,204032,Business,46036,1550.0,49477,Mutual Fund,2022-03-31,2022,3,March
305571,209044,Business,69679,469.0,4475,Fixed Deposit,2024-05-08,2024,5,May
305572,209153,Savings,53105,2327.0,36205,Recurring Deposit,2022-10-22,2022,10,October
305573,208197,Savings,46118,1851.0,45928,Fixed Deposit,2024-02-02,2024,2,February
305574,204359,Business,30858,4901.0,21534,Fixed Deposit,2022-12-03,2022,12,December
305575,204148,Savings,85517,2032.0,29703,Recurring Deposit,2023-03-13,2023,3,March
305576,202312,Business,71545,4988.0,19961,Mutual Fund,2022-07-18,2022,7,July
305577,202853,Savings,94689,4335.0,28428,Recurring Deposit,2024-05-28,2024,5,May
305578,206303,Savings,9057,799.0,28838,Mutual Fund,2024-12-14,2024,12,December
305579,207190,Savings,9857,895.0,36602,Recurring Deposit,2023-05-31,2023,5,May
305580,202432,Savings,25083,843.0,23660,Fixed Deposit,2023-02-12,2023,2,February
305581,204970,Savings,26368,4081.0,33055,Recurring Deposit,2022-11-09,2022,11,November
305582,209471,Savings,80326,1372.0,44147,Recurring Deposit,2023-01-05,2023,1,January
305583,200617,Business,94393,1116.0,15784,Recurring Deposit,2022-11-20,2022,11,November
305584,202359,Savings,44471,1829.0,36013,Recurring Deposit,2023-10-04,2023,10,October
305585,203931,Current,19676,4511.0,6328,Mutual Fund,2024-10-11,2024,10,October
305586,205602,Business,44436,1994.0,9583,Mutual Fund,2022-09-20,2022,9,September
305587,202079,Current,41183,2224.0,28106,Recurring Deposit,2025-01-10,2025,1,January
305588,202885,Savings,30625,3133.315904408718,39715,Mutual Fund,2023-03-13,2023,3,March
305589,208284,Business,3026,3533.0,47151,Recurring Deposit,2023-12-25,2023,12,December
305590,209082,Current,91159,4839.0,34122,Fixed Deposit,2023-08-15,2023,8,August
305591,204129,Savings,27637,2839.0,12343,Recurring Deposit,2022-09-13,2022,9,September
305592,203360,Business,86104,2706.0,48686,Recurring Deposit,2024-04-07,2024,4,April
305593,209559,Savings,63527,733.0,46584,Recurring Deposit,2025-02-01,2025,2,February
305594,206456,Current,88324,3110.0,44570,Fixed Deposit,2024-04-02,2024,4,April
305595,207829,Business,84030,3388.0,4510,Fixed Deposit,2024-04-03,2024,4,April
305596,205323,Business,34262,4602.0,6218,Fixed Deposit,2023-02-11,2023,2,February
305597,204715,Business,16081,820.0,40610,Mutual Fund,2024-09-23,2024,9,September
305598,204818,Business,54496,3617.0,11802,Fixed Deposit,2022-11-26,2022,11,November
305599,203500,Business,43608,1176.0,18218,Fixed Deposit,2024-12-20,2024,12,December
305600,205095,Current,69833,2498.0,24156,Fixed Deposit,2023-12-19,2023,12,December
305601,207674,Business,45214,753.0,37048,Fixed Deposit,2022-04-24,2022,4,April
305602,209677,Business,62520,3474.0,17543,Mutual Fund,2023-04-03,2023,4,April
305603,205302,Savings,93076,1653.0,5170,Mutual Fund,2022-05-27,2022,5,May
305604,207226,Business,66489,1446.0,43669,Mutual Fund,2022-10-05,2022,10,October
305605,209504,Current,48489,1232.0,34443,Fixed Deposit,2024-08-27,2024,8,August
305606,206239,Current,45124,4934.0,33843,Mutual Fund,2024-09-26,2024,9,September
305607,206648,Current,43689,352.0,37154,Recurring Deposit,2022-11-26,2022,11,November
305608,208402,Savings,73145,1018.0,11451,Mutual Fund,2022-10-16,2022,10,October
305609,207949,Business,40017,3266.0,40198,Mutual Fund,2024-11-22,2024,11,November
305610,207738,Current,12875,3615.0,49388,Mutual Fund,2024-05-25,2024,5,May
305611,208974,Business,48139,2336.0,40507,Fixed Deposit,2022-05-20,2022,5,May
305612,208094,Current,21192,4852.0,14031,Fixed Deposit,2024-08-25,2024,8,August
305613,207136,Current,46630,2271.0,7506,Mutual Fund,2022-11-04,2022,11,November
305614,207370,Current,62825,4030.0,24214,Fixed Deposit,2022-06-15,2022,6,June
305615,200111,Savings,12646,1900.0,13535,Recurring Deposit,2022-12-04,2022,12,December
305616,209580,Business,15537,4355.0,18065,Recurring Deposit,2023-04-26,2023,4,April
305617,205242,Business,20086,1480.0,17128,Mutual Fund,2022-12-25,2022,12,December
305618,203784,Business,36261,1371.0,25714,Recurring Deposit,2024-05-31,2024,5,May
305619,200696,Business,13546,4503.0,15060,Mutual Fund,2023-12-10,2023,12,December
305620,207737,Current,34021,1585.0,14091,Recurring Deposit,2024-10-07,2024,10,October
305621,209052,Business,17259,1049.0,38498,Mutual Fund,2024-08-12,2024,8,August
305622,208446,Savings,17813,4217.0,26918,Fixed Deposit,2024-12-05,2024,12,December
305623,201252,Savings,84497,2793.176968513847,41894,Fixed Deposit,2022-04-18,2022,4,April
305624,209556,Savings,22193,912.0,6627,Fixed Deposit,2025-01-11,2025,1,January
305625,202974,Business,40966,383.0,34052,Mutual Fund,2023-06-04,2023,6,June
305626,209780,Savings,92300,4262.0,42256,Mutual Fund,2022-08-01,2022,8,August
305627,203409,Current,38642,593.0,3901,Recurring Deposit,2023-02-20,2023,2,February
305628,200257,Savings,70308,3721.0,29712,Fixed Deposit,2024-02-16,2024,2,February
305629,203131,Business,96149,1738.0,1138,Fixed Deposit,2024-10-18,2024,10,October
305630,205077,Current,9261,105.0,25158,Mutual Fund,2024-03-22,2024,3,March
305631,208623,Savings,96466,1777.0,10597,Mutual Fund,2024-04-07,2024,4,April
305632,200117,Business,93049,1591.0,13138,Recurring Deposit,2022-12-10,2022,12,December
305633,206076,Business,4333,3478.0,48014,Mutual Fund,2023-02-24,2023,2,February
305634,202947,Business,84173,4173.0,19126,Recurring Deposit,2023-12-19,2023,12,December
305635,206169,Current,5875,2224.0,32842,Recurring Deposit,2024-10-09,2024,10,October
305636,200339,Business,82158,4751.0,33208,Fixed Deposit,2022-10-28,2022,10,October
305637,201276,Savings,15989,2897.0,42715,Fixed Deposit,2024-09-11,2024,9,September
305638,208723,Savings,2736,1168.0,27654,Mutual Fund,2022-12-28,2022,12,December
305639,203375,Savings,96330,3542.0,38596,Recurring Deposit,2024-11-13,2024,11,November
305640,206520,Business,9494,556.0,27397,Recurring Deposit,2025-01-08,2025,1,January
305641,201596,Business,28910,1747.0,32164,Recurring Deposit,2024-05-22,2024,5,May
305642,200150,Savings,58894,1897.0,32172,Recurring Deposit,2023-05-05,2023,5,May
305643,200828,Current,92831,447.0,29252,Fixed Deposit,2022-12-06,2022,12,December
305644,207870,Current,58746,2043.6052776602337,29179,Mutual Fund,2025-02-18,2025,2,February
305645,208466,Current,6754,2358.0,18864,Recurring Deposit,2023-09-04,2023,9,September
305646,209419,Current,53506,2498.0,10460,Mutual Fund,2024-02-23,2024,2,February
305647,209443,Business,57380,1170.0,48972,Mutual Fund,2024-10-02,2024,10,October
305648,208010,Current,61993,1615.0,8286,Fixed Deposit,2024-09-23,2024,9,September
305649,208448,Savings,10011,4612.0,32249,Mutual Fund,2022-07-05,2022,7,July
305650,200680,Business,47075,633.0,12472,Fixed Deposit,2023-03-13,2023,3,March
305651,208073,Business,14197,3398.7025993197785,12856,Recurring Deposit,2023-10-29,2023,10,October
305652,206479,Savings,31496,4948.0,26017,Mutual Fund,2023-11-09,2023,11,November
305653,209834,Savings,9797,1840.0,35556,Recurring Deposit,2022-10-12,2022,10,October
305654,203111,Current,97597,587.0,15149,Recurring Deposit,2022-09-05,2022,9,September
305655,202982,Business,39551,176.0,47840,Fixed Deposit,2022-04-15,2022,4,April
305656,205075,Current,85191,3183.0,32413,Fixed Deposit,2023-01-29,2023,1,January
305657,209991,Current,39060,2152.0,16341,Recurring Deposit,2024-06-10,2024,6,June
305658,206473,Business,9907,2864.0,44817,Recurring Deposit,2024-05-12,2024,5,May
305659,200242,Savings,93918,2586.0,6385,Mutual Fund,2025-02-16,2025,2,February
305660,205054,Business,80030,2786.0,34115,Recurring Deposit,2024-01-02,2024,1,January
305661,200479,Savings,90086,1967.0,3660,Mutual Fund,2022-11-08,2022,11,November
305662,205214,Savings,60258,2989.0,10004,Recurring Deposit,2024-10-16,2024,10,October
305663,205030,Current,74268,1650.0,49310,Mutual Fund,2022-08-17,2022,8,August
305664,208965,Current,18345,1701.0,42492,Fixed Deposit,2022-12-21,2022,12,December
305665,208400,Current,79695,2441.0,48400,Fixed Deposit,2024-03-29,2024,3,March
305666,209737,Business,54010,2372.0,10795,Mutual Fund,2024-10-30,2024,10,October
305667,208148,Business,54073,4293.0,21196,Mutual Fund,2024-10-07,2024,10,October
305668,202625,Savings,10409,1426.0,19942,Mutual Fund,2022-05-20,2022,5,May
305669,200480,Savings,1556,1853.0,27547,Recurring Deposit,2024-06-23,2024,6,June
305670,207691,Business,34151,851.0,23149,Recurring Deposit,2024-05-10,2024,5,May
305671,201548,Business,16717,4192.0,8192,Fixed Deposit,2022-09-19,2022,9,September
305672,209195,Savings,54671,3787.0,17637,Mutual Fund,2022-08-12,2022,8,August
305673,201958,Savings,12944,4465.0,30929,Fixed Deposit,2024-04-08,2024,4,April
305674,201637,Business,18302,2139.0,44938,Mutual Fund,2025-01-08,2025,1,January
305675,203756,Current,24079,1778.0,3155,Mutual Fund,2022-10-09,2022,10,October
305676,202260,Business,62256,1286.0,39695,Fixed Deposit,2024-10-13,2024,10,October
305677,201192,Current,90597,3330.0,9255,Mutual Fund,2024-07-05,2024,7,July
305678,209423,Current,46476,1836.0,36414,Mutual Fund,2022-03-22,2022,3,March
305679,202017,Business,56141,4182.0,25665,Mutual Fund,2025-02-07,2025,2,February
305680,207042,Savings,46753,1929.0,25571,Fixed Deposit,2024-12-23,2024,12,December
305681,200520,Current,53116,2530.0,1545,Mutual Fund,2024-01-20,2024,1,January
305682,205035,Business,44930,4410.0,33461,Fixed Deposit,2024-06-08,2024,6,June
305683,208210,Current,71538,4988.0,23295,Recurring Deposit,2024-01-03,2024,1,January
305684,209701,Current,53774,4312.0,15845,Fixed Deposit,2023-10-17,2023,10,October
305685,204625,Savings,84677,3563.0,40805,Mutual Fund,2022-05-27,2022,5,May
305686,202284,Current,19606,4619.0,5535,Fixed Deposit,2025-03-08,2025,3,March
305687,202151,Business,98516,4969.0,30152,Fixed Deposit,2024-06-21,2024,6,June
305688,200936,Current,99862,4276.0,40147,Fixed Deposit,2024-01-16,2024,1,January
305689,200236,Business,16469,2755.0,16595,Recurring Deposit,2023-03-12,2023,3,March
305690,203173,Current,71117,1310.0,13942,Mutual Fund,2024-04-07,2024,4,April
305691,201971,Savings,78187,233.0,15690,Recurring Deposit,2023-11-03,2023,11,November
305692,209134,Savings,8441,3888.0,8181,Recurring Deposit,2023-09-16,2023,9,September
305693,200390,Current,47769,686.0,40853,Recurring Deposit,2024-09-21,2024,9,September
305694,202808,Savings,94691,3009.0,14669,Recurring Deposit,2025-03-07,2025,3,March
305695,203851,Current,93764,314.0,38612,Mutual Fund,2024-08-31,2024,8,August
305696,205080,Current,41867,2462.0,22156,Fixed Deposit,2022-08-19,2022,8,August
305697,205143,Savings,86594,2264.0,33331,Recurring Deposit,2024-01-10,2024,1,January
305698,203503,Savings,64732,417.0,14855,Mutual Fund,2022-10-14,2022,10,October
305699,209470,Current,60904,3871.834546238837,41449,Recurring Deposit,2023-04-20,2023,4,April
305700,207665,Business,68618,170.0,24392,Fixed Deposit,2024-03-31,2024,3,March
305701,200629,Business,49389,4802.0,40313,Recurring Deposit,2023-03-17,2023,3,March
305702,204494,Savings,32803,3412.0,38998,Mutual Fund,2022-07-29,2022,7,July
305703,208347,Savings,17483,2583.713308452326,10465,Fixed Deposit,2023-06-04,2023,6,June
305704,205978,Business,2668,1145.0,26743,Fixed Deposit,2024-10-05,2024,10,October
305705,201150,Business,61651,2185.0,45888,Fixed Deposit,2024-07-12,2024,7,July
305706,208468,Current,79495,753.0,30017,Mutual Fund,2023-12-15,2023,12,December
305707,203051,Savings,60302,1897.0,28791,Recurring Deposit,2023-04-25,2023,4,April
305708,207194,Current,98534,4433.0,9299,Recurring Deposit,2023-01-08,2023,1,January
305709,207086,Current,30420,4064.0,39223,Mutual Fund,2022-03-29,2022,3,March
305710,207735,Business,93766,2330.0307952820544,42482,Mutual Fund,2022-04-01,2022,4,April
305711,208174,Current,35855,3191.0,49647,Fixed Deposit,2024-09-03,2024,9,September
305712,208828,Savings,82132,1949.0,37290,Recurring Deposit,2024-06-09,2024,6,June
305713,200873,Savings,51411,3669.0,13084,Recurring Deposit,2022-09-20,2022,9,September
305714,209101,Savings,17457,3288.0,22819,Recurring Deposit,2024-06-05,2024,6,June
305715,200020,Current,5954,4862.0,3255,Recurring Deposit,2022-04-01,2022,4,April
305716,205645,Current,73525,3659.0,31337,Mutual Fund,2023-10-24,2023,10,October
305717,205360,Savings,30187,616.0,13146,Mutual Fund,2024-12-31,2024,12,December
305718,206250,Business,11483,4260.0,2890,Fixed Deposit,2023-02-03,2023,2,February
305719,204811,Business,13833,4852.0,43216,Fixed Deposit,2025-02-21,2025,2,February
305720,208731,Savings,62093,2312.0,44978,Mutual Fund,2023-07-24,2023,7,July
305721,208048,Current,43812,3430.0,1060,Recurring Deposit,2023-12-16,2023,12,December
305722,202980,Current,59450,1036.0,46752,Fixed Deposit,2023-10-04,2023,10,October
305723,205733,Current,13446,2392.0,2824,Mutual Fund,2022-09-02,2022,9,September
305724,200241,Current,70506,3907.0,35955,Recurring Deposit,2022-11-16,2022,11,November
305725,203053,Savings,27076,4775.0,10398,Mutual Fund,2024-01-11,2024,1,January
305726,200395,Current,35636,3067.0,2003,Mutual Fund,2024-12-27,2024,12,December
305727,205322,Savings,34434,1984.0,39637,Fixed Deposit,2024-09-15,2024,9,September
305728,204315,Savings,41106,2578.0,34264,Mutual Fund,2023-04-19,2023,4,April
305729,204514,Current,77731,4189.0,41416,Mutual Fund,2023-04-30,2023,4,April
305730,203297,Business,33351,4700.0,41286,Fixed Deposit,2024-06-30,2024,6,June
305731,205333,Current,49880,4578.0,1222,Mutual Fund,2024-01-07,2024,1,January
305732,202406,Business,58329,3683.0,14572,Fixed Deposit,2024-08-14,2024,8,August
305733,208692,Business,7948,4527.0,27580,Mutual Fund,2023-10-10,2023,10,October
305734,203542,Savings,32974,938.0,32249,Mutual Fund,2024-10-26,2024,10,October
305735,207947,Business,50797,1262.0,38713,Recurring Deposit,2023-05-23,2023,5,May
305736,208978,Business,98850,4965.0,18539,Fixed Deposit,2025-02-10,2025,2,February
305737,202261,Savings,14442,1396.0,44795,Recurring Deposit,2023-11-28,2023,11,November
305738,202539,Current,56795,224.0,32796,Recurring Deposit,2023-01-31,2023,1,January
305739,208413,Business,87476,2180.0,31261,Recurring Deposit,2023-12-22,2023,12,December
305740,201923,Current,60418,4496.0,33795,Recurring Deposit,2024-07-25,2024,7,July
305741,206412,Savings,93404,177.0,15574,Fixed Deposit,2024-08-03,2024,8,August
305742,201107,Business,58473,2452.0,9268,Mutual Fund,2024-04-08,2024,4,April
305743,204838,Savings,26919,1229.0,38026,Recurring Deposit,2022-12-23,2022,12,December
305744,206021,Savings,53455,2679.0,10105,Fixed Deposit,2023-10-17,2023,10,October
305745,202091,Savings,2611,4306.0,34184,Mutual Fund,2024-08-05,2024,8,August
305746,201611,Business,77342,4376.0,7948,Mutual Fund,2024-07-30,2024,7,July
305747,205071,Savings,4704,2512.0,44235,Recurring Deposit,2024-04-10,2024,4,April
305748,203948,Current,63795,2025.7213177056717,13424,Fixed Deposit,2023-04-19,2023,4,April
305749,208016,Savings,86398,2900.0,17921,Recurring Deposit,2023-07-10,2023,7,July
305750,200160,Business,92839,4360.0,12264,Mutual Fund,2024-09-03,2024,9,September
305751,209592,Business,33734,583.0,15423,Mutual Fund,2023-09-06,2023,9,September
305752,204403,Business,35744,4211.497856746913,21125,Fixed Deposit,2025-03-20,2025,3,March
305753,202386,Current,18396,551.0,15571,Mutual Fund,2023-11-29,2023,11,November
305754,209996,Business,27914,3201.0,12662,Mutual Fund,2022-10-21,2022,10,October
305755,200887,Current,3693,1943.0,29378,Fixed Deposit,2025-01-08,2025,1,January
305756,205769,Savings,31296,921.0,47172,Recurring Deposit,2022-09-21,2022,9,September
305757,206049,Current,4038,1687.0,48425,Fixed Deposit,2023-03-12,2023,3,March
305758,200939,Savings,22246,1293.0,41462,Fixed Deposit,2024-02-12,2024,2,February
305759,203492,Savings,30405,3942.0,43594,Recurring Deposit,2025-03-11,2025,3,March
305760,202151,Savings,18787,2498.0,22257,Mutual Fund,2022-11-27,2022,11,November
305761,208247,Business,47061,627.0,22657,Fixed Deposit,2022-08-23,2022,8,August
305762,209210,Current,32554,1840.0,46473,Recurring Deposit,2023-02-17,2023,2,February
305763,209522,Business,70713,2218.0,27119,Fixed Deposit,2024-05-18,2024,5,May
305764,208687,Business,5084,3781.0,2721,Fixed Deposit,2023-12-03,2023,12,December
305765,201164,Current,50783,3725.0,14376,Recurring Deposit,2023-08-28,2023,8,August
305766,204129,Savings,24888,2094.0,29927,Recurring Deposit,2024-07-23,2024,7,July
305767,205475,Current,1781,391.3603051826239,29814,Mutual Fund,2024-10-29,2024,10,October
305768,208244,Business,34551,1859.0,29867,Recurring Deposit,2025-03-07,2025,3,March
305769,203074,Current,90370,3280.0,16340,Recurring Deposit,2025-02-16,2025,2,February
305770,200329,Savings,47826,3671.0,16913,Recurring Deposit,2022-06-09,2022,6,June
305771,207786,Business,75148,1412.0,16489,Mutual Fund,2022-11-25,2022,11,November
305772,201669,Current,40904,2494.0,43285,Mutual Fund,2023-11-15,2023,11,November
305773,208340,Savings,94244,3018.0,17744,Mutual Fund,2024-12-02,2024,12,December
305774,203577,Business,54109,1866.0,6368,Mutual Fund,2022-03-29,2022,3,March
305775,208324,Business,53627,3169.0,35899,Mutual Fund,2022-08-09,2022,8,August
305776,202306,Savings,5888,1678.0,28312,Fixed Deposit,2022-11-01,2022,11,November
305777,201299,Current,32921,2578.0,24972,Mutual Fund,2024-03-22,2024,3,March
305778,207228,Savings,7713,439.0,13097,Recurring Deposit,2024-10-08,2024,10,October
305779,207074,Business,93580,4235.0,27392,Recurring Deposit,2024-01-26,2024,1,January
305780,206290,Savings,56428,2587.0,39758,Recurring Deposit,2022-08-04,2022,8,August
305781,204937,Business,24349,3659.0,44477,Mutual Fund,2022-06-28,2022,6,June
305782,200824,Savings,18672,3484.0,47933,Recurring Deposit,2023-05-03,2023,5,May
305783,205785,Current,62261,4868.0,15539,Mutual Fund,2023-02-28,2023,2,February
305784,205957,Savings,8456,2335.0,4821,Recurring Deposit,2023-10-18,2023,10,October
305785,204591,Business,99268,3244.0,33678,Fixed Deposit,2022-07-23,2022,7,July
305786,206766,Current,75821,3402.0,23509,Mutual Fund,2024-10-22,2024,10,October
305787,204697,Business,88546,133.0,2163,Recurring Deposit,2022-05-18,2022,5,May
305788,208065,Current,24608,3655.0,31383,Recurring Deposit,2023-11-08,2023,11,November
305789,207728,Business,58881,3759.0,43605,Recurring Deposit,2023-12-03,2023,12,December
305790,201439,Business,81550,3527.0,34662,Recurring Deposit,2024-10-29,2024,10,October
305791,203987,Business,59862,3766.0,38876,Fixed Deposit,2025-01-03,2025,1,January
305792,208956,Current,44439,1354.0,34595,Fixed Deposit,2024-06-07,2024,6,June
305793,205213,Business,16554,1784.0,7111,Mutual Fund,2023-06-09,2023,6,June
305794,202724,Savings,36887,2895.0,44363,Fixed Deposit,2024-10-04,2024,10,October
305795,207788,Business,1173,337.8716478840756,17013,Mutual Fund,2022-06-18,2022,6,June
305796,203987,Business,93511,734.0,29825,Mutual Fund,2022-12-18,2022,12,December
305797,200571,Current,82867,1595.0,5315,Fixed Deposit,2024-12-09,2024,12,December
305798,209808,Business,50549,2291.0,46056,Mutual Fund,2024-04-26,2024,4,April
305799,204649,Business,50916,309.0,22641,Mutual Fund,2024-01-31,2024,1,January
305800,201686,Business,68843,3503.0,43198,Fixed Deposit,2022-04-06,2022,4,April
305801,208616,Business,35558,1374.0,46006,Fixed Deposit,2023-01-28,2023,1,January
305802,202632,Business,61926,2389.0,40476,Recurring Deposit,2025-01-04,2025,1,January
305803,202586,Savings,9565,2712.0,43364,Recurring Deposit,2024-06-02,2024,6,June
305804,209808,Savings,51938,3002.0,22127,Recurring Deposit,2023-06-08,2023,6,June
305805,209960,Current,40554,1299.0,2427,Fixed Deposit,2023-01-17,2023,1,January
305806,202221,Current,83946,4488.0,27792,Mutual Fund,2022-05-12,2022,5,May
305807,201648,Savings,67172,1168.0,14162,Fixed Deposit,2024-10-07,2024,10,October
305808,200762,Current,30944,4910.0,38916,Mutual Fund,2024-05-22,2024,5,May
305809,204042,Savings,36279,4838.0,31526,Mutual Fund,2024-05-30,2024,5,May
305810,201192,Savings,42932,2537.0,15209,Mutual Fund,2025-03-10,2025,3,March
305811,204680,Current,69754,3561.0,20495,Fixed Deposit,2023-03-15,2023,3,March
305812,200781,Current,96525,3760.0,29587,Recurring Deposit,2024-10-31,2024,10,October
305813,202026,Business,70256,2304.0,31847,Mutual Fund,2022-12-09,2022,12,December
305814,202626,Savings,76885,2076.0,12698,Recurring Deposit,2025-01-31,2025,1,January
305815,203993,Savings,98926,4974.0,8732,Recurring Deposit,2022-05-16,2022,5,May
305816,206914,Savings,44620,3973.0,8491,Recurring Deposit,2023-09-30,2023,9,September
305817,208621,Current,66139,4418.0,8948,Recurring Deposit,2023-03-27,2023,3,March
305818,200952,Savings,90206,3919.0,17027,Recurring Deposit,2025-01-01,2025,1,January
305819,207903,Savings,66589,2332.865455737859,5087,Mutual Fund,2022-03-21,2022,3,March
305820,209389,Current,85507,2952.0,17679,Mutual Fund,2022-11-20,2022,11,November
305821,207949,Savings,70057,4742.0,30924,Mutual Fund,2022-08-02,2022,8,August
305822,202695,Savings,36071,4074.0,3510,Fixed Deposit,2023-05-23,2023,5,May
305823,203511,Business,55427,3032.0,14117,Fixed Deposit,2023-12-01,2023,12,December
305824,203969,Business,46080,3559.0,1288,Fixed Deposit,2023-09-20,2023,9,September
305825,204467,Business,64741,3440.0,33436,Recurring Deposit,2025-01-24,2025,1,January
305826,200286,Savings,31554,4211.0,15576,Mutual Fund,2023-11-24,2023,11,November
305827,203162,Business,91830,4708.0,11443,Recurring Deposit,2023-12-10,2023,12,December
305828,209424,Current,61080,1157.0,46853,Fixed Deposit,2024-09-16,2024,9,September
305829,202594,Business,65431,4549.0,46675,Recurring Deposit,2023-01-26,2023,1,January
305830,205693,Current,3427,3139.0,27586,Recurring Deposit,2024-06-02,2024,6,June
305831,209133,Current,32970,242.0,43449,Recurring Deposit,2022-04-13,2022,4,April
305832,206295,Current,99720,1076.0,27061,Fixed Deposit,2025-03-18,2025,3,March
305833,204672,Savings,30163,436.0,15990,Recurring Deposit,2022-07-05,2022,7,July
305834,209049,Current,89602,1926.0,42520,Mutual Fund,2022-08-08,2022,8,August
305835,209778,Savings,3277,4138.281343818331,1214,Recurring Deposit,2024-07-21,2024,7,July
305836,206763,Current,66403,2523.0,39370,Recurring Deposit,2023-06-05,2023,6,June
305837,200855,Savings,60399,2120.0,42156,Fixed Deposit,2024-08-05,2024,8,August
305838,205920,Current,48293,688.0,11176,Recurring Deposit,2024-09-11,2024,9,September
305839,209407,Current,13659,1636.0,29889,Mutual Fund,2023-09-12,2023,9,September
305840,207577,Savings,36749,660.0,19569,Mutual Fund,2023-09-11,2023,9,September
305841,207524,Business,32602,1456.0,40502,Fixed Deposit,2023-05-24,2023,5,May
305842,209894,Current,85995,443.0,20935,Fixed Deposit,2023-03-07,2023,3,March
305843,206201,Current,75927,1479.0,34111,Recurring Deposit,2024-10-17,2024,10,October
305844,204581,Business,85420,3048.0,24843,Recurring Deposit,2023-01-17,2023,1,January
305845,201140,Current,45943,945.0,11575,Recurring Deposit,2024-02-25,2024,2,February
305846,206385,Savings,89209,3753.0,20809,Recurring Deposit,2023-12-08,2023,12,December
305847,207397,Savings,22752,3557.0,37711,Recurring Deposit,2024-08-30,2024,8,August
305848,200842,Current,30612,4560.0,7521,Recurring Deposit,2022-03-28,2022,3,March
305849,203836,Current,9977,1370.0,32117,Recurring Deposit,2023-04-30,2023,4,April
305850,208904,Savings,79727,597.0,46585,Mutual Fund,2022-12-17,2022,12,December
305851,208418,Business,61444,3015.0,16224,Mutual Fund,2023-12-13,2023,12,December
305852,202616,Current,71804,3166.0,15955,Fixed Deposit,2024-05-15,2024,5,May
305853,201605,Savings,63950,1720.0,28195,Fixed Deposit,2022-09-02,2022,9,September
305854,203831,Business,48925,3252.0,11577,Fixed Deposit,2024-08-04,2024,8,August
305855,202632,Current,59970,2747.0,5236,Recurring Deposit,2022-07-11,2022,7,July
305856,208958,Current,23062,1221.0,12492,Mutual Fund,2024-05-10,2024,5,May
305857,204871,Business,55083,2105.0,5354,Recurring Deposit,2023-06-21,2023,6,June
305858,206746,Current,71347,778.0,34679,Recurring Deposit,2023-08-31,2023,8,August
305859,206642,Current,10295,2618.0,49848,Mutual Fund,2022-09-18,2022,9,September
305860,205591,Savings,20544,2414.0,35616,Recurring Deposit,2024-05-26,2024,5,May
305861,208943,Business,9976,1859.0,13517,Fixed Deposit,2023-04-25,2023,4,April
305862,208713,Current,81188,1490.0,18932,Recurring Deposit,2024-07-03,2024,7,July
305863,205003,Savings,93339,1607.0,18968,Mutual Fund,2024-08-30,2024,8,August
305864,207324,Current,13841,2726.0,49940,Fixed Deposit,2023-04-13,2023,4,April
305865,209886,Savings,48982,3859.0,1359,Recurring Deposit,2025-03-03,2025,3,March
305866,208453,Current,21018,3787.0,3695,Recurring Deposit,2024-02-06,2024,2,February
305867,209990,Current,27349,3979.0,40762,Recurring Deposit,2023-10-27,2023,10,October
305868,208692,Current,57724,1133.4423824306068,1631,Fixed Deposit,2024-08-11,2024,8,August
305869,208032,Current,12448,1283.0,46374,Fixed Deposit,2024-04-10,2024,4,April
305870,207191,Current,22795,2377.0,26030,Fixed Deposit,2023-04-02,2023,4,April
305871,208018,Business,15081,3785.0,41433,Recurring Deposit,2023-08-30,2023,8,August
305872,200580,Business,12030,4693.0,15394,Mutual Fund,2024-03-02,2024,3,March
305873,205269,Business,24015,3723.0,49204,Mutual Fund,2025-02-11,2025,2,February
305874,201851,Savings,92834,2353.0,13092,Mutual Fund,2024-03-05,2024,3,March
305875,205909,Business,49321,298.0,18328,Mutual Fund,2024-09-17,2024,9,September
305876,202139,Current,36017,2469.0,20709,Recurring Deposit,2022-05-02,2022,5,May
305877,202192,Current,43056,2507.0,9118,Fixed Deposit,2024-04-07,2024,4,April
305878,205982,Business,36447,557.0,45088,Recurring Deposit,2022-09-17,2022,9,September
305879,202222,Savings,30499,3658.0,20518,Fixed Deposit,2023-04-25,2023,4,April
305880,203216,Current,12996,1001.0,2473,Recurring Deposit,2022-07-03,2022,7,July
305881,204798,Savings,1387,3308.0,22034,Recurring Deposit,2023-11-05,2023,11,November
305882,206278,Current,63996,4348.0,39040,Fixed Deposit,2024-11-29,2024,11,November
305883,200540,Savings,59976,4505.0,32179,Fixed Deposit,2023-02-26,2023,2,February
305884,204332,Savings,79814,3622.0,33514,Recurring Deposit,2025-02-04,2025,2,February
305885,201735,Savings,70494,4647.0,16812,Fixed Deposit,2025-03-14,2025,3,March
305886,203943,Current,32707,2415.0,49779,Fixed Deposit,2023-03-13,2023,3,March
305887,207951,Current,45899,1001.0,19458,Recurring Deposit,2023-07-24,2023,7,July
305888,209807,Business,80712,4397.0,18655,Mutual Fund,2023-12-21,2023,12,December
305889,205706,Savings,16363,459.0,20394,Recurring Deposit,2023-09-20,2023,9,September
305890,205818,Savings,19819,1236.0,43165,Recurring Deposit,2024-05-31,2024,5,May
305891,205160,Current,58504,4097.0,16925,Recurring Deposit,2024-06-30,2024,6,June
305892,209019,Savings,36469,607.0,32155,Recurring Deposit,2022-04-05,2022,4,April
305893,206602,Savings,17879,3917.0,49756,Mutual Fund,2025-03-13,2025,3,March
305894,209156,Current,69488,166.0,35572,Fixed Deposit,2023-05-04,2023,5,May
305895,206121,Current,76965,4823.0,11514,Mutual Fund,2023-04-10,2023,4,April
305896,207909,Current,34926,2727.0,14150,Fixed Deposit,2023-06-10,2023,6,June
305897,204719,Current,46549,775.0,5723,Mutual Fund,2022-08-12,2022,8,August
305898,205592,Current,25539,2428.0,2117,Recurring Deposit,2023-11-30,2023,11,November
305899,202105,Current,34028,1131.0,30753,Mutual Fund,2025-01-30,2025,1,January
305900,206828,Savings,71509,1404.0,14343,Mutual Fund,2023-09-03,2023,9,September
305901,209738,Current,81908,3591.0,32593,Recurring Deposit,2022-07-17,2022,7,July
305902,209783,Business,58078,1750.0,47640,Mutual Fund,2024-07-29,2024,7,July
305903,207655,Savings,74977,4530.0,36429,Fixed Deposit,2022-12-23,2022,12,December
305904,204044,Business,66419,4383.0,11084,Recurring Deposit,2024-03-30,2024,3,March
305905,204275,Current,70236,1864.0,47733,Fixed Deposit,2023-07-21,2023,7,July
305906,200027,Current,58434,658.0,34837,Fixed Deposit,2023-09-21,2023,9,September
305907,209330,Savings,55534,3861.0,11843,Recurring Deposit,2023-02-23,2023,2,February
305908,202947,Current,90748,949.0,12452,Fixed Deposit,2024-08-28,2024,8,August
305909,207905,Savings,88889,2189.0,27131,Fixed Deposit,2023-05-12,2023,5,May
305910,205874,Savings,19853,2325.0,39552,Recurring Deposit,2022-12-29,2022,12,December
305911,202038,Current,33953,103.0,12722,Recurring Deposit,2025-02-14,2025,2,February
305912,206963,Savings,49695,4505.0,2724,Mutual Fund,2023-01-10,2023,1,January
305913,205896,Savings,45518,3788.0,36064,Recurring Deposit,2024-05-04,2024,5,May
305914,201809,Savings,51388,1808.0,25534,Mutual Fund,2023-01-25,2023,1,January
305915,208897,Current,42935,4994.0,15066,Recurring Deposit,2023-03-20,2023,3,March
305916,201703,Savings,82266,2525.0,43734,Fixed Deposit,2023-04-01,2023,4,April
305917,203093,Business,48551,1510.0,45080,Fixed Deposit,2023-05-07,2023,5,May
305918,207268,Savings,93819,1042.0,41464,Recurring Deposit,2023-02-05,2023,2,February
305919,203247,Savings,45849,2150.0,39898,Mutual Fund,2023-03-12,2023,3,March
305920,200271,Current,86813,576.0,11180,Recurring Deposit,2023-01-29,2023,1,January
305921,205168,Savings,5013,4254.0,23070,Mutual Fund,2023-04-12,2023,4,April
305922,209569,Current,48086,408.0,5832,Recurring Deposit,2024-11-05,2024,11,November
305923,206137,Savings,82959,1523.0,46005,Mutual Fund,2023-09-25,2023,9,September
305924,207780,Business,85119,3350.0,46726,Recurring Deposit,2022-11-18,2022,11,November
305925,206718,Current,31190,2301.0,48879,Fixed Deposit,2022-09-02,2022,9,September
305926,209569,Business,29664,4873.0,3368,Mutual Fund,2022-09-23,2022,9,September
305927,202892,Savings,27196,468.0,32748,Mutual Fund,2022-07-20,2022,7,July
305928,201967,Business,6918,3239.0,27994,Fixed Deposit,2025-02-02,2025,2,February
305929,209099,Savings,53730,3540.0,9678,Recurring Deposit,2025-01-14,2025,1,January
305930,204814,Savings,67165,342.0,39020,Recurring Deposit,2024-04-24,2024,4,April
305931,203805,Savings,21657,2424.0,23528,Recurring Deposit,2024-10-29,2024,10,October
305932,209950,Savings,89845,780.0,14117,Recurring Deposit,2022-03-31,2022,3,March
305933,206497,Savings,62458,3614.0,45041,Mutual Fund,2024-07-09,2024,7,July
305934,201567,Savings,52820,2236.0,3021,Recurring Deposit,2022-05-25,2022,5,May
305935,208555,Current,84680,2384.0,38709,Recurring Deposit,2024-04-08,2024,4,April
305936,205782,Savings,99706,2459.0,23023,Fixed Deposit,2023-10-18,2023,10,October
305937,204681,Savings,87532,289.0,31812,Fixed Deposit,2024-11-09,2024,11,November
305938,205396,Savings,8649,828.0,19748,Mutual Fund,2023-07-23,2023,7,July
305939,200202,Business,90363,114.0,3596,Mutual Fund,2024-04-23,2024,4,April
305940,201931,Business,41064,3365.0,40966,Fixed Deposit,2024-08-29,2024,8,August
305941,207088,Current,9821,865.0,47189,Recurring Deposit,2023-05-21,2023,5,May
305942,208806,Business,59849,3928.0,29585,Mutual Fund,2024-04-21,2024,4,April
305943,204270,Current,62877,4655.0,14463,Fixed Deposit,2022-12-30,2022,12,December
305944,205372,Savings,90684,3338.0,12764,Fixed Deposit,2024-05-23,2024,5,May
305945,203437,Savings,46372,931.0,13286,Fixed Deposit,2023-05-30,2023,5,May
305946,201177,Current,29560,1369.0,7594,Mutual Fund,2023-11-29,2023,11,November
305947,209511,Current,89188,3868.0,30151,Mutual Fund,2023-03-01,2023,3,March
305948,207823,Current,87909,4178.0,1645,Recurring Deposit,2024-09-01,2024,9,September
305949,202993,Savings,42035,2466.0,5038,Mutual Fund,2022-10-06,2022,10,October
305950,209756,Business,47021,4281.0,18458,Fixed Deposit,2022-06-13,2022,6,June
305951,202412,Savings,17230,314.0,19830,Recurring Deposit,2024-06-14,2024,6,June
305952,209125,Current,78295,3474.3687666703527,38805,Recurring Deposit,2024-01-07,2024,1,January
305953,203772,Savings,83266,2991.0,36565,Mutual Fund,2024-04-02,2024,4,April
305954,205795,Savings,6036,2845.0,12339,Mutual Fund,2024-07-08,2024,7,July
305955,207508,Savings,19561,1649.0,9444,Mutual Fund,2022-05-10,2022,5,May
305956,208457,Business,26237,3455.0,43705,Mutual Fund,2024-05-09,2024,5,May
305957,206318,Business,59719,2408.0,38528,Recurring Deposit,2023-09-11,2023,9,September
305958,207851,Savings,13085,4135.0,49037,Fixed Deposit,2023-11-22,2023,11,November
305959,200507,Savings,2168,4251.0,16037,Recurring Deposit,2025-02-19,2025,2,February
305960,201387,Current,67020,609.0,23081,Fixed Deposit,2022-12-17,2022,12,December
305961,204029,Savings,24105,1118.7934956603128,34108,Fixed Deposit,2024-02-29,2024,2,February
305962,200250,Business,45276,3582.0,31624,Mutual Fund,2022-09-23,2022,9,September
305963,202566,Business,26718,543.0,19365,Fixed Deposit,2025-03-09,2025,3,March
305964,208677,Savings,50817,2770.0,22530,Recurring Deposit,2024-06-03,2024,6,June
305965,200196,Business,96671,4158.0,19748,Mutual Fund,2024-03-04,2024,3,March
305966,201298,Business,31368,2410.0,34911,Recurring Deposit,2023-07-24,2023,7,July
305967,205485,Business,80360,3491.0,43986,Recurring Deposit,2025-02-23,2025,2,February
305968,209879,Savings,69135,1491.0,33037,Mutual Fund,2022-04-03,2022,4,April
305969,205205,Current,18578,4551.0,32568,Fixed Deposit,2022-04-08,2022,4,April
305970,202196,Business,17683,4097.0,32815,Recurring Deposit,2025-01-31,2025,1,January
305971,201361,Current,75941,576.0,33276,Fixed Deposit,2023-02-11,2023,2,February
305972,202661,Savings,48395,4863.0,39678,Fixed Deposit,2023-10-31,2023,10,October
305973,206692,Current,51103,2187.0,22817,Recurring Deposit,2024-09-08,2024,9,September
305974,209264,Current,98190,2439.4802044702687,11283,Fixed Deposit,2022-08-24,2022,8,August
305975,201944,Current,6080,3128.0,8239,Mutual Fund,2023-08-08,2023,8,August
305976,201062,Savings,96116,4550.0,23871,Recurring Deposit,2023-10-03,2023,10,October
305977,201229,Savings,10853,4510.0,41456,Recurring Deposit,2024-10-27,2024,10,October
305978,208417,Savings,57291,1911.0,31172,Fixed Deposit,2023-04-28,2023,4,April
305979,202485,Savings,5875,4642.0,43954,Recurring Deposit,2023-01-05,2023,1,January
305980,207262,Business,67068,2860.0,33812,Fixed Deposit,2024-07-20,2024,7,July
305981,201456,Savings,35902,262.0,12171,Fixed Deposit,2023-05-03,2023,5,May
305982,208193,Current,71412,4509.0,28463,Recurring Deposit,2023-03-24,2023,3,March
305983,201534,Current,74490,3412.0,26795,Recurring Deposit,2023-05-13,2023,5,May
305984,208494,Savings,99210,984.0,40725,Recurring Deposit,2024-03-22,2024,3,March
305985,204582,Business,38421,2808.0,7448,Recurring Deposit,2024-10-28,2024,10,October
305986,202658,Business,38487,1422.0,43113,Fixed Deposit,2023-09-04,2023,9,September
305987,208581,Savings,63648,2363.0,32307,Fixed Deposit,2023-10-10,2023,10,October
305988,206873,Business,23433,2276.0,24755,Fixed Deposit,2022-12-31,2022,12,December
305989,202559,Current,27099,1026.0,13114,Mutual Fund,2024-05-03,2024,5,May
305990,206953,Business,92325,2722.0,31705,Fixed Deposit,2024-01-08,2024,1,January
305991,200989,Business,76319,1553.0,4033,Fixed Deposit,2023-02-11,2023,2,February
305992,202631,Savings,2152,3834.0,6033,Mutual Fund,2024-01-01,2024,1,January
305993,205344,Current,36256,4478.0,8192,Recurring Deposit,2025-03-13,2025,3,March
305994,202697,Business,36949,3215.0,35792,Recurring Deposit,2023-10-20,2023,10,October
305995,203183,Business,92989,2321.0,19685,Fixed Deposit,2023-10-09,2023,10,October
305996,200739,Current,74859,3532.0,7012,Fixed Deposit,2023-12-03,2023,12,December
305997,207912,Business,6194,3443.0,19863,Mutual Fund,2023-05-29,2023,5,May
305998,200502,Current,63667,4158.0,48868,Fixed Deposit,2024-02-19,2024,2,February
305999,205681,Business,36751,4387.0,43808,Recurring Deposit,2022-12-25,2022,12,December
306000,203819,Savings,7182,4464.0,31615,Recurring Deposit,2024-08-24,2024,8,August
306001,205831,Business,24842,533.0,20687,Fixed Deposit,2022-10-10,2022,10,October
306002,206852,Business,84425,2275.0,46554,Fixed Deposit,2024-08-31,2024,8,August
306003,207680,Business,38201,1563.0,21599,Mutual Fund,2025-02-18,2025,2,February
306004,206594,Current,89457,283.0,5769,Mutual Fund,2023-03-11,2023,3,March
306005,208474,Current,71651,235.0,39577,Fixed Deposit,2022-08-23,2022,8,August
306006,208380,Savings,11290,4880.0,36795,Mutual Fund,2023-05-14,2023,5,May
306007,204220,Savings,12125,453.0,45758,Recurring Deposit,2023-03-22,2023,3,March
306008,203759,Savings,65206,3033.0,20507,Recurring Deposit,2024-07-30,2024,7,July
306009,201814,Savings,7458,4216.0,37433,Mutual Fund,2024-01-21,2024,1,January
306010,200939,Savings,32856,4848.0,39461,Recurring Deposit,2023-11-02,2023,11,November
306011,205031,Current,76890,4630.0,37212,Recurring Deposit,2023-01-19,2023,1,January
306012,207050,Savings,15082,1127.0,12447,Recurring Deposit,2022-11-02,2022,11,November
306013,206794,Business,16180,2079.0,43492,Recurring Deposit,2022-11-08,2022,11,November
306014,203939,Savings,45782,3879.0,46357,Mutual Fund,2024-03-24,2024,3,March
306015,202661,Savings,32760,3832.0,20494,Recurring Deposit,2022-04-05,2022,4,April
306016,201979,Savings,81892,1029.0,28174,Fixed Deposit,2022-12-20,2022,12,December
306017,203382,Savings,69416,2252.0,4000,Mutual Fund,2024-01-04,2024,1,January
306018,208599,Current,57525,3512.0,6915,Mutual Fund,2024-05-05,2024,5,May
306019,209533,Savings,70888,231.0,16012,Recurring Deposit,2022-10-15,2022,10,October
306020,208999,Current,65599,2467.0,9179,Fixed Deposit,2024-11-24,2024,11,November
306021,208464,Savings,65885,947.0,14145,Recurring Deposit,2024-06-01,2024,6,June
306022,202914,Current,58211,3595.0,20674,Recurring Deposit,2024-06-27,2024,6,June
306023,201035,Savings,95730,4714.0,16851,Mutual Fund,2023-07-24,2023,7,July
306024,205262,Business,24106,2017.0,13478,Recurring Deposit,2024-04-14,2024,4,April
306025,201190,Current,63668,2832.0,16608,Fixed Deposit,2023-06-30,2023,6,June
306026,200268,Current,18206,3979.0,37730,Mutual Fund,2023-04-14,2023,4,April
306027,202141,Savings,8253,4472.0,32130,Fixed Deposit,2024-08-10,2024,8,August
306028,202153,Current,77840,3065.0,15892,Recurring Deposit,2024-08-19,2024,8,August
306029,205906,Current,91728,2238.0,9590,Recurring Deposit,2022-06-03,2022,6,June
306030,201736,Current,78754,3935.0,5975,Fixed Deposit,2023-11-29,2023,11,November
306031,201336,Business,53765,3885.0,5066,Fixed Deposit,2022-08-21,2022,8,August
306032,204155,Savings,44288,4172.0,49949,Recurring Deposit,2025-02-25,2025,2,February
306033,200695,Business,33710,434.0,17320,Recurring Deposit,2022-11-29,2022,11,November
306034,201432,Business,43303,4818.0,27174,Recurring Deposit,2022-06-22,2022,6,June
306035,201383,Savings,58560,2203.0,45996,Mutual Fund,2023-02-18,2023,2,February
306036,203971,Business,79950,1316.0,37518,Fixed Deposit,2023-04-20,2023,4,April
306037,205043,Business,88448,3026.0,16735,Mutual Fund,2024-03-30,2024,3,March
306038,203710,Current,58793,2732.0,47141,Fixed Deposit,2024-11-23,2024,11,November
306039,207268,Current,65438,4874.0,12006,Recurring Deposit,2022-08-17,2022,8,August
306040,203651,Savings,60065,3445.0,15198,Recurring Deposit,2024-02-17,2024,2,February
306041,208939,Savings,43239,3499.0,18250,Recurring Deposit,2023-08-22,2023,8,August
306042,203179,Business,59453,1937.0,18077,Recurring Deposit,2023-04-28,2023,4,April
306043,208108,Savings,21149,1033.0,15568,Fixed Deposit,2023-10-02,2023,10,October
306044,202696,Savings,66140,2168.0,20789,Recurring Deposit,2023-10-01,2023,10,October
306045,200376,Current,97128,3123.0,40041,Fixed Deposit,2024-08-07,2024,8,August
306046,208578,Business,78046,3128.0379681321933,49130,Mutual Fund,2024-08-03,2024,8,August
306047,204325,Current,26233,2236.0,29562,Recurring Deposit,2023-04-25,2023,4,April
306048,204049,Current,42743,3962.0,46001,Mutual Fund,2023-09-06,2023,9,September
306049,202422,Current,16049,4703.0,48937,Fixed Deposit,2022-04-20,2022,4,April
306050,202285,Business,87518,2899.0,7444,Fixed Deposit,2023-12-20,2023,12,December
306051,204062,Business,59927,3237.0,20853,Fixed Deposit,2022-09-25,2022,9,September
306052,206390,Business,62051,2092.0,13012,Mutual Fund,2023-09-17,2023,9,September
306053,208577,Current,84788,317.0,8170,Fixed Deposit,2025-02-08,2025,2,February
306054,201061,Savings,12497,3604.0,39323,Fixed Deposit,2024-10-16,2024,10,October
306055,207411,Business,91487,3231.0,49700,Mutual Fund,2023-01-24,2023,1,January
306056,208710,Savings,58403,4791.0,10622,Recurring Deposit,2024-09-02,2024,9,September
306057,207561,Current,56883,2685.0,46452,Mutual Fund,2024-08-31,2024,8,August
306058,201100,Business,41356,4357.0,48676,Mutual Fund,2024-12-24,2024,12,December
306059,209658,Savings,83576,2898.0,25485,Fixed Deposit,2024-12-23,2024,12,December
306060,209984,Business,61584,4173.0,14819,Mutual Fund,2024-07-04,2024,7,July
306061,204132,Current,91935,1383.0,21907,Fixed Deposit,2022-12-17,2022,12,December
306062,204504,Business,41910,458.0,24561,Recurring Deposit,2023-06-06,2023,6,June
306063,203649,Current,50036,2373.0,13190,Fixed Deposit,2023-09-23,2023,9,September
306064,200843,Current,24725,168.0,12680,Mutual Fund,2023-08-08,2023,8,August
306065,206967,Savings,61487,2125.0,24447,Mutual Fund,2025-01-29,2025,1,January
306066,205582,Current,53362,108.0,14068,Mutual Fund,2024-05-21,2024,5,May
306067,204649,Current,14863,380.0,14025,Recurring Deposit,2024-04-16,2024,4,April
306068,206192,Business,39061,1675.0,24796,Recurring Deposit,2024-02-13,2024,2,February
306069,203142,Current,88071,892.0,46779,Fixed Deposit,2022-07-20,2022,7,July
306070,200245,Current,74323,406.0,49189,Mutual Fund,2023-11-02,2023,11,November
306071,205110,Current,21147,4060.0,5802,Recurring Deposit,2024-10-29,2024,10,October
306072,206019,Current,17137,245.0,46998,Fixed Deposit,2023-06-09,2023,6,June
306073,205967,Savings,20819,3665.0,2566,Fixed Deposit,2024-03-10,2024,3,March
306074,208533,Business,41378,542.0,18810,Mutual Fund,2024-11-26,2024,11,November
306075,206210,Business,98166,4026.0,35857,Mutual Fund,2022-11-01,2022,11,November
306076,208917,Current,61546,408.0,5362,Recurring Deposit,2022-12-06,2022,12,December
306077,206067,Savings,66785,4677.0,11478,Mutual Fund,2024-12-10,2024,12,December
306078,202886,Savings,10352,3877.0,45874,Recurring Deposit,2023-08-27,2023,8,August
306079,204152,Current,61926,4778.0,4536,Recurring Deposit,2024-01-05,2024,1,January
306080,201309,Current,17457,5453.64883037126,13129,Recurring Deposit,2024-11-25,2024,11,November
306081,209671,Business,55651,2518.0,17753,Fixed Deposit,2024-10-27,2024,10,October
306082,209938,Business,9975,2821.0,26288,Recurring Deposit,2024-08-25,2024,8,August
306083,207622,Business,27902,4249.0,28046,Recurring Deposit,2023-12-09,2023,12,December
306084,204288,Business,73503,676.0,24431,Recurring Deposit,2022-07-09,2022,7,July
306085,206769,Current,60029,1368.0,28297,Fixed Deposit,2022-07-21,2022,7,July
306086,209337,Current,4943,299.0,10129,Mutual Fund,2022-11-27,2022,11,November
306087,200666,Business,71438,1766.3389519814236,16098,Recurring Deposit,2023-09-05,2023,9,September
306088,200585,Business,80746,2823.9916913606226,38584,Fixed Deposit,2023-03-10,2023,3,March
306089,200353,Current,69231,3924.0,31315,Mutual Fund,2023-07-20,2023,7,July
306090,202614,Business,3692,4759.0,21526,Fixed Deposit,2023-07-26,2023,7,July
306091,207637,Current,55020,4020.0,13335,Recurring Deposit,2024-12-29,2024,12,December
306092,203097,Business,54778,3419.0,46442,Fixed Deposit,2023-06-16,2023,6,June
306093,208235,Current,35768,4678.0,10516,Fixed Deposit,2023-05-10,2023,5,May
306094,209796,Savings,66916,4851.0,47257,Mutual Fund,2024-10-16,2024,10,October
306095,202895,Current,37924,3045.0,16650,Mutual Fund,2024-12-16,2024,12,December
306096,208715,Savings,88853,1853.0,35851,Fixed Deposit,2023-11-25,2023,11,November
306097,209320,Savings,52132,72.52721638622882,9132,Recurring Deposit,2023-05-16,2023,5,May
306098,207255,Business,36003,1708.0,17793,Fixed Deposit,2024-02-10,2024,2,February
306099,206794,Savings,85353,3666.0,49857,Fixed Deposit,2023-10-06,2023,10,October
306100,208849,Business,29849,1048.0,19558,Mutual Fund,2024-09-17,2024,9,September
306101,207843,Savings,7141,1118.0,5659,Mutual Fund,2024-06-07,2024,6,June
306102,202386,Savings,55206,1442.0,26879,Mutual Fund,2024-02-18,2024,2,February
306103,205445,Business,6446,2046.0,4333,Mutual Fund,2023-12-24,2023,12,December
306104,206742,Current,17497,1620.0,5123,Mutual Fund,2022-12-05,2022,12,December
306105,201862,Business,91319,3097.0,35860,Recurring Deposit,2022-12-31,2022,12,December
306106,207019,Savings,93150,1538.0,20021,Recurring Deposit,2022-04-25,2022,4,April
306107,200776,Business,50606,4131.0,43534,Fixed Deposit,2022-10-01,2022,10,October
306108,205825,Business,65017,1137.0,29116,Mutual Fund,2023-03-20,2023,3,March
306109,201663,Savings,42561,101.0,18034,Mutual Fund,2025-01-12,2025,1,January
306110,200755,Savings,43716,4597.0,25433,Fixed Deposit,2023-04-15,2023,4,April
306111,204654,Savings,34894,629.0,14560,Mutual Fund,2025-03-13,2025,3,March
306112,207532,Business,41541,4957.0,47769,Fixed Deposit,2022-07-23,2022,7,July
306113,203695,Business,50048,2732.8250669814697,41443,Recurring Deposit,2023-02-11,2023,2,February
306114,200302,Business,90151,4988.0,31881,Recurring Deposit,2022-12-05,2022,12,December
306115,201098,Current,98557,3654.0,9994,Recurring Deposit,2023-11-27,2023,11,November
306116,207618,Business,74805,998.0,46683,Recurring Deposit,2022-08-28,2022,8,August
306117,201404,Current,37898,1609.0,12718,Fixed Deposit,2022-08-16,2022,8,August
306118,201321,Savings,56218,4764.0,40156,Mutual Fund,2022-06-28,2022,6,June
306119,200304,Current,91699,1945.0,46846,Fixed Deposit,2024-03-25,2024,3,March
306120,206173,Business,91538,3699.0,17512,Mutual Fund,2024-07-19,2024,7,July
306121,204103,Savings,60522,3575.0,48775,Fixed Deposit,2022-06-12,2022,6,June
306122,205540,Current,60848,2280.0,21577,Recurring Deposit,2022-04-30,2022,4,April
306123,200007,Savings,39326,2939.0,36509,Recurring Deposit,2023-11-27,2023,11,November
306124,209966,Savings,98554,1358.0,2137,Recurring Deposit,2024-06-11,2024,6,June
306125,201214,Current,80785,3856.0,46764,Recurring Deposit,2022-07-28,2022,7,July
306126,206520,Savings,36772,527.0,27839,Fixed Deposit,2022-08-29,2022,8,August
306127,200697,Savings,3326,443.0,4915,Recurring Deposit,2023-05-02,2023,5,May
306128,204001,Business,45751,1248.0,44841,Mutual Fund,2024-11-05,2024,11,November
306129,202726,Savings,97515,3794.0,2406,Mutual Fund,2022-11-17,2022,11,November
306130,206799,Current,34375,3338.0,44465,Recurring Deposit,2022-07-29,2022,7,July
306131,201923,Current,29608,4991.0,44148,Mutual Fund,2025-01-01,2025,1,January
306132,203423,Business,34795,3551.0,3782,Fixed Deposit,2023-11-16,2023,11,November
306133,209828,Business,24738,2782.0,14869,Fixed Deposit,2023-07-14,2023,7,July
306134,200429,Current,60609,4912.0,49023,Fixed Deposit,2023-03-12,2023,3,March
306135,209926,Current,57154,4414.0,13185,Fixed Deposit,2023-04-09,2023,4,April
306136,205388,Business,68194,2746.0,8200,Fixed Deposit,2023-06-05,2023,6,June
306137,203153,Current,84815,831.0,39615,Recurring Deposit,2024-02-07,2024,2,February
306138,209897,Savings,57143,2447.0,18920,Recurring Deposit,2024-11-18,2024,11,November
306139,206156,Business,91397,1968.0,45296,Mutual Fund,2022-10-03,2022,10,October
306140,207068,Business,37197,263.0,48290,Fixed Deposit,2022-10-10,2022,10,October
306141,201220,Business,47287,1566.0,26720,Recurring Deposit,2024-06-16,2024,6,June
306142,203061,Business,84360,4867.0,46143,Mutual Fund,2022-12-11,2022,12,December
306143,205726,Savings,53755,4168.0,8082,Recurring Deposit,2022-05-04,2022,5,May
306144,205950,Business,80919,1639.0,23041,Fixed Deposit,2022-05-14,2022,5,May
306145,203941,Business,23042,2916.0,7694,Fixed Deposit,2025-01-14,2025,1,January
306146,203122,Current,17031,1333.0,43356,Mutual Fund,2023-09-26,2023,9,September
306147,200302,Business,7613,2828.0,46205,Recurring Deposit,2023-08-08,2023,8,August
306148,207510,Current,81867,396.0,24904,Mutual Fund,2024-03-29,2024,3,March
306149,202078,Current,30850,3181.0,45511,Mutual Fund,2024-03-15,2024,3,March
306150,203669,Current,15104,2891.9880633714606,46000,Fixed Deposit,2024-07-07,2024,7,July
306151,208733,Savings,74709,1606.0,47990,Fixed Deposit,2023-05-18,2023,5,May
306152,206549,Business,70861,2023.0,13757,Mutual Fund,2024-07-20,2024,7,July
306153,204783,Business,45246,2344.0,32183,Fixed Deposit,2024-02-10,2024,2,February
306154,206886,Current,99315,2334.0,5440,Fixed Deposit,2022-10-16,2022,10,October
306155,205479,Business,44620,777.0,43594,Recurring Deposit,2025-03-08,2025,3,March
306156,202479,Current,42645,3401.0,33280,Mutual Fund,2024-07-05,2024,7,July
306157,203000,Business,50393,4475.0,19029,Fixed Deposit,2022-12-21,2022,12,December
306158,208510,Current,16869,3835.0,42572,Fixed Deposit,2024-09-23,2024,9,September
306159,207427,Current,54039,3287.0,18776,Fixed Deposit,2024-10-04,2024,10,October
306160,204582,Current,17596,4159.0,8290,Fixed Deposit,2024-02-28,2024,2,February
306161,209168,Savings,32855,4794.0,22940,Fixed Deposit,2024-11-25,2024,11,November
306162,201360,Current,77649,1714.0,2743,Fixed Deposit,2024-12-02,2024,12,December
306163,203818,Savings,14514,696.0,9593,Mutual Fund,2024-08-13,2024,8,August
306164,209127,Savings,95548,1223.0,13396,Recurring Deposit,2024-01-25,2024,1,January
306165,202386,Current,69644,3715.0,37657,Recurring Deposit,2024-06-11,2024,6,June
306166,208955,Savings,14955,3169.521541660049,27512,Mutual Fund,2024-12-08,2024,12,December
306167,205006,Business,55995,2974.0,24865,Fixed Deposit,2024-12-08,2024,12,December
306168,204996,Savings,28068,2014.0,21547,Fixed Deposit,2024-06-27,2024,6,June
306169,205293,Savings,81198,1923.0,7068,Mutual Fund,2023-07-15,2023,7,July
306170,208215,Savings,13206,2442.0,19510,Fixed Deposit,2023-09-11,2023,9,September
306171,201025,Savings,87490,4690.0,36459,Recurring Deposit,2024-04-07,2024,4,April
306172,207866,Current,68359,4490.0,5273,Recurring Deposit,2024-07-06,2024,7,July
306173,201187,Business,75633,3911.0,32796,Mutual Fund,2023-03-08,2023,3,March
306174,201007,Business,51353,2851.0,48159,Fixed Deposit,2022-08-07,2022,8,August
306175,205470,Savings,92082,1811.0,29485,Fixed Deposit,2024-02-05,2024,2,February
306176,201117,Business,8098,1661.0,45356,Fixed Deposit,2023-07-12,2023,7,July
306177,208395,Current,67321,2471.0,15390,Fixed Deposit,2023-10-10,2023,10,October
306178,207290,Savings,38282,721.0,32137,Recurring Deposit,2023-12-21,2023,12,December
306179,208228,Savings,53741,3703.0,41687,Recurring Deposit,2023-04-28,2023,4,April
306180,206773,Savings,30382,251.0,36385,Fixed Deposit,2022-11-17,2022,11,November
306181,209044,Business,40970,1702.0,16139,Mutual Fund,2023-07-05,2023,7,July
306182,207307,Savings,94422,4390.0,46836,Mutual Fund,2022-04-06,2022,4,April
306183,200633,Savings,93748,3033.0,3907,Recurring Deposit,2022-03-21,2022,3,March
306184,209444,Business,42573,4697.0,25710,Mutual Fund,2024-06-10,2024,6,June
306185,204514,Current,56745,2163.0,11296,Recurring Deposit,2022-10-18,2022,10,October
306186,209708,Business,56346,4418.0,21104,Recurring Deposit,2023-09-06,2023,9,September
306187,205859,Current,13999,2820.0,12033,Mutual Fund,2023-06-09,2023,6,June
306188,204980,Current,1166,2519.0,31560,Fixed Deposit,2024-03-18,2024,3,March
306189,208519,Current,80710,4179.0,6430,Fixed Deposit,2024-06-29,2024,6,June
306190,207523,Savings,56260,3772.0,2892,Recurring Deposit,2022-04-02,2022,4,April
306191,201030,Current,70424,3165.0,19585,Fixed Deposit,2025-02-21,2025,2,February
306192,202562,Savings,72854,670.0,48731,Recurring Deposit,2024-04-23,2024,4,April
306193,208919,Business,71947,4492.0,43570,Fixed Deposit,2024-03-31,2024,3,March
306194,209416,Current,48125,3362.0,23960,Recurring Deposit,2023-06-29,2023,6,June
306195,207059,Savings,79806,4149.0,44596,Mutual Fund,2022-04-04,2022,4,April
306196,205331,Savings,28468,3489.0,25115,Fixed Deposit,2024-01-18,2024,1,January
306197,200685,Current,35530,183.0,26562,Recurring Deposit,2023-06-19,2023,6,June
306198,203140,Current,69779,473.0,21751,Mutual Fund,2024-10-03,2024,10,October
306199,206080,Current,33450,747.0,10202,Mutual Fund,2023-03-15,2023,3,March
306200,202025,Savings,8356,1382.0,49988,Mutual Fund,2022-04-01,2022,4,April
306201,205648,Savings,14810,1009.0,8827,Mutual Fund,2024-07-19,2024,7,July
306202,202379,Current,56432,2490.0,20039,Fixed Deposit,2023-10-22,2023,10,October
306203,200429,Business,68887,1156.0,14270,Fixed Deposit,2023-01-07,2023,1,January
306204,202807,Savings,90361,347.0,6371,Fixed Deposit,2023-12-20,2023,12,December
306205,206883,Savings,40001,1790.0,12336,Fixed Deposit,2024-08-07,2024,8,August
306206,201194,Business,75109,1902.0,13255,Recurring Deposit,2024-01-29,2024,1,January
306207,208397,Business,86148,3957.0,19051,Mutual Fund,2023-11-24,2023,11,November
306208,205722,Business,7063,703.0,7449,Recurring Deposit,2023-04-13,2023,4,April
306209,201160,Savings,29299,3536.0,32724,Recurring Deposit,2022-11-29,2022,11,November
306210,202846,Business,55678,3853.0,35287,Fixed Deposit,2024-12-18,2024,12,December
306211,203084,Business,82682,1382.0,20081,Mutual Fund,2023-11-16,2023,11,November
306212,209582,Savings,4051,2947.0,4055,Mutual Fund,2023-10-29,2023,10,October
306213,207117,Savings,60242,3719.0,41138,Mutual Fund,2023-02-26,2023,2,February
306214,203817,Savings,46150,3053.0,9001,Recurring Deposit,2023-05-03,2023,5,May
306215,207060,Business,15034,3384.0,33987,Fixed Deposit,2022-07-22,2022,7,July
306216,209970,Current,4540,4054.0,38565,Recurring Deposit,2024-01-05,2024,1,January
306217,206828,Current,39510,2645.0,28787,Fixed Deposit,2024-11-16,2024,11,November
306218,205502,Savings,87473,124.0,39439,Recurring Deposit,2023-03-28,2023,3,March
306219,202021,Business,74277,1569.0,28604,Fixed Deposit,2024-05-31,2024,5,May
306220,206407,Business,58873,1276.0,30484,Mutual Fund,2024-10-28,2024,10,October
306221,205512,Business,78243,3628.0,34761,Recurring Deposit,2025-03-02,2025,3,March
306222,206588,Savings,69204,2200.0,33503,Fixed Deposit,2025-02-16,2025,2,February
306223,209043,Current,92773,4678.0,25099,Mutual Fund,2023-05-17,2023,5,May
306224,202914,Business,83239,195.1350107754529,22937,Mutual Fund,2023-06-06,2023,6,June
306225,204904,Current,2636,4409.405213636767,33565,Fixed Deposit,2024-12-22,2024,12,December
306226,203996,Current,45435,1713.0,22442,Mutual Fund,2024-06-24,2024,6,June
306227,204555,Business,83611,4544.0,16910,Mutual Fund,2023-05-12,2023,5,May
306228,205685,Savings,56587,3907.5440594808993,22893,Recurring Deposit,2023-12-22,2023,12,December
306229,203294,Current,97957,887.0,32208,Recurring Deposit,2023-01-07,2023,1,January
306230,206878,Current,19735,2633.0,34291,Fixed Deposit,2022-07-05,2022,7,July
306231,208056,Current,15904,1939.0,16334,Fixed Deposit,2022-12-29,2022,12,December
306232,201578,Current,96800,3655.0,8421,Fixed Deposit,2022-10-19,2022,10,October
306233,204676,Current,38722,4428.0,20539,Mutual Fund,2023-06-13,2023,6,June
306234,208399,Business,52624,2219.0,5259,Fixed Deposit,2022-09-08,2022,9,September
306235,201295,Savings,58303,2913.0,35469,Recurring Deposit,2024-12-04,2024,12,December
306236,208857,Current,44095,3465.0,20374,Mutual Fund,2024-02-26,2024,2,February
306237,203862,Savings,28036,2317.0,31466,Recurring Deposit,2024-11-04,2024,11,November
306238,200088,Savings,19982,3515.0,3994,Recurring Deposit,2024-02-22,2024,2,February
306239,205880,Business,50745,106.0,48276,Recurring Deposit,2023-05-17,2023,5,May
306240,203824,Savings,3030,2792.929195615206,41083,Mutual Fund,2025-03-13,2025,3,March
306241,203189,Savings,88095,3889.0,26325,Fixed Deposit,2024-11-12,2024,11,November
306242,205795,Savings,37104,4140.0,45717,Fixed Deposit,2024-04-23,2024,4,April
306243,203874,Savings,84633,1143.0,26927,Recurring Deposit,2023-01-06,2023,1,January
306244,200416,Current,50419,3709.0,12703,Mutual Fund,2023-08-01,2023,8,August
306245,206915,Business,42345,599.0,2920,Mutual Fund,2022-04-20,2022,4,April
306246,202617,Business,10689,2487.0,11299,Recurring Deposit,2022-11-12,2022,11,November
306247,204531,Business,93194,1179.0,8347,Fixed Deposit,2022-06-06,2022,6,June
306248,202247,Savings,80789,3938.0,44027,Mutual Fund,2024-06-29,2024,6,June
306249,201898,Savings,49982,2602.0,15445,Fixed Deposit,2022-04-24,2022,4,April
306250,207817,Current,69386,3399.0,22789,Fixed Deposit,2023-01-03,2023,1,January
306251,209021,Savings,70831,1185.0,41139,Mutual Fund,2022-08-26,2022,8,August
306252,205919,Savings,70921,3412.0,13555,Fixed Deposit,2023-06-02,2023,6,June
306253,204911,Business,82773,1507.0,33115,Mutual Fund,2023-05-13,2023,5,May
306254,201242,Savings,74436,3617.0,26382,Recurring Deposit,2022-10-01,2022,10,October
306255,206320,Business,36921,4999.0,22718,Mutual Fund,2024-01-31,2024,1,January
306256,205585,Business,59705,2641.0,46945,Fixed Deposit,2022-04-02,2022,4,April
306257,200889,Business,90867,555.0,13975,Fixed Deposit,2023-03-17,2023,3,March
306258,207330,Savings,33218,1662.0,10484,Fixed Deposit,2022-08-08,2022,8,August
306259,209499,Savings,3933,1474.0,3877,Recurring Deposit,2022-11-10,2022,11,November
306260,206841,Current,53818,4280.0,36345,Recurring Deposit,2022-04-12,2022,4,April
306261,207217,Business,13008,1687.0,5242,Fixed Deposit,2024-04-25,2024,4,April
306262,202864,Current,90274,1469.0,14466,Recurring Deposit,2023-02-21,2023,2,February
306263,206585,Savings,67049,2658.0,22386,Mutual Fund,2023-09-03,2023,9,September
306264,208408,Savings,63209,4958.0,40412,Mutual Fund,2024-01-02,2024,1,January
306265,209424,Savings,37996,1243.0,13928,Fixed Deposit,2023-07-18,2023,7,July
306266,208537,Current,96735,4620.0,8610,Mutual Fund,2024-05-03,2024,5,May
306267,201428,Savings,36744,2350.0,42534,Fixed Deposit,2023-10-18,2023,10,October
306268,202655,Savings,90579,1057.0,19069,Recurring Deposit,2024-03-10,2024,3,March
306269,208040,Savings,97580,908.0,15483,Fixed Deposit,2025-03-07,2025,3,March
306270,205182,Current,92803,1412.0,14133,Fixed Deposit,2022-05-09,2022,5,May
306271,200338,Current,6773,2942.669540161552,12917,Recurring Deposit,2023-08-16,2023,8,August
306272,200321,Savings,74319,137.0,12087,Recurring Deposit,2022-07-23,2022,7,July
306273,204258,Business,71762,3317.0,34938,Mutual Fund,2022-11-02,2022,11,November
306274,200335,Current,95769,2585.0,15118,Fixed Deposit,2022-06-16,2022,6,June
306275,205362,Current,88753,1172.0,49732,Fixed Deposit,2023-05-08,2023,5,May
306276,205271,Business,17552,3488.0,12557,Mutual Fund,2023-11-20,2023,11,November
306277,205214,Current,25206,627.0,10672,Fixed Deposit,2022-07-09,2022,7,July
306278,202025,Business,44977,4792.0,18797,Recurring Deposit,2024-07-11,2024,7,July
306279,208598,Business,94507,1666.0,23553,Fixed Deposit,2024-03-20,2024,3,March
306280,200096,Business,24338,1623.0,34456,Recurring Deposit,2022-12-28,2022,12,December
306281,202852,Business,26392,4876.0,34891,Recurring Deposit,2023-01-13,2023,1,January
306282,202403,Business,73188,3144.0,44539,Recurring Deposit,2023-04-13,2023,4,April
306283,203134,Current,52345,3845.0,37200,Recurring Deposit,2023-11-03,2023,11,November
306284,203831,Savings,16454,1597.0,10880,Fixed Deposit,2022-04-09,2022,4,April
306285,206462,Business,65503,4333.0,11862,Mutual Fund,2022-09-26,2022,9,September
306286,206930,Current,63432,1024.0,14415,Recurring Deposit,2023-04-11,2023,4,April
306287,200916,Savings,86387,2313.0,6530,Mutual Fund,2023-11-08,2023,11,November
306288,202130,Savings,81822,3146.0,24754,Mutual Fund,2024-02-07,2024,2,February
306289,205529,Current,44822,2289.0,26042,Recurring Deposit,2023-04-08,2023,4,April
306290,208370,Savings,32696,4938.0,23412,Recurring Deposit,2022-05-12,2022,5,May
306291,205691,Savings,52804,3924.0,38881,Mutual Fund,2023-01-24,2023,1,January
306292,204301,Business,87726,3885.0,49814,Mutual Fund,2024-03-05,2024,3,March
306293,206353,Business,63399,2201.0,5166,Fixed Deposit,2022-08-13,2022,8,August
306294,200633,Current,51747,2301.0,35444,Recurring Deposit,2024-06-07,2024,6,June
306295,204448,Business,68424,2373.0,1751,Fixed Deposit,2025-01-18,2025,1,January
306296,205509,Savings,24769,2826.0,44607,Recurring Deposit,2023-02-07,2023,2,February
306297,201723,Savings,78011,3332.0,42327,Mutual Fund,2024-03-24,2024,3,March
306298,205564,Business,1938,1872.0,38926,Mutual Fund,2023-11-15,2023,11,November
306299,209860,Current,11660,2195.0,1083,Mutual Fund,2025-02-11,2025,2,February
306300,201125,Current,71815,4581.0,6324,Mutual Fund,2023-07-18,2023,7,July
306301,200142,Business,4554,348.0,5664,Fixed Deposit,2023-08-04,2023,8,August
306302,207716,Current,82460,125.0,49950,Mutual Fund,2022-11-22,2022,11,November
306303,203049,Current,67813,3316.0,18204,Fixed Deposit,2024-11-22,2024,11,November
306304,209628,Savings,26595,2156.0,13253,Mutual Fund,2022-05-25,2022,5,May
306305,209474,Business,24735,2647.0,24396,Fixed Deposit,2024-07-21,2024,7,July
306306,202713,Business,18223,1448.0,41619,Recurring Deposit,2024-06-07,2024,6,June
306307,201639,Savings,40297,2057.0,15269,Recurring Deposit,2022-09-26,2022,9,September
306308,204908,Savings,19674,2324.0,14388,Fixed Deposit,2023-04-18,2023,4,April
306309,202693,Business,66455,3641.0,9047,Fixed Deposit,2024-04-06,2024,4,April
306310,200098,Business,63991,630.0,21901,Recurring Deposit,2024-12-06,2024,12,December
306311,200215,Savings,68491,4585.0,5409,Recurring Deposit,2023-06-28,2023,6,June
306312,201778,Current,37187,1443.0,5982,Mutual Fund,2023-01-23,2023,1,January
306313,206581,Savings,7736,1018.0,13173,Recurring Deposit,2023-10-01,2023,10,October
306314,206456,Current,49893,2180.0,49291,Mutual Fund,2022-06-09,2022,6,June
306315,204330,Business,91237,676.0,40864,Fixed Deposit,2025-01-19,2025,1,January
306316,205960,Business,73910,272.0,43551,Recurring Deposit,2023-02-22,2023,2,February
306317,207250,Business,78201,4283.0,20844,Mutual Fund,2022-09-12,2022,9,September
306318,204338,Business,70374,332.0,32306,Recurring Deposit,2023-03-22,2023,3,March
306319,201759,Business,50409,2184.0,11751,Recurring Deposit,2024-11-28,2024,11,November
306320,201247,Savings,58897,2430.0,42103,Fixed Deposit,2024-01-24,2024,1,January
306321,201120,Business,54854,3634.0,32051,Fixed Deposit,2023-08-07,2023,8,August
306322,200320,Business,92857,1020.0,13048,Fixed Deposit,2022-04-13,2022,4,April
306323,201840,Business,61943,3279.0,6278,Fixed Deposit,2022-12-05,2022,12,December
306324,204995,Business,56465,1814.0,5295,Recurring Deposit,2023-05-23,2023,5,May
306325,202587,Current,73356,1233.0,3955,Mutual Fund,2024-09-14,2024,9,September
306326,203562,Business,81232,2314.0,11119,Fixed Deposit,2022-09-22,2022,9,September
306327,201073,Current,95756,476.0,35060,Recurring Deposit,2023-11-25,2023,11,November
306328,206411,Current,13998,3533.0,15198,Recurring Deposit,2023-04-02,2023,4,April
306329,204178,Business,63925,3201.0,35966,Fixed Deposit,2022-04-03,2022,4,April
306330,206387,Current,61821,4882.0,41196,Fixed Deposit,2022-05-25,2022,5,May
306331,208416,Business,17753,2431.0,1967,Recurring Deposit,2024-09-08,2024,9,September
306332,207905,Current,51014,1922.0,33002,Fixed Deposit,2025-02-26,2025,2,February
306333,203037,Savings,21204,4396.0,38502,Recurring Deposit,2024-03-28,2024,3,March
306334,204485,Business,82609,1375.0,4050,Recurring Deposit,2025-02-22,2025,2,February
306335,202635,Business,54421,2963.0,9175,Fixed Deposit,2024-10-02,2024,10,October
306336,200155,Current,63759,2853.0,48913,Recurring Deposit,2022-11-16,2022,11,November
306337,203274,Savings,2333,2194.0,33041,Fixed Deposit,2023-10-18,2023,10,October
306338,200097,Business,66955,272.0,21760,Mutual Fund,2022-08-07,2022,8,August
306339,204399,Current,33374,2673.180557496066,22578,Mutual Fund,2023-04-11,2023,4,April
306340,206305,Current,91408,2778.0,32383,Recurring Deposit,2022-11-20,2022,11,November
306341,207869,Business,95198,1599.0,40528,Recurring Deposit,2024-05-05,2024,5,May
306342,209657,Current,64205,3527.0,34367,Fixed Deposit,2022-08-09,2022,8,August
306343,202792,Business,40777,4730.0,7269,Fixed Deposit,2025-02-18,2025,2,February
306344,204636,Savings,93994,1015.0,13725,Fixed Deposit,2024-11-06,2024,11,November
306345,206579,Savings,67326,2564.0,39310,Recurring Deposit,2023-08-28,2023,8,August
306346,206497,Savings,41106,4796.0,37155,Recurring Deposit,2024-11-16,2024,11,November
306347,205586,Savings,91428,2195.0,36196,Fixed Deposit,2022-06-22,2022,6,June
306348,209735,Current,20164,4595.0,1045,Fixed Deposit,2022-06-21,2022,6,June
306349,207004,Current,17064,3785.0,4501,Recurring Deposit,2023-09-24,2023,9,September
306350,203983,Current,65532,594.0,34685,Mutual Fund,2024-12-16,2024,12,December
306351,208861,Business,42103,4618.0,30009,Recurring Deposit,2022-11-15,2022,11,November
306352,208534,Savings,6869,4330.0,11704,Mutual Fund,2025-03-14,2025,3,March
306353,208275,Business,67365,2831.0,45683,Recurring Deposit,2024-07-01,2024,7,July
306354,204944,Savings,97827,1861.0,26686,Mutual Fund,2022-09-03,2022,9,September
306355,202457,Business,69210,3092.0,48879,Recurring Deposit,2022-10-02,2022,10,October
306356,206072,Current,70000,203.0,44360,Fixed Deposit,2024-04-16,2024,4,April
306357,204078,Current,52958,3687.0,1267,Mutual Fund,2023-03-17,2023,3,March
306358,207206,Current,53801,3563.4129530405035,37432,Mutual Fund,2023-07-26,2023,7,July
306359,204092,Business,15697,2460.2998433434773,48325,Mutual Fund,2024-08-04,2024,8,August
306360,202080,Current,4394,1987.0,26958,Recurring Deposit,2024-12-16,2024,12,December
306361,201743,Current,10486,3598.0,42036,Recurring Deposit,2023-09-11,2023,9,September
306362,204884,Savings,31475,2011.0,37283,Recurring Deposit,2024-01-31,2024,1,January
306363,203249,Business,26106,1208.0,4476,Mutual Fund,2023-01-14,2023,1,January
306364,204479,Business,9717,1412.0,45156,Fixed Deposit,2022-04-23,2022,4,April
306365,208146,Current,92278,422.0,29664,Recurring Deposit,2025-02-23,2025,2,February
306366,207867,Business,78066,2922.0,19184,Mutual Fund,2023-10-28,2023,10,October
306367,208406,Current,85030,4861.0,48614,Fixed Deposit,2023-09-28,2023,9,September
306368,204953,Business,24338,175.0,22110,Recurring Deposit,2022-10-16,2022,10,October
306369,208875,Savings,95402,1566.0,26371,Mutual Fund,2023-04-14,2023,4,April
306370,206350,Business,69266,4823.0,16302,Mutual Fund,2022-05-21,2022,5,May
306371,209503,Current,27240,4891.0,47577,Recurring Deposit,2024-04-12,2024,4,April
306372,200570,Business,46050,2213.0,48612,Mutual Fund,2024-01-29,2024,1,January
306373,208038,Business,39019,3275.0,31889,Fixed Deposit,2024-08-05,2024,8,August
306374,203307,Savings,42812,143.0,16354,Fixed Deposit,2023-06-21,2023,6,June
306375,205712,Business,72507,1858.0,46856,Fixed Deposit,2024-07-11,2024,7,July
306376,202476,Savings,62513,2078.0,29973,Fixed Deposit,2025-03-07,2025,3,March
306377,206070,Savings,95417,3016.0,36222,Recurring Deposit,2024-04-20,2024,4,April
306378,200551,Savings,86556,1541.0,42536,Mutual Fund,2023-01-09,2023,1,January
306379,207329,Current,66954,1263.0,37662,Recurring Deposit,2024-08-17,2024,8,August
306380,208304,Savings,1408,3305.0,19854,Mutual Fund,2023-01-04,2023,1,January
306381,209739,Business,61338,1758.0,12897,Mutual Fund,2024-07-12,2024,7,July
306382,202045,Business,48281,3659.0,25274,Fixed Deposit,2023-09-12,2023,9,September
306383,206615,Savings,25076,323.0,44410,Fixed Deposit,2023-08-05,2023,8,August
306384,203336,Savings,7434,711.0,6123,Mutual Fund,2024-03-17,2024,3,March
306385,206035,Savings,77726,4275.0,7150,Recurring Deposit,2023-05-22,2023,5,May
306386,205208,Current,27769,1532.0,39300,Fixed Deposit,2024-10-06,2024,10,October
306387,205486,Savings,60431,2880.0,26199,Fixed Deposit,2024-07-29,2024,7,July
306388,200215,Savings,78421,1611.609135780463,39374,Recurring Deposit,2022-11-25,2022,11,November
306389,208461,Savings,51519,3146.0,30514,Mutual Fund,2022-07-05,2022,7,July
306390,209016,Savings,91713,1563.0,46660,Recurring Deposit,2024-06-23,2024,6,June
306391,206901,Savings,53032,927.0,3823,Fixed Deposit,2022-11-16,2022,11,November
306392,208490,Business,26952,4303.0,33044,Mutual Fund,2024-02-17,2024,2,February
306393,201237,Business,22515,4308.0,42416,Mutual Fund,2023-06-23,2023,6,June
306394,207002,Business,29039,2015.0,7718,Mutual Fund,2023-05-04,2023,5,May
306395,206207,Current,52146,3697.0,6449,Fixed Deposit,2024-07-09,2024,7,July
306396,200769,Current,80949,1992.0,48342,Fixed Deposit,2023-10-12,2023,10,October
306397,206773,Business,18681,2277.0,18226,Recurring Deposit,2024-02-24,2024,2,February
306398,206975,Savings,57555,2952.0,39663,Mutual Fund,2022-03-22,2022,3,March
306399,209704,Savings,2127,1900.783186569255,23776,Fixed Deposit,2024-12-06,2024,12,December
306400,208519,Current,86568,1361.0,31123,Fixed Deposit,2024-05-14,2024,5,May
306401,206679,Current,25276,2425.0,44415,Mutual Fund,2023-10-30,2023,10,October
306402,201409,Savings,60785,4181.0,34921,Recurring Deposit,2023-01-03,2023,1,January
306403,203386,Current,53260,1896.0,48902,Recurring Deposit,2022-04-19,2022,4,April
306404,204709,Savings,62724,1727.0,5395,Mutual Fund,2024-11-07,2024,11,November
306405,206107,Business,60053,1682.0,8074,Recurring Deposit,2023-10-07,2023,10,October
306406,200417,Current,91839,1978.0,45601,Mutual Fund,2024-11-08,2024,11,November
306407,206455,Business,25441,3548.0,46823,Fixed Deposit,2023-03-26,2023,3,March
306408,209675,Current,59897,352.0,21483,Fixed Deposit,2023-08-01,2023,8,August
306409,200369,Business,84871,1957.0,12382,Fixed Deposit,2022-06-27,2022,6,June
306410,202052,Business,84941,1893.0,11319,Recurring Deposit,2025-01-06,2025,1,January
306411,200108,Current,81236,3445.0,7165,Recurring Deposit,2024-07-05,2024,7,July
306412,201915,Current,68091,3402.0,33976,Recurring Deposit,2023-11-12,2023,11,November
306413,200182,Business,93961,3902.0,28608,Recurring Deposit,2023-01-09,2023,1,January
306414,203363,Business,90590,913.0,37338,Mutual Fund,2024-06-12,2024,6,June
306415,202887,Savings,92489,2856.0,8950,Recurring Deposit,2025-02-14,2025,2,February
306416,208029,Business,54410,2924.0,35451,Recurring Deposit,2024-05-01,2024,5,May
306417,205814,Current,52994,4849.0,8409,Recurring Deposit,2024-07-24,2024,7,July
306418,209300,Savings,96977,2852.0,21804,Recurring Deposit,2022-11-15,2022,11,November
306419,209389,Savings,85241,1419.0,24261,Recurring Deposit,2024-10-28,2024,10,October
306420,208755,Business,56188,3068.0,9373,Mutual Fund,2023-06-03,2023,6,June
306421,207905,Savings,7801,1955.0,38621,Fixed Deposit,2023-08-04,2023,8,August
306422,200643,Current,79490,1795.0,46309,Recurring Deposit,2023-12-17,2023,12,December
306423,204279,Current,27523,3597.0,16341,Fixed Deposit,2024-12-10,2024,12,December
306424,201290,Business,16456,756.0,14264,Recurring Deposit,2023-08-03,2023,8,August
306425,202517,Savings,56800,4869.0,13253,Recurring Deposit,2022-09-08,2022,9,September
306426,203176,Business,33172,4242.0,47957,Mutual Fund,2022-08-17,2022,8,August
306427,207868,Business,37398,4877.0,24747,Fixed Deposit,2024-06-10,2024,6,June
306428,209878,Business,64862,3521.0,11818,Mutual Fund,2025-01-07,2025,1,January
306429,207549,Savings,47610,4699.0,12526,Fixed Deposit,2022-07-02,2022,7,July
306430,203184,Current,31562,208.0,12123,Mutual Fund,2022-05-28,2022,5,May
306431,208477,Current,75796,1304.0,1294,Mutual Fund,2022-10-08,2022,10,October
306432,200122,Savings,14414,3137.0,19146,Fixed Deposit,2022-12-23,2022,12,December
306433,208152,Business,88033,678.0,27444,Mutual Fund,2022-05-08,2022,5,May
306434,206140,Current,15587,2679.0,20506,Mutual Fund,2023-01-28,2023,1,January
306435,200087,Business,82464,4346.0,14603,Recurring Deposit,2022-09-03,2022,9,September
306436,200541,Current,15155,4088.0,12995,Fixed Deposit,2024-04-12,2024,4,April
306437,208171,Business,78430,2141.0,42977,Mutual Fund,2023-01-12,2023,1,January
306438,204047,Business,75908,1512.0,42459,Fixed Deposit,2022-08-21,2022,8,August
306439,209083,Business,37321,3735.0,14599,Mutual Fund,2022-05-09,2022,5,May
306440,206026,Current,55287,1324.0,36563,Mutual Fund,2024-08-24,2024,8,August
306441,209800,Business,67709,310.0,47285,Recurring Deposit,2024-12-11,2024,12,December
306442,204515,Current,52527,680.0,7563,Recurring Deposit,2023-11-14,2023,11,November
306443,203695,Current,95091,1831.0,47754,Recurring Deposit,2025-01-06,2025,1,January
306444,200691,Current,11895,4661.0,25186,Recurring Deposit,2024-04-20,2024,4,April
306445,204612,Current,57118,4840.0,35149,Mutual Fund,2024-06-14,2024,6,June
306446,208905,Savings,28438,4426.0,21607,Fixed Deposit,2024-11-14,2024,11,November
306447,201279,Current,35299,2736.0,6422,Recurring Deposit,2025-03-14,2025,3,March
306448,200915,Business,95280,353.0,40227,Mutual Fund,2024-09-23,2024,9,September
306449,204195,Current,76771,2877.0,42349,Recurring Deposit,2023-04-22,2023,4,April
306450,207155,Business,81494,1367.0113750612063,43891,Mutual Fund,2022-06-05,2022,6,June
306451,201304,Savings,6218,217.6610249103017,21595,Fixed Deposit,2023-10-11,2023,10,October
306452,201256,Current,87410,1482.2310752442286,47269,Mutual Fund,2023-02-26,2023,2,February
306453,202817,Savings,55482,3028.0,29010,Recurring Deposit,2024-10-17,2024,10,October
306454,209099,Current,94838,2198.0,14488,Fixed Deposit,2022-07-09,2022,7,July
306455,200027,Current,64924,2960.0,16371,Mutual Fund,2022-04-10,2022,4,April
306456,206187,Savings,65120,4080.0,19257,Mutual Fund,2023-02-08,2023,2,February
306457,206454,Business,46914,4942.0,15706,Mutual Fund,2025-01-02,2025,1,January
306458,203975,Business,37384,3960.0,2681,Fixed Deposit,2024-04-22,2024,4,April
306459,206011,Business,95406,3070.0,8365,Mutual Fund,2022-07-23,2022,7,July
306460,201396,Current,3774,180.0,3820,Mutual Fund,2024-03-17,2024,3,March
306461,201067,Business,20477,3187.0,44096,Fixed Deposit,2024-12-07,2024,12,December
306462,208202,Business,27432,4343.0,45806,Mutual Fund,2022-06-23,2022,6,June
306463,203783,Current,26145,483.0,29458,Recurring Deposit,2023-10-02,2023,10,October
306464,209114,Savings,15195,3604.0,39776,Fixed Deposit,2024-08-03,2024,8,August
306465,204600,Business,12722,3499.0,26900,Mutual Fund,2023-12-27,2023,12,December
306466,205588,Savings,92122,3985.0,28005,Mutual Fund,2023-10-15,2023,10,October
306467,209336,Current,86643,2761.0,39371,Fixed Deposit,2022-06-19,2022,6,June
306468,208090,Current,70051,3672.0,16915,Mutual Fund,2024-11-03,2024,11,November
306469,207181,Business,40380,4769.0,25866,Mutual Fund,2023-05-07,2023,5,May
306470,206620,Business,27060,2523.0,14994,Fixed Deposit,2024-06-19,2024,6,June
306471,205527,Savings,92680,4355.0,32992,Fixed Deposit,2022-05-23,2022,5,May
306472,206719,Business,30297,2416.0,22631,Fixed Deposit,2022-07-08,2022,7,July
306473,206807,Savings,39081,2925.0,29232,Mutual Fund,2023-07-06,2023,7,July
306474,205877,Current,57712,1159.259405067506,31423,Mutual Fund,2022-07-20,2022,7,July
306475,201921,Savings,25236,1568.0,14457,Recurring Deposit,2023-02-19,2023,2,February
306476,204019,Current,44374,2717.0,30876,Mutual Fund,2024-06-04,2024,6,June
306477,208459,Business,79003,855.0,2847,Mutual Fund,2022-08-18,2022,8,August
306478,204288,Savings,44982,2397.0,46157,Fixed Deposit,2022-08-25,2022,8,August
306479,204052,Savings,49376,2527.0,4873,Fixed Deposit,2023-03-14,2023,3,March
306480,205084,Savings,79982,2977.0,30443,Mutual Fund,2024-06-23,2024,6,June
306481,200093,Business,10528,1808.0,36539,Mutual Fund,2023-11-09,2023,11,November
306482,208489,Business,54432,3198.0,14718,Fixed Deposit,2023-01-09,2023,1,January
306483,208704,Business,1118,3128.0,27929,Fixed Deposit,2023-01-15,2023,1,January
306484,207573,Savings,99212,1934.0,33675,Recurring Deposit,2024-06-15,2024,6,June
306485,200908,Savings,22405,2687.0,8897,Fixed Deposit,2025-01-04,2025,1,January
306486,202253,Current,80410,261.0,25510,Recurring Deposit,2023-04-11,2023,4,April
306487,202025,Savings,20758,4990.0,2706,Mutual Fund,2024-08-22,2024,8,August
306488,204319,Current,10071,3954.0,45326,Recurring Deposit,2024-11-16,2024,11,November
306489,206181,Business,58427,616.0,30610,Recurring Deposit,2022-12-23,2022,12,December
306490,200819,Current,10198,3491.0,15367,Fixed Deposit,2024-08-04,2024,8,August
306491,203564,Current,83357,2460.0,29911,Fixed Deposit,2024-08-04,2024,8,August
306492,208302,Savings,83582,4946.0,44867,Fixed Deposit,2023-12-25,2023,12,December
306493,203543,Savings,32417,1621.0,37795,Fixed Deposit,2022-08-31,2022,8,August
306494,206635,Current,39199,2445.0,48115,Fixed Deposit,2024-12-07,2024,12,December
306495,200666,Current,8710,3827.0,14728,Mutual Fund,2024-09-01,2024,9,September
306496,202145,Business,77099,1208.0,30837,Mutual Fund,2023-09-28,2023,9,September
306497,205820,Savings,55232,1800.853881120806,45044,Mutual Fund,2025-01-31,2025,1,January
306498,205116,Business,54437,3460.0,35876,Fixed Deposit,2024-03-02,2024,3,March
306499,206741,Current,55898,4877.949270420892,38182,Recurring Deposit,2025-03-16,2025,3,March
306500,203645,Business,1978,2143.0,19360,Recurring Deposit,2025-01-17,2025,1,January
306501,200258,Savings,9763,4683.0,23180,Recurring Deposit,2024-01-13,2024,1,January
306502,203533,Current,42380,639.0,4779,Recurring Deposit,2022-08-29,2022,8,August
306503,206502,Current,85769,1793.0,13472,Fixed Deposit,2022-12-05,2022,12,December
306504,206611,Business,90344,529.0,35621,Recurring Deposit,2022-12-26,2022,12,December
306505,209704,Savings,71952,945.0,11278,Recurring Deposit,2024-07-22,2024,7,July
306506,205689,Current,35526,3262.0,21327,Fixed Deposit,2023-12-04,2023,12,December
306507,209373,Current,33359,4971.0,39481,Recurring Deposit,2024-05-13,2024,5,May
306508,202282,Business,43411,654.0,23190,Mutual Fund,2023-08-27,2023,8,August
306509,201874,Current,26378,2948.0,29889,Recurring Deposit,2025-01-05,2025,1,January
306510,209086,Current,47234,925.0,48027,Mutual Fund,2022-11-21,2022,11,November
306511,200956,Savings,20092,2578.0,10593,Mutual Fund,2024-06-27,2024,6,June
306512,205531,Savings,43183,2454.0,29271,Fixed Deposit,2024-10-07,2024,10,October
306513,204489,Business,86329,2560.0,20567,Mutual Fund,2024-02-07,2024,2,February
306514,205263,Current,11792,2163.0,22433,Recurring Deposit,2023-09-19,2023,9,September
306515,205022,Savings,19908,1447.0,23209,Fixed Deposit,2023-07-23,2023,7,July
306516,202057,Business,8601,1103.0,8480,Mutual Fund,2024-07-22,2024,7,July
306517,202377,Savings,58848,4342.0,8114,Mutual Fund,2023-08-07,2023,8,August
306518,209371,Business,64689,3790.0,41452,Mutual Fund,2023-10-19,2023,10,October
306519,200529,Business,1533,778.0,36725,Mutual Fund,2023-12-21,2023,12,December
306520,203562,Current,30735,641.0,48311,Recurring Deposit,2024-11-28,2024,11,November
306521,209151,Business,26729,1151.0,12311,Recurring Deposit,2024-01-18,2024,1,January
306522,200263,Business,39697,2237.3562759436727,24080,Fixed Deposit,2023-08-05,2023,8,August
306523,200477,Savings,8581,166.0,18586,Fixed Deposit,2024-10-21,2024,10,October
306524,208547,Business,60563,3747.0,1036,Mutual Fund,2023-03-29,2023,3,March
306525,208254,Business,74702,4765.0,32892,Recurring Deposit,2024-08-11,2024,8,August
306526,204172,Savings,5326,1094.0,7535,Recurring Deposit,2024-07-15,2024,7,July
306527,201943,Savings,83514,4704.0,19568,Mutual Fund,2023-02-16,2023,2,February
306528,207622,Savings,68667,2983.0,40307,Fixed Deposit,2023-10-24,2023,10,October
306529,202060,Savings,47526,3497.0,14848,Mutual Fund,2024-07-22,2024,7,July
306530,201714,Current,8063,100.0,20220,Fixed Deposit,2023-04-19,2023,4,April
306531,203914,Current,2925,1650.4247437056697,10389,Recurring Deposit,2023-10-01,2023,10,October
306532,208860,Business,95586,3443.0,41161,Mutual Fund,2024-02-21,2024,2,February
306533,203599,Savings,57364,4565.0,32555,Fixed Deposit,2024-02-14,2024,2,February
306534,208659,Current,56932,1660.0,35968,Fixed Deposit,2023-11-27,2023,11,November
306535,204436,Business,55929,492.0,49551,Fixed Deposit,2022-03-21,2022,3,March
306536,203126,Current,72311,298.0,47239,Mutual Fund,2022-05-13,2022,5,May
306537,207501,Current,11741,4746.0,8229,Mutual Fund,2023-06-05,2023,6,June
306538,206454,Current,11086,4154.0,28605,Recurring Deposit,2024-10-01,2024,10,October
306539,204776,Business,87631,742.0,7241,Fixed Deposit,2022-04-15,2022,4,April
306540,201743,Current,52239,614.0,27801,Mutual Fund,2024-06-02,2024,6,June
306541,206757,Business,35407,3498.0,26925,Mutual Fund,2022-10-16,2022,10,October
306542,205532,Savings,15158,1586.0,44667,Recurring Deposit,2023-07-02,2023,7,July
306543,200279,Savings,78695,3386.0,4023,Fixed Deposit,2022-03-31,2022,3,March
306544,206194,Savings,37199,4061.0,28232,Mutual Fund,2023-06-30,2023,6,June
306545,207444,Savings,18093,4328.0,7024,Mutual Fund,2023-02-28,2023,2,February
306546,203030,Current,73672,1462.0,40201,Mutual Fund,2023-02-17,2023,2,February
306547,208538,Current,68523,2106.0,40918,Mutual Fund,2023-07-23,2023,7,July
306548,201396,Savings,13849,4735.0,42704,Recurring Deposit,2022-04-23,2022,4,April
306549,206026,Business,28577,3831.4349090011706,18700,Recurring Deposit,2025-02-24,2025,2,February
306550,202773,Current,10862,2146.0,27691,Fixed Deposit,2023-05-23,2023,5,May
306551,206008,Current,16584,2584.0,45740,Recurring Deposit,2024-07-28,2024,7,July
306552,202770,Business,28396,1867.0,17063,Fixed Deposit,2024-05-23,2024,5,May
306553,206023,Business,63631,2418.0,26931,Fixed Deposit,2024-08-01,2024,8,August
306554,209210,Business,54766,4818.0,23112,Mutual Fund,2024-08-23,2024,8,August
306555,203734,Savings,22455,4568.0,40986,Mutual Fund,2024-08-24,2024,8,August
306556,200807,Savings,33292,594.0,17328,Mutual Fund,2022-11-16,2022,11,November
306557,201800,Business,55896,1609.0,18342,Fixed Deposit,2022-08-14,2022,8,August
306558,209367,Savings,87602,2906.0,10854,Mutual Fund,2022-05-18,2022,5,May
306559,208267,Savings,11426,2773.0,6724,Mutual Fund,2024-03-05,2024,3,March
306560,200735,Business,12420,4309.0,44485,Recurring Deposit,2023-09-24,2023,9,September
306561,202689,Current,78238,1345.0,15428,Recurring Deposit,2022-11-18,2022,11,November
306562,205370,Savings,53086,822.0,3227,Recurring Deposit,2022-10-22,2022,10,October
306563,202307,Business,85568,2717.0,11768,Recurring Deposit,2023-05-06,2023,5,May
306564,206460,Business,8647,2495.0,34314,Fixed Deposit,2023-10-12,2023,10,October
306565,201149,Business,37893,4218.0,45044,Mutual Fund,2024-09-10,2024,9,September
306566,204799,Current,48507,571.0,22549,Recurring Deposit,2023-04-13,2023,4,April
306567,200547,Business,59333,4183.0,41867,Fixed Deposit,2023-03-17,2023,3,March
306568,209574,Business,71722,1629.0,45035,Fixed Deposit,2023-04-23,2023,4,April
306569,204261,Current,63012,686.0,16164,Mutual Fund,2023-06-30,2023,6,June
306570,206481,Business,43283,3186.0,45224,Fixed Deposit,2022-08-10,2022,8,August
306571,209007,Savings,16528,489.0,40397,Fixed Deposit,2024-08-23,2024,8,August
306572,203817,Current,79669,2138.0,14082,Fixed Deposit,2023-12-02,2023,12,December
306573,200413,Current,47887,4226.0,19139,Recurring Deposit,2024-08-21,2024,8,August
306574,203811,Business,45169,878.0,24640,Recurring Deposit,2023-02-21,2023,2,February
306575,200702,Savings,4856,4007.0,26559,Recurring Deposit,2022-07-18,2022,7,July
306576,205144,Current,7158,1074.0,12713,Mutual Fund,2023-08-07,2023,8,August
306577,208963,Business,14916,979.0,17150,Mutual Fund,2024-04-08,2024,4,April
306578,201525,Business,35484,7046.296440766846,25882,Mutual Fund,2022-12-14,2022,12,December
306579,203424,Current,47561,3953.0,35133,Recurring Deposit,2024-04-17,2024,4,April
306580,208640,Current,11184,3195.0,18745,Fixed Deposit,2025-02-24,2025,2,February
306581,202624,Business,24602,5031.850519565278,24735,Fixed Deposit,2025-03-16,2025,3,March
306582,201562,Current,53344,1192.0,30491,Mutual Fund,2024-09-01,2024,9,September
306583,207886,Savings,16425,2770.0,19485,Mutual Fund,2022-08-16,2022,8,August
306584,205207,Savings,61441,3837.0,24695,Recurring Deposit,2024-09-30,2024,9,September
306585,203003,Business,55250,2241.0,31943,Mutual Fund,2024-12-12,2024,12,December
306586,203307,Savings,36708,2102.379177670341,25320,Recurring Deposit,2023-06-30,2023,6,June
306587,204145,Business,26885,3731.0,36425,Mutual Fund,2022-05-18,2022,5,May
306588,208374,Current,79570,349.0,10708,Fixed Deposit,2024-09-01,2024,9,September
306589,200393,Current,38512,3990.0,20353,Fixed Deposit,2023-11-03,2023,11,November
306590,202924,Business,69603,4195.218580562073,37845,Recurring Deposit,2022-07-20,2022,7,July
306591,201768,Business,57079,3573.0,42403,Fixed Deposit,2022-06-15,2022,6,June
306592,204281,Current,94207,3670.0,22997,Fixed Deposit,2023-08-22,2023,8,August
306593,208280,Business,38077,127.0,15277,Fixed Deposit,2023-09-12,2023,9,September
306594,200085,Savings,63227,2780.98797860563,26123,Recurring Deposit,2024-01-24,2024,1,January
306595,203687,Savings,39973,4652.0,4080,Mutual Fund,2023-12-28,2023,12,December
306596,200119,Savings,82533,1572.0,12398,Mutual Fund,2022-09-24,2022,9,September
306597,208279,Current,49461,2951.0,15878,Recurring Deposit,2023-03-08,2023,3,March
306598,209370,Current,28699,3676.0,25885,Mutual Fund,2024-12-29,2024,12,December
306599,200911,Current,21778,127.06230641014012,10411,Fixed Deposit,2024-10-11,2024,10,October
306600,203365,Business,22129,1309.0,33458,Fixed Deposit,2022-04-07,2022,4,April
306601,208116,Current,46377,681.0,3764,Fixed Deposit,2024-11-29,2024,11,November
306602,202582,Current,97192,3296.0,18736,Recurring Deposit,2024-11-27,2024,11,November
306603,204791,Savings,46668,1961.0,4634,Recurring Deposit,2023-11-05,2023,11,November
306604,201742,Current,78838,2015.0,26981,Fixed Deposit,2022-06-13,2022,6,June
306605,200734,Business,48699,2595.0,39545,Recurring Deposit,2023-07-07,2023,7,July
306606,207114,Business,67865,569.0,41406,Recurring Deposit,2024-06-12,2024,6,June
306607,200052,Savings,8208,1142.0,33470,Recurring Deposit,2022-05-23,2022,5,May
306608,201737,Savings,60680,3883.0,28698,Fixed Deposit,2023-07-30,2023,7,July
306609,209927,Business,2701,2467.0,11429,Recurring Deposit,2024-07-06,2024,7,July
306610,207683,Savings,95675,1851.0,22892,Recurring Deposit,2024-08-14,2024,8,August
306611,203996,Savings,15713,652.0,45169,Fixed Deposit,2022-11-08,2022,11,November
306612,201964,Business,54439,1302.0,27030,Mutual Fund,2023-08-10,2023,8,August
306613,204968,Savings,81265,2656.0,8207,Fixed Deposit,2024-05-09,2024,5,May
306614,204733,Business,22091,171.0,38646,Fixed Deposit,2025-03-08,2025,3,March
306615,208904,Business,25497,4926.0,15147,Recurring Deposit,2023-02-26,2023,2,February
306616,206127,Business,13602,4942.0,35658,Mutual Fund,2022-11-13,2022,11,November
306617,205842,Savings,32883,1382.0,1164,Recurring Deposit,2022-06-07,2022,6,June
306618,208810,Business,24097,244.0,37043,Recurring Deposit,2025-01-30,2025,1,January
306619,207280,Current,79040,1618.0,32518,Mutual Fund,2023-11-21,2023,11,November
306620,208858,Current,30616,3241.0,19255,Mutual Fund,2024-02-11,2024,2,February
306621,204269,Current,19512,1021.0,24487,Fixed Deposit,2024-09-30,2024,9,September
306622,206328,Savings,73151,3347.0,17724,Fixed Deposit,2024-08-30,2024,8,August
306623,204491,Business,57058,4279.0,30878,Fixed Deposit,2024-05-13,2024,5,May
306624,201221,Current,48666,381.0,37476,Recurring Deposit,2022-08-07,2022,8,August
306625,208100,Business,17812,2521.0,43323,Recurring Deposit,2023-02-28,2023,2,February
306626,204805,Savings,42329,2131.0,19235,Mutual Fund,2024-01-20,2024,1,January
306627,202612,Savings,50512,541.0,37985,Mutual Fund,2023-06-14,2023,6,June
306628,209748,Current,35321,2940.0,40089,Fixed Deposit,2023-11-23,2023,11,November
306629,204557,Savings,90830,3954.0,43283,Recurring Deposit,2022-11-05,2022,11,November
306630,207693,Savings,7321,4803.0,31020,Mutual Fund,2022-10-12,2022,10,October
306631,208306,Business,54897,4931.0,16111,Fixed Deposit,2023-08-25,2023,8,August
306632,203801,Business,67306,1658.0,7688,Recurring Deposit,2022-07-27,2022,7,July
306633,206526,Current,6744,704.0,49090,Fixed Deposit,2024-03-29,2024,3,March
306634,201230,Current,21053,4641.0,46085,Mutual Fund,2024-08-24,2024,8,August
306635,201885,Business,54633,2177.0,21210,Recurring Deposit,2022-06-05,2022,6,June
306636,203503,Savings,28467,2739.0,19129,Fixed Deposit,2024-07-19,2024,7,July
306637,207672,Current,90976,3684.0,24034,Fixed Deposit,2023-12-01,2023,12,December
306638,205559,Business,66676,3376.0,3169,Fixed Deposit,2023-05-02,2023,5,May
306639,206756,Savings,75271,4103.0,18267,Recurring Deposit,2022-07-31,2022,7,July
306640,205288,Savings,14208,1380.0,47247,Fixed Deposit,2023-11-30,2023,11,November
306641,202479,Savings,7642,4601.0,17356,Mutual Fund,2024-05-08,2024,5,May
306642,205787,Current,76173,4040.0,5778,Recurring Deposit,2024-01-24,2024,1,January
306643,209963,Current,1913,2112.0,49182,Mutual Fund,2025-03-09,2025,3,March
306644,200700,Business,91249,3745.0,3535,Fixed Deposit,2022-10-09,2022,10,October
306645,206991,Business,98460,2889.6114772644346,27034,Recurring Deposit,2022-10-16,2022,10,October
306646,209153,Business,92858,2703.0,47166,Recurring Deposit,2024-04-06,2024,4,April
306647,204432,Business,41353,2156.0,1630,Mutual Fund,2024-08-05,2024,8,August
306648,203888,Business,80775,2169.0,9184,Fixed Deposit,2023-01-22,2023,1,January
306649,206422,Current,22130,780.0,38778,Recurring Deposit,2024-04-16,2024,4,April
306650,201978,Savings,5693,357.0,46109,Fixed Deposit,2023-11-25,2023,11,November
306651,207398,Savings,68741,4324.0,14334,Fixed Deposit,2024-12-28,2024,12,December
306652,204204,Current,31208,1133.0,20261,Recurring Deposit,2024-08-24,2024,8,August
306653,201896,Savings,39917,3782.0,34192,Fixed Deposit,2023-01-19,2023,1,January
306654,201149,Current,56885,3771.0,39735,Recurring Deposit,2024-08-08,2024,8,August
306655,203828,Savings,29343,277.0,36070,Mutual Fund,2024-11-01,2024,11,November
306656,206470,Savings,16554,847.0,27507,Mutual Fund,2024-06-12,2024,6,June
306657,205386,Business,42958,3602.0,36851,Recurring Deposit,2023-04-07,2023,4,April
306658,207655,Current,39494,2833.0,43394,Recurring Deposit,2023-04-01,2023,4,April
306659,206791,Savings,88295,3885.0,4060,Fixed Deposit,2022-07-10,2022,7,July
306660,203347,Current,74213,3063.0,34884,Recurring Deposit,2023-05-08,2023,5,May
306661,208362,Current,75619,727.0,29537,Mutual Fund,2024-01-18,2024,1,January
306662,203146,Business,97402,4911.0,35187,Fixed Deposit,2023-08-05,2023,8,August
306663,204216,Business,34724,287.0,36252,Mutual Fund,2025-02-16,2025,2,February
306664,205829,Business,14117,929.0,46326,Mutual Fund,2024-08-31,2024,8,August
306665,208190,Savings,59325,1856.0,30467,Mutual Fund,2022-08-07,2022,8,August
306666,208454,Savings,74542,1278.0,8943,Fixed Deposit,2022-09-11,2022,9,September
306667,206281,Savings,69514,1202.0792282911652,16711,Mutual Fund,2025-01-27,2025,1,January
306668,205287,Savings,8338,2460.0,37727,Mutual Fund,2023-12-23,2023,12,December
306669,206659,Business,14828,3495.0,2624,Mutual Fund,2024-01-07,2024,1,January
306670,202248,Current,79975,3882.0,36554,Recurring Deposit,2023-10-09,2023,10,October
306671,202149,Current,53269,3484.0,15411,Mutual Fund,2023-09-13,2023,9,September
306672,203056,Current,87818,173.03466714706835,16035,Fixed Deposit,2023-01-10,2023,1,January
306673,202196,Savings,27979,623.0,2157,Recurring Deposit,2023-08-01,2023,8,August
306674,208688,Savings,68195,4286.0,38566,Mutual Fund,2023-09-07,2023,9,September
306675,200749,Savings,42686,4633.0,10210,Recurring Deposit,2024-09-28,2024,9,September
306676,204102,Current,82827,3257.0,1520,Fixed Deposit,2025-01-02,2025,1,January
306677,206101,Savings,6891,1709.0,20763,Recurring Deposit,2022-04-27,2022,4,April
306678,201046,Current,51620,3096.0,3520,Fixed Deposit,2023-07-07,2023,7,July
306679,201979,Savings,39145,4023.0,4893,Mutual Fund,2022-12-08,2022,12,December
306680,206233,Current,46156,387.0,17083,Recurring Deposit,2023-09-15,2023,9,September
306681,203601,Savings,62602,4407.0,38966,Recurring Deposit,2024-11-02,2024,11,November
306682,206004,Business,73237,3560.0,37661,Fixed Deposit,2024-02-05,2024,2,February
306683,204799,Savings,34795,4414.0,43659,Mutual Fund,2024-11-13,2024,11,November
306684,204237,Current,6563,445.0,39297,Fixed Deposit,2022-11-02,2022,11,November
306685,201048,Current,72215,1134.0,42828,Recurring Deposit,2024-02-03,2024,2,February
306686,200761,Current,6495,4815.0,36824,Fixed Deposit,2022-05-29,2022,5,May
306687,202735,Business,68075,4855.0,7666,Fixed Deposit,2023-03-18,2023,3,March
306688,203622,Business,55981,2190.0,22566,Mutual Fund,2023-01-25,2023,1,January
306689,201401,Current,4634,681.0,25986,Recurring Deposit,2025-02-17,2025,2,February
306690,207379,Current,55531,1296.0,23566,Fixed Deposit,2023-10-22,2023,10,October
306691,209348,Current,60733,2514.0,42748,Mutual Fund,2022-11-18,2022,11,November
306692,207792,Savings,85664,1957.0,12141,Recurring Deposit,2022-08-01,2022,8,August
306693,203148,Current,44654,3361.0,5909,Mutual Fund,2022-09-11,2022,9,September
306694,204621,Savings,49047,2842.0,2438,Mutual Fund,2022-06-13,2022,6,June
306695,203006,Business,14132,3593.0,15263,Mutual Fund,2023-04-02,2023,4,April
306696,208757,Business,68562,960.0,21042,Recurring Deposit,2024-11-09,2024,11,November
306697,201788,Current,72146,2948.0,38682,Recurring Deposit,2022-11-05,2022,11,November
306698,206828,Business,20943,4107.0,19028,Mutual Fund,2023-06-10,2023,6,June
306699,207665,Savings,26420,1979.0,42607,Recurring Deposit,2022-04-11,2022,4,April
306700,200945,Savings,4267,4364.0,41415,Mutual Fund,2023-09-05,2023,9,September
306701,202042,Current,84071,1000.0,38081,Mutual Fund,2025-03-02,2025,3,March
306702,207848,Current,17823,1192.9416766017075,28373,Fixed Deposit,2022-09-09,2022,9,September
306703,208699,Business,26880,3390.0,48076,Recurring Deposit,2023-07-07,2023,7,July
306704,204225,Current,38874,2648.0,30866,Mutual Fund,2024-02-18,2024,2,February
306705,205191,Current,49485,4344.0,36700,Mutual Fund,2024-03-21,2024,3,March
306706,204748,Current,60554,2414.0,11798,Fixed Deposit,2022-04-25,2022,4,April
306707,207678,Savings,55877,113.0,28919,Fixed Deposit,2023-08-18,2023,8,August
306708,205245,Business,72702,1373.0,18570,Mutual Fund,2023-02-08,2023,2,February
306709,205882,Current,38258,519.0,34545,Mutual Fund,2024-07-03,2024,7,July
306710,209720,Current,73782,4776.0,11467,Fixed Deposit,2023-02-13,2023,2,February
306711,204609,Current,25302,3524.0,7486,Fixed Deposit,2023-01-31,2023,1,January
306712,206622,Savings,15254,3279.0,35940,Recurring Deposit,2024-07-16,2024,7,July
306713,201033,Savings,65779,3098.0,36119,Fixed Deposit,2024-06-10,2024,6,June
306714,204566,Current,40154,4630.0,5882,Recurring Deposit,2023-04-26,2023,4,April
306715,207541,Business,96650,296.0,3514,Fixed Deposit,2024-07-20,2024,7,July
306716,208927,Savings,10505,431.0,13073,Mutual Fund,2024-04-09,2024,4,April
306717,207232,Current,93288,2940.0,19921,Recurring Deposit,2024-11-12,2024,11,November
306718,202156,Business,55431,705.0,30103,Recurring Deposit,2022-10-26,2022,10,October
306719,207426,Current,43883,1427.0,19997,Mutual Fund,2025-03-04,2025,3,March
306720,206766,Business,24959,2110.0,11931,Mutual Fund,2025-03-10,2025,3,March
306721,206557,Savings,2355,3137.0,9612,Fixed Deposit,2025-01-22,2025,1,January
306722,204123,Business,53117,4100.0,3925,Recurring Deposit,2022-04-18,2022,4,April
306723,202610,Savings,83850,4853.0,6073,Mutual Fund,2023-10-27,2023,10,October
306724,203708,Savings,88508,1636.0,49263,Recurring Deposit,2024-09-11,2024,9,September
306725,202919,Business,29784,681.0,31537,Recurring Deposit,2025-01-14,2025,1,January
306726,200157,Savings,61304,1768.0,44166,Fixed Deposit,2024-06-16,2024,6,June
306727,203437,Business,46033,614.0,17418,Recurring Deposit,2022-05-27,2022,5,May
306728,206596,Business,16662,701.0,14309,Fixed Deposit,2023-04-21,2023,4,April
306729,204717,Savings,13712,1577.0,9630,Recurring Deposit,2022-12-10,2022,12,December
306730,204918,Savings,35832,3950.0,12992,Recurring Deposit,2022-06-22,2022,6,June
306731,200638,Savings,65003,1966.0,41088,Recurring Deposit,2023-06-05,2023,6,June
306732,202639,Savings,29151,1419.0,36687,Fixed Deposit,2023-01-26,2023,1,January
306733,200051,Savings,24592,4297.0,46422,Fixed Deposit,2025-03-07,2025,3,March
306734,204912,Current,22125,3235.0,46421,Recurring Deposit,2024-11-04,2024,11,November
306735,201471,Current,2963,1715.0,49642,Mutual Fund,2023-05-16,2023,5,May
306736,207983,Current,47231,2871.0,8950,Mutual Fund,2022-06-11,2022,6,June
306737,200329,Current,14365,2231.0,6140,Mutual Fund,2024-03-12,2024,3,March
306738,208976,Current,16047,2621.0,15905,Mutual Fund,2025-01-01,2025,1,January
306739,208487,Business,10064,2374.0,14990,Mutual Fund,2022-04-02,2022,4,April
306740,200345,Savings,7490,2403.0,38645,Recurring Deposit,2022-07-02,2022,7,July
306741,202201,Current,86790,4432.0,20747,Mutual Fund,2023-11-14,2023,11,November
306742,207313,Business,92400,4685.0,20501,Mutual Fund,2025-01-09,2025,1,January
306743,201505,Business,21177,2812.0,26832,Recurring Deposit,2023-05-16,2023,5,May
306744,203874,Current,42780,1803.0,21105,Mutual Fund,2025-01-13,2025,1,January
306745,203447,Current,50787,636.0,47174,Fixed Deposit,2025-01-09,2025,1,January
306746,208759,Current,91113,6000.160143930319,49998,Mutual Fund,2023-10-01,2023,10,October
306747,203956,Current,86205,464.0,1494,Mutual Fund,2022-09-04,2022,9,September
306748,208221,Business,13691,4870.0,42529,Recurring Deposit,2022-04-19,2022,4,April
306749,206641,Savings,91999,2430.0,33411,Fixed Deposit,2023-06-18,2023,6,June
306750,203658,Savings,29419,4191.0,23339,Recurring Deposit,2024-12-23,2024,12,December
306751,202541,Business,28877,512.0,14743,Fixed Deposit,2023-11-11,2023,11,November
306752,206883,Current,82579,454.0,39418,Recurring Deposit,2023-03-15,2023,3,March
306753,203209,Savings,73509,2296.0,18639,Recurring Deposit,2023-11-02,2023,11,November
306754,200693,Current,20568,268.0,8567,Fixed Deposit,2024-05-18,2024,5,May
306755,203873,Savings,39035,4342.0,11674,Fixed Deposit,2022-08-22,2022,8,August
306756,205310,Savings,78747,1615.0,24881,Fixed Deposit,2023-07-24,2023,7,July
306757,204766,Savings,22637,4489.0,1783,Fixed Deposit,2024-04-11,2024,4,April
306758,201503,Business,9188,4772.0,44777,Mutual Fund,2024-10-03,2024,10,October
306759,200177,Current,31301,203.0,42576,Mutual Fund,2024-06-23,2024,6,June
306760,209936,Savings,2955,2742.0,44686,Mutual Fund,2022-08-04,2022,8,August
306761,200993,Savings,64618,1171.0,32556,Fixed Deposit,2023-01-04,2023,1,January
306762,204898,Savings,34114,2411.0,35823,Mutual Fund,2023-01-23,2023,1,January
306763,203046,Current,41058,4907.0,47172,Mutual Fund,2024-05-06,2024,5,May
306764,205857,Savings,73143,2758.0,5610,Mutual Fund,2024-03-01,2024,3,March
306765,205345,Business,64527,4504.0,33588,Mutual Fund,2024-08-07,2024,8,August
306766,206050,Savings,46477,3042.0,5555,Fixed Deposit,2022-04-23,2022,4,April
306767,208726,Savings,72724,2263.0,43428,Recurring Deposit,2022-05-21,2022,5,May
306768,208188,Business,5285,2719.0,20239,Fixed Deposit,2023-04-09,2023,4,April
306769,203029,Current,25527,4641.0,10970,Recurring Deposit,2024-06-20,2024,6,June
306770,200734,Current,81488,1582.0,20205,Fixed Deposit,2023-07-07,2023,7,July
306771,205468,Savings,69471,3568.0,36430,Fixed Deposit,2023-08-21,2023,8,August
306772,207442,Current,77382,4028.0,47128,Mutual Fund,2024-04-20,2024,4,April
306773,200949,Business,64041,2644.746182199707,24694,Mutual Fund,2023-11-22,2023,11,November
306774,208739,Current,45805,2320.5119911703205,4757,Fixed Deposit,2022-11-19,2022,11,November
306775,200311,Savings,37221,1213.0,27542,Mutual Fund,2022-04-18,2022,4,April
306776,209160,Business,16853,470.0,4655,Recurring Deposit,2023-09-10,2023,9,September
306777,205951,Savings,59704,1354.0,44111,Recurring Deposit,2025-02-16,2025,2,February
306778,202274,Business,98113,1486.0,25371,Mutual Fund,2023-09-18,2023,9,September
306779,201082,Business,35798,1676.0,5055,Mutual Fund,2023-09-24,2023,9,September
306780,205216,Savings,40411,4495.0,4743,Fixed Deposit,2024-11-16,2024,11,November
306781,200720,Savings,73164,3305.0,30726,Fixed Deposit,2023-07-03,2023,7,July
306782,204344,Current,79361,2011.0,20621,Fixed Deposit,2023-03-22,2023,3,March
306783,208012,Current,49171,1749.0,22302,Mutual Fund,2024-05-07,2024,5,May
306784,202308,Savings,6092,1449.63689019777,10090,Mutual Fund,2023-05-23,2023,5,May
306785,201426,Savings,8392,3468.0,36247,Fixed Deposit,2022-06-25,2022,6,June
306786,204153,Current,50930,2589.6325001792698,9930,Mutual Fund,2024-11-17,2024,11,November
306787,200072,Savings,42373,250.0,44705,Recurring Deposit,2023-04-25,2023,4,April
306788,204080,Business,5442,137.0,39126,Recurring Deposit,2023-11-12,2023,11,November
306789,206677,Current,48210,1154.0,43537,Recurring Deposit,2022-05-05,2022,5,May
306790,204198,Current,78729,4595.0,44176,Fixed Deposit,2024-07-30,2024,7,July
306791,209327,Business,51374,3806.0,5345,Fixed Deposit,2023-05-30,2023,5,May
306792,200818,Business,65870,884.000915771967,41334,Recurring Deposit,2023-03-06,2023,3,March
306793,200917,Savings,70350,3251.0,49537,Recurring Deposit,2022-11-11,2022,11,November
306794,201530,Savings,28905,982.0,30323,Recurring Deposit,2023-09-02,2023,9,September
306795,204465,Business,55335,755.0,3811,Mutual Fund,2023-11-21,2023,11,November
306796,206975,Business,46661,2216.0,21187,Recurring Deposit,2025-01-04,2025,1,January
306797,207352,Current,25303,3353.0,38320,Recurring Deposit,2022-10-20,2022,10,October
306798,201049,Current,93542,1343.0,14410,Fixed Deposit,2022-08-04,2022,8,August
306799,208216,Current,87173,3002.0,32876,Fixed Deposit,2023-11-04,2023,11,November
306800,200927,Savings,3148,4387.0,38969,Mutual Fund,2024-06-06,2024,6,June
306801,201845,Current,4746,2273.0,25951,Recurring Deposit,2025-02-06,2025,2,February
306802,208156,Business,15969,1654.0,31002,Fixed Deposit,2024-10-27,2024,10,October
306803,204778,Current,86221,694.0,33206,Mutual Fund,2024-11-16,2024,11,November
306804,201927,Business,58572,4454.0,20345,Mutual Fund,2025-02-19,2025,2,February
306805,200685,Business,22073,3947.0,1454,Mutual Fund,2023-03-09,2023,3,March
306806,206433,Savings,41765,1538.0,49405,Fixed Deposit,2023-12-29,2023,12,December
306807,206723,Savings,8788,1910.0,33983,Recurring Deposit,2023-03-29,2023,3,March
306808,208078,Current,52765,820.0,3082,Recurring Deposit,2024-08-26,2024,8,August
306809,209873,Current,80329,4516.0,22013,Recurring Deposit,2022-11-13,2022,11,November
306810,200138,Current,53336,920.0,3970,Mutual Fund,2024-01-12,2024,1,January
306811,205338,Savings,87565,1904.0,1714,Fixed Deposit,2023-07-19,2023,7,July
306812,208689,Business,57605,1694.0,16609,Fixed Deposit,2024-10-16,2024,10,October
306813,201048,Business,21499,3356.0,15972,Recurring Deposit,2023-08-14,2023,8,August
306814,208597,Savings,3511,4110.0,15958,Mutual Fund,2024-02-16,2024,2,February
306815,205371,Current,74283,111.0,37230,Recurring Deposit,2024-07-10,2024,7,July
306816,201750,Savings,66391,3907.0,8780,Recurring Deposit,2022-10-11,2022,10,October
306817,207049,Business,62645,507.0,1338,Mutual Fund,2023-02-05,2023,2,February
306818,201616,Savings,88560,1516.0,11953,Recurring Deposit,2024-12-28,2024,12,December
306819,209292,Savings,41683,4263.0,39126,Mutual Fund,2022-10-22,2022,10,October
306820,200479,Business,97010,3836.0,38328,Fixed Deposit,2024-09-08,2024,9,September
306821,207325,Savings,76741,4039.0,4401,Mutual Fund,2024-07-08,2024,7,July
306822,201709,Savings,76064,2938.0,16651,Fixed Deposit,2025-02-15,2025,2,February
306823,207316,Savings,17272,3250.0,18296,Recurring Deposit,2023-01-29,2023,1,January
306824,205262,Current,14580,444.0,46737,Recurring Deposit,2022-10-21,2022,10,October
306825,205456,Business,44578,4896.0,28563,Recurring Deposit,2023-07-14,2023,7,July
306826,200452,Current,98070,3022.0,12178,Mutual Fund,2025-02-22,2025,2,February
306827,204488,Business,41697,3181.0,24794,Mutual Fund,2025-03-20,2025,3,March
306828,201369,Business,26979,4777.0,16665,Fixed Deposit,2024-06-11,2024,6,June
306829,206308,Business,73223,2391.0,44797,Recurring Deposit,2022-10-17,2022,10,October
306830,207563,Savings,38815,3487.0,46917,Mutual Fund,2024-01-18,2024,1,January
306831,200530,Current,42410,4032.0,24985,Recurring Deposit,2022-11-01,2022,11,November
306832,206938,Business,18802,3639.0,39468,Recurring Deposit,2025-01-03,2025,1,January
306833,201551,Current,20317,4004.0,39146,Recurring Deposit,2024-08-14,2024,8,August
306834,206657,Current,44449,1593.0,40104,Recurring Deposit,2022-11-21,2022,11,November
306835,200404,Current,99099,3996.0,30264,Fixed Deposit,2023-07-27,2023,7,July
306836,208713,Current,98436,573.0,44504,Fixed Deposit,2022-07-04,2022,7,July
306837,200617,Savings,77929,1379.0,24731,Mutual Fund,2024-08-02,2024,8,August
306838,202064,Savings,2258,943.0,6141,Mutual Fund,2024-06-25,2024,6,June
306839,209928,Business,12715,3698.0,10248,Mutual Fund,2022-09-20,2022,9,September
306840,203761,Business,99271,3813.0,48508,Fixed Deposit,2023-01-01,2023,1,January
306841,209726,Savings,4120,4570.0,7272,Recurring Deposit,2023-07-27,2023,7,July
306842,209225,Business,73048,3631.0,10347,Fixed Deposit,2022-11-02,2022,11,November
306843,204879,Savings,42364,674.0,33424,Mutual Fund,2022-05-05,2022,5,May
306844,201792,Current,16468,379.0,16493,Fixed Deposit,2023-07-29,2023,7,July
306845,206156,Current,57012,867.0,11779,Recurring Deposit,2023-12-24,2023,12,December
306846,202236,Savings,96327,3685.0,34227,Recurring Deposit,2023-12-19,2023,12,December
306847,207599,Business,59866,4789.0,6996,Recurring Deposit,2023-07-05,2023,7,July
306848,206287,Business,53098,703.0,35803,Recurring Deposit,2024-02-07,2024,2,February
306849,207592,Savings,80401,2876.0,38881,Fixed Deposit,2024-12-04,2024,12,December
306850,201740,Savings,6807,2666.0,7614,Recurring Deposit,2023-05-20,2023,5,May
306851,208519,Current,34907,1616.0,23539,Recurring Deposit,2022-11-12,2022,11,November
306852,200694,Business,54598,2651.0,44113,Recurring Deposit,2023-01-06,2023,1,January
306853,202928,Current,68197,4623.0,14487,Mutual Fund,2022-09-02,2022,9,September
306854,205086,Savings,35390,1626.0,41121,Mutual Fund,2022-10-11,2022,10,October
306855,208522,Business,25132,1590.0,25364,Fixed Deposit,2023-01-01,2023,1,January
306856,208966,Current,56808,144.0,21768,Recurring Deposit,2022-04-30,2022,4,April
306857,207093,Business,87863,3566.0,8316,Mutual Fund,2024-10-26,2024,10,October
306858,209472,Business,38066,2348.0,24414,Mutual Fund,2024-11-03,2024,11,November
306859,201055,Savings,90700,3294.0,29776,Mutual Fund,2023-05-09,2023,5,May
306860,203025,Current,62263,1642.0,2272,Recurring Deposit,2024-10-16,2024,10,October
306861,209307,Savings,18082,4224.0,28961,Fixed Deposit,2024-08-17,2024,8,August
306862,204284,Current,60723,1606.0,4047,Mutual Fund,2024-10-27,2024,10,October
306863,205197,Savings,48851,1787.0,25154,Fixed Deposit,2023-03-14,2023,3,March
306864,209036,Savings,91230,2470.0,10265,Recurring Deposit,2024-10-02,2024,10,October
306865,206583,Savings,88344,4804.0,7144,Mutual Fund,2023-03-16,2023,3,March
306866,200117,Current,31504,2519.0,15879,Fixed Deposit,2023-03-14,2023,3,March
306867,207707,Savings,45773,1553.0,48200,Recurring Deposit,2025-02-20,2025,2,February
306868,207717,Business,63651,1422.0,29032,Mutual Fund,2022-04-30,2022,4,April
306869,209429,Savings,51375,2738.0,20345,Fixed Deposit,2023-09-30,2023,9,September
306870,207800,Business,14511,2734.0,20551,Fixed Deposit,2022-07-22,2022,7,July
306871,208403,Current,31584,1099.0,11667,Recurring Deposit,2025-02-21,2025,2,February
306872,204256,Business,24316,1783.0,1208,Mutual Fund,2024-03-30,2024,3,March
306873,201600,Business,50191,2603.0,44019,Fixed Deposit,2022-10-15,2022,10,October
306874,208223,Business,16303,2902.0,33417,Mutual Fund,2024-05-09,2024,5,May
306875,205941,Business,24388,3992.0,33870,Recurring Deposit,2024-10-15,2024,10,October
306876,205949,Business,76341,3188.0,46247,Fixed Deposit,2024-03-18,2024,3,March
306877,204716,Current,76209,595.0,41339,Mutual Fund,2024-12-24,2024,12,December
306878,200901,Current,94914,599.0,8123,Fixed Deposit,2023-10-22,2023,10,October
306879,204340,Current,53391,4785.0,16790,Mutual Fund,2022-12-31,2022,12,December
306880,206005,Current,74626,2426.0,17694,Fixed Deposit,2023-11-12,2023,11,November
306881,204839,Current,11087,4539.0,47136,Recurring Deposit,2024-04-22,2024,4,April
306882,207318,Current,14561,3418.0,12839,Mutual Fund,2024-03-26,2024,3,March
306883,203344,Savings,34250,2587.0,9543,Mutual Fund,2022-10-20,2022,10,October
306884,204122,Business,13707,1023.0,46954,Fixed Deposit,2022-11-30,2022,11,November
306885,208842,Current,95242,3277.241044502536,5299,Recurring Deposit,2023-01-15,2023,1,January
306886,209806,Savings,6620,4139.0,10115,Recurring Deposit,2023-03-07,2023,3,March
306887,205343,Current,64316,1122.0,16560,Mutual Fund,2022-05-10,2022,5,May
306888,204810,Current,1292,4771.0,38337,Recurring Deposit,2023-12-15,2023,12,December
306889,202153,Savings,91251,2450.0,21357,Recurring Deposit,2022-04-13,2022,4,April
306890,208668,Current,59801,4690.0,35052,Fixed Deposit,2023-05-14,2023,5,May
306891,203015,Business,37760,3171.0,8368,Recurring Deposit,2023-12-22,2023,12,December
306892,207844,Business,77763,1206.5819545846962,44958,Recurring Deposit,2023-03-01,2023,3,March
306893,207369,Savings,91942,711.1781322961809,49621,Fixed Deposit,2025-01-26,2025,1,January
306894,203081,Current,27998,4253.0,13641,Mutual Fund,2023-01-30,2023,1,January
306895,207424,Business,42463,1505.0,27618,Fixed Deposit,2023-02-01,2023,2,February
306896,206289,Savings,11705,3148.0,37661,Mutual Fund,2022-07-01,2022,7,July
306897,208175,Business,94449,723.0,42405,Fixed Deposit,2022-12-21,2022,12,December
306898,203429,Savings,74529,3773.0,27722,Mutual Fund,2024-02-01,2024,2,February
306899,204830,Savings,99406,3413.0,17451,Mutual Fund,2024-11-03,2024,11,November
306900,207270,Business,6634,3498.0,10082,Mutual Fund,2024-04-20,2024,4,April
306901,204819,Current,13996,365.0,44980,Fixed Deposit,2025-02-21,2025,2,February
306902,204143,Savings,92958,2954.0,10063,Mutual Fund,2023-08-07,2023,8,August
306903,205920,Business,60275,1288.8899507880085,10748,Fixed Deposit,2024-02-29,2024,2,February
306904,201208,Business,80821,4067.0,27195,Mutual Fund,2023-04-08,2023,4,April
306905,201247,Business,29972,2478.0,17003,Recurring Deposit,2024-01-14,2024,1,January
306906,207979,Savings,4752,1005.0,17479,Mutual Fund,2023-12-09,2023,12,December
306907,201400,Current,69959,3249.0,7810,Mutual Fund,2022-05-24,2022,5,May
306908,203030,Business,96776,3488.0,43310,Fixed Deposit,2024-10-20,2024,10,October
306909,204206,Business,71109,2597.0,26437,Mutual Fund,2023-11-01,2023,11,November
306910,208513,Savings,47597,128.0,25918,Fixed Deposit,2023-07-20,2023,7,July
306911,204858,Current,54726,1813.0,8196,Mutual Fund,2023-11-23,2023,11,November
306912,207153,Savings,17257,1487.0,46752,Fixed Deposit,2024-10-25,2024,10,October
306913,207875,Current,85015,2919.0,10696,Recurring Deposit,2024-08-25,2024,8,August
306914,203224,Savings,41671,4292.0,39481,Fixed Deposit,2024-09-28,2024,9,September
306915,206120,Current,60192,849.0,13839,Recurring Deposit,2024-06-30,2024,6,June
306916,209571,Business,43052,780.0,36230,Recurring Deposit,2024-06-13,2024,6,June
306917,207080,Savings,98711,4717.0,36079,Fixed Deposit,2024-12-11,2024,12,December
306918,208534,Current,77328,2703.0,21092,Recurring Deposit,2025-03-18,2025,3,March
306919,204727,Business,57847,806.2397299331304,1962,Mutual Fund,2022-05-19,2022,5,May
306920,209632,Business,22683,3311.0,1162,Recurring Deposit,2024-06-06,2024,6,June
306921,208056,Current,52979,2167.0,15181,Mutual Fund,2022-09-06,2022,9,September
306922,206427,Savings,77046,3653.0,1330,Mutual Fund,2024-02-20,2024,2,February
306923,208928,Business,9404,390.0,33739,Mutual Fund,2024-02-28,2024,2,February
306924,201180,Current,83276,3536.0,43739,Recurring Deposit,2022-05-25,2022,5,May
306925,200879,Savings,25084,313.0,34775,Recurring Deposit,2023-04-06,2023,4,April
306926,206839,Business,22200,1033.628671749174,44123,Fixed Deposit,2024-06-03,2024,6,June
306927,201422,Current,56027,3583.0,11838,Fixed Deposit,2024-07-03,2024,7,July
306928,202852,Business,51331,1971.0,13996,Mutual Fund,2023-11-25,2023,11,November
306929,202962,Savings,38672,3080.0,37253,Fixed Deposit,2022-05-20,2022,5,May
306930,207530,Savings,2920,4437.0,10124,Recurring Deposit,2024-08-03,2024,8,August
306931,208634,Business,43046,2631.0,26231,Mutual Fund,2023-11-12,2023,11,November
306932,203506,Savings,94602,1183.0375218568242,37294,Mutual Fund,2024-05-30,2024,5,May
306933,207799,Savings,94615,2032.0,5724,Recurring Deposit,2024-11-24,2024,11,November
306934,207508,Current,60882,4081.0,8264,Mutual Fund,2022-06-05,2022,6,June
306935,208439,Business,8206,1081.0,43751,Fixed Deposit,2023-01-09,2023,1,January
306936,202978,Business,85446,3052.0,44009,Recurring Deposit,2023-06-16,2023,6,June
306937,201497,Current,93325,4331.0,19605,Fixed Deposit,2024-02-01,2024,2,February
306938,204187,Savings,19454,561.0,3052,Mutual Fund,2023-11-29,2023,11,November
306939,209763,Business,67443,4312.0,11982,Fixed Deposit,2023-07-07,2023,7,July
306940,204943,Business,20717,1706.0,10212,Fixed Deposit,2023-06-08,2023,6,June
306941,201547,Current,48831,4006.0,25379,Recurring Deposit,2024-03-06,2024,3,March
306942,201990,Savings,14409,3527.0,18038,Mutual Fund,2022-12-04,2022,12,December
306943,203146,Current,95726,3194.0,19817,Recurring Deposit,2024-01-06,2024,1,January
306944,201746,Business,47898,2956.0,42431,Fixed Deposit,2023-06-21,2023,6,June
306945,202760,Savings,3317,3002.0,4740,Mutual Fund,2024-10-28,2024,10,October
306946,206961,Savings,39627,3630.0,9796,Mutual Fund,2022-06-13,2022,6,June
306947,204636,Current,29397,2122.0,18108,Mutual Fund,2025-02-24,2025,2,February
306948,209017,Savings,82558,3901.0,17536,Mutual Fund,2024-06-01,2024,6,June
306949,200022,Business,4345,1955.0,27005,Fixed Deposit,2022-10-27,2022,10,October
306950,205648,Business,50372,1118.0,30010,Recurring Deposit,2024-03-10,2024,3,March
306951,208250,Business,28928,4812.420207293355,37029,Fixed Deposit,2024-12-18,2024,12,December
306952,201679,Savings,15880,1601.0,44660,Fixed Deposit,2024-02-20,2024,2,February
306953,207782,Savings,3610,4046.0,48293,Mutual Fund,2022-08-08,2022,8,August
306954,201629,Business,64447,1602.0,17293,Recurring Deposit,2024-05-06,2024,5,May
306955,201525,Current,71449,3693.0,10599,Mutual Fund,2022-09-12,2022,9,September
306956,206585,Business,4732,3364.0,4256,Fixed Deposit,2022-12-25,2022,12,December
306957,203157,Current,32718,2859.0,27912,Fixed Deposit,2024-09-15,2024,9,September
306958,205817,Business,67110,202.0,2278,Recurring Deposit,2025-03-06,2025,3,March
306959,200620,Current,31841,1773.0,11784,Recurring Deposit,2024-07-16,2024,7,July
306960,203585,Current,90455,1979.0,3359,Fixed Deposit,2022-10-17,2022,10,October
306961,204651,Savings,69122,1359.0,18803,Mutual Fund,2023-11-21,2023,11,November
306962,200715,Current,32952,438.0,19682,Recurring Deposit,2023-12-23,2023,12,December
306963,208297,Savings,96220,3361.0,43972,Mutual Fund,2023-08-05,2023,8,August
306964,207788,Business,18682,3288.0,39812,Fixed Deposit,2024-02-19,2024,2,February
306965,206699,Current,12488,2218.0,4131,Fixed Deposit,2022-04-28,2022,4,April
306966,200728,Current,9249,4413.709513205161,27944,Recurring Deposit,2022-12-23,2022,12,December
306967,202543,Business,55010,2058.0,12415,Recurring Deposit,2024-02-23,2024,2,February
306968,203152,Business,85207,3956.016301748311,24620,Mutual Fund,2024-09-23,2024,9,September
306969,200696,Current,18907,2063.0,46496,Fixed Deposit,2023-01-28,2023,1,January
306970,204229,Current,55534,3622.0,27658,Mutual Fund,2024-02-25,2024,2,February
306971,208598,Savings,73670,1832.0,31348,Recurring Deposit,2022-08-08,2022,8,August
306972,207165,Savings,19830,3625.0,23687,Fixed Deposit,2023-04-13,2023,4,April
306973,209771,Current,37844,3267.0,28497,Recurring Deposit,2023-08-06,2023,8,August
306974,205185,Current,15817,2443.0,28162,Fixed Deposit,2025-02-27,2025,2,February
306975,202348,Business,69014,3441.0,11754,Mutual Fund,2024-12-22,2024,12,December
306976,203314,Business,68629,3137.916971330573,26918,Fixed Deposit,2022-11-30,2022,11,November
306977,200515,Savings,9024,3834.0,30781,Mutual Fund,2022-09-28,2022,9,September
306978,202144,Savings,43991,4793.0,36524,Recurring Deposit,2022-08-09,2022,8,August
306979,203425,Business,10930,3137.0,1554,Fixed Deposit,2022-09-14,2022,9,September
306980,207263,Business,41491,1752.0,2146,Recurring Deposit,2024-02-17,2024,2,February
306981,209144,Business,51246,3229.0,2035,Mutual Fund,2024-11-29,2024,11,November
306982,201745,Business,87583,2937.0,26563,Fixed Deposit,2023-10-05,2023,10,October
306983,202184,Business,27755,1827.0,47222,Recurring Deposit,2022-07-31,2022,7,July
306984,203428,Business,97548,2477.0,38157,Mutual Fund,2024-06-11,2024,6,June
306985,201071,Savings,75585,2503.0,25866,Fixed Deposit,2023-11-07,2023,11,November
306986,201187,Business,22364,4671.0,13396,Fixed Deposit,2024-05-23,2024,5,May
306987,200499,Current,98615,2939.0,38135,Fixed Deposit,2024-10-26,2024,10,October
306988,202549,Current,96848,3627.0,18380,Recurring Deposit,2022-11-24,2022,11,November
306989,209688,Current,22550,631.0,6823,Fixed Deposit,2023-10-30,2023,10,October
306990,206081,Current,64517,3814.0,14966,Mutual Fund,2024-07-22,2024,7,July
306991,207147,Savings,33373,3882.0,18631,Mutual Fund,2023-11-02,2023,11,November
306992,205745,Current,57365,634.0,12193,Recurring Deposit,2022-05-28,2022,5,May
306993,200820,Savings,36663,2590.0,15586,Fixed Deposit,2022-12-11,2022,12,December
306994,209191,Current,2568,1478.0,3639,Mutual Fund,2023-08-23,2023,8,August
306995,208765,Business,86774,3716.0,41248,Mutual Fund,2024-08-15,2024,8,August
306996,205245,Business,29107,2518.0,29051,Fixed Deposit,2025-01-08,2025,1,January
306997,201698,Business,44902,145.0,20686,Mutual Fund,2022-11-09,2022,11,November
306998,203042,Business,37951,3206.0,16903,Fixed Deposit,2022-11-27,2022,11,November
306999,203256,Savings,63503,121.0,36401,Mutual Fund,2022-10-31,2022,10,October
307000,207996,Business,32263,2248.0,1399,Recurring Deposit,2022-12-23,2022,12,December
307001,202187,Business,7632,585.0,45932,Recurring Deposit,2022-06-08,2022,6,June
307002,201778,Savings,62536,3212.0,27387,Recurring Deposit,2024-01-01,2024,1,January
307003,200048,Current,32343,4191.709352129639,26898,Recurring Deposit,2023-07-12,2023,7,July
307004,201494,Savings,87765,436.88431634977735,41830,Mutual Fund,2023-07-14,2023,7,July
307005,209365,Current,50675,1749.0,15779,Mutual Fund,2024-02-12,2024,2,February
307006,206467,Business,11510,4586.0,9275,Fixed Deposit,2023-06-12,2023,6,June
307007,209542,Savings,88226,2189.0,3956,Mutual Fund,2024-11-18,2024,11,November
307008,200918,Current,95791,3310.0,41043,Recurring Deposit,2022-12-26,2022,12,December
307009,200350,Savings,82667,1588.0,18393,Recurring Deposit,2022-09-19,2022,9,September
307010,201926,Current,13314,4194.0,28598,Fixed Deposit,2022-10-11,2022,10,October
307011,201917,Business,77900,4267.0,16141,Fixed Deposit,2023-01-30,2023,1,January
307012,205266,Business,8609,3754.0,49794,Fixed Deposit,2022-03-26,2022,3,March
307013,209501,Business,75420,1742.0,8529,Fixed Deposit,2024-11-12,2024,11,November
307014,206010,Current,17934,864.0,30648,Recurring Deposit,2023-04-18,2023,4,April
307015,203959,Business,82294,1327.869070413337,22449,Mutual Fund,2022-04-08,2022,4,April
307016,205269,Savings,85242,1860.0,4363,Mutual Fund,2024-03-02,2024,3,March
307017,205692,Current,50165,2793.0,33359,Mutual Fund,2024-05-02,2024,5,May
307018,207240,Savings,20782,145.0,31084,Mutual Fund,2024-05-03,2024,5,May
307019,205177,Current,2953,1512.0,22042,Fixed Deposit,2024-07-12,2024,7,July
307020,207903,Current,51812,1715.0,24409,Mutual Fund,2022-03-29,2022,3,March
307021,204766,Savings,22272,4112.0,23447,Fixed Deposit,2024-10-20,2024,10,October
307022,207455,Business,67984,3441.0,3074,Fixed Deposit,2024-04-25,2024,4,April
307023,204104,Savings,96832,133.0,29218,Mutual Fund,2023-03-25,2023,3,March
307024,201501,Business,70425,3099.0,10525,Mutual Fund,2023-02-20,2023,2,February
307025,205668,Savings,37974,3989.0,38787,Mutual Fund,2024-09-20,2024,9,September
307026,202823,Current,88721,2117.0,10667,Fixed Deposit,2025-01-08,2025,1,January
307027,200067,Savings,65961,4025.0,46894,Fixed Deposit,2024-03-28,2024,3,March
307028,209523,Savings,49661,2018.0,45046,Recurring Deposit,2024-02-23,2024,2,February
307029,206676,Current,31363,1563.0,11216,Recurring Deposit,2023-12-18,2023,12,December
307030,207944,Business,18254,4599.0,2308,Recurring Deposit,2024-02-05,2024,2,February
307031,200763,Business,9408,368.0,1742,Fixed Deposit,2022-07-22,2022,7,July
307032,205572,Current,34280,3008.0,31920,Fixed Deposit,2024-10-09,2024,10,October
307033,208669,Business,15742,300.0,28840,Mutual Fund,2024-10-08,2024,10,October
307034,204613,Business,27223,4418.0,20974,Recurring Deposit,2022-03-31,2022,3,March
307035,205039,Business,42570,1168.0,11237,Recurring Deposit,2023-04-05,2023,4,April
307036,201023,Current,30770,911.7763436380376,7760,Fixed Deposit,2024-07-18,2024,7,July
307037,205838,Current,76406,657.0,14103,Mutual Fund,2023-05-27,2023,5,May
307038,205576,Savings,71373,2467.0,45101,Recurring Deposit,2024-11-07,2024,11,November
307039,204738,Savings,28563,2190.0,49024,Recurring Deposit,2024-11-21,2024,11,November
307040,206814,Savings,60977,3568.0,47951,Recurring Deposit,2024-08-03,2024,8,August
307041,202426,Business,28592,3090.0,17168,Recurring Deposit,2023-02-06,2023,2,February
307042,206758,Savings,40968,3128.0,14670,Mutual Fund,2022-06-04,2022,6,June
307043,204742,Business,43171,1348.0,35893,Fixed Deposit,2023-01-02,2023,1,January
307044,201531,Business,96849,505.0,31475,Fixed Deposit,2022-11-06,2022,11,November
307045,204699,Business,9133,3486.0,43706,Mutual Fund,2022-06-14,2022,6,June
307046,201401,Savings,29205,2832.0,32401,Recurring Deposit,2024-12-29,2024,12,December
307047,205858,Savings,67330,1536.0,8220,Recurring Deposit,2023-09-14,2023,9,September
307048,200654,Savings,3075,4404.0,22202,Recurring Deposit,2022-05-17,2022,5,May
307049,208966,Business,89493,373.0,29572,Mutual Fund,2022-11-01,2022,11,November
307050,206622,Business,83026,195.0,3604,Fixed Deposit,2022-05-10,2022,5,May
307051,206053,Current,31108,4205.0,28670,Fixed Deposit,2025-01-20,2025,1,January
307052,205511,Current,22087,4972.0,8099,Recurring Deposit,2024-09-04,2024,9,September
307053,203823,Business,97382,4862.0,10295,Fixed Deposit,2024-10-13,2024,10,October
307054,207631,Current,94752,1917.0,4573,Mutual Fund,2023-06-27,2023,6,June
307055,208801,Business,34403,3420.0,30412,Mutual Fund,2023-08-17,2023,8,August
307056,200384,Current,50914,2476.0,3619,Mutual Fund,2022-08-04,2022,8,August
307057,208909,Business,89974,2599.0,30716,Mutual Fund,2022-06-05,2022,6,June
307058,203158,Current,38402,2327.0,45602,Recurring Deposit,2022-09-06,2022,9,September
307059,200191,Business,9905,461.0,49295,Recurring Deposit,2023-12-28,2023,12,December
307060,208161,Savings,66658,2483.0,38120,Fixed Deposit,2022-12-22,2022,12,December
307061,206785,Current,95779,592.15281074593,35547,Mutual Fund,2022-11-26,2022,11,November
307062,202743,Business,18738,3687.0,13516,Fixed Deposit,2025-01-28,2025,1,January
307063,209834,Savings,42031,4001.0,31616,Mutual Fund,2023-06-05,2023,6,June
307064,204944,Business,43900,2367.0,15333,Fixed Deposit,2024-10-25,2024,10,October
307065,208350,Savings,75020,323.2817534263425,22792,Fixed Deposit,2025-01-10,2025,1,January
307066,203385,Business,95103,3462.0,34813,Mutual Fund,2025-02-27,2025,2,February
307067,207158,Business,83541,2822.0,9002,Fixed Deposit,2025-03-12,2025,3,March
307068,202009,Business,56855,1487.0,24746,Fixed Deposit,2024-09-30,2024,9,September
307069,204728,Current,16348,4088.0,9746,Fixed Deposit,2024-08-26,2024,8,August
307070,202722,Savings,52468,4808.0,33691,Mutual Fund,2024-08-10,2024,8,August
307071,205123,Savings,82126,1278.0,33830,Recurring Deposit,2022-12-21,2022,12,December
307072,206939,Savings,32246,4976.0,46956,Fixed Deposit,2024-02-26,2024,2,February
307073,207397,Current,43519,2457.0,43347,Fixed Deposit,2024-09-05,2024,9,September
307074,203998,Current,1842,4457.0,45568,Fixed Deposit,2023-10-01,2023,10,October
307075,209421,Savings,55199,2050.0,6413,Mutual Fund,2022-05-15,2022,5,May
307076,203849,Current,90040,4794.0,44663,Recurring Deposit,2022-08-12,2022,8,August
307077,201448,Current,48879,3087.0,2759,Mutual Fund,2023-06-28,2023,6,June
307078,201004,Savings,51647,2333.0,34372,Mutual Fund,2023-08-04,2023,8,August
307079,207184,Business,64094,1161.0,14893,Mutual Fund,2023-10-14,2023,10,October
307080,209970,Business,88909,851.0,27069,Mutual Fund,2023-10-30,2023,10,October
307081,207868,Savings,12433,1667.0,23921,Mutual Fund,2022-07-04,2022,7,July
307082,200211,Current,30810,4070.0,25461,Mutual Fund,2024-01-13,2024,1,January
307083,205947,Current,58990,2885.0,47574,Recurring Deposit,2024-07-23,2024,7,July
307084,208369,Savings,22498,1007.0,38222,Mutual Fund,2022-06-29,2022,6,June
307085,206108,Savings,41958,2759.0,11052,Mutual Fund,2023-06-18,2023,6,June
307086,208814,Savings,68735,3026.0,5934,Recurring Deposit,2024-03-21,2024,3,March
307087,200643,Savings,33026,3345.0,1359,Recurring Deposit,2022-10-16,2022,10,October
307088,200030,Current,92620,4848.0,38687,Recurring Deposit,2022-09-26,2022,9,September
307089,208195,Business,77414,3476.0,27061,Mutual Fund,2025-03-04,2025,3,March
307090,200017,Savings,25940,446.0,20768,Recurring Deposit,2023-05-21,2023,5,May
307091,207162,Current,56810,589.0,44984,Mutual Fund,2023-08-14,2023,8,August
307092,209553,Savings,48061,1613.0,43365,Mutual Fund,2024-06-16,2024,6,June
307093,204327,Business,82637,675.0,48315,Fixed Deposit,2023-12-23,2023,12,December
307094,201825,Savings,76669,1277.0,21200,Mutual Fund,2024-06-13,2024,6,June
307095,208239,Current,78084,2708.0,23164,Fixed Deposit,2023-02-09,2023,2,February
307096,206206,Savings,52216,601.0,28715,Fixed Deposit,2025-03-05,2025,3,March
307097,206413,Business,51921,4188.0,47744,Recurring Deposit,2023-02-08,2023,2,February
307098,203161,Current,38382,4431.0,32553,Fixed Deposit,2024-10-26,2024,10,October
307099,202047,Current,64658,2957.5859767908164,45762,Fixed Deposit,2022-06-19,2022,6,June
307100,207766,Business,76042,4690.0,30278,Fixed Deposit,2022-09-06,2022,9,September
307101,208480,Savings,88719,583.0,46358,Mutual Fund,2024-08-24,2024,8,August
307102,207248,Savings,8874,529.0,46383,Recurring Deposit,2024-11-22,2024,11,November
307103,208361,Current,34996,1290.0,13181,Recurring Deposit,2024-06-19,2024,6,June
307104,202943,Business,39352,945.0,14674,Recurring Deposit,2022-08-04,2022,8,August
307105,207026,Current,15886,4745.0,16044,Mutual Fund,2024-04-10,2024,4,April
307106,204778,Current,94051,2600.0,41495,Recurring Deposit,2025-02-22,2025,2,February
307107,207645,Business,49741,161.0,20109,Mutual Fund,2024-10-15,2024,10,October
307108,202190,Business,56840,2932.0,42496,Recurring Deposit,2023-06-10,2023,6,June
307109,208497,Business,86353,267.0,26154,Recurring Deposit,2024-01-13,2024,1,January
307110,206515,Savings,48254,330.0,47168,Recurring Deposit,2024-10-21,2024,10,October
307111,208766,Current,72539,1158.0,6997,Fixed Deposit,2023-07-25,2023,7,July
307112,205223,Current,80904,821.0,33048,Fixed Deposit,2023-04-28,2023,4,April
307113,209361,Savings,49216,4408.0,43409,Mutual Fund,2024-06-14,2024,6,June
307114,200000,Business,10698,2428.0,9783,Fixed Deposit,2024-08-30,2024,8,August
307115,206871,Savings,44549,2418.0,42279,Mutual Fund,2024-11-13,2024,11,November
307116,205244,Current,87792,4854.0,47194,Mutual Fund,2023-09-21,2023,9,September
307117,207203,Savings,21317,2326.0,24260,Fixed Deposit,2022-10-08,2022,10,October
307118,200241,Current,94309,4546.0,39603,Fixed Deposit,2024-10-30,2024,10,October
307119,205073,Savings,96302,1841.0,23133,Recurring Deposit,2024-08-11,2024,8,August
307120,202537,Savings,89125,627.101129605017,34834,Recurring Deposit,2024-04-30,2024,4,April
307121,204860,Current,27311,935.95074361132,10022,Mutual Fund,2024-06-05,2024,6,June
307122,205284,Current,4398,4918.0,42673,Recurring Deposit,2024-11-26,2024,11,November
307123,205063,Savings,44753,2298.0,42048,Recurring Deposit,2024-05-02,2024,5,May
307124,202641,Savings,71362,4918.0,43627,Mutual Fund,2024-04-24,2024,4,April
307125,201835,Savings,75904,1204.0,29497,Mutual Fund,2022-12-25,2022,12,December
307126,205195,Savings,6294,3663.0,31779,Fixed Deposit,2024-10-22,2024,10,October
307127,208524,Current,6426,1027.4078471811392,13871,Mutual Fund,2023-03-17,2023,3,March
307128,203917,Business,33539,406.0,35054,Mutual Fund,2023-06-15,2023,6,June
307129,203762,Current,95561,2768.0,33656,Mutual Fund,2023-01-15,2023,1,January
307130,208968,Business,76123,4651.0,3437,Fixed Deposit,2022-03-23,2022,3,March
307131,209687,Current,71857,671.1084684209728,2961,Fixed Deposit,2022-09-20,2022,9,September
307132,200369,Business,30603,2525.0,36476,Recurring Deposit,2022-04-27,2022,4,April
307133,206480,Current,51126,3156.0,16361,Recurring Deposit,2024-03-12,2024,3,March
307134,208023,Business,31053,1936.0,24948,Recurring Deposit,2024-11-16,2024,11,November
307135,200580,Savings,82730,380.0,31239,Fixed Deposit,2022-09-20,2022,9,September
307136,209833,Savings,55987,1309.0,31412,Fixed Deposit,2023-02-06,2023,2,February
307137,201562,Business,74632,2901.0,23044,Mutual Fund,2024-10-31,2024,10,October
307138,204487,Savings,69249,3490.0,46685,Mutual Fund,2023-12-25,2023,12,December
307139,202053,Business,88784,4859.0,32577,Fixed Deposit,2023-12-24,2023,12,December
307140,205508,Business,95134,2963.0,12772,Mutual Fund,2022-05-30,2022,5,May
307141,208629,Savings,53442,3703.0,1997,Fixed Deposit,2023-08-21,2023,8,August
307142,203188,Savings,57296,643.0,25175,Recurring Deposit,2023-09-15,2023,9,September
307143,201990,Current,41717,4160.0,32185,Recurring Deposit,2024-08-07,2024,8,August
307144,203747,Business,89881,1175.0,36344,Recurring Deposit,2024-12-05,2024,12,December
307145,203062,Current,39986,3323.0,38262,Recurring Deposit,2023-02-13,2023,2,February
307146,203967,Business,39643,2630.0,16803,Fixed Deposit,2022-04-07,2022,4,April
307147,203381,Business,51832,3126.0,41654,Fixed Deposit,2024-12-10,2024,12,December
307148,206305,Current,42654,2347.0,16086,Mutual Fund,2023-01-27,2023,1,January
307149,207455,Savings,38037,363.0,11179,Fixed Deposit,2025-02-24,2025,2,February
307150,204658,Current,71590,845.0,46768,Fixed Deposit,2023-06-01,2023,6,June
307151,201666,Savings,58775,4052.0,43923,Fixed Deposit,2023-04-20,2023,4,April
307152,205885,Savings,12325,598.0,27912,Fixed Deposit,2022-07-04,2022,7,July
307153,207508,Business,39643,560.0,13154,Recurring Deposit,2023-07-12,2023,7,July
307154,203499,Current,26743,2558.0,9366,Recurring Deposit,2023-06-30,2023,6,June
307155,205383,Current,44387,4031.0,46418,Recurring Deposit,2024-05-16,2024,5,May
307156,200825,Savings,1234,4774.0,48655,Mutual Fund,2024-07-22,2024,7,July
307157,200891,Savings,18199,3177.0,11100,Recurring Deposit,2023-08-06,2023,8,August
307158,203418,Business,65053,1267.0,34352,Recurring Deposit,2022-03-30,2022,3,March
307159,200316,Business,48549,2209.0,6141,Fixed Deposit,2022-09-13,2022,9,September
307160,209975,Savings,11190,824.0,23553,Fixed Deposit,2025-02-18,2025,2,February
307161,209213,Business,66696,1269.0,22001,Recurring Deposit,2023-08-20,2023,8,August
307162,206068,Savings,19630,2398.0,12964,Mutual Fund,2023-09-02,2023,9,September
307163,204294,Current,69935,3284.0,2658,Recurring Deposit,2023-11-26,2023,11,November
307164,201099,Business,97884,2739.0,8058,Recurring Deposit,2024-08-20,2024,8,August
307165,203953,Current,83857,4853.0,38059,Recurring Deposit,2024-11-01,2024,11,November
307166,202467,Savings,41058,4977.0,46906,Fixed Deposit,2022-05-05,2022,5,May
307167,204965,Business,46574,1580.1719975624983,16494,Mutual Fund,2022-12-18,2022,12,December
307168,207530,Savings,12175,4974.0,2675,Mutual Fund,2023-01-16,2023,1,January
307169,202450,Current,61908,3173.0,13890,Fixed Deposit,2023-08-16,2023,8,August
307170,206161,Business,76917,4476.0,20871,Recurring Deposit,2023-08-27,2023,8,August
307171,209899,Current,56862,3933.0,35388,Mutual Fund,2025-01-28,2025,1,January
307172,202707,Current,86419,550.0,46365,Mutual Fund,2024-04-03,2024,4,April
307173,202561,Savings,50977,1373.0,21420,Mutual Fund,2024-03-27,2024,3,March
307174,200029,Current,37351,1568.0,40250,Fixed Deposit,2022-05-15,2022,5,May
307175,200434,Current,63045,1803.0,13402,Fixed Deposit,2024-12-17,2024,12,December
307176,209387,Current,2464,1132.0,8880,Recurring Deposit,2022-10-17,2022,10,October
307177,200046,Savings,38532,4609.0,18444,Fixed Deposit,2024-04-06,2024,4,April
307178,208490,Current,34112,4685.0,35097,Recurring Deposit,2022-11-17,2022,11,November
307179,209738,Savings,11307,953.0,44388,Recurring Deposit,2024-11-19,2024,11,November
307180,203541,Business,31525,4749.0,14192,Recurring Deposit,2024-03-05,2024,3,March
307181,209641,Business,52450,4319.0,35180,Fixed Deposit,2024-07-02,2024,7,July
307182,204482,Savings,4700,792.0,32797,Recurring Deposit,2023-08-23,2023,8,August
307183,203554,Business,8992,1425.0,22039,Recurring Deposit,2024-03-08,2024,3,March
307184,207022,Current,75049,2885.0,34032,Mutual Fund,2023-12-24,2023,12,December
307185,205797,Current,7992,1183.0,42194,Recurring Deposit,2022-06-16,2022,6,June
307186,204257,Savings,28624,3804.0,48133,Fixed Deposit,2024-06-07,2024,6,June
307187,203378,Current,37659,2714.0,9525,Recurring Deposit,2023-06-29,2023,6,June
307188,209630,Business,88402,3481.0,45219,Recurring Deposit,2024-08-14,2024,8,August
307189,200338,Business,88600,1970.0,43242,Fixed Deposit,2025-02-06,2025,2,February
307190,206202,Savings,87550,2402.0,15487,Recurring Deposit,2023-07-24,2023,7,July
307191,205339,Business,7868,4253.0,43651,Mutual Fund,2024-07-30,2024,7,July
307192,202408,Business,79847,3237.199936705722,16014,Recurring Deposit,2024-06-30,2024,6,June
307193,206168,Business,54396,4800.0,4153,Fixed Deposit,2022-04-19,2022,4,April
307194,201929,Savings,4336,3122.0,14810,Fixed Deposit,2023-02-07,2023,2,February
307195,202500,Savings,74926,1033.0,9912,Recurring Deposit,2024-09-02,2024,9,September
307196,207374,Current,12345,1381.0,1664,Fixed Deposit,2025-02-17,2025,2,February
307197,209299,Business,81600,3291.0,49488,Mutual Fund,2023-08-18,2023,8,August
307198,202295,Business,50327,2520.0,15605,Mutual Fund,2023-09-21,2023,9,September
307199,207415,Savings,77111,4486.0,1468,Mutual Fund,2022-07-01,2022,7,July
307200,207218,Business,42683,831.0,5362,Fixed Deposit,2022-11-07,2022,11,November
307201,207092,Current,11732,3851.0,39574,Recurring Deposit,2023-05-30,2023,5,May
307202,209737,Business,72649,3861.0,48386,Fixed Deposit,2022-05-08,2022,5,May
307203,202224,Savings,19546,2301.0,27627,Mutual Fund,2023-08-29,2023,8,August
307204,206268,Business,14316,2499.0,44624,Fixed Deposit,2023-10-24,2023,10,October
307205,208357,Current,32648,1266.0,46126,Mutual Fund,2024-11-18,2024,11,November
307206,206120,Current,3496,3132.0,10489,Fixed Deposit,2024-06-27,2024,6,June
307207,208317,Savings,56302,3928.0,14819,Recurring Deposit,2022-12-03,2022,12,December
307208,203440,Current,10513,3679.0,17914,Recurring Deposit,2024-08-23,2024,8,August
307209,200881,Business,69923,4605.0,33721,Recurring Deposit,2024-10-16,2024,10,October
307210,205933,Current,65899,3109.0,39474,Recurring Deposit,2023-11-16,2023,11,November
307211,207414,Current,3380,899.0,26123,Mutual Fund,2023-01-06,2023,1,January
307212,204165,Savings,78818,3522.0,1756,Mutual Fund,2024-09-30,2024,9,September
307213,206137,Current,16970,2334.0,6361,Mutual Fund,2022-09-18,2022,9,September
307214,200522,Savings,61266,486.0,6263,Fixed Deposit,2023-07-12,2023,7,July
307215,209615,Business,72569,864.0,37059,Fixed Deposit,2025-03-20,2025,3,March
307216,209601,Current,96347,4007.0,29843,Recurring Deposit,2023-07-22,2023,7,July
307217,203129,Business,38500,4083.0,14030,Mutual Fund,2022-05-09,2022,5,May
307218,203545,Business,13266,3490.0,35091,Recurring Deposit,2023-05-16,2023,5,May
307219,206996,Current,83865,2925.0,2437,Recurring Deposit,2023-12-23,2023,12,December
307220,202981,Current,29269,3928.0,40536,Fixed Deposit,2022-08-02,2022,8,August
307221,203150,Savings,68340,278.0,14320,Mutual Fund,2024-05-01,2024,5,May
307222,206328,Current,27602,1736.0,33892,Mutual Fund,2023-03-25,2023,3,March
307223,201094,Savings,85254,3254.0,29717,Recurring Deposit,2023-10-19,2023,10,October
307224,201139,Current,17870,3265.0,46956,Fixed Deposit,2024-02-21,2024,2,February
307225,204026,Current,77073,1575.0,6854,Fixed Deposit,2023-07-04,2023,7,July
307226,206466,Current,35373,1618.0,30969,Fixed Deposit,2023-02-19,2023,2,February
307227,208206,Current,85849,929.0,12691,Fixed Deposit,2024-06-13,2024,6,June
307228,206585,Current,23666,1499.0,43197,Mutual Fund,2023-07-03,2023,7,July
307229,201538,Savings,22652,2465.0,14121,Fixed Deposit,2022-12-17,2022,12,December
307230,205177,Current,20097,2819.0,1633,Fixed Deposit,2022-09-11,2022,9,September
307231,206542,Savings,27638,890.0,18905,Recurring Deposit,2023-10-23,2023,10,October
307232,204795,Savings,45439,3638.0,27041,Recurring Deposit,2022-05-18,2022,5,May
307233,207579,Current,89507,814.0,20778,Recurring Deposit,2023-01-28,2023,1,January
307234,209902,Current,92473,1402.0,41878,Recurring Deposit,2022-08-11,2022,8,August
307235,209652,Current,29103,1558.0,35651,Fixed Deposit,2024-02-08,2024,2,February
307236,205011,Savings,70736,1229.0,24370,Recurring Deposit,2024-05-15,2024,5,May
307237,201816,Business,27530,4875.0,17969,Mutual Fund,2022-04-28,2022,4,April
307238,205635,Business,3843,3786.2248827509466,42566,Fixed Deposit,2024-04-08,2024,4,April
307239,206994,Savings,36484,1323.0,15260,Fixed Deposit,2024-05-05,2024,5,May
307240,206203,Current,73499,2161.0,39450,Fixed Deposit,2022-11-15,2022,11,November
307241,204251,Current,13477,3922.0,1428,Recurring Deposit,2023-01-10,2023,1,January
307242,206612,Savings,55839,1875.0,36247,Mutual Fund,2023-08-31,2023,8,August
307243,209891,Current,27881,2905.0,31451,Fixed Deposit,2024-04-10,2024,4,April
307244,202976,Savings,51257,4258.0,18014,Mutual Fund,2024-06-11,2024,6,June
307245,208506,Current,42152,3403.0,2105,Mutual Fund,2023-07-16,2023,7,July
307246,209900,Current,7141,4166.0,42995,Mutual Fund,2023-08-11,2023,8,August
307247,204863,Savings,24099,2416.391365822233,48310,Recurring Deposit,2022-10-29,2022,10,October
307248,206275,Business,56233,515.0,28574,Mutual Fund,2022-08-20,2022,8,August
307249,203753,Business,69972,3977.0,27977,Mutual Fund,2024-05-30,2024,5,May
307250,202458,Business,9589,2527.0,3651,Recurring Deposit,2025-02-04,2025,2,February
307251,200135,Current,80915,4049.0,27046,Recurring Deposit,2022-10-13,2022,10,October
307252,200813,Business,77664,4094.0,38055,Fixed Deposit,2023-02-02,2023,2,February
307253,202008,Business,94627,2360.0,34451,Mutual Fund,2022-05-16,2022,5,May
307254,202073,Business,74108,3824.0,37622,Fixed Deposit,2024-03-03,2024,3,March
307255,206656,Business,44475,2520.0,16739,Fixed Deposit,2023-11-13,2023,11,November
307256,207136,Business,54537,358.97778680807335,16074,Mutual Fund,2024-06-09,2024,6,June
307257,208957,Business,97737,528.0,10616,Recurring Deposit,2022-09-16,2022,9,September
307258,203794,Savings,57757,4321.0,45005,Fixed Deposit,2022-03-27,2022,3,March
307259,206076,Business,99470,4237.0,25138,Recurring Deposit,2023-07-17,2023,7,July
307260,202769,Current,85672,1227.0,20772,Fixed Deposit,2022-05-28,2022,5,May
307261,203673,Savings,54420,4101.0,26331,Mutual Fund,2025-02-20,2025,2,February
307262,208389,Current,5935,2521.0,13501,Fixed Deposit,2024-09-29,2024,9,September
307263,209189,Business,56612,2221.0,33919,Fixed Deposit,2022-08-03,2022,8,August
307264,204032,Business,29987,2814.0,41948,Fixed Deposit,2023-08-20,2023,8,August
307265,201346,Business,77175,179.0,44048,Recurring Deposit,2024-03-15,2024,3,March
307266,201719,Current,82458,1805.0,41538,Mutual Fund,2022-05-31,2022,5,May
307267,208632,Business,46167,893.0,13782,Recurring Deposit,2022-08-28,2022,8,August
307268,208583,Business,46612,2455.0,21840,Mutual Fund,2024-06-06,2024,6,June
307269,209862,Business,2822,2848.113376027048,27764,Mutual Fund,2025-01-07,2025,1,January
307270,209547,Business,18030,4613.0,21446,Fixed Deposit,2023-07-19,2023,7,July
307271,205003,Business,62430,4654.0,3113,Recurring Deposit,2022-04-24,2022,4,April
307272,202255,Business,76140,2328.2274690777786,27458,Recurring Deposit,2024-09-03,2024,9,September
307273,205341,Savings,39081,586.0,35879,Mutual Fund,2023-07-18,2023,7,July
307274,202026,Business,42768,2812.0,7599,Fixed Deposit,2024-12-07,2024,12,December
307275,204339,Savings,74199,4900.0,16499,Fixed Deposit,2023-02-09,2023,2,February
307276,203730,Business,47708,4149.0,9405,Mutual Fund,2023-08-01,2023,8,August
307277,201298,Savings,35371,332.0,30256,Fixed Deposit,2023-01-26,2023,1,January
307278,201612,Current,36593,1416.0,7013,Recurring Deposit,2023-01-14,2023,1,January
307279,200107,Current,23114,3666.0,17995,Fixed Deposit,2023-06-09,2023,6,June
307280,201353,Savings,77608,2800.0,13300,Mutual Fund,2023-05-24,2023,5,May
307281,201646,Business,51150,1711.0,13142,Mutual Fund,2024-06-24,2024,6,June
307282,204220,Current,82154,1197.0,10345,Recurring Deposit,2023-07-29,2023,7,July
307283,201116,Current,84370,4804.0,7688,Fixed Deposit,2024-02-04,2024,2,February
307284,208603,Business,53140,1742.0,16107,Mutual Fund,2025-01-26,2025,1,January
307285,203020,Current,2104,4275.0,42399,Recurring Deposit,2022-09-19,2022,9,September
307286,200236,Savings,15841,2076.327397955226,24113,Recurring Deposit,2023-05-18,2023,5,May
307287,202702,Business,57903,2702.0,11680,Mutual Fund,2022-11-07,2022,11,November
307288,208400,Savings,72709,2380.0,27881,Recurring Deposit,2022-11-20,2022,11,November
307289,207190,Savings,1839,3854.0,23206,Recurring Deposit,2023-05-20,2023,5,May
307290,207594,Business,39137,878.0,36595,Fixed Deposit,2022-09-14,2022,9,September
307291,206051,Current,48057,3916.0,14455,Mutual Fund,2022-04-13,2022,4,April
307292,205054,Savings,99327,3001.0,27683,Mutual Fund,2024-11-12,2024,11,November
307293,203248,Current,56624,3205.0,41162,Fixed Deposit,2024-08-06,2024,8,August
307294,202813,Savings,28987,2125.0,36255,Recurring Deposit,2024-05-27,2024,5,May
307295,202337,Business,25435,1702.0,48944,Mutual Fund,2022-08-27,2022,8,August
307296,205726,Business,57747,860.0,40042,Mutual Fund,2023-02-04,2023,2,February
307297,201951,Business,66420,4144.0,28355,Mutual Fund,2024-07-10,2024,7,July
307298,203801,Current,53498,2926.0,6299,Mutual Fund,2023-09-16,2023,9,September
307299,207888,Savings,9452,4757.0,26103,Recurring Deposit,2024-07-21,2024,7,July
307300,202453,Business,29579,2769.0,39375,Fixed Deposit,2023-07-28,2023,7,July
307301,206562,Savings,69311,4395.0,9914,Fixed Deposit,2023-05-16,2023,5,May
307302,209605,Savings,13788,4041.0,27058,Fixed Deposit,2022-10-26,2022,10,October
307303,208438,Business,7070,1586.0,43157,Recurring Deposit,2025-03-19,2025,3,March
307304,205721,Savings,42523,796.0445890918232,42246,Recurring Deposit,2023-06-04,2023,6,June
307305,202533,Savings,81801,4749.582701732042,19432,Mutual Fund,2024-08-28,2024,8,August
307306,207685,Business,59734,4123.0,47059,Recurring Deposit,2023-04-05,2023,4,April
307307,208978,Savings,59503,4192.0,22942,Fixed Deposit,2022-12-12,2022,12,December
307308,205229,Business,4309,460.0,34309,Fixed Deposit,2022-07-09,2022,7,July
307309,205726,Current,38891,5858.186563434509,12214,Recurring Deposit,2023-07-17,2023,7,July
307310,206742,Savings,40269,502.0,18935,Mutual Fund,2024-10-28,2024,10,October
307311,205132,Business,44719,1684.0,28715,Fixed Deposit,2023-08-29,2023,8,August
307312,200341,Current,22544,1349.0,28735,Recurring Deposit,2024-07-07,2024,7,July
307313,204802,Savings,28119,4784.0,5263,Fixed Deposit,2024-02-08,2024,2,February
307314,206731,Business,73104,212.0,46072,Mutual Fund,2022-06-07,2022,6,June
307315,209374,Savings,72414,4129.0,49117,Fixed Deposit,2022-10-09,2022,10,October
307316,201046,Current,98822,4092.0,46666,Fixed Deposit,2022-05-05,2022,5,May
307317,201020,Savings,37958,4657.0,40287,Recurring Deposit,2024-03-21,2024,3,March
307318,206969,Business,21539,2689.0,36609,Fixed Deposit,2025-02-02,2025,2,February
307319,202242,Savings,67994,4266.0,48906,Fixed Deposit,2022-06-07,2022,6,June
307320,208902,Savings,4879,1373.0,1462,Recurring Deposit,2022-09-01,2022,9,September
307321,201161,Savings,27054,1317.0,47478,Fixed Deposit,2023-11-06,2023,11,November
307322,202557,Current,77484,2033.7232930467344,45276,Recurring Deposit,2022-06-12,2022,6,June
307323,205342,Current,77604,3086.0,17014,Mutual Fund,2022-08-01,2022,8,August
307324,205547,Savings,44846,4630.0,35932,Mutual Fund,2024-01-12,2024,1,January
307325,208005,Current,53799,2337.0,4527,Mutual Fund,2023-11-19,2023,11,November
307326,208918,Current,55709,1887.0,45018,Mutual Fund,2022-12-24,2022,12,December
307327,206359,Business,79185,500.0,39147,Mutual Fund,2025-03-19,2025,3,March
307328,209708,Current,53558,4118.0,44456,Recurring Deposit,2024-10-02,2024,10,October
307329,206466,Current,55448,2815.0,43264,Recurring Deposit,2024-09-26,2024,9,September
307330,205836,Current,46868,696.0,1482,Fixed Deposit,2024-11-22,2024,11,November
307331,206054,Savings,15013,918.0,49263,Fixed Deposit,2025-02-25,2025,2,February
307332,207840,Savings,55240,4707.0,12664,Mutual Fund,2025-03-11,2025,3,March
307333,206858,Current,67611,1082.0,15363,Mutual Fund,2024-02-11,2024,2,February
307334,206556,Business,53254,3841.0,15277,Fixed Deposit,2024-11-02,2024,11,November
307335,207312,Current,99487,669.0,46930,Mutual Fund,2023-09-24,2023,9,September
307336,207341,Business,94330,2745.0,4589,Recurring Deposit,2023-07-19,2023,7,July
307337,203341,Business,42083,4747.0,2846,Recurring Deposit,2023-08-19,2023,8,August
307338,204772,Current,29485,2503.0,27690,Mutual Fund,2023-01-22,2023,1,January
307339,202929,Business,43677,2256.0,38576,Recurring Deposit,2025-01-26,2025,1,January
307340,201642,Business,88651,3591.0,16310,Fixed Deposit,2024-06-26,2024,6,June
307341,209975,Business,33667,4320.0,40975,Recurring Deposit,2022-07-21,2022,7,July
307342,201874,Current,42789,3753.0,14907,Mutual Fund,2024-03-13,2024,3,March
307343,200852,Business,71665,4731.0,10289,Recurring Deposit,2024-08-19,2024,8,August
307344,203100,Current,14474,4961.0,32821,Mutual Fund,2022-10-11,2022,10,October
307345,205339,Savings,53781,4353.0,48990,Mutual Fund,2022-08-12,2022,8,August
307346,209936,Current,50761,784.0,28535,Recurring Deposit,2025-03-10,2025,3,March
307347,207216,Savings,69210,710.0,15350,Mutual Fund,2024-03-17,2024,3,March
307348,202040,Savings,47408,3928.0,1680,Recurring Deposit,2022-08-19,2022,8,August
307349,205121,Current,53186,1365.0,48625,Fixed Deposit,2024-02-26,2024,2,February
307350,208901,Savings,34486,1286.0,17359,Mutual Fund,2023-07-16,2023,7,July
307351,200069,Current,42050,2295.0,15628,Mutual Fund,2025-02-16,2025,2,February
307352,204800,Current,48450,1415.0,13031,Mutual Fund,2024-12-16,2024,12,December
307353,208237,Business,36454,4142.0,25984,Fixed Deposit,2024-03-12,2024,3,March
307354,203134,Savings,66772,3830.0,8604,Recurring Deposit,2024-03-20,2024,3,March
307355,201654,Current,56321,4304.0,35973,Recurring Deposit,2023-03-15,2023,3,March
307356,206881,Current,45688,404.59248298738265,5026,Fixed Deposit,2023-03-03,2023,3,March
307357,208020,Savings,88951,1493.0,21414,Mutual Fund,2022-10-30,2022,10,October
307358,200916,Savings,75210,121.0,16310,Fixed Deposit,2024-11-03,2024,11,November
307359,201050,Savings,10881,1316.0,14179,Recurring Deposit,2023-04-25,2023,4,April
307360,201214,Savings,39199,1890.0,24185,Mutual Fund,2023-10-06,2023,10,October
307361,201814,Current,68805,4934.0,12645,Recurring Deposit,2023-11-20,2023,11,November
307362,203299,Savings,76241,2298.0,40362,Fixed Deposit,2022-12-30,2022,12,December
307363,204963,Current,49721,1787.0,29676,Fixed Deposit,2025-03-11,2025,3,March
307364,204319,Savings,69827,3466.0,14400,Mutual Fund,2025-01-17,2025,1,January
307365,201081,Business,63095,2234.0,3899,Fixed Deposit,2023-08-16,2023,8,August
307366,209004,Savings,30651,4834.0,18448,Fixed Deposit,2023-08-07,2023,8,August
307367,204816,Savings,32645,3346.0,21565,Mutual Fund,2024-02-23,2024,2,February
307368,206797,Current,36144,4586.0,15618,Fixed Deposit,2024-04-16,2024,4,April
307369,206672,Current,53414,3599.0,6387,Mutual Fund,2022-05-07,2022,5,May
307370,209116,Business,47962,812.0,19583,Fixed Deposit,2022-06-30,2022,6,June
307371,204591,Business,24616,4416.0,40065,Fixed Deposit,2024-03-28,2024,3,March
307372,206895,Savings,64733,3597.0,42331,Fixed Deposit,2022-09-12,2022,9,September
307373,205157,Current,69744,4573.0,31049,Fixed Deposit,2023-09-17,2023,9,September
307374,208025,Savings,44987,3755.0,42868,Recurring Deposit,2024-04-02,2024,4,April
307375,203169,Current,54082,505.0,16835,Mutual Fund,2024-03-06,2024,3,March
307376,202105,Current,87182,4379.0,6395,Fixed Deposit,2022-12-11,2022,12,December
307377,201370,Current,13450,3706.0,28825,Mutual Fund,2023-06-02,2023,6,June
307378,200528,Current,24200,3181.0,32861,Mutual Fund,2023-09-13,2023,9,September
307379,208823,Business,12660,3991.0,31327,Recurring Deposit,2024-10-14,2024,10,October
307380,208726,Current,10037,4302.0,10823,Fixed Deposit,2024-08-29,2024,8,August
307381,204577,Business,94620,4507.0,35031,Fixed Deposit,2022-10-04,2022,10,October
307382,202769,Business,83944,237.0,23813,Recurring Deposit,2024-05-18,2024,5,May
307383,208404,Savings,17198,3620.0,1655,Fixed Deposit,2022-08-27,2022,8,August
307384,202195,Savings,69597,3601.0,22167,Recurring Deposit,2023-12-11,2023,12,December
307385,201119,Business,83790,1164.0,24944,Fixed Deposit,2022-09-03,2022,9,September
307386,206403,Business,36059,2856.0,33414,Recurring Deposit,2023-08-09,2023,8,August
307387,204168,Business,1691,2775.0,30674,Recurring Deposit,2024-07-31,2024,7,July
307388,204426,Current,49244,4245.0,8329,Mutual Fund,2024-12-23,2024,12,December
307389,204144,Current,10563,4692.0,43557,Recurring Deposit,2022-07-09,2022,7,July
307390,203293,Business,55445,899.0802385572402,30391,Fixed Deposit,2023-07-03,2023,7,July
307391,207532,Business,43099,4898.0,1599,Fixed Deposit,2024-06-25,2024,6,June
307392,200793,Business,56550,4203.0,14491,Fixed Deposit,2024-03-06,2024,3,March
307393,204600,Savings,38335,1852.0,5919,Recurring Deposit,2023-12-03,2023,12,December
307394,202866,Savings,18998,4900.0,35502,Fixed Deposit,2024-09-23,2024,9,September
307395,200679,Current,77378,1223.0,7955,Recurring Deposit,2023-12-23,2023,12,December
307396,206180,Current,95025,1423.0,1449,Recurring Deposit,2023-03-26,2023,3,March
307397,201202,Savings,5299,4979.0,32358,Recurring Deposit,2024-11-09,2024,11,November
307398,208248,Current,6288,1192.0,28366,Fixed Deposit,2023-04-03,2023,4,April
307399,207912,Current,31876,4629.0,24155,Recurring Deposit,2024-07-19,2024,7,July
307400,208527,Business,15023,2262.0,37631,Fixed Deposit,2022-11-23,2022,11,November
307401,200583,Business,61176,3552.0,29476,Fixed Deposit,2024-04-08,2024,4,April
307402,204098,Savings,67440,4900.0,22757,Mutual Fund,2023-11-07,2023,11,November
307403,203262,Business,83409,2532.0,21875,Recurring Deposit,2022-07-01,2022,7,July
307404,204302,Current,93665,3786.0,40027,Fixed Deposit,2023-09-01,2023,9,September
307405,205230,Business,4854,3030.0,4698,Fixed Deposit,2023-02-07,2023,2,February
307406,207673,Current,5099,764.0,19669,Recurring Deposit,2025-03-03,2025,3,March
307407,202610,Savings,81532,4480.0,18214,Recurring Deposit,2024-09-24,2024,9,September
307408,209098,Business,33687,3878.0,45369,Mutual Fund,2024-01-19,2024,1,January
307409,203205,Savings,1903,4696.0,13322,Fixed Deposit,2024-01-26,2024,1,January
307410,202001,Business,87573,4469.0,21542,Mutual Fund,2024-08-18,2024,8,August
307411,201304,Business,85691,1496.0,33592,Recurring Deposit,2023-09-03,2023,9,September
307412,205345,Business,47726,2613.0,16023,Recurring Deposit,2024-07-13,2024,7,July
307413,205657,Savings,79957,1564.0,41108,Fixed Deposit,2025-03-03,2025,3,March
307414,208121,Business,39085,3933.0,47620,Mutual Fund,2023-03-22,2023,3,March
307415,202639,Current,79216,632.0,48327,Mutual Fund,2022-12-14,2022,12,December
307416,203092,Business,44981,4392.0,44152,Mutual Fund,2025-01-13,2025,1,January
307417,209776,Business,32151,4354.0,12246,Mutual Fund,2025-01-24,2025,1,January
307418,205459,Current,52299,3280.0,35873,Recurring Deposit,2022-07-20,2022,7,July
307419,201595,Savings,68635,3363.0,29052,Recurring Deposit,2024-08-28,2024,8,August
307420,204969,Savings,51178,3966.0,31849,Fixed Deposit,2024-04-14,2024,4,April
307421,208945,Current,61012,3845.0,6382,Recurring Deposit,2022-09-14,2022,9,September
307422,208637,Business,98438,2709.0,22850,Recurring Deposit,2024-09-25,2024,9,September
307423,207698,Current,4134,4578.0,18557,Fixed Deposit,2024-10-01,2024,10,October
307424,204490,Current,20607,3880.0,37867,Recurring Deposit,2024-03-09,2024,3,March
307425,203661,Business,80023,2557.0,39874,Fixed Deposit,2023-08-08,2023,8,August
307426,205475,Current,62539,4535.0,40903,Recurring Deposit,2024-07-30,2024,7,July
307427,200642,Savings,45834,3304.0,15434,Recurring Deposit,2022-08-19,2022,8,August
307428,204309,Savings,35328,495.0,22192,Mutual Fund,2024-02-10,2024,2,February
307429,204223,Savings,93518,624.0,21571,Fixed Deposit,2022-12-19,2022,12,December
307430,208703,Current,49374,4542.0,27101,Mutual Fund,2023-07-12,2023,7,July
307431,201642,Business,97788,3606.0,21105,Mutual Fund,2023-12-11,2023,12,December
307432,201068,Savings,58057,935.0,11609,Mutual Fund,2022-07-07,2022,7,July
307433,204481,Business,56240,3061.0,12927,Mutual Fund,2024-10-05,2024,10,October
307434,203940,Business,39018,4944.0,45344,Mutual Fund,2022-09-05,2022,9,September
307435,205302,Savings,2033,1716.0,35287,Fixed Deposit,2025-02-17,2025,2,February
307436,205906,Current,67254,4394.0,33387,Mutual Fund,2024-10-02,2024,10,October
307437,209623,Savings,88887,4376.0,46392,Fixed Deposit,2023-10-30,2023,10,October
307438,202564,Current,51219,1777.0,33943,Mutual Fund,2023-08-11,2023,8,August
307439,201954,Business,70355,3814.0,48319,Recurring Deposit,2024-04-26,2024,4,April
307440,203090,Savings,6806,1530.0,30753,Recurring Deposit,2024-12-16,2024,12,December
307441,209246,Savings,81950,1793.0,33128,Recurring Deposit,2025-01-09,2025,1,January
307442,201514,Current,1967,360.0,48460,Recurring Deposit,2022-06-24,2022,6,June
307443,207017,Current,40471,702.0,16553,Fixed Deposit,2022-08-08,2022,8,August
307444,201872,Business,84234,3072.0,39695,Mutual Fund,2023-02-22,2023,2,February
307445,208610,Savings,43939,272.0,31255,Fixed Deposit,2022-10-22,2022,10,October
307446,205492,Savings,44853,457.0,19612,Fixed Deposit,2024-09-08,2024,9,September
307447,202684,Savings,74320,2905.0,16245,Fixed Deposit,2024-12-03,2024,12,December
307448,207015,Current,31042,3818.0,37598,Mutual Fund,2022-03-21,2022,3,March
307449,205272,Current,85395,4851.0,7205,Recurring Deposit,2022-11-03,2022,11,November
307450,202773,Savings,77719,2748.0,10251,Recurring Deposit,2025-01-10,2025,1,January
307451,205772,Current,31080,780.0,8956,Fixed Deposit,2022-11-07,2022,11,November
307452,201321,Business,58318,1315.0,33309,Recurring Deposit,2024-02-22,2024,2,February
307453,203214,Savings,68434,2838.0,35247,Recurring Deposit,2024-06-23,2024,6,June
307454,208460,Savings,87365,4728.0,23147,Mutual Fund,2023-06-16,2023,6,June
307455,202378,Business,60682,844.0,26562,Fixed Deposit,2023-11-16,2023,11,November
307456,205291,Savings,21990,1042.0,47546,Fixed Deposit,2024-11-01,2024,11,November
307457,209677,Savings,99185,811.0,15301,Fixed Deposit,2024-09-03,2024,9,September
307458,207091,Savings,19782,3025.0,10434,Fixed Deposit,2024-02-13,2024,2,February
307459,204386,Savings,18931,1769.0,45988,Recurring Deposit,2023-01-18,2023,1,January
307460,209006,Current,81418,1352.0,44645,Recurring Deposit,2023-02-03,2023,2,February
307461,204330,Business,87241,795.0,15116,Recurring Deposit,2025-02-11,2025,2,February
307462,204182,Savings,94823,305.0,5738,Fixed Deposit,2023-07-25,2023,7,July
307463,205452,Current,37191,1734.0,36504,Mutual Fund,2023-06-29,2023,6,June
307464,200709,Savings,85683,1001.0,35587,Recurring Deposit,2024-08-22,2024,8,August
307465,200732,Current,85396,4963.0,30138,Fixed Deposit,2025-02-08,2025,2,February
307466,201824,Current,59139,3220.0,24157,Fixed Deposit,2023-07-07,2023,7,July
307467,207169,Business,50874,2308.0,11966,Fixed Deposit,2024-01-25,2024,1,January
307468,204512,Current,97151,2046.0,38004,Recurring Deposit,2023-09-06,2023,9,September
307469,203642,Savings,49019,1025.0,6369,Fixed Deposit,2022-08-06,2022,8,August
307470,205882,Business,75197,4700.0,19397,Mutual Fund,2024-09-11,2024,9,September
307471,203096,Business,17906,785.0,33424,Recurring Deposit,2022-04-02,2022,4,April
307472,203314,Savings,37123,3453.0,45145,Recurring Deposit,2024-10-25,2024,10,October
307473,207594,Savings,91092,767.0,33365,Fixed Deposit,2024-05-21,2024,5,May
307474,208643,Business,1743,2508.0,5010,Recurring Deposit,2023-12-08,2023,12,December
307475,201101,Current,33787,771.0,16665,Fixed Deposit,2022-10-05,2022,10,October
307476,202768,Business,9132,3373.0,26390,Fixed Deposit,2023-06-20,2023,6,June
307477,202152,Business,96986,1135.0,9336,Fixed Deposit,2022-06-25,2022,6,June
307478,202441,Savings,74662,351.0,16388,Recurring Deposit,2023-10-15,2023,10,October
307479,201138,Savings,16731,474.0,48159,Fixed Deposit,2024-07-20,2024,7,July
307480,209877,Savings,8481,4181.0,35023,Mutual Fund,2022-06-11,2022,6,June
307481,208789,Business,46863,3150.0,45083,Fixed Deposit,2022-03-22,2022,3,March
307482,204143,Business,64238,1209.0,15255,Fixed Deposit,2025-03-17,2025,3,March
307483,205694,Savings,16189,1779.0,4957,Recurring Deposit,2024-08-06,2024,8,August
307484,208982,Business,47847,1890.0,15849,Fixed Deposit,2023-09-30,2023,9,September
307485,202273,Savings,12240,2101.0,33032,Recurring Deposit,2022-09-07,2022,9,September
307486,203151,Business,11315,682.0,16084,Recurring Deposit,2023-06-02,2023,6,June
307487,209115,Current,22852,4887.0,21022,Recurring Deposit,2022-05-08,2022,5,May
307488,209421,Savings,19069,4295.0,21002,Mutual Fund,2023-03-21,2023,3,March
307489,204723,Current,53497,997.0,11014,Mutual Fund,2024-01-20,2024,1,January
307490,209192,Savings,6560,1359.0,36998,Mutual Fund,2025-03-15,2025,3,March
307491,207566,Savings,71741,3009.0,30721,Mutual Fund,2024-09-22,2024,9,September
307492,209432,Business,56841,1279.0,1747,Recurring Deposit,2023-11-23,2023,11,November
307493,208647,Savings,68016,2337.0,28359,Mutual Fund,2024-11-16,2024,11,November
307494,204094,Current,95537,1792.0,49432,Recurring Deposit,2023-07-28,2023,7,July
307495,201766,Current,41549,2649.0,2339,Mutual Fund,2023-11-05,2023,11,November
307496,209714,Business,31216,477.0,25816,Mutual Fund,2023-12-11,2023,12,December
307497,208106,Savings,42181,2628.4254882016844,10009,Mutual Fund,2023-11-03,2023,11,November
307498,209522,Savings,82105,4044.0,42081,Fixed Deposit,2024-01-26,2024,1,January
307499,202809,Business,59803,636.0,8867,Fixed Deposit,2024-07-14,2024,7,July
307500,209312,Savings,59367,4666.0,12650,Fixed Deposit,2023-02-12,2023,2,February
307501,208843,Savings,81409,3164.0,29307,Recurring Deposit,2025-01-13,2025,1,January
307502,205212,Current,95354,4909.0,35676,Mutual Fund,2022-12-15,2022,12,December
307503,204747,Current,5163,858.0,46057,Fixed Deposit,2024-03-27,2024,3,March
307504,209244,Current,21505,2776.0,26830,Recurring Deposit,2022-10-23,2022,10,October
307505,209064,Current,50474,580.0,22495,Fixed Deposit,2023-01-07,2023,1,January
307506,209276,Savings,58332,2387.0,1574,Recurring Deposit,2024-07-30,2024,7,July
307507,206803,Savings,85596,1569.0,22868,Recurring Deposit,2023-11-08,2023,11,November
307508,204065,Current,98379,3290.0,2228,Fixed Deposit,2023-10-01,2023,10,October
307509,205933,Savings,82673,460.0,8132,Recurring Deposit,2023-12-29,2023,12,December
307510,202806,Business,71124,1768.0,19878,Fixed Deposit,2022-11-15,2022,11,November
307511,209885,Business,54241,4263.0,1306,Mutual Fund,2023-06-12,2023,6,June
307512,205298,Savings,37547,520.0,27693,Mutual Fund,2025-01-24,2025,1,January
307513,201472,Savings,24189,225.0,22767,Recurring Deposit,2022-10-02,2022,10,October
307514,203739,Current,44997,2876.0,6045,Fixed Deposit,2022-10-15,2022,10,October
307515,203378,Current,90557,4977.0,11313,Mutual Fund,2022-04-08,2022,4,April
307516,205115,Business,90908,4670.0,37023,Recurring Deposit,2022-07-10,2022,7,July
307517,209479,Savings,11268,3362.0,22501,Mutual Fund,2024-12-22,2024,12,December
307518,209766,Savings,76658,2603.0,25427,Fixed Deposit,2022-04-14,2022,4,April
307519,209403,Current,34918,2433.0,21927,Recurring Deposit,2022-10-30,2022,10,October
307520,201618,Savings,47031,579.0,39646,Recurring Deposit,2024-04-15,2024,4,April
307521,208847,Current,82596,344.0,23208,Recurring Deposit,2025-01-06,2025,1,January
307522,200394,Current,21279,4878.0,28843,Recurring Deposit,2024-01-28,2024,1,January
307523,200471,Savings,82016,2328.0,4458,Recurring Deposit,2022-10-17,2022,10,October
307524,209909,Current,2259,1325.0,42047,Mutual Fund,2022-07-30,2022,7,July
307525,207179,Business,98080,4138.0,41246,Recurring Deposit,2022-10-20,2022,10,October
307526,203363,Current,27501,3158.0,26343,Mutual Fund,2024-12-12,2024,12,December
307527,204152,Business,32780,603.0,11138,Mutual Fund,2023-12-27,2023,12,December
307528,208655,Savings,37108,1213.0,37154,Recurring Deposit,2024-02-27,2024,2,February
307529,209153,Savings,26824,2567.0,19899,Recurring Deposit,2025-03-05,2025,3,March
307530,200601,Savings,47578,1879.0,28174,Fixed Deposit,2024-10-14,2024,10,October
307531,204611,Savings,2479,738.0,6995,Fixed Deposit,2024-01-11,2024,1,January
307532,202780,Savings,64968,2430.0,22429,Fixed Deposit,2024-11-13,2024,11,November
307533,206799,Current,16039,540.0,19738,Mutual Fund,2022-12-25,2022,12,December
307534,200021,Savings,90003,1791.0,16901,Fixed Deposit,2024-02-24,2024,2,February
307535,207274,Savings,37327,4305.0,14510,Mutual Fund,2024-05-20,2024,5,May
307536,202473,Savings,30165,4698.0,24834,Mutual Fund,2024-01-08,2024,1,January
307537,207406,Business,45902,1935.0,2955,Mutual Fund,2024-07-25,2024,7,July
307538,208230,Current,4729,2574.0,31453,Recurring Deposit,2024-02-18,2024,2,February
307539,203828,Savings,18525,4762.0,5969,Mutual Fund,2023-11-08,2023,11,November
307540,207829,Savings,25479,1118.0,49311,Fixed Deposit,2023-09-23,2023,9,September
307541,208221,Current,53460,1153.104339898431,30078,Fixed Deposit,2023-03-06,2023,3,March
307542,207581,Business,59453,4300.0,15833,Fixed Deposit,2023-01-03,2023,1,January
307543,202208,Savings,15257,3812.0,26806,Fixed Deposit,2024-01-09,2024,1,January
307544,200615,Business,34338,4717.0,13217,Mutual Fund,2024-10-15,2024,10,October
307545,205789,Current,56038,3726.0,2579,Fixed Deposit,2022-04-01,2022,4,April
307546,206041,Savings,48362,613.0,46300,Mutual Fund,2024-09-03,2024,9,September
307547,202181,Current,47175,3226.0,13888,Recurring Deposit,2024-05-02,2024,5,May
307548,202613,Savings,99760,4736.0,11575,Fixed Deposit,2023-03-23,2023,3,March
307549,204023,Savings,65728,2408.0,32226,Mutual Fund,2024-05-08,2024,5,May
307550,209858,Savings,78508,1499.0,3143,Mutual Fund,2023-05-13,2023,5,May
307551,207992,Savings,97445,2085.0,40961,Mutual Fund,2023-12-19,2023,12,December
307552,200079,Current,45730,650.0,8236,Fixed Deposit,2024-07-16,2024,7,July
307553,207130,Savings,93510,1274.0,35313,Fixed Deposit,2024-09-01,2024,9,September
307554,205239,Business,36988,834.0,4146,Fixed Deposit,2023-10-12,2023,10,October
307555,201157,Savings,30095,2399.0,24904,Mutual Fund,2022-05-11,2022,5,May
307556,209932,Current,23578,1024.0,26563,Mutual Fund,2022-05-18,2022,5,May
307557,200446,Business,90172,3112.0,21815,Recurring Deposit,2024-08-19,2024,8,August
307558,209243,Savings,47280,2903.0,23955,Mutual Fund,2024-04-09,2024,4,April
307559,205420,Current,87952,1263.0,23529,Mutual Fund,2025-03-19,2025,3,March
307560,209785,Current,46547,733.0,44676,Recurring Deposit,2023-10-14,2023,10,October
307561,200978,Savings,39858,4347.0,30291,Fixed Deposit,2022-09-12,2022,9,September
307562,200028,Business,74939,1928.0,1897,Mutual Fund,2024-09-07,2024,9,September
307563,202424,Current,72153,775.0,15922,Recurring Deposit,2024-04-07,2024,4,April
307564,201973,Current,9575,1438.0,45450,Mutual Fund,2025-02-25,2025,2,February
307565,200032,Business,86414,1873.0,1863,Recurring Deposit,2022-07-23,2022,7,July
307566,207621,Savings,54600,1896.0,12118,Fixed Deposit,2022-10-27,2022,10,October
307567,205055,Savings,97447,1599.0,1959,Mutual Fund,2024-06-15,2024,6,June
307568,208811,Savings,90344,2549.0,10348,Recurring Deposit,2023-05-29,2023,5,May
307569,202947,Savings,91125,1849.0,9154,Fixed Deposit,2024-03-12,2024,3,March
307570,207668,Business,38804,1832.3735030396504,27827,Recurring Deposit,2024-06-01,2024,6,June
307571,209487,Current,16764,184.0,20335,Recurring Deposit,2022-07-20,2022,7,July
307572,202548,Savings,44856,5575.050933493362,44132,Mutual Fund,2024-06-11,2024,6,June
307573,209090,Current,82469,2362.0,14954,Fixed Deposit,2024-10-23,2024,10,October
307574,204798,Current,23060,1315.0,2247,Mutual Fund,2022-08-05,2022,8,August
307575,203664,Business,6502,1791.0,5885,Fixed Deposit,2023-04-05,2023,4,April
307576,201941,Current,86360,3764.0,40230,Mutual Fund,2024-03-23,2024,3,March
307577,203217,Savings,71478,4534.0,28931,Fixed Deposit,2024-11-24,2024,11,November
307578,206712,Current,40809,2160.0,22721,Recurring Deposit,2025-01-15,2025,1,January
307579,206427,Savings,96116,4688.0,40468,Fixed Deposit,2025-01-22,2025,1,January
307580,205014,Savings,80091,4752.0,31612,Recurring Deposit,2022-07-20,2022,7,July
307581,206279,Savings,15236,2949.0,7858,Recurring Deposit,2025-02-15,2025,2,February
307582,203243,Current,96387,3865.0,30802,Mutual Fund,2024-11-29,2024,11,November
307583,204984,Business,80623,3214.0,18670,Fixed Deposit,2024-07-05,2024,7,July
307584,209774,Current,60810,3616.0,10957,Mutual Fund,2024-09-06,2024,9,September
307585,207177,Business,62207,3046.0,28464,Fixed Deposit,2023-07-19,2023,7,July
307586,202344,Business,98286,2494.0,30998,Fixed Deposit,2024-10-28,2024,10,October
307587,202754,Business,80387,3575.0,43287,Mutual Fund,2022-06-10,2022,6,June
307588,204094,Current,42941,4313.0,11081,Fixed Deposit,2023-09-05,2023,9,September
307589,200329,Business,76865,2402.0,37218,Mutual Fund,2024-06-29,2024,6,June
307590,206591,Business,51896,504.0,27922,Recurring Deposit,2022-04-06,2022,4,April
307591,208206,Business,23245,4241.0,27649,Recurring Deposit,2024-03-18,2024,3,March
307592,202263,Savings,56813,2648.0,35629,Fixed Deposit,2024-02-24,2024,2,February
307593,209916,Business,21345,4692.0,37604,Mutual Fund,2024-05-25,2024,5,May
307594,205372,Savings,15711,2011.0,23777,Fixed Deposit,2024-03-18,2024,3,March
307595,204425,Business,22770,4317.0,21388,Recurring Deposit,2024-08-28,2024,8,August
307596,202611,Current,22541,997.0,49760,Fixed Deposit,2023-08-17,2023,8,August
307597,205549,Savings,21929,4906.0,5145,Recurring Deposit,2024-01-04,2024,1,January
307598,201082,Business,76198,3373.0,24851,Recurring Deposit,2023-09-20,2023,9,September
307599,206319,Current,8199,5514.043685633499,28774,Recurring Deposit,2023-06-21,2023,6,June
307600,203889,Savings,84737,1124.0,27486,Mutual Fund,2023-06-13,2023,6,June
307601,203419,Current,12486,691.0,42250,Mutual Fund,2022-12-06,2022,12,December
307602,204456,Business,81671,4051.0,35115,Recurring Deposit,2022-05-14,2022,5,May
307603,201789,Business,82058,4896.0,28057,Recurring Deposit,2025-03-04,2025,3,March
307604,207233,Business,5102,3511.0,19119,Recurring Deposit,2024-10-04,2024,10,October
307605,206056,Business,8380,2124.0,35369,Recurring Deposit,2023-07-06,2023,7,July
307606,202617,Savings,6039,3298.0,23027,Mutual Fund,2024-08-12,2024,8,August
307607,208830,Savings,7223,2274.0,34906,Mutual Fund,2023-04-29,2023,4,April
307608,202563,Savings,17720,3301.0,13487,Mutual Fund,2022-06-24,2022,6,June
307609,202480,Business,91464,2861.0,30946,Mutual Fund,2024-11-22,2024,11,November
307610,205151,Business,56249,3262.0,13456,Fixed Deposit,2024-03-25,2024,3,March
307611,205806,Current,42318,1499.0,45628,Fixed Deposit,2024-09-04,2024,9,September
307612,201597,Current,63934,120.0,23238,Mutual Fund,2022-12-08,2022,12,December
307613,202273,Savings,16682,3226.0,20603,Fixed Deposit,2024-08-26,2024,8,August
307614,206287,Business,18570,1011.0,49878,Recurring Deposit,2022-06-09,2022,6,June
307615,209667,Business,84666,1160.0,15418,Fixed Deposit,2025-01-03,2025,1,January
307616,206161,Current,40671,4112.0,8342,Mutual Fund,2023-06-17,2023,6,June
307617,202779,Savings,79413,1418.0,11461,Mutual Fund,2024-11-14,2024,11,November
307618,206889,Business,84202,780.0,33840,Recurring Deposit,2022-05-02,2022,5,May
307619,205509,Current,94701,4756.0,45689,Mutual Fund,2023-06-09,2023,6,June
307620,200746,Savings,48523,4148.0,34391,Mutual Fund,2024-04-12,2024,4,April
307621,202409,Savings,29803,861.2210511507627,25763,Mutual Fund,2022-07-27,2022,7,July
307622,206078,Savings,68081,4605.0,29142,Mutual Fund,2022-10-04,2022,10,October
307623,204944,Current,30407,3272.0,19611,Mutual Fund,2024-05-14,2024,5,May
307624,206243,Business,64486,2953.0,49946,Mutual Fund,2022-07-18,2022,7,July
307625,204351,Current,74198,1545.0,45782,Fixed Deposit,2023-05-26,2023,5,May
307626,205434,Business,66392,3980.0,23340,Mutual Fund,2023-04-16,2023,4,April
307627,209054,Business,15323,4832.0,20011,Recurring Deposit,2022-10-12,2022,10,October
307628,200161,Business,52248,1229.0,39577,Fixed Deposit,2024-11-01,2024,11,November
307629,204012,Savings,85906,852.0,49109,Mutual Fund,2023-05-31,2023,5,May
307630,205760,Business,68577,1958.0,29218,Fixed Deposit,2023-05-22,2023,5,May
307631,207932,Savings,63829,1708.0,35334,Mutual Fund,2023-04-24,2023,4,April
307632,203214,Current,22878,3492.0,36488,Mutual Fund,2022-04-12,2022,4,April
307633,206366,Business,62098,3099.0,8920,Fixed Deposit,2022-09-10,2022,9,September
307634,206450,Current,61149,1526.0,11048,Fixed Deposit,2024-10-14,2024,10,October
307635,209825,Current,70989,113.0,10234,Recurring Deposit,2022-12-17,2022,12,December
307636,200570,Business,89239,4683.0,41334,Fixed Deposit,2024-09-25,2024,9,September
307637,206288,Business,82113,4309.0,40233,Mutual Fund,2022-11-10,2022,11,November
307638,203895,Savings,65157,1887.0,49963,Mutual Fund,2025-01-07,2025,1,January
307639,206800,Business,1810,3401.0,46927,Recurring Deposit,2024-02-12,2024,2,February
307640,208977,Savings,40582,3849.0,17315,Fixed Deposit,2023-10-16,2023,10,October
307641,200822,Savings,12557,2702.0,13458,Fixed Deposit,2022-12-18,2022,12,December
307642,206626,Business,99251,865.0,6684,Recurring Deposit,2023-04-30,2023,4,April
307643,209774,Business,89722,493.0,27437,Fixed Deposit,2025-03-13,2025,3,March
307644,208624,Business,52862,3516.0,25062,Fixed Deposit,2023-03-22,2023,3,March
307645,207062,Savings,53397,4832.0,21374,Fixed Deposit,2024-04-12,2024,4,April
307646,204372,Savings,60176,3705.0,18640,Fixed Deposit,2022-12-26,2022,12,December
307647,203740,Savings,12465,4299.0,30104,Mutual Fund,2024-06-17,2024,6,June
307648,202733,Savings,57720,2653.0,20726,Fixed Deposit,2022-05-11,2022,5,May
307649,206243,Savings,43419,1680.0,47700,Recurring Deposit,2023-09-04,2023,9,September
307650,205172,Business,66431,4681.0,35734,Recurring Deposit,2022-07-30,2022,7,July
307651,208838,Savings,86478,1837.0,45145,Recurring Deposit,2022-11-01,2022,11,November
307652,209501,Business,19333,4469.0,47288,Fixed Deposit,2024-10-01,2024,10,October
307653,201884,Savings,29537,2658.0,26608,Mutual Fund,2022-11-15,2022,11,November
307654,204672,Savings,80734,1106.0,7849,Recurring Deposit,2024-04-29,2024,4,April
307655,205140,Business,48630,110.0,22297,Recurring Deposit,2023-12-22,2023,12,December
307656,207467,Current,47595,4990.0,49564,Mutual Fund,2023-11-06,2023,11,November
307657,206502,Current,4831,4639.0,6468,Recurring Deposit,2023-03-25,2023,3,March
307658,207927,Savings,77011,2567.0,44378,Fixed Deposit,2025-01-10,2025,1,January
307659,208334,Business,16923,4124.0,46919,Recurring Deposit,2024-02-02,2024,2,February
307660,204705,Current,10417,1642.0,1759,Fixed Deposit,2024-12-05,2024,12,December
307661,207169,Current,12821,4291.0,17640,Mutual Fund,2022-12-05,2022,12,December
307662,200642,Business,27170,1723.0,2629,Mutual Fund,2023-02-11,2023,2,February
307663,207855,Current,34965,3473.0,28388,Recurring Deposit,2024-09-03,2024,9,September
307664,202499,Savings,22023,2456.673025151737,8385,Fixed Deposit,2023-09-08,2023,9,September
307665,204142,Savings,32892,4731.0,33849,Mutual Fund,2022-06-13,2022,6,June
307666,208618,Savings,26884,153.0,35551,Recurring Deposit,2024-12-12,2024,12,December
307667,200867,Current,62048,2840.0,13712,Recurring Deposit,2023-05-05,2023,5,May
307668,201562,Business,82670,1691.0,23899,Recurring Deposit,2022-09-17,2022,9,September
307669,202947,Business,13252,1357.0,28951,Mutual Fund,2022-06-10,2022,6,June
307670,202739,Savings,26342,3931.0,23994,Fixed Deposit,2022-12-06,2022,12,December
307671,205036,Savings,68061,297.0,6986,Fixed Deposit,2024-03-10,2024,3,March
307672,206631,Savings,54937,4455.0,23087,Fixed Deposit,2023-11-30,2023,11,November
307673,209778,Savings,67470,4374.0,3035,Recurring Deposit,2024-03-29,2024,3,March
307674,204767,Current,34488,2378.0,6104,Fixed Deposit,2023-07-02,2023,7,July
307675,200528,Savings,93001,1918.0,42818,Mutual Fund,2024-03-29,2024,3,March
307676,203350,Current,57003,2898.0,29516,Recurring Deposit,2024-06-25,2024,6,June
307677,209611,Savings,7056,4764.0,42129,Mutual Fund,2023-03-18,2023,3,March
307678,204661,Business,65583,4648.0,40815,Mutual Fund,2023-10-31,2023,10,October
307679,208716,Current,97281,4254.0,22611,Mutual Fund,2025-02-14,2025,2,February
307680,209155,Business,44096,3468.0,14423,Fixed Deposit,2023-11-16,2023,11,November
307681,206901,Business,72139,1284.0,1223,Recurring Deposit,2024-03-27,2024,3,March
307682,208641,Business,48050,784.0,11962,Recurring Deposit,2023-05-02,2023,5,May
307683,208974,Savings,99114,966.0,26059,Mutual Fund,2022-11-01,2022,11,November
307684,201763,Business,85011,2683.368852225128,33379,Recurring Deposit,2024-06-22,2024,6,June
307685,209416,Business,54607,3578.0,10993,Recurring Deposit,2024-01-25,2024,1,January
307686,206807,Business,2087,1297.0,27559,Fixed Deposit,2022-04-08,2022,4,April
307687,200496,Current,62403,4066.0,9099,Recurring Deposit,2023-06-12,2023,6,June
307688,202886,Savings,49038,1411.0,19690,Mutual Fund,2024-02-16,2024,2,February
307689,208399,Business,23199,1687.0,44861,Recurring Deposit,2023-11-04,2023,11,November
307690,205584,Savings,98752,984.0,29658,Mutual Fund,2025-02-07,2025,2,February
307691,201501,Current,27197,3204.0,18373,Recurring Deposit,2023-07-24,2023,7,July
307692,206197,Savings,51060,4648.0,46722,Mutual Fund,2024-06-21,2024,6,June
307693,201779,Business,13163,3100.0,13865,Mutual Fund,2025-02-13,2025,2,February
307694,209605,Savings,19715,3334.0,4015,Recurring Deposit,2022-05-23,2022,5,May
307695,209080,Savings,65258,1869.0,8594,Mutual Fund,2022-08-19,2022,8,August
307696,206358,Savings,41636,4428.0,26750,Fixed Deposit,2024-06-23,2024,6,June
307697,202501,Savings,98786,210.0,12814,Fixed Deposit,2024-12-05,2024,12,December
307698,204506,Savings,57965,2633.0,45453,Mutual Fund,2023-09-21,2023,9,September
307699,209932,Current,55575,825.0,16720,Mutual Fund,2024-01-20,2024,1,January
307700,203964,Business,80582,438.4034141160899,8587,Mutual Fund,2024-10-24,2024,10,October
307701,204027,Savings,86559,3147.0,15989,Recurring Deposit,2024-12-27,2024,12,December
307702,204204,Savings,14852,3943.0,31068,Fixed Deposit,2023-05-18,2023,5,May
307703,200026,Business,72367,2469.0,31079,Recurring Deposit,2023-08-23,2023,8,August
307704,201439,Business,18226,1473.0,28486,Recurring Deposit,2023-05-14,2023,5,May
307705,201005,Business,86448,1306.0951280244058,23456,Fixed Deposit,2023-05-09,2023,5,May
307706,209504,Business,37126,758.0,20630,Recurring Deposit,2022-08-20,2022,8,August
307707,201011,Savings,83752,3304.0,29210,Recurring Deposit,2023-04-21,2023,4,April
307708,209868,Business,25646,1597.0,40570,Fixed Deposit,2024-12-31,2024,12,December
307709,206493,Current,15153,2026.0,6405,Mutual Fund,2024-09-13,2024,9,September
307710,206005,Savings,72816,2993.0,6195,Recurring Deposit,2023-11-18,2023,11,November
307711,206789,Current,84006,3330.0,49703,Recurring Deposit,2024-03-06,2024,3,March
307712,208521,Business,9780,516.0,48931,Recurring Deposit,2025-02-02,2025,2,February
307713,206051,Current,20226,3723.0,10257,Fixed Deposit,2023-03-31,2023,3,March
307714,204017,Savings,5625,3156.0,5517,Mutual Fund,2025-01-27,2025,1,January
307715,203004,Savings,28535,3298.0,37063,Mutual Fund,2024-09-20,2024,9,September
307716,206226,Savings,11115,489.0,41497,Recurring Deposit,2023-01-17,2023,1,January
307717,204362,Savings,44997,2955.0,33530,Recurring Deposit,2024-06-05,2024,6,June
307718,203457,Current,43661,3342.0,15909,Recurring Deposit,2023-08-27,2023,8,August
307719,205176,Savings,22651,977.0,9004,Fixed Deposit,2025-02-05,2025,2,February
307720,206942,Savings,69520,3117.0,34086,Recurring Deposit,2025-02-25,2025,2,February
307721,202234,Savings,29187,3668.0,38934,Recurring Deposit,2022-12-25,2022,12,December
307722,207504,Business,22312,623.0,25961,Fixed Deposit,2023-07-20,2023,7,July
307723,201870,Current,14673,2919.0,24167,Mutual Fund,2024-07-18,2024,7,July
307724,205606,Business,67292,1238.0,37570,Mutual Fund,2022-04-06,2022,4,April
307725,209736,Savings,68520,2974.0,18409,Recurring Deposit,2025-01-29,2025,1,January
307726,206256,Business,45649,208.7091148247372,7948,Mutual Fund,2022-04-03,2022,4,April
307727,206132,Savings,75760,1896.0,29836,Fixed Deposit,2022-07-04,2022,7,July
307728,203413,Business,70333,480.0,3488,Fixed Deposit,2022-04-08,2022,4,April
307729,207937,Savings,98597,4500.597576874791,46205,Fixed Deposit,2023-12-19,2023,12,December
307730,207630,Savings,60336,2001.0,11081,Fixed Deposit,2022-08-19,2022,8,August
307731,203781,Savings,96556,3704.332779811822,2087,Fixed Deposit,2024-06-13,2024,6,June
307732,200918,Business,15721,2054.0,32654,Mutual Fund,2022-08-29,2022,8,August
307733,203701,Savings,44213,1323.0,17982,Mutual Fund,2025-02-17,2025,2,February
307734,208347,Business,35507,3738.0,44593,Mutual Fund,2024-02-11,2024,2,February
307735,201598,Savings,22532,1662.17813273227,42877,Mutual Fund,2023-09-18,2023,9,September
307736,209872,Current,75959,4714.0,43766,Recurring Deposit,2023-02-24,2023,2,February
307737,201046,Savings,71959,114.0,24996,Recurring Deposit,2023-06-04,2023,6,June
307738,203947,Current,26160,689.0,14243,Fixed Deposit,2023-04-16,2023,4,April
307739,204882,Savings,13082,4352.0,24996,Recurring Deposit,2023-01-14,2023,1,January
307740,203482,Savings,13063,1749.0,31141,Recurring Deposit,2022-05-12,2022,5,May
307741,207941,Savings,99164,2845.0,14351,Mutual Fund,2022-04-26,2022,4,April
307742,200227,Savings,43356,1450.0,8843,Recurring Deposit,2024-11-07,2024,11,November
307743,205882,Savings,36219,3127.0,37202,Fixed Deposit,2022-08-10,2022,8,August
307744,203152,Business,62947,410.0,14990,Recurring Deposit,2022-06-17,2022,6,June
307745,202635,Business,86620,3597.0,8695,Mutual Fund,2024-09-28,2024,9,September
307746,203352,Business,60634,2599.0,25694,Recurring Deposit,2025-01-04,2025,1,January
307747,206774,Current,48337,1648.0,42762,Recurring Deposit,2023-02-20,2023,2,February
307748,202811,Savings,74130,4360.0,27615,Recurring Deposit,2024-10-07,2024,10,October
307749,208365,Savings,40379,1259.0,1927,Recurring Deposit,2024-12-06,2024,12,December
307750,207526,Savings,69303,1726.0,37915,Mutual Fund,2022-09-26,2022,9,September
307751,201398,Current,92979,2284.0,19222,Mutual Fund,2022-09-23,2022,9,September
307752,207222,Current,57912,3121.0,14527,Fixed Deposit,2022-08-02,2022,8,August
307753,207831,Current,24649,2784.0,39804,Fixed Deposit,2024-10-15,2024,10,October
307754,203402,Current,48514,3615.0,24272,Mutual Fund,2022-10-08,2022,10,October
307755,203735,Business,46435,1838.0,6970,Fixed Deposit,2023-10-26,2023,10,October
307756,202434,Current,90769,316.0,17543,Mutual Fund,2025-01-03,2025,1,January
307757,203219,Current,77904,3258.0,13723,Fixed Deposit,2024-12-21,2024,12,December
307758,201147,Current,80426,1005.0,21817,Fixed Deposit,2024-08-16,2024,8,August
307759,204835,Current,80848,4138.0,9458,Recurring Deposit,2023-01-02,2023,1,January
307760,209669,Business,8644,944.0,31080,Mutual Fund,2022-09-09,2022,9,September
307761,200705,Savings,81635,3065.0,3983,Fixed Deposit,2025-03-05,2025,3,March
307762,206222,Current,83002,1099.0,30126,Fixed Deposit,2023-01-01,2023,1,January
307763,202596,Business,83452,2644.0,5469,Recurring Deposit,2023-04-18,2023,4,April
307764,203528,Business,6835,795.0,37816,Fixed Deposit,2023-06-21,2023,6,June
307765,203832,Business,50131,1297.0,18712,Fixed Deposit,2024-03-15,2024,3,March
307766,204807,Savings,26046,1525.0,30323,Fixed Deposit,2025-01-10,2025,1,January
307767,208792,Current,92803,4780.0,24232,Fixed Deposit,2022-07-16,2022,7,July
307768,206369,Savings,7846,1977.0,31146,Fixed Deposit,2024-12-07,2024,12,December
307769,202382,Business,77735,416.0,15446,Recurring Deposit,2024-02-23,2024,2,February
307770,208313,Savings,81694,2643.0,17221,Fixed Deposit,2023-05-24,2023,5,May
307771,200475,Business,78323,1559.0,33327,Fixed Deposit,2024-01-13,2024,1,January
307772,208428,Business,29545,2479.0,31736,Fixed Deposit,2025-02-28,2025,2,February
307773,202826,Current,40866,2379.0,2157,Mutual Fund,2025-01-21,2025,1,January
307774,203913,Business,52997,3700.0,36387,Mutual Fund,2023-08-05,2023,8,August
307775,209859,Savings,88307,1147.570651018298,2335,Fixed Deposit,2023-04-24,2023,4,April
307776,208573,Savings,92878,539.0,28156,Recurring Deposit,2022-11-27,2022,11,November
307777,207571,Business,29537,4016.0,28466,Fixed Deposit,2022-07-13,2022,7,July
307778,204484,Current,7392,2772.0,37734,Mutual Fund,2023-05-25,2023,5,May
307779,201470,Savings,77157,1268.730500056124,31527,Mutual Fund,2022-06-25,2022,6,June
307780,203264,Current,92473,1441.0,49751,Recurring Deposit,2023-11-05,2023,11,November
307781,203724,Current,3693,3189.0,27718,Fixed Deposit,2023-11-14,2023,11,November
307782,202510,Current,80623,1857.0,23485,Mutual Fund,2023-08-19,2023,8,August
307783,208776,Current,28790,2015.0,22689,Mutual Fund,2022-06-22,2022,6,June
307784,200514,Business,73198,2714.0,3096,Recurring Deposit,2023-04-26,2023,4,April
307785,203467,Business,80068,3533.0,28856,Mutual Fund,2023-05-06,2023,5,May
307786,200209,Business,15393,4574.0,11465,Mutual Fund,2022-12-22,2022,12,December
307787,206967,Current,90532,3597.0,21234,Recurring Deposit,2024-02-03,2024,2,February
307788,204153,Savings,91335,1608.0,18797,Recurring Deposit,2022-07-06,2022,7,July
307789,209944,Savings,44659,3953.0,6050,Recurring Deposit,2024-04-22,2024,4,April
307790,203840,Business,51287,4461.0,7066,Mutual Fund,2023-01-26,2023,1,January
307791,204039,Savings,20992,3039.0,47256,Mutual Fund,2024-10-24,2024,10,October
307792,205232,Business,39546,3944.0,13400,Fixed Deposit,2023-11-20,2023,11,November
307793,204166,Current,42769,1349.9198646578182,27358,Fixed Deposit,2022-12-23,2022,12,December
307794,209698,Business,85214,3651.0,42080,Fixed Deposit,2024-12-17,2024,12,December
307795,201068,Savings,17907,264.0,30614,Recurring Deposit,2024-04-23,2024,4,April
307796,203856,Business,98250,2308.0,4884,Mutual Fund,2022-09-05,2022,9,September
307797,201765,Business,24328,3780.0,8216,Mutual Fund,2022-10-30,2022,10,October
307798,206685,Savings,17803,4381.0,45199,Fixed Deposit,2024-07-07,2024,7,July
307799,209419,Business,66667,1286.0,20207,Recurring Deposit,2024-01-19,2024,1,January
307800,204571,Business,62922,1628.0,13781,Mutual Fund,2023-02-23,2023,2,February
307801,207407,Savings,90521,3226.0,17153,Fixed Deposit,2024-10-29,2024,10,October
307802,200571,Business,7261,2637.0,1755,Recurring Deposit,2024-12-14,2024,12,December
307803,207621,Current,46425,236.0,2419,Mutual Fund,2022-09-02,2022,9,September
307804,203225,Business,21999,3118.0,9800,Fixed Deposit,2024-02-04,2024,2,February
307805,209765,Savings,71278,784.0,27092,Recurring Deposit,2023-04-27,2023,4,April
307806,204561,Current,70479,2558.0,35166,Fixed Deposit,2022-08-28,2022,8,August
307807,200224,Current,80256,3075.0,46903,Fixed Deposit,2022-05-14,2022,5,May
307808,208749,Savings,97846,1548.0,13376,Mutual Fund,2022-07-12,2022,7,July
307809,205673,Savings,72313,3832.0,46431,Fixed Deposit,2022-07-08,2022,7,July
307810,203528,Business,38130,3503.0,6666,Mutual Fund,2024-08-24,2024,8,August
307811,206635,Current,6341,1130.0,13636,Mutual Fund,2023-04-14,2023,4,April
307812,208644,Current,88452,4985.0,25809,Recurring Deposit,2024-02-11,2024,2,February
307813,201897,Current,3646,3779.0,20291,Recurring Deposit,2022-04-19,2022,4,April
307814,202849,Savings,31974,2726.0,36983,Recurring Deposit,2024-05-02,2024,5,May
307815,200741,Business,54857,3357.0,6714,Fixed Deposit,2022-11-07,2022,11,November
307816,208900,Savings,71098,4656.0,18063,Mutual Fund,2024-12-29,2024,12,December
307817,208345,Current,3565,1465.0,39661,Mutual Fund,2024-12-09,2024,12,December
307818,208657,Business,38096,3107.0,8770,Recurring Deposit,2022-03-22,2022,3,March
307819,208758,Business,88054,2317.0,25545,Mutual Fund,2022-05-18,2022,5,May
307820,204057,Savings,60720,1151.0,31352,Mutual Fund,2025-01-16,2025,1,January
307821,202814,Current,86532,4183.0,22279,Mutual Fund,2023-11-17,2023,11,November
307822,205569,Current,43175,463.7295998123564,42367,Recurring Deposit,2023-05-08,2023,5,May
307823,206222,Current,52945,872.0,45002,Recurring Deposit,2022-11-11,2022,11,November
307824,208202,Business,93389,1306.0,20106,Fixed Deposit,2025-03-12,2025,3,March
307825,201004,Current,23742,579.0,17479,Fixed Deposit,2023-08-15,2023,8,August
307826,204905,Savings,49759,927.0,37404,Fixed Deposit,2023-11-18,2023,11,November
307827,204944,Business,3188,4240.0,35683,Recurring Deposit,2024-08-29,2024,8,August
307828,206304,Savings,6587,1079.0,9078,Recurring Deposit,2022-03-26,2022,3,March
307829,200498,Business,5920,1996.0,5004,Mutual Fund,2024-05-29,2024,5,May
307830,206315,Savings,75751,4701.0,35388,Fixed Deposit,2024-04-21,2024,4,April
307831,207000,Current,60344,4844.0,5045,Recurring Deposit,2024-04-01,2024,4,April
307832,206369,Business,92826,2282.0,42366,Mutual Fund,2024-01-27,2024,1,January
307833,205939,Savings,44732,3901.0,42990,Fixed Deposit,2023-12-08,2023,12,December
307834,207436,Business,47619,1743.0,26860,Mutual Fund,2022-07-07,2022,7,July
307835,204390,Business,62277,3697.0,33594,Recurring Deposit,2024-07-07,2024,7,July
307836,207486,Current,19556,4550.0,36434,Fixed Deposit,2023-03-06,2023,3,March
307837,201551,Business,94524,2438.0,22190,Recurring Deposit,2022-03-26,2022,3,March
307838,200725,Savings,26456,2338.0,26543,Mutual Fund,2023-11-08,2023,11,November
307839,204681,Business,8424,2678.0,16939,Fixed Deposit,2025-02-23,2025,2,February
307840,206727,Savings,90040,2462.0,43875,Fixed Deposit,2024-04-07,2024,4,April
307841,204429,Current,60735,3491.0,45900,Fixed Deposit,2022-09-25,2022,9,September
307842,206880,Business,67722,2852.0,17265,Mutual Fund,2024-08-18,2024,8,August
307843,204457,Savings,14603,2164.0,16153,Mutual Fund,2024-06-29,2024,6,June
307844,209121,Business,4597,1013.0,10723,Recurring Deposit,2023-09-29,2023,9,September
307845,200934,Business,9375,4603.0,38744,Mutual Fund,2023-08-20,2023,8,August
307846,209264,Current,1907,330.0,26851,Mutual Fund,2025-02-12,2025,2,February
307847,204585,Business,6734,3303.0,11637,Fixed Deposit,2023-07-04,2023,7,July
307848,203812,Business,94692,186.0,35789,Mutual Fund,2023-12-03,2023,12,December
307849,200872,Current,5237,4704.0,21079,Fixed Deposit,2022-06-14,2022,6,June
307850,208490,Business,55461,888.0,27473,Mutual Fund,2024-11-27,2024,11,November
307851,202606,Current,58973,4194.0,18269,Recurring Deposit,2024-12-20,2024,12,December
307852,205818,Business,62144,766.0,8238,Fixed Deposit,2022-08-08,2022,8,August
307853,203268,Savings,22013,222.0,21884,Mutual Fund,2023-10-09,2023,10,October
307854,203984,Savings,83544,4643.0,41672,Mutual Fund,2024-06-28,2024,6,June
307855,207186,Savings,57932,4680.5907416325335,4466,Recurring Deposit,2023-08-31,2023,8,August
307856,206061,Current,97284,161.0,17803,Fixed Deposit,2022-07-23,2022,7,July
307857,207540,Current,98735,2578.0,16946,Recurring Deposit,2024-03-04,2024,3,March
307858,205273,Current,49714,3493.0,45065,Recurring Deposit,2023-06-14,2023,6,June
307859,208385,Current,7493,4492.0,44485,Recurring Deposit,2024-12-21,2024,12,December
307860,202651,Current,85821,317.0,44720,Recurring Deposit,2023-01-30,2023,1,January
307861,202435,Current,22006,3600.0,36654,Mutual Fund,2022-12-20,2022,12,December
307862,205525,Business,57980,178.0,21397,Mutual Fund,2024-07-29,2024,7,July
307863,200367,Savings,83030,2912.0,29603,Recurring Deposit,2022-05-21,2022,5,May
307864,202609,Current,6720,669.180477520225,19321,Recurring Deposit,2023-11-07,2023,11,November
307865,207615,Business,48350,502.0,10308,Mutual Fund,2025-01-10,2025,1,January
307866,207122,Business,78644,1834.0,40252,Fixed Deposit,2023-01-11,2023,1,January
307867,207945,Current,9304,1619.0,43893,Mutual Fund,2023-06-28,2023,6,June
307868,201889,Savings,11705,193.0,45815,Mutual Fund,2025-03-06,2025,3,March
307869,208719,Current,34596,291.0,22657,Mutual Fund,2023-11-17,2023,11,November
307870,202147,Savings,91692,3854.0,27740,Recurring Deposit,2022-09-02,2022,9,September
307871,205558,Savings,40154,3610.0,10210,Recurring Deposit,2024-11-24,2024,11,November
307872,208469,Current,9647,4145.0,12570,Recurring Deposit,2025-02-23,2025,2,February
307873,201401,Savings,69515,2590.0,5447,Recurring Deposit,2023-09-30,2023,9,September
307874,200328,Savings,19614,3219.0,12097,Fixed Deposit,2024-04-14,2024,4,April
307875,201023,Savings,6444,4497.0,29731,Mutual Fund,2022-07-30,2022,7,July
307876,208955,Current,96573,3736.0,41612,Fixed Deposit,2024-11-28,2024,11,November
307877,200032,Savings,59951,4983.0,24434,Recurring Deposit,2024-01-30,2024,1,January
307878,203168,Savings,98266,1341.0,39604,Mutual Fund,2023-01-09,2023,1,January
307879,200385,Business,96634,585.0,18825,Recurring Deposit,2022-10-24,2022,10,October
307880,206756,Current,82569,2099.0,39752,Fixed Deposit,2022-05-15,2022,5,May
307881,203388,Savings,94125,1542.0,38177,Fixed Deposit,2023-01-14,2023,1,January
307882,206464,Current,77538,2795.0,14507,Recurring Deposit,2022-04-29,2022,4,April
307883,204181,Current,85605,2085.0,6685,Fixed Deposit,2024-09-27,2024,9,September
307884,202589,Business,51416,4735.0,7599,Recurring Deposit,2023-03-26,2023,3,March
307885,209279,Business,26208,4211.0,13401,Recurring Deposit,2024-04-18,2024,4,April
307886,208271,Savings,81976,2606.0,17827,Fixed Deposit,2023-11-14,2023,11,November
307887,200393,Savings,43830,2132.0,2802,Fixed Deposit,2022-06-26,2022,6,June
307888,200666,Savings,64646,4515.0,36009,Recurring Deposit,2024-07-07,2024,7,July
307889,202925,Current,22909,2568.0,34240,Recurring Deposit,2024-12-14,2024,12,December
307890,207978,Business,41134,1712.7803035461577,36379,Recurring Deposit,2023-07-12,2023,7,July
307891,202258,Business,22505,2692.0,41846,Mutual Fund,2024-05-05,2024,5,May
307892,207538,Savings,76086,1925.0,27187,Fixed Deposit,2024-06-27,2024,6,June
307893,207266,Business,32765,4848.0,18248,Fixed Deposit,2024-02-16,2024,2,February
307894,202314,Current,69077,4174.0,4487,Fixed Deposit,2022-04-15,2022,4,April
307895,209267,Savings,13453,2931.0,18477,Fixed Deposit,2022-05-17,2022,5,May
307896,207289,Business,9308,3975.0,11346,Fixed Deposit,2023-08-30,2023,8,August
307897,200031,Savings,50000,1848.0,23784,Recurring Deposit,2022-06-16,2022,6,June
307898,201020,Current,3390,4746.0,7629,Recurring Deposit,2023-08-27,2023,8,August
307899,209551,Current,66824,3290.0,45647,Mutual Fund,2022-05-26,2022,5,May
307900,204563,Savings,25913,536.0,4603,Fixed Deposit,2023-12-10,2023,12,December
307901,200291,Savings,59219,4981.0,14425,Recurring Deposit,2022-09-20,2022,9,September
307902,207598,Business,8302,1676.0,25100,Fixed Deposit,2023-02-12,2023,2,February
307903,208791,Current,95522,1612.0,1359,Mutual Fund,2024-12-30,2024,12,December
307904,200170,Current,8895,4302.0,23529,Mutual Fund,2025-01-20,2025,1,January
307905,206511,Savings,35058,1863.0,47669,Mutual Fund,2024-06-10,2024,6,June
307906,203892,Business,57977,3207.0,41657,Recurring Deposit,2024-03-02,2024,3,March
307907,207300,Savings,90472,602.0,41080,Mutual Fund,2025-02-06,2025,2,February
307908,209298,Savings,50084,555.5110932608957,3663,Fixed Deposit,2024-07-01,2024,7,July
307909,202930,Savings,22624,2344.0,33617,Mutual Fund,2022-11-07,2022,11,November
307910,202939,Current,68572,629.015699244705,34566,Mutual Fund,2024-09-05,2024,9,September
307911,200111,Savings,38120,2052.0,44794,Mutual Fund,2023-03-17,2023,3,March
307912,200354,Savings,26370,4764.0,14628,Fixed Deposit,2022-07-10,2022,7,July
307913,205889,Business,74974,2470.0,48519,Fixed Deposit,2022-05-17,2022,5,May
307914,208073,Savings,91696,2603.0,6456,Mutual Fund,2022-10-26,2022,10,October
307915,208382,Business,57283,2682.0,13631,Recurring Deposit,2024-04-18,2024,4,April
307916,203642,Savings,90931,382.0,35279,Recurring Deposit,2024-12-30,2024,12,December
307917,202309,Current,41255,517.0,40555,Recurring Deposit,2022-04-19,2022,4,April
307918,209939,Savings,47640,4956.0,38188,Mutual Fund,2024-03-22,2024,3,March
307919,209554,Current,89944,4388.0,24412,Mutual Fund,2024-11-05,2024,11,November
307920,207215,Savings,6062,4716.0,19942,Recurring Deposit,2022-05-31,2022,5,May
307921,205020,Current,90849,2511.0,23138,Recurring Deposit,2023-04-01,2023,4,April
307922,203927,Current,49290,636.0,12763,Recurring Deposit,2025-03-14,2025,3,March
307923,204424,Savings,19360,2225.0,12304,Fixed Deposit,2024-12-22,2024,12,December
307924,202919,Business,54416,1114.0,38248,Fixed Deposit,2022-10-09,2022,10,October
307925,208964,Current,4663,4661.0,6545,Recurring Deposit,2022-04-12,2022,4,April
307926,202064,Current,19887,4436.0,49834,Fixed Deposit,2022-12-13,2022,12,December
307927,205655,Savings,11991,382.0,13822,Fixed Deposit,2024-11-27,2024,11,November
307928,208026,Business,94957,4911.0,16628,Mutual Fund,2022-06-06,2022,6,June
307929,205743,Current,31051,1819.0,12989,Fixed Deposit,2023-07-11,2023,7,July
307930,206225,Savings,73814,2194.0,27334,Mutual Fund,2022-08-19,2022,8,August
307931,205637,Current,40515,4884.0,45445,Mutual Fund,2024-02-27,2024,2,February
307932,202843,Savings,15626,1777.0,31667,Recurring Deposit,2024-10-25,2024,10,October
307933,206249,Savings,42646,1719.0,41021,Fixed Deposit,2022-12-11,2022,12,December
307934,201683,Business,40197,2723.434011689068,21494,Recurring Deposit,2024-09-24,2024,9,September
307935,207887,Savings,67291,798.0,29091,Mutual Fund,2022-06-28,2022,6,June
307936,200146,Business,3056,1939.0,30310,Fixed Deposit,2022-09-02,2022,9,September
307937,203079,Savings,81960,2505.0,2048,Recurring Deposit,2022-09-14,2022,9,September
307938,203876,Savings,15672,1576.0,25505,Recurring Deposit,2024-05-01,2024,5,May
307939,209916,Current,61077,3172.0,18921,Recurring Deposit,2024-09-30,2024,9,September
307940,202558,Business,33383,4394.0,2088,Mutual Fund,2024-11-01,2024,11,November
307941,208926,Current,14589,2152.0,13115,Recurring Deposit,2023-02-26,2023,2,February
307942,204133,Business,96241,695.0,42131,Recurring Deposit,2022-06-27,2022,6,June
307943,206070,Business,86337,2324.1513067106757,38017,Fixed Deposit,2023-01-29,2023,1,January
307944,207391,Current,80245,268.0,44399,Mutual Fund,2024-01-12,2024,1,January
307945,208078,Business,86208,1043.0,37946,Mutual Fund,2023-08-27,2023,8,August
307946,208762,Business,70102,2606.0,43142,Fixed Deposit,2025-02-06,2025,2,February
307947,203658,Current,92786,3504.0,29265,Recurring Deposit,2023-12-05,2023,12,December
307948,207529,Business,88442,4116.0,27561,Recurring Deposit,2023-08-06,2023,8,August
307949,209939,Current,98514,1509.0,47556,Fixed Deposit,2022-09-24,2022,9,September
307950,201419,Savings,22810,1442.0,3441,Fixed Deposit,2025-02-15,2025,2,February
307951,209072,Current,49155,822.0,10455,Mutual Fund,2024-08-31,2024,8,August
307952,200848,Business,23810,2052.0,1045,Fixed Deposit,2024-07-16,2024,7,July
307953,206930,Savings,11747,3912.0,32417,Recurring Deposit,2022-10-20,2022,10,October
307954,208956,Savings,61150,4570.0,18620,Recurring Deposit,2023-08-02,2023,8,August
307955,206426,Savings,3197,1404.0,2458,Recurring Deposit,2023-02-15,2023,2,February
307956,207604,Current,49280,3027.0,30007,Mutual Fund,2022-05-30,2022,5,May
307957,205801,Current,36805,4811.0,44090,Recurring Deposit,2024-09-27,2024,9,September
307958,204347,Savings,90874,4704.0,15521,Fixed Deposit,2022-12-15,2022,12,December
307959,209587,Business,96679,2696.0,29733,Mutual Fund,2023-08-24,2023,8,August
307960,205420,Business,55182,336.0,8165,Mutual Fund,2022-06-27,2022,6,June
307961,209539,Savings,37102,780.0,28015,Mutual Fund,2022-09-24,2022,9,September
307962,208899,Business,23405,466.0,37760,Recurring Deposit,2023-05-20,2023,5,May
307963,209046,Business,90736,2896.0,27421,Fixed Deposit,2022-10-26,2022,10,October
307964,202083,Current,49757,2746.0,14356,Mutual Fund,2023-12-25,2023,12,December
307965,207626,Business,85881,1126.0,49684,Mutual Fund,2022-12-07,2022,12,December
307966,209445,Current,47494,2933.0,39012,Mutual Fund,2025-03-06,2025,3,March
307967,209860,Savings,64293,2460.0,21411,Fixed Deposit,2023-10-16,2023,10,October
307968,203354,Business,40228,3095.0,33703,Fixed Deposit,2024-07-27,2024,7,July
307969,209754,Business,27797,3731.0,31250,Recurring Deposit,2022-12-02,2022,12,December
307970,209822,Current,34012,2167.0,3172,Fixed Deposit,2024-01-31,2024,1,January
307971,207499,Current,91453,1083.0,7847,Recurring Deposit,2023-04-03,2023,4,April
307972,207103,Savings,38342,2356.0,30155,Fixed Deposit,2024-09-10,2024,9,September
307973,202949,Savings,52221,4304.0,48329,Recurring Deposit,2022-05-23,2022,5,May
307974,207243,Business,64284,3055.0,33943,Recurring Deposit,2022-10-14,2022,10,October
307975,203511,Current,50428,4322.0,25650,Recurring Deposit,2022-08-23,2022,8,August
307976,201151,Current,6020,2089.0,36568,Mutual Fund,2024-11-27,2024,11,November
307977,200277,Business,20540,2217.0,17033,Recurring Deposit,2024-10-27,2024,10,October
307978,203766,Current,13340,2193.0,35867,Mutual Fund,2023-10-26,2023,10,October
307979,208522,Current,95882,2342.0,14392,Fixed Deposit,2022-11-21,2022,11,November
307980,206503,Current,46910,4319.0,15855,Mutual Fund,2022-04-14,2022,4,April
307981,207731,Current,87439,3850.0,40229,Recurring Deposit,2024-04-15,2024,4,April
307982,200870,Business,89043,646.2198047088137,44840,Mutual Fund,2022-07-24,2022,7,July
307983,206245,Savings,60350,2064.0,24181,Recurring Deposit,2022-03-30,2022,3,March
307984,208568,Savings,14393,2785.6081190759774,41004,Mutual Fund,2022-04-01,2022,4,April
307985,202636,Business,38434,419.0,5442,Fixed Deposit,2022-12-24,2022,12,December
307986,204093,Savings,59198,1945.0,26519,Mutual Fund,2022-08-06,2022,8,August
307987,209013,Current,67304,4929.0,12350,Recurring Deposit,2024-12-27,2024,12,December
307988,201863,Business,10714,1301.0,23155,Mutual Fund,2024-09-28,2024,9,September
307989,205978,Savings,20627,2282.0,5927,Recurring Deposit,2023-06-04,2023,6,June
307990,204223,Current,72737,3642.0,9179,Recurring Deposit,2023-12-27,2023,12,December
307991,209134,Savings,44189,1571.0,14435,Fixed Deposit,2025-03-02,2025,3,March
307992,206495,Business,25456,2669.0,20591,Recurring Deposit,2024-03-29,2024,3,March
307993,203753,Savings,6912,1201.0,12132,Recurring Deposit,2025-02-28,2025,2,February
307994,208450,Savings,79757,2856.0,18895,Fixed Deposit,2022-10-04,2022,10,October
307995,209425,Savings,71117,3361.0,18729,Recurring Deposit,2023-02-04,2023,2,February
307996,202069,Business,70638,3062.0,37556,Mutual Fund,2022-10-29,2022,10,October
307997,201184,Current,26005,132.0,2744,Fixed Deposit,2024-12-08,2024,12,December
307998,205861,Business,10551,1240.0,24630,Fixed Deposit,2023-05-15,2023,5,May
307999,202406,Savings,3677,4074.0,26483,Recurring Deposit,2024-06-10,2024,6,June
308000,201878,Business,45578,1665.0,29642,Recurring Deposit,2024-02-18,2024,2,February
308001,200829,Savings,63458,4743.0,14417,Fixed Deposit,2023-12-21,2023,12,December
308002,205404,Current,86948,3017.0,11863,Mutual Fund,2023-03-27,2023,3,March
308003,205953,Current,77800,4569.0,7770,Recurring Deposit,2022-12-17,2022,12,December
308004,206449,Savings,12667,4910.0,15914,Mutual Fund,2024-10-24,2024,10,October
308005,200047,Business,8920,2766.0,35177,Recurring Deposit,2025-02-27,2025,2,February
308006,207467,Savings,55713,4807.0,46710,Recurring Deposit,2022-05-18,2022,5,May
308007,209457,Business,12994,692.0,7278,Fixed Deposit,2024-10-02,2024,10,October
308008,203575,Business,58280,2423.4179713053977,48291,Fixed Deposit,2022-12-25,2022,12,December
308009,201734,Savings,31500,2210.0,5359,Mutual Fund,2024-05-05,2024,5,May
308010,209313,Current,88447,275.0,23617,Fixed Deposit,2024-10-26,2024,10,October
308011,209007,Current,19032,2398.3733165569174,5743,Mutual Fund,2022-08-04,2022,8,August
308012,205384,Business,41580,2581.2799856033344,5893,Mutual Fund,2024-11-19,2024,11,November
308013,206328,Savings,95090,4030.0,32852,Fixed Deposit,2023-07-01,2023,7,July
308014,209911,Savings,61956,2846.0,46907,Mutual Fund,2023-09-12,2023,9,September
308015,206926,Savings,32382,2084.0,27677,Fixed Deposit,2023-12-31,2023,12,December
308016,208926,Current,73669,933.0,9885,Mutual Fund,2022-03-28,2022,3,March
308017,203516,Current,66246,1240.0,29382,Mutual Fund,2024-08-03,2024,8,August
308018,201906,Business,52095,2004.0,31975,Recurring Deposit,2023-03-22,2023,3,March
308019,201262,Current,49205,434.0,13667,Fixed Deposit,2023-01-13,2023,1,January
308020,200557,Current,7268,4569.0,16028,Fixed Deposit,2022-09-19,2022,9,September
308021,206470,Savings,36658,4623.0,1733,Fixed Deposit,2024-06-21,2024,6,June
308022,203362,Savings,41768,4315.0,23558,Fixed Deposit,2022-08-16,2022,8,August
308023,208047,Current,90771,3747.0,14724,Recurring Deposit,2024-11-06,2024,11,November
308024,200289,Business,16257,1086.0,22597,Recurring Deposit,2023-10-04,2023,10,October
308025,202274,Savings,75935,2443.0,34528,Recurring Deposit,2024-07-06,2024,7,July
308026,203870,Business,4603,4766.0,13790,Recurring Deposit,2024-05-17,2024,5,May
308027,203595,Current,88072,3286.0,43621,Fixed Deposit,2023-02-24,2023,2,February
308028,204270,Current,33174,1465.0,46151,Mutual Fund,2024-03-11,2024,3,March
308029,203712,Savings,10717,4443.0,22387,Fixed Deposit,2024-11-18,2024,11,November
308030,200846,Savings,9876,3448.0,26604,Fixed Deposit,2025-01-08,2025,1,January
308031,202809,Savings,26296,4286.0,47273,Recurring Deposit,2023-02-07,2023,2,February
308032,207874,Savings,68339,146.0,1890,Recurring Deposit,2023-05-24,2023,5,May
308033,204930,Current,11551,4519.0,7341,Fixed Deposit,2022-06-11,2022,6,June
308034,207473,Current,13610,983.0,36434,Fixed Deposit,2023-01-15,2023,1,January
308035,204982,Savings,40829,688.0,41554,Mutual Fund,2022-09-12,2022,9,September
308036,201919,Business,88973,1227.0,3466,Recurring Deposit,2022-11-07,2022,11,November
308037,207779,Savings,56124,1757.0,29233,Mutual Fund,2025-02-17,2025,2,February
308038,200858,Savings,27338,584.0,16695,Fixed Deposit,2024-03-26,2024,3,March
308039,206896,Savings,28499,4395.0,46103,Recurring Deposit,2024-05-01,2024,5,May
308040,201139,Business,55154,1418.0,42447,Fixed Deposit,2022-12-19,2022,12,December
308041,207843,Savings,89592,3510.0,27255,Recurring Deposit,2022-11-24,2022,11,November
308042,205870,Current,99526,2413.0,47127,Mutual Fund,2025-01-25,2025,1,January
308043,209226,Business,23122,2614.0,16270,Mutual Fund,2022-05-26,2022,5,May
308044,208358,Current,16756,2905.0,14692,Recurring Deposit,2022-06-12,2022,6,June
308045,207177,Business,37060,3249.0,7671,Mutual Fund,2024-12-16,2024,12,December
308046,201823,Business,32571,850.0,3433,Mutual Fund,2023-10-07,2023,10,October
308047,201971,Savings,65805,3023.0,24290,Fixed Deposit,2023-06-06,2023,6,June
308048,208519,Current,67864,969.0,10685,Recurring Deposit,2023-02-09,2023,2,February
308049,205166,Business,63562,4296.0,37033,Fixed Deposit,2024-01-25,2024,1,January
308050,203596,Current,16590,3788.0,11480,Mutual Fund,2023-04-15,2023,4,April
308051,205954,Business,9000,1050.0,20622,Fixed Deposit,2023-08-22,2023,8,August
308052,200820,Savings,60185,733.0,3091,Mutual Fund,2024-11-03,2024,11,November
308053,204494,Business,1524,1613.0,25744,Mutual Fund,2024-02-22,2024,2,February
308054,207924,Current,57154,4917.0,46944,Fixed Deposit,2022-05-27,2022,5,May
308055,202778,Current,70843,354.0,35365,Fixed Deposit,2022-08-30,2022,8,August
308056,202682,Current,16387,1480.0,7218,Recurring Deposit,2022-06-10,2022,6,June
308057,200488,Current,52013,1311.0,34561,Recurring Deposit,2024-07-02,2024,7,July
308058,209980,Business,48021,3470.0,36890,Fixed Deposit,2022-12-19,2022,12,December
308059,204845,Business,34069,4633.0,16966,Mutual Fund,2022-11-21,2022,11,November
308060,209582,Business,3696,2612.0,11635,Mutual Fund,2022-05-05,2022,5,May
308061,201338,Business,89509,4920.0,46813,Recurring Deposit,2024-04-12,2024,4,April
308062,201133,Savings,94996,3674.0,30401,Fixed Deposit,2024-05-28,2024,5,May
308063,204651,Business,43656,3758.0,9110,Recurring Deposit,2022-09-17,2022,9,September
308064,203162,Savings,73195,2543.045317811516,48408,Recurring Deposit,2022-07-09,2022,7,July
308065,200238,Business,6516,1658.0,20786,Fixed Deposit,2023-03-21,2023,3,March
308066,207467,Business,81947,919.0,21848,Mutual Fund,2024-02-10,2024,2,February
308067,208961,Business,92968,358.0,15037,Recurring Deposit,2024-09-26,2024,9,September
308068,207410,Savings,45333,3753.0,44483,Fixed Deposit,2024-09-06,2024,9,September
308069,207120,Business,52672,247.0,34620,Fixed Deposit,2023-08-09,2023,8,August
308070,204086,Business,19304,3378.0,8093,Fixed Deposit,2023-12-31,2023,12,December
308071,200776,Business,87377,3793.0,16177,Mutual Fund,2023-01-23,2023,1,January
308072,203778,Current,77976,1917.9827093450056,24845,Fixed Deposit,2025-02-04,2025,2,February
308073,205015,Current,83450,2563.0,38400,Recurring Deposit,2023-08-08,2023,8,August
308074,201733,Current,41528,2729.0,17930,Recurring Deposit,2023-03-13,2023,3,March
308075,202948,Savings,83429,1011.0,23088,Fixed Deposit,2022-09-08,2022,9,September
308076,207235,Business,32923,3200.0,26765,Mutual Fund,2023-08-09,2023,8,August
308077,201693,Savings,8590,377.0,3493,Mutual Fund,2023-03-09,2023,3,March
308078,207395,Business,77989,1023.0,34180,Fixed Deposit,2022-08-20,2022,8,August
308079,200946,Savings,46608,2077.0,36529,Mutual Fund,2023-03-24,2023,3,March
308080,204255,Current,63283,1381.0,13064,Fixed Deposit,2023-12-21,2023,12,December
308081,204937,Business,49275,3707.0,16494,Mutual Fund,2023-01-25,2023,1,January
308082,206898,Current,25300,879.0,41528,Mutual Fund,2023-10-25,2023,10,October
308083,201124,Current,94854,2408.0,37297,Fixed Deposit,2023-02-26,2023,2,February
308084,209440,Business,68670,2673.0,14504,Recurring Deposit,2022-07-13,2022,7,July
308085,208746,Savings,87635,4399.0,7505,Recurring Deposit,2024-03-21,2024,3,March
308086,201388,Current,37859,3966.0,5550,Recurring Deposit,2024-09-14,2024,9,September
308087,208606,Current,1311,2725.0,10992,Recurring Deposit,2024-04-11,2024,4,April
308088,207645,Business,44282,3348.0,41479,Recurring Deposit,2022-06-13,2022,6,June
308089,205142,Business,61528,2704.0,19715,Recurring Deposit,2024-01-27,2024,1,January
308090,203647,Savings,89385,3527.0,48323,Fixed Deposit,2022-11-01,2022,11,November
308091,200839,Current,75021,2764.0,20517,Mutual Fund,2023-02-19,2023,2,February
308092,201206,Current,42510,2765.0,36841,Recurring Deposit,2024-10-22,2024,10,October
308093,208847,Savings,66252,3993.0,46691,Recurring Deposit,2024-02-25,2024,2,February
308094,209847,Business,52722,3840.0,13163,Mutual Fund,2022-12-22,2022,12,December
308095,204872,Business,58065,2128.0,15588,Fixed Deposit,2023-11-12,2023,11,November
308096,200978,Business,34648,2388.0,48696,Fixed Deposit,2023-10-22,2023,10,October
308097,200550,Savings,99908,606.0,20595,Fixed Deposit,2022-10-18,2022,10,October
308098,208491,Business,4047,2151.0,14950,Mutual Fund,2024-03-01,2024,3,March
308099,209512,Business,13841,1060.0,10106,Fixed Deposit,2023-01-16,2023,1,January
308100,205388,Savings,46095,3046.0,36706,Recurring Deposit,2024-11-26,2024,11,November
308101,203979,Current,8269,161.0,12484,Recurring Deposit,2023-09-29,2023,9,September
308102,202095,Current,75046,449.0,33923,Fixed Deposit,2023-05-13,2023,5,May
308103,200204,Savings,46728,104.0,41580,Mutual Fund,2023-01-29,2023,1,January
308104,208613,Business,3924,2191.0,24722,Fixed Deposit,2023-08-24,2023,8,August
308105,201985,Business,16277,4370.0,21848,Mutual Fund,2022-10-04,2022,10,October
308106,206463,Current,59121,113.0,25587,Recurring Deposit,2022-05-09,2022,5,May
308107,203746,Business,87504,4067.0,22316,Recurring Deposit,2025-02-28,2025,2,February
308108,207311,Current,16242,3978.0,32520,Fixed Deposit,2024-08-20,2024,8,August
308109,201703,Current,1263,4773.0,27548,Mutual Fund,2022-06-21,2022,6,June
308110,206233,Business,3932,2945.0,13318,Recurring Deposit,2023-05-30,2023,5,May
308111,204024,Current,9877,2339.0,16000,Mutual Fund,2022-10-19,2022,10,October
308112,203683,Current,2283,3812.0,16334,Recurring Deposit,2022-09-09,2022,9,September
308113,208165,Savings,44435,4522.0,46976,Fixed Deposit,2024-03-13,2024,3,March
308114,201793,Business,53752,3109.0,28850,Fixed Deposit,2024-03-02,2024,3,March
308115,206101,Savings,87353,706.0,43260,Recurring Deposit,2023-12-30,2023,12,December
308116,205378,Business,60636,2518.0,2079,Recurring Deposit,2022-12-11,2022,12,December
308117,209902,Business,56812,4864.0,23038,Mutual Fund,2023-09-05,2023,9,September
308118,206254,Business,78895,3057.0,39661,Recurring Deposit,2023-02-25,2023,2,February
308119,205658,Business,74853,1951.0,47821,Fixed Deposit,2023-06-22,2023,6,June
308120,206078,Current,46078,1038.0,45667,Recurring Deposit,2024-10-13,2024,10,October
308121,200683,Savings,50813,2606.0,19338,Fixed Deposit,2022-11-19,2022,11,November
308122,207175,Savings,29015,4049.0,41954,Mutual Fund,2024-12-06,2024,12,December
308123,200022,Current,42076,4684.0,20844,Recurring Deposit,2024-10-25,2024,10,October
308124,205765,Savings,2978,1156.0,29923,Fixed Deposit,2022-12-09,2022,12,December
308125,209624,Savings,12073,3264.0,31013,Fixed Deposit,2024-09-04,2024,9,September
308126,206714,Business,75403,2985.0,20025,Fixed Deposit,2024-07-26,2024,7,July
308127,201791,Business,80899,1901.0,36668,Mutual Fund,2023-03-12,2023,3,March
308128,206031,Business,48339,2917.814673267597,46902,Fixed Deposit,2022-08-02,2022,8,August
308129,205454,Business,8126,2202.0,29363,Mutual Fund,2023-12-20,2023,12,December
308130,204782,Current,5552,2532.0,25103,Mutual Fund,2024-06-08,2024,6,June
308131,203495,Current,62846,3534.0,6372,Recurring Deposit,2024-04-18,2024,4,April
308132,205266,Current,92629,1948.0,40387,Mutual Fund,2023-02-20,2023,2,February
308133,208186,Savings,13488,3850.0,44654,Recurring Deposit,2024-09-24,2024,9,September
308134,200751,Business,14892,3827.0,2425,Recurring Deposit,2024-03-25,2024,3,March
308135,207595,Savings,38661,664.0,33559,Recurring Deposit,2024-03-08,2024,3,March
308136,203426,Business,35743,4286.0,8891,Fixed Deposit,2023-05-28,2023,5,May
308137,208857,Business,62024,3660.0,40009,Recurring Deposit,2022-04-12,2022,4,April
308138,208499,Savings,78644,872.0,3278,Fixed Deposit,2024-01-15,2024,1,January
308139,201868,Savings,37905,457.0,31030,Recurring Deposit,2023-04-08,2023,4,April
308140,208494,Savings,30800,3628.0,44087,Recurring Deposit,2023-04-09,2023,4,April
308141,200711,Current,64279,2077.0,38368,Fixed Deposit,2023-08-11,2023,8,August
308142,200525,Savings,4944,1008.0,16638,Recurring Deposit,2024-01-24,2024,1,January
308143,207321,Current,63974,1126.0,4937,Recurring Deposit,2024-09-06,2024,9,September
308144,208951,Savings,29611,1150.0,23290,Fixed Deposit,2023-03-01,2023,3,March
308145,204701,Current,28976,4245.0,40089,Fixed Deposit,2024-09-25,2024,9,September
308146,202546,Savings,39961,1992.0,2825,Fixed Deposit,2022-11-07,2022,11,November
308147,207911,Current,98982,409.0,13391,Recurring Deposit,2024-08-28,2024,8,August
308148,208297,Savings,88727,992.0,20271,Mutual Fund,2022-03-28,2022,3,March
308149,208076,Business,64297,667.0,10522,Fixed Deposit,2023-12-29,2023,12,December
308150,204835,Savings,35230,727.0,48060,Recurring Deposit,2022-05-28,2022,5,May
308151,200906,Savings,40459,1757.0,49576,Mutual Fund,2022-05-22,2022,5,May
308152,206301,Business,85938,4155.0,28436,Mutual Fund,2024-03-21,2024,3,March
308153,206388,Business,36612,1632.5745697479515,45656,Recurring Deposit,2024-05-12,2024,5,May
308154,203665,Current,16843,4301.0,36497,Mutual Fund,2022-05-12,2022,5,May
308155,205654,Business,7753,3003.0,48739,Fixed Deposit,2024-01-11,2024,1,January
308156,208261,Current,24726,1463.0,41762,Recurring Deposit,2024-06-23,2024,6,June
308157,202925,Savings,73312,2430.0,36376,Recurring Deposit,2023-11-23,2023,11,November
308158,209290,Business,89113,3583.0,28030,Fixed Deposit,2024-04-03,2024,4,April
308159,200134,Current,76272,4167.0,19734,Mutual Fund,2025-03-07,2025,3,March
308160,208110,Savings,8755,3524.0,28817,Recurring Deposit,2022-08-20,2022,8,August
308161,200736,Current,41532,2589.0,37760,Recurring Deposit,2024-02-21,2024,2,February
308162,207033,Savings,80364,3810.0,12844,Fixed Deposit,2024-04-28,2024,4,April
308163,208329,Current,47086,4017.0,13586,Recurring Deposit,2023-03-29,2023,3,March
308164,201876,Savings,61452,1542.0,30317,Recurring Deposit,2022-07-28,2022,7,July
308165,206856,Savings,4317,4950.0,10946,Recurring Deposit,2024-08-04,2024,8,August
308166,203958,Current,20954,3211.0,32478,Fixed Deposit,2022-04-09,2022,4,April
308167,201437,Savings,5610,1346.0,23839,Recurring Deposit,2025-03-01,2025,3,March
308168,205551,Current,17978,4186.0,31058,Fixed Deposit,2023-12-12,2023,12,December
308169,202287,Savings,50922,3733.0,30852,Recurring Deposit,2023-02-22,2023,2,February
308170,206680,Business,42299,962.0,1977,Mutual Fund,2022-10-13,2022,10,October
308171,200216,Business,47414,3409.0,15008,Mutual Fund,2023-09-28,2023,9,September
308172,202928,Current,13901,4393.0,12509,Recurring Deposit,2023-06-23,2023,6,June
308173,203083,Business,73906,808.1945503970757,32579,Recurring Deposit,2023-03-27,2023,3,March
308174,206650,Business,13685,3075.0,5356,Fixed Deposit,2024-12-21,2024,12,December
308175,206561,Savings,1003,722.0,11288,Mutual Fund,2022-08-08,2022,8,August
308176,200386,Business,19311,3969.0,8167,Mutual Fund,2022-04-14,2022,4,April
308177,205253,Current,91786,3897.0,28824,Recurring Deposit,2024-04-04,2024,4,April
308178,205434,Current,70155,4156.0,16310,Recurring Deposit,2025-01-23,2025,1,January
308179,200922,Savings,98855,2664.0,1304,Fixed Deposit,2023-07-07,2023,7,July
308180,208227,Business,12970,487.0,9289,Fixed Deposit,2022-11-27,2022,11,November
308181,209020,Savings,39392,576.0,45100,Fixed Deposit,2025-03-17,2025,3,March
308182,209827,Business,14331,236.0,31323,Recurring Deposit,2024-03-03,2024,3,March
308183,203264,Business,21295,1754.0,23595,Recurring Deposit,2024-08-23,2024,8,August
308184,206825,Business,61669,2633.0,48232,Fixed Deposit,2024-09-12,2024,9,September
308185,205261,Savings,69792,1035.0,40177,Mutual Fund,2022-04-27,2022,4,April
308186,206391,Savings,7198,152.0,28553,Recurring Deposit,2024-02-25,2024,2,February
308187,202368,Business,79605,3371.0,36452,Recurring Deposit,2024-03-10,2024,3,March
308188,205643,Current,25192,3921.0,18084,Recurring Deposit,2022-10-22,2022,10,October
308189,203457,Business,99643,3011.0,30105,Fixed Deposit,2025-03-17,2025,3,March
308190,203938,Current,89077,4611.0,11784,Recurring Deposit,2023-12-10,2023,12,December
308191,209676,Business,34842,2627.0,30097,Recurring Deposit,2023-01-02,2023,1,January
308192,208514,Business,90435,1833.0,48706,Mutual Fund,2023-10-17,2023,10,October
308193,205932,Current,19278,2122.0,18623,Fixed Deposit,2024-11-18,2024,11,November
308194,209352,Current,40916,252.0,42458,Fixed Deposit,2024-03-11,2024,3,March
308195,209884,Savings,5153,2513.0,47263,Fixed Deposit,2025-03-18,2025,3,March
308196,206204,Current,37616,177.0,31324,Fixed Deposit,2024-11-28,2024,11,November
308197,201824,Business,28478,4819.0,8530,Recurring Deposit,2022-03-23,2022,3,March
308198,202966,Savings,38327,597.0,1091,Fixed Deposit,2024-11-19,2024,11,November
308199,206471,Business,77335,699.0,31418,Recurring Deposit,2022-07-08,2022,7,July
308200,202215,Savings,32130,802.0,47261,Recurring Deposit,2023-11-08,2023,11,November
308201,202405,Business,8783,135.0,3241,Fixed Deposit,2025-02-26,2025,2,February
308202,202915,Current,79747,3016.0,6562,Fixed Deposit,2023-08-20,2023,8,August
308203,200682,Business,98719,852.0,2196,Recurring Deposit,2024-06-22,2024,6,June
308204,206227,Business,20105,589.0,3840,Mutual Fund,2022-05-10,2022,5,May
308205,204921,Savings,40959,4774.0,9450,Mutual Fund,2023-06-24,2023,6,June
308206,205615,Current,37937,1418.0,47534,Fixed Deposit,2024-01-11,2024,1,January
308207,203069,Current,59672,1032.0,22592,Recurring Deposit,2023-05-14,2023,5,May
308208,203967,Business,77583,4724.0,46646,Recurring Deposit,2025-03-09,2025,3,March
308209,209123,Business,34018,4761.0,22048,Fixed Deposit,2024-10-27,2024,10,October
308210,202528,Savings,90412,4348.0,36395,Mutual Fund,2024-07-10,2024,7,July
308211,208837,Savings,85034,1528.0,2153,Mutual Fund,2024-08-30,2024,8,August
308212,207455,Current,73243,2166.0,8906,Mutual Fund,2023-02-05,2023,2,February
308213,204288,Current,77582,4070.0,27913,Fixed Deposit,2025-02-16,2025,2,February
308214,208691,Savings,67028,2122.0,28476,Fixed Deposit,2022-07-24,2022,7,July
308215,208860,Savings,34790,2202.0,47204,Mutual Fund,2024-11-08,2024,11,November
308216,204670,Business,8252,906.0,34142,Fixed Deposit,2023-08-24,2023,8,August
308217,205656,Business,78174,424.0,36861,Recurring Deposit,2022-06-14,2022,6,June
308218,202038,Savings,38505,2271.0,47515,Mutual Fund,2024-05-28,2024,5,May
308219,200316,Savings,43493,3169.0,14532,Fixed Deposit,2025-02-01,2025,2,February
308220,202647,Savings,16809,1631.0,39128,Recurring Deposit,2023-10-07,2023,10,October
308221,209178,Business,42921,4990.0,24053,Recurring Deposit,2022-06-09,2022,6,June
308222,205657,Current,27062,766.0,22485,Mutual Fund,2022-09-09,2022,9,September
308223,207445,Savings,72950,3424.0,7057,Recurring Deposit,2023-11-05,2023,11,November
308224,206072,Business,28578,880.0,33240,Recurring Deposit,2023-10-09,2023,10,October
308225,205949,Current,73977,3806.6750090843866,39726,Fixed Deposit,2024-03-12,2024,3,March
308226,204473,Savings,73772,378.0,26284,Recurring Deposit,2024-11-06,2024,11,November
308227,202165,Current,4417,3748.0,30838,Mutual Fund,2022-05-23,2022,5,May
308228,201937,Business,56069,2773.0,46807,Mutual Fund,2023-10-09,2023,10,October
308229,203870,Business,68661,3417.0,32437,Fixed Deposit,2023-10-11,2023,10,October
308230,206169,Savings,91244,2738.0,49612,Fixed Deposit,2022-12-18,2022,12,December
308231,204334,Current,6543,1099.0,17188,Fixed Deposit,2024-12-21,2024,12,December
308232,207276,Current,45436,3914.0,35168,Mutual Fund,2024-08-05,2024,8,August
308233,205209,Current,63143,4029.0,25923,Fixed Deposit,2025-03-19,2025,3,March
308234,208573,Current,92498,682.2014536367199,47425,Mutual Fund,2022-07-03,2022,7,July
308235,202840,Business,24303,2886.0,14253,Mutual Fund,2024-08-08,2024,8,August
308236,201655,Current,78573,1880.0,45975,Fixed Deposit,2023-02-02,2023,2,February
308237,207859,Savings,95403,4575.0,45334,Recurring Deposit,2022-10-22,2022,10,October
308238,205137,Business,64389,4800.9445532952095,1199,Fixed Deposit,2023-08-23,2023,8,August
308239,200663,Savings,40650,166.0,39857,Mutual Fund,2023-03-26,2023,3,March
308240,200501,Current,36768,553.0,4373,Recurring Deposit,2024-07-06,2024,7,July
308241,200619,Current,65794,2855.0,33277,Fixed Deposit,2022-09-13,2022,9,September
308242,205774,Business,4243,4891.0,43066,Recurring Deposit,2024-12-23,2024,12,December
308243,201919,Current,85586,1454.0,21767,Mutual Fund,2024-04-02,2024,4,April
308244,206919,Savings,72236,161.0,34815,Fixed Deposit,2024-09-07,2024,9,September
308245,200216,Business,51535,1038.0,35065,Fixed Deposit,2025-03-16,2025,3,March
308246,206167,Current,29298,468.0,1502,Recurring Deposit,2023-02-09,2023,2,February
308247,205613,Savings,73445,3710.0,35677,Fixed Deposit,2023-03-06,2023,3,March
308248,205881,Current,70674,4928.0,25337,Recurring Deposit,2023-07-31,2023,7,July
308249,205095,Current,8458,867.0,24933,Recurring Deposit,2023-09-19,2023,9,September
308250,206516,Current,63437,3404.0,35115,Mutual Fund,2023-05-10,2023,5,May
308251,205952,Current,63693,4196.0,4484,Fixed Deposit,2024-05-11,2024,5,May
308252,205657,Savings,64797,3985.0,28294,Recurring Deposit,2025-02-09,2025,2,February
308253,208521,Business,49433,2977.0,6250,Recurring Deposit,2024-01-06,2024,1,January
308254,207321,Savings,59869,2971.0,4152,Recurring Deposit,2023-05-25,2023,5,May
308255,205953,Savings,94572,2339.0,34606,Recurring Deposit,2022-06-13,2022,6,June
308256,200935,Business,77516,2763.0,4580,Mutual Fund,2022-06-27,2022,6,June
308257,206560,Business,94298,200.0,30914,Fixed Deposit,2023-10-21,2023,10,October
308258,209656,Current,13644,3397.0,14949,Fixed Deposit,2023-09-08,2023,9,September
308259,208614,Current,87169,4575.0,15821,Mutual Fund,2024-02-21,2024,2,February
308260,205760,Savings,83272,933.0,5556,Fixed Deposit,2024-04-14,2024,4,April
308261,203345,Current,42632,2576.0,40697,Mutual Fund,2024-05-07,2024,5,May
308262,201181,Business,39038,1055.0,35941,Fixed Deposit,2024-06-16,2024,6,June
308263,201690,Business,44961,117.0,8253,Recurring Deposit,2022-09-27,2022,9,September
308264,204795,Current,10096,2833.0,43156,Mutual Fund,2024-03-20,2024,3,March
308265,203504,Savings,10487,2180.0,19059,Fixed Deposit,2024-06-24,2024,6,June
308266,204208,Current,57776,4439.0,36878,Recurring Deposit,2025-02-06,2025,2,February
308267,209132,Business,68499,4928.0,36761,Mutual Fund,2024-06-25,2024,6,June
308268,201780,Business,17923,2688.0,5797,Recurring Deposit,2023-06-18,2023,6,June
308269,207779,Savings,40318,1665.0,21150,Mutual Fund,2024-02-21,2024,2,February
308270,203509,Business,68211,685.0,26362,Mutual Fund,2024-11-09,2024,11,November
308271,200017,Savings,26608,873.0,22933,Mutual Fund,2023-10-13,2023,10,October
308272,200158,Savings,60449,674.0,26205,Recurring Deposit,2025-01-29,2025,1,January
308273,201033,Current,51540,1252.0,24092,Fixed Deposit,2025-03-01,2025,3,March
308274,205881,Current,11571,2668.0,23395,Fixed Deposit,2022-06-30,2022,6,June
308275,207683,Savings,49328,4506.0,47046,Mutual Fund,2023-01-07,2023,1,January
308276,200564,Current,37498,1500.0,27576,Mutual Fund,2024-03-01,2024,3,March
308277,208890,Business,27275,2931.0,46123,Fixed Deposit,2022-08-03,2022,8,August
308278,209960,Savings,98612,2061.0,28908,Fixed Deposit,2022-07-23,2022,7,July
308279,209081,Savings,57897,1637.0,11914,Fixed Deposit,2023-11-17,2023,11,November
308280,208582,Current,40783,2753.0,27246,Mutual Fund,2022-12-23,2022,12,December
308281,206282,Savings,18976,1884.0,38263,Fixed Deposit,2023-06-11,2023,6,June
308282,207027,Savings,25376,4853.0,18497,Fixed Deposit,2022-07-18,2022,7,July
308283,202809,Savings,38483,928.0,2171,Recurring Deposit,2022-09-06,2022,9,September
308284,202172,Current,46336,2665.0,5227,Mutual Fund,2022-12-01,2022,12,December
308285,203699,Savings,9332,726.0,46151,Fixed Deposit,2023-05-23,2023,5,May
308286,202266,Savings,71842,1113.0,34666,Recurring Deposit,2022-09-11,2022,9,September
308287,207919,Savings,60148,4976.0,31396,Recurring Deposit,2025-03-07,2025,3,March
308288,206245,Current,30607,2674.0,46684,Mutual Fund,2022-11-05,2022,11,November
308289,203111,Savings,94924,5290.348177929391,19802,Fixed Deposit,2024-04-30,2024,4,April
308290,201399,Savings,30778,4075.0,25684,Fixed Deposit,2022-11-09,2022,11,November
308291,201214,Current,22845,2746.0,41501,Mutual Fund,2023-02-01,2023,2,February
308292,208054,Savings,9371,260.0,1372,Recurring Deposit,2024-06-06,2024,6,June
308293,202481,Savings,11753,4084.0,9833,Mutual Fund,2024-11-19,2024,11,November
308294,202058,Savings,64627,2711.0,28867,Recurring Deposit,2022-04-25,2022,4,April
308295,205819,Savings,77512,1695.0,2220,Fixed Deposit,2023-06-19,2023,6,June
308296,205365,Savings,85953,4993.0,18933,Mutual Fund,2023-12-28,2023,12,December
308297,206275,Business,75648,3372.0,31409,Mutual Fund,2025-02-13,2025,2,February
308298,206627,Savings,67539,4741.0,36627,Fixed Deposit,2024-07-09,2024,7,July
308299,200414,Business,42882,2955.0,16263,Recurring Deposit,2022-10-12,2022,10,October
308300,207497,Business,18906,3378.0,24214,Recurring Deposit,2024-03-26,2024,3,March
308301,204663,Business,80211,1408.0,8003,Mutual Fund,2023-09-10,2023,9,September
308302,202402,Business,81314,2881.0,22760,Recurring Deposit,2024-01-02,2024,1,January
308303,201579,Business,45800,484.0,16611,Recurring Deposit,2024-02-08,2024,2,February
308304,209936,Current,7178,2560.0,12453,Fixed Deposit,2024-12-16,2024,12,December
308305,208452,Current,38216,2129.0,47722,Recurring Deposit,2022-04-23,2022,4,April
308306,206735,Current,55272,4929.0,5376,Fixed Deposit,2023-06-16,2023,6,June
308307,204675,Business,62448,2718.0,48645,Recurring Deposit,2023-01-08,2023,1,January
308308,207171,Savings,48008,1615.0,11213,Fixed Deposit,2022-06-26,2022,6,June
308309,206484,Savings,13843,3387.4620786333057,38433,Mutual Fund,2022-04-24,2022,4,April
308310,200969,Savings,66076,2860.0,36598,Mutual Fund,2023-03-16,2023,3,March
308311,200094,Savings,53398,4802.0,36038,Mutual Fund,2024-06-05,2024,6,June
308312,206159,Current,53174,4255.0,7826,Recurring Deposit,2024-12-16,2024,12,December
308313,205230,Business,9910,3205.0,39360,Mutual Fund,2023-08-24,2023,8,August
308314,204081,Current,98392,2849.0,7780,Mutual Fund,2023-12-20,2023,12,December
308315,205341,Savings,32208,4211.0,17621,Fixed Deposit,2024-09-04,2024,9,September
308316,207438,Business,13884,1123.0,48167,Fixed Deposit,2023-09-04,2023,9,September
308317,209066,Savings,60642,4675.0,48290,Mutual Fund,2025-01-02,2025,1,January
308318,208527,Current,21470,131.0,45437,Mutual Fund,2024-12-18,2024,12,December
308319,209716,Current,66242,2547.0,39031,Recurring Deposit,2023-08-09,2023,8,August
308320,200163,Current,11938,1848.0,34015,Recurring Deposit,2024-04-14,2024,4,April
308321,205505,Savings,55907,639.0,31032,Recurring Deposit,2024-09-27,2024,9,September
308322,206555,Business,89507,3037.0,37506,Recurring Deposit,2025-01-18,2025,1,January
308323,208510,Business,72790,4984.0,30840,Fixed Deposit,2025-03-07,2025,3,March
308324,201278,Current,3824,1339.0,25144,Recurring Deposit,2024-06-21,2024,6,June
308325,201854,Business,89859,4572.0,17211,Mutual Fund,2024-07-20,2024,7,July
308326,206693,Savings,71209,121.0,14441,Fixed Deposit,2024-02-10,2024,2,February
308327,201443,Business,78524,4220.0,47198,Fixed Deposit,2024-03-01,2024,3,March
308328,203765,Savings,40775,1681.0,14731,Recurring Deposit,2023-07-06,2023,7,July
308329,200186,Current,5373,1165.0,4350,Recurring Deposit,2024-08-18,2024,8,August
308330,206285,Current,3594,2692.0,42307,Fixed Deposit,2022-10-11,2022,10,October
308331,200427,Current,66960,2654.0,46162,Mutual Fund,2023-07-10,2023,7,July
308332,201147,Business,67206,346.0948820083642,21465,Mutual Fund,2022-12-12,2022,12,December
308333,204120,Savings,22818,2073.0,12180,Mutual Fund,2023-04-28,2023,4,April
308334,201826,Current,19279,566.0,19994,Recurring Deposit,2023-03-08,2023,3,March
308335,206990,Savings,88075,2645.0,19763,Mutual Fund,2024-04-11,2024,4,April
308336,203758,Current,89110,3483.0,33080,Mutual Fund,2023-10-19,2023,10,October
308337,201680,Savings,92065,252.0,19344,Fixed Deposit,2023-06-11,2023,6,June
308338,205142,Current,33491,4397.0,40387,Recurring Deposit,2022-06-02,2022,6,June
308339,203807,Savings,29206,4755.0,40909,Mutual Fund,2022-11-06,2022,11,November
308340,208313,Savings,6728,3990.0,40404,Mutual Fund,2023-09-20,2023,9,September
308341,200982,Savings,88271,4302.0,1906,Recurring Deposit,2023-06-05,2023,6,June
308342,209445,Business,88573,2611.0,35766,Mutual Fund,2024-02-27,2024,2,February
308343,208208,Current,53637,3058.0,12676,Fixed Deposit,2022-12-04,2022,12,December
308344,204097,Savings,54107,2516.0,5505,Mutual Fund,2024-11-06,2024,11,November
308345,208458,Business,78262,1700.0,41906,Mutual Fund,2022-11-25,2022,11,November
308346,205647,Business,80662,3625.0,39787,Mutual Fund,2024-06-29,2024,6,June
308347,208442,Business,33891,919.0,38235,Fixed Deposit,2023-06-07,2023,6,June
308348,204372,Savings,10962,246.0,35300,Fixed Deposit,2022-12-29,2022,12,December
308349,205933,Savings,54977,3086.0,46500,Mutual Fund,2022-12-18,2022,12,December
308350,205356,Business,13687,4713.0,37896,Mutual Fund,2025-03-01,2025,3,March
308351,203606,Current,92913,3542.0,22114,Mutual Fund,2025-01-19,2025,1,January
308352,209912,Savings,2187,4647.0,21163,Fixed Deposit,2022-11-14,2022,11,November
308353,206076,Savings,61699,1773.0,23243,Fixed Deposit,2022-11-26,2022,11,November
308354,202271,Current,1169,4827.0,8175,Recurring Deposit,2023-03-25,2023,3,March
308355,200940,Savings,40897,270.0,9661,Mutual Fund,2022-09-18,2022,9,September
308356,207653,Current,97350,4762.0,46844,Mutual Fund,2022-05-23,2022,5,May
308357,208664,Current,80825,480.0,35141,Fixed Deposit,2023-07-25,2023,7,July
308358,200513,Savings,51479,2778.0,9312,Recurring Deposit,2024-08-29,2024,8,August
308359,205461,Business,64283,3417.0,44195,Mutual Fund,2022-10-03,2022,10,October
308360,208491,Savings,22599,843.0,43845,Mutual Fund,2024-02-03,2024,2,February
308361,207118,Business,54947,1772.0,30357,Recurring Deposit,2023-04-29,2023,4,April
308362,202501,Savings,73102,790.0,14889,Recurring Deposit,2023-10-16,2023,10,October
308363,203961,Business,71647,820.0,31742,Fixed Deposit,2023-01-01,2023,1,January
308364,202528,Current,82458,4428.0,45833,Fixed Deposit,2023-02-02,2023,2,February
308365,202122,Business,27985,980.0,29863,Mutual Fund,2024-08-10,2024,8,August
308366,202356,Business,44638,657.0,10181,Recurring Deposit,2022-05-13,2022,5,May
308367,204171,Savings,97220,3625.0,15143,Recurring Deposit,2025-01-17,2025,1,January
308368,207468,Current,74791,2706.0,43395,Fixed Deposit,2023-07-26,2023,7,July
308369,202794,Business,76171,4639.0,17004,Mutual Fund,2023-09-06,2023,9,September
308370,209756,Business,75662,668.0,3466,Recurring Deposit,2022-11-05,2022,11,November
308371,205935,Savings,99673,2210.0,9328,Mutual Fund,2023-10-21,2023,10,October
308372,209790,Current,94450,4669.0,26125,Fixed Deposit,2024-02-15,2024,2,February
308373,203568,Business,96456,4200.0,15061,Mutual Fund,2024-07-06,2024,7,July
308374,201219,Savings,15901,4085.0,13370,Fixed Deposit,2022-11-28,2022,11,November
308375,206623,Current,65303,2736.0,27280,Mutual Fund,2024-06-26,2024,6,June
308376,203176,Business,57352,4622.0,44323,Recurring Deposit,2023-07-02,2023,7,July
308377,201800,Business,81000,4206.0,44270,Mutual Fund,2022-09-25,2022,9,September
308378,205193,Business,41400,993.0,44545,Recurring Deposit,2022-04-28,2022,4,April
308379,209290,Business,5636,2127.0,39989,Recurring Deposit,2023-12-09,2023,12,December
308380,209312,Business,76458,1891.0,5575,Recurring Deposit,2024-05-04,2024,5,May
308381,207408,Current,80216,2198.0,4878,Fixed Deposit,2022-11-01,2022,11,November
308382,203722,Business,49535,1519.0,22065,Recurring Deposit,2024-03-01,2024,3,March
308383,207276,Business,5702,2520.0,8973,Mutual Fund,2023-07-31,2023,7,July
308384,204123,Business,18895,4635.0,48045,Fixed Deposit,2022-11-18,2022,11,November
308385,209799,Business,33382,1078.0,24546,Recurring Deposit,2022-03-27,2022,3,March
308386,200149,Savings,56878,2020.0,33526,Recurring Deposit,2024-07-16,2024,7,July
308387,208873,Current,94938,1777.0,45572,Fixed Deposit,2024-05-17,2024,5,May
308388,203225,Current,83780,3508.0,31621,Fixed Deposit,2023-08-17,2023,8,August
308389,208953,Current,51748,521.0,1043,Recurring Deposit,2024-12-20,2024,12,December
308390,208374,Business,13276,279.0,21983,Fixed Deposit,2025-03-20,2025,3,March
308391,207370,Current,8410,1530.0,30534,Recurring Deposit,2023-06-23,2023,6,June
308392,208364,Business,43410,2724.0,13382,Recurring Deposit,2024-03-26,2024,3,March
308393,208546,Business,94044,3378.0,43018,Recurring Deposit,2023-06-14,2023,6,June
308394,202201,Savings,85056,3060.0,2945,Fixed Deposit,2024-08-28,2024,8,August
308395,206744,Business,24084,1543.0,35679,Mutual Fund,2025-01-19,2025,1,January
308396,208924,Current,23306,704.7927169593877,7728,Mutual Fund,2022-11-04,2022,11,November
308397,209111,Business,15624,2846.0,2716,Fixed Deposit,2024-08-15,2024,8,August
308398,209526,Current,43564,3664.0,49308,Fixed Deposit,2024-02-05,2024,2,February
308399,208037,Business,88010,1902.0,26606,Mutual Fund,2023-08-29,2023,8,August
308400,205217,Savings,56490,4814.0,5876,Fixed Deposit,2025-02-23,2025,2,February
308401,205419,Business,52851,2771.0,41531,Mutual Fund,2022-09-11,2022,9,September
308402,208552,Current,5931,2285.0,27354,Recurring Deposit,2024-04-03,2024,4,April
308403,206027,Savings,69721,4199.0,4772,Fixed Deposit,2022-05-22,2022,5,May
308404,209065,Business,11481,3062.0,16835,Recurring Deposit,2022-10-23,2022,10,October
308405,209278,Savings,54271,565.0,10714,Mutual Fund,2025-02-06,2025,2,February
308406,200717,Business,21786,4559.0,35344,Fixed Deposit,2024-07-23,2024,7,July
308407,206803,Savings,60107,4769.0,25794,Recurring Deposit,2022-09-18,2022,9,September
308408,204936,Business,39081,3378.0,13208,Recurring Deposit,2023-07-12,2023,7,July
308409,208446,Current,97196,3087.0,24773,Fixed Deposit,2022-04-28,2022,4,April
308410,204356,Business,6643,1635.0,34448,Recurring Deposit,2023-12-04,2023,12,December
308411,207296,Current,32640,3972.0,3333,Fixed Deposit,2024-11-04,2024,11,November
308412,200522,Business,62032,2573.0,17768,Recurring Deposit,2023-02-26,2023,2,February
308413,206019,Business,13695,1494.0,3327,Recurring Deposit,2024-02-11,2024,2,February
308414,205648,Current,20064,2290.0,20381,Recurring Deposit,2023-09-27,2023,9,September
308415,202627,Current,16576,2099.0,17127,Mutual Fund,2022-08-11,2022,8,August
308416,208607,Current,19091,3287.0,25199,Fixed Deposit,2023-08-09,2023,8,August
308417,203076,Current,87316,851.0,9400,Recurring Deposit,2022-06-14,2022,6,June
308418,200917,Business,42144,2829.0,33862,Fixed Deposit,2024-10-20,2024,10,October
308419,208397,Business,72724,2316.609109444869,25259,Recurring Deposit,2024-12-11,2024,12,December
308420,206612,Business,71265,1597.0,18249,Mutual Fund,2023-01-18,2023,1,January
308421,209282,Current,2297,4229.0,32264,Mutual Fund,2024-09-12,2024,9,September
308422,204852,Business,16922,2430.0,33883,Mutual Fund,2024-06-15,2024,6,June
308423,208458,Business,80251,497.0,8000,Mutual Fund,2023-03-01,2023,3,March
308424,209958,Savings,81992,4437.0,6869,Fixed Deposit,2023-05-26,2023,5,May
308425,209955,Savings,25412,4326.0,46955,Mutual Fund,2023-01-19,2023,1,January
308426,204570,Current,1796,2278.0,17994,Mutual Fund,2022-04-25,2022,4,April
308427,209701,Current,59443,3770.0,16025,Mutual Fund,2022-07-28,2022,7,July
308428,200152,Savings,14502,4203.951544040393,4315,Mutual Fund,2024-07-04,2024,7,July
308429,200553,Business,43145,2335.0,49230,Mutual Fund,2024-02-10,2024,2,February
308430,204582,Business,12843,521.0,35528,Fixed Deposit,2025-02-04,2025,2,February
308431,207970,Current,50924,3296.0,44279,Mutual Fund,2025-01-27,2025,1,January
308432,207758,Business,74075,1765.0,14548,Mutual Fund,2022-08-03,2022,8,August
308433,207215,Business,94685,3376.282638807856,26122,Mutual Fund,2024-05-24,2024,5,May
308434,207191,Savings,39777,4658.0,11595,Fixed Deposit,2023-11-23,2023,11,November
308435,201398,Savings,4989,4295.0,11610,Fixed Deposit,2023-01-17,2023,1,January
308436,209963,Current,3680,1599.0,29973,Mutual Fund,2024-04-20,2024,4,April
308437,206852,Current,75112,817.0,12189,Mutual Fund,2023-07-27,2023,7,July
308438,203428,Savings,73393,3951.0,36459,Recurring Deposit,2024-10-12,2024,10,October
308439,209248,Business,89743,3201.0,43059,Fixed Deposit,2024-10-15,2024,10,October
308440,207639,Savings,98566,2118.0,20629,Fixed Deposit,2024-05-23,2024,5,May
308441,209029,Savings,97976,1003.0,9014,Recurring Deposit,2022-06-16,2022,6,June
308442,202612,Current,76524,2755.0,46968,Recurring Deposit,2025-01-19,2025,1,January
308443,209158,Business,89805,865.0,39352,Mutual Fund,2023-10-02,2023,10,October
308444,201521,Current,30615,1911.0,49387,Mutual Fund,2023-11-28,2023,11,November
308445,203796,Current,82638,2390.0,42862,Recurring Deposit,2022-11-05,2022,11,November
308446,207975,Savings,97370,4274.0,38731,Fixed Deposit,2024-01-14,2024,1,January
308447,209213,Savings,99376,290.0,19467,Fixed Deposit,2023-10-16,2023,10,October
308448,207170,Current,20762,3837.0,48465,Mutual Fund,2023-11-10,2023,11,November
308449,203120,Savings,67384,4092.0,20895,Fixed Deposit,2023-10-21,2023,10,October
308450,203085,Savings,51844,924.0,39880,Fixed Deposit,2022-04-08,2022,4,April
308451,208060,Business,66202,1655.0,2046,Recurring Deposit,2023-06-06,2023,6,June
308452,200246,Business,6942,4310.0,42179,Mutual Fund,2023-09-07,2023,9,September
308453,208623,Current,76689,2988.914418391564,11267,Fixed Deposit,2023-09-17,2023,9,September
308454,200566,Business,29240,2627.0,48829,Fixed Deposit,2023-07-12,2023,7,July
308455,208672,Current,14133,3962.0,44558,Mutual Fund,2024-02-11,2024,2,February
308456,208726,Business,25467,3107.0,40445,Fixed Deposit,2024-08-08,2024,8,August
308457,206251,Savings,39134,833.0,36004,Mutual Fund,2022-08-04,2022,8,August
308458,204271,Savings,62550,2697.0,22955,Recurring Deposit,2023-02-19,2023,2,February
308459,200468,Current,57154,1308.0,28479,Mutual Fund,2024-02-09,2024,2,February
308460,203958,Business,88037,1665.0,22178,Recurring Deposit,2023-12-26,2023,12,December
308461,202574,Savings,69027,3926.0,48607,Fixed Deposit,2024-02-06,2024,2,February
308462,204247,Current,69722,3046.0,21687,Recurring Deposit,2023-06-12,2023,6,June
308463,205395,Business,14350,859.0,39129,Fixed Deposit,2022-11-30,2022,11,November
308464,207205,Savings,75991,3398.0,8228,Recurring Deposit,2024-01-08,2024,1,January
308465,201621,Business,23460,4135.0,41654,Mutual Fund,2023-12-24,2023,12,December
308466,202995,Current,49575,3280.0,19656,Fixed Deposit,2022-10-23,2022,10,October
308467,201970,Current,31614,2862.0,40389,Fixed Deposit,2024-09-18,2024,9,September
308468,208622,Current,37104,2611.0,36767,Recurring Deposit,2024-10-04,2024,10,October
308469,204415,Savings,78689,2051.0,13218,Mutual Fund,2022-08-01,2022,8,August
308470,202118,Current,50844,3890.0,32732,Mutual Fund,2022-10-30,2022,10,October
308471,201111,Business,14490,3514.0,12430,Recurring Deposit,2023-02-06,2023,2,February
308472,202214,Savings,60730,1488.0,35984,Recurring Deposit,2023-07-05,2023,7,July
308473,204726,Current,17287,3843.0,22880,Mutual Fund,2024-03-27,2024,3,March
308474,200796,Current,71195,241.0,4268,Recurring Deposit,2024-06-14,2024,6,June
308475,203307,Savings,77427,165.0,44578,Mutual Fund,2023-08-24,2023,8,August
308476,202969,Current,77609,4905.0,22180,Fixed Deposit,2022-07-01,2022,7,July
308477,209613,Business,49483,4751.0,15513,Fixed Deposit,2024-09-23,2024,9,September
308478,206463,Savings,88316,95.88350961395332,34515,Mutual Fund,2023-10-25,2023,10,October
308479,205934,Business,41615,4622.0,9374,Recurring Deposit,2022-08-05,2022,8,August
308480,204627,Business,95730,3714.0,30059,Recurring Deposit,2022-03-31,2022,3,March
308481,204102,Current,89636,163.0,25335,Recurring Deposit,2023-12-17,2023,12,December
308482,209937,Savings,99763,1381.0,5594,Fixed Deposit,2024-12-07,2024,12,December
308483,208429,Current,28908,398.0,34946,Fixed Deposit,2023-05-19,2023,5,May
308484,208029,Business,85337,3939.0,13182,Mutual Fund,2023-12-24,2023,12,December
308485,202498,Current,48630,2659.0,26100,Mutual Fund,2022-12-17,2022,12,December
308486,205233,Current,32135,3639.0,40545,Recurring Deposit,2024-07-31,2024,7,July
308487,208640,Business,70456,1231.0,27436,Fixed Deposit,2024-03-07,2024,3,March
308488,203229,Current,81168,1346.0,17863,Mutual Fund,2024-08-19,2024,8,August
308489,209196,Business,33675,1018.0,39454,Recurring Deposit,2022-10-19,2022,10,October
308490,208001,Savings,79925,1533.0,20943,Mutual Fund,2023-01-24,2023,1,January
308491,205518,Business,41808,846.0,28854,Fixed Deposit,2023-01-03,2023,1,January
308492,200638,Savings,22384,3416.0,43811,Fixed Deposit,2023-11-04,2023,11,November
308493,207903,Business,75237,3696.9291507870353,49342,Fixed Deposit,2023-06-13,2023,6,June
308494,202629,Business,71992,428.0,31124,Fixed Deposit,2024-07-28,2024,7,July
308495,208120,Current,65134,4877.0,19745,Mutual Fund,2024-04-21,2024,4,April
308496,204760,Savings,58082,244.0457462896196,13607,Recurring Deposit,2022-05-25,2022,5,May
308497,201558,Business,51527,4111.0,34953,Fixed Deposit,2023-07-03,2023,7,July
308498,207817,Current,73747,1981.8654001055488,36459,Recurring Deposit,2024-09-15,2024,9,September
308499,202960,Current,5011,4194.0,12340,Fixed Deposit,2023-07-06,2023,7,July
308500,202227,Savings,71543,4271.0,41264,Mutual Fund,2024-04-26,2024,4,April
308501,200952,Current,16553,190.0,17267,Fixed Deposit,2024-08-05,2024,8,August
308502,209727,Current,44465,281.7619991777438,13001,Mutual Fund,2024-03-09,2024,3,March
308503,200492,Business,61931,637.0,20123,Fixed Deposit,2023-03-04,2023,3,March
308504,201616,Savings,12327,206.0,10991,Fixed Deposit,2022-05-01,2022,5,May
308505,207880,Savings,8428,3953.0,34551,Mutual Fund,2022-03-24,2022,3,March
308506,202990,Savings,9294,1329.0,28095,Recurring Deposit,2022-11-15,2022,11,November
308507,203398,Savings,93313,494.0,33915,Recurring Deposit,2023-05-03,2023,5,May
308508,203583,Current,11909,3865.0,42799,Fixed Deposit,2023-06-30,2023,6,June
308509,208981,Savings,5993,3179.0,37626,Fixed Deposit,2024-12-10,2024,12,December
308510,206065,Current,24922,778.0,30619,Recurring Deposit,2024-12-03,2024,12,December
308511,209321,Current,88953,4388.0,46993,Mutual Fund,2024-03-24,2024,3,March
308512,202381,Current,86869,2822.0,30912,Fixed Deposit,2022-09-29,2022,9,September
308513,209589,Current,37462,4696.0,5644,Mutual Fund,2024-12-30,2024,12,December
308514,202499,Savings,31294,105.0,24106,Recurring Deposit,2025-01-18,2025,1,January
308515,204279,Current,22262,1874.0,9318,Fixed Deposit,2023-06-10,2023,6,June
308516,206847,Business,87963,1078.0,18982,Recurring Deposit,2023-12-29,2023,12,December
308517,206483,Business,89949,4290.0,48457,Recurring Deposit,2022-12-24,2022,12,December
308518,205991,Business,5763,2870.0,13854,Mutual Fund,2024-04-23,2024,4,April
308519,204706,Business,77098,2139.0,7354,Mutual Fund,2025-02-21,2025,2,February
308520,201476,Current,2154,2042.0,46156,Mutual Fund,2024-12-16,2024,12,December
308521,200224,Business,37918,624.0,1455,Mutual Fund,2023-04-05,2023,4,April
308522,206999,Business,54951,1057.0,27903,Fixed Deposit,2022-05-04,2022,5,May
308523,201316,Current,40480,2271.0,24580,Fixed Deposit,2022-09-22,2022,9,September
308524,203544,Savings,64969,363.0,39283,Fixed Deposit,2023-05-25,2023,5,May
308525,205973,Savings,53259,2524.0,20504,Mutual Fund,2024-04-24,2024,4,April
308526,202796,Savings,40303,4001.0,21079,Recurring Deposit,2022-07-02,2022,7,July
308527,207428,Savings,57072,3518.0,46764,Fixed Deposit,2024-10-06,2024,10,October
308528,201671,Current,84325,4312.0,6440,Mutual Fund,2023-10-03,2023,10,October
308529,202813,Current,61503,1697.0,13364,Fixed Deposit,2024-09-08,2024,9,September
308530,206964,Savings,61887,3473.0,43086,Fixed Deposit,2024-04-05,2024,4,April
308531,204462,Business,22922,3708.0,38895,Fixed Deposit,2024-08-15,2024,8,August
308532,205402,Current,23666,3684.0,2658,Mutual Fund,2024-01-27,2024,1,January
308533,201506,Business,99679,2606.0,33565,Fixed Deposit,2023-04-25,2023,4,April
308534,200832,Business,45808,1348.4736718732374,23290,Recurring Deposit,2024-11-20,2024,11,November
308535,205830,Business,69215,1682.0,39637,Fixed Deposit,2025-02-18,2025,2,February
308536,209215,Savings,66483,1105.0,36739,Mutual Fund,2024-03-29,2024,3,March
308537,201410,Savings,40756,2558.0,45553,Mutual Fund,2025-03-03,2025,3,March
308538,201212,Savings,17924,3607.0,16024,Fixed Deposit,2022-09-22,2022,9,September
308539,206633,Business,63253,823.0,1817,Fixed Deposit,2023-10-21,2023,10,October
308540,206193,Business,22791,1391.0,23369,Recurring Deposit,2024-05-25,2024,5,May
308541,202248,Current,23999,861.0,4657,Recurring Deposit,2024-08-30,2024,8,August
308542,208366,Current,94390,3592.0,33777,Recurring Deposit,2022-04-17,2022,4,April
308543,203346,Savings,48465,4201.0,5052,Mutual Fund,2023-04-28,2023,4,April
308544,202237,Current,79710,562.0,5673,Fixed Deposit,2022-11-28,2022,11,November
308545,207301,Business,99034,4578.0,11248,Fixed Deposit,2024-09-09,2024,9,September
308546,208070,Business,90861,3519.0,43622,Fixed Deposit,2022-06-19,2022,6,June
308547,201636,Business,54916,2949.0,10967,Mutual Fund,2022-11-03,2022,11,November
308548,209049,Savings,18295,4713.0,12813,Recurring Deposit,2023-07-30,2023,7,July
308549,207981,Current,66225,4383.0,41706,Mutual Fund,2024-03-06,2024,3,March
308550,201568,Business,84198,3348.0,27265,Mutual Fund,2025-03-01,2025,3,March
308551,201651,Savings,23135,1909.0,15726,Fixed Deposit,2022-10-17,2022,10,October
308552,202376,Savings,73172,4322.0,13403,Mutual Fund,2023-09-27,2023,9,September
308553,207668,Current,57156,3313.0,41536,Recurring Deposit,2022-11-29,2022,11,November
308554,207708,Business,79975,3063.0,36426,Fixed Deposit,2022-06-11,2022,6,June
308555,201396,Savings,92783,1549.0,21141,Fixed Deposit,2023-05-18,2023,5,May
308556,203582,Savings,54607,2964.161301249062,19405,Fixed Deposit,2023-10-03,2023,10,October
308557,202822,Business,95666,2516.0,32458,Recurring Deposit,2024-01-01,2024,1,January
308558,202529,Savings,45630,3108.0,48221,Mutual Fund,2024-12-03,2024,12,December
308559,209769,Savings,21893,4936.809222206391,25646,Fixed Deposit,2023-09-25,2023,9,September
308560,205586,Current,89782,1953.0,39547,Mutual Fund,2022-06-04,2022,6,June
308561,200430,Current,55492,3741.0,12990,Fixed Deposit,2023-06-14,2023,6,June
308562,203585,Current,86448,4939.0,42841,Recurring Deposit,2023-06-17,2023,6,June
308563,206147,Current,55410,4112.0,26052,Mutual Fund,2024-06-20,2024,6,June
308564,204432,Current,67638,4618.0,30109,Mutual Fund,2024-12-07,2024,12,December
308565,209310,Business,84132,1014.0,42108,Mutual Fund,2022-07-18,2022,7,July
308566,207614,Savings,32339,1003.0,3281,Recurring Deposit,2024-05-27,2024,5,May
308567,204125,Business,66645,2400.0,46124,Recurring Deposit,2023-01-16,2023,1,January
308568,209089,Business,16535,2607.118975987368,44175,Recurring Deposit,2024-11-20,2024,11,November
308569,209033,Current,94156,3919.0,3287,Recurring Deposit,2022-12-30,2022,12,December
308570,206271,Business,10239,4443.0,36562,Fixed Deposit,2022-08-14,2022,8,August
308571,201887,Savings,21693,4211.0,48669,Mutual Fund,2024-10-06,2024,10,October
308572,208416,Business,40263,1520.0,14344,Recurring Deposit,2022-12-05,2022,12,December
308573,203345,Business,54387,1116.0,41640,Fixed Deposit,2024-07-12,2024,7,July
308574,200407,Current,44664,4609.0,9035,Mutual Fund,2023-08-04,2023,8,August
308575,206820,Business,1728,1264.0,2871,Fixed Deposit,2023-07-25,2023,7,July
308576,202205,Business,99061,1848.0,28858,Recurring Deposit,2025-02-17,2025,2,February
308577,206550,Current,24704,438.0,23166,Fixed Deposit,2023-07-01,2023,7,July
308578,201192,Savings,60866,2302.0,11293,Mutual Fund,2023-05-16,2023,5,May
308579,202391,Current,6900,4617.0,10986,Recurring Deposit,2025-02-17,2025,2,February
308580,201422,Current,31500,591.0,28565,Recurring Deposit,2025-03-09,2025,3,March
308581,206655,Business,67825,137.0,14105,Fixed Deposit,2025-02-22,2025,2,February
308582,203273,Current,65584,3350.0,20729,Mutual Fund,2023-10-05,2023,10,October
308583,202042,Current,70068,3322.0,46826,Recurring Deposit,2022-08-16,2022,8,August
308584,203659,Savings,12142,4851.0,15697,Fixed Deposit,2024-06-28,2024,6,June
308585,205728,Business,89973,2658.0,36954,Mutual Fund,2024-09-07,2024,9,September
308586,209385,Savings,26723,1039.0,19690,Recurring Deposit,2023-09-18,2023,9,September
308587,202818,Savings,43595,2867.0,41071,Recurring Deposit,2022-10-30,2022,10,October
308588,209520,Current,60765,1523.0,43783,Fixed Deposit,2022-04-10,2022,4,April
308589,204177,Savings,89324,2557.0,32581,Fixed Deposit,2022-10-19,2022,10,October
308590,201316,Savings,97268,4428.0,20474,Mutual Fund,2024-06-02,2024,6,June
308591,206918,Current,93150,1309.0,29488,Fixed Deposit,2023-06-01,2023,6,June
308592,200878,Current,73731,3019.0,37061,Recurring Deposit,2023-10-21,2023,10,October
308593,209253,Business,16986,4934.0,35999,Recurring Deposit,2024-04-12,2024,4,April
308594,206585,Current,51611,3368.0,19757,Mutual Fund,2023-12-21,2023,12,December
308595,203204,Current,41142,3836.0,8343,Mutual Fund,2023-08-31,2023,8,August
308596,200594,Current,18830,1486.0,45062,Mutual Fund,2022-11-29,2022,11,November
308597,204280,Business,31484,962.0,39057,Fixed Deposit,2022-08-27,2022,8,August
308598,200667,Savings,72365,2138.0,4060,Recurring Deposit,2023-02-22,2023,2,February
308599,204644,Current,66517,2357.0,29884,Fixed Deposit,2022-11-16,2022,11,November
308600,200216,Business,1536,4170.0,18959,Recurring Deposit,2024-05-10,2024,5,May
308601,206007,Current,92597,3107.0,33182,Mutual Fund,2023-02-27,2023,2,February
308602,204703,Savings,33786,2643.0,47414,Recurring Deposit,2023-01-07,2023,1,January
308603,209464,Savings,13147,1028.0,2770,Recurring Deposit,2024-08-04,2024,8,August
308604,206756,Current,62705,2278.0,6418,Mutual Fund,2024-10-28,2024,10,October
308605,208157,Current,46294,535.0,19893,Mutual Fund,2025-02-24,2025,2,February
308606,209553,Business,62153,3005.0,7457,Recurring Deposit,2024-06-14,2024,6,June
308607,204480,Savings,44634,2312.0,48269,Fixed Deposit,2024-06-24,2024,6,June
308608,204192,Current,17988,2218.0,31847,Mutual Fund,2024-07-24,2024,7,July
308609,208788,Current,36029,1407.0,39859,Mutual Fund,2025-03-15,2025,3,March
308610,203981,Current,64345,268.0,15972,Fixed Deposit,2022-09-14,2022,9,September
308611,202798,Current,56226,519.0,8694,Fixed Deposit,2023-12-29,2023,12,December
308612,204783,Business,54505,4281.0,3748,Fixed Deposit,2024-03-05,2024,3,March
308613,204738,Business,56381,4076.0,16396,Fixed Deposit,2022-07-17,2022,7,July
308614,203578,Savings,37416,4724.0,13381,Mutual Fund,2022-09-18,2022,9,September
308615,204784,Savings,78553,4941.0,48098,Fixed Deposit,2022-10-10,2022,10,October
308616,205559,Business,87603,238.0,5725,Fixed Deposit,2022-04-16,2022,4,April
308617,201752,Savings,80870,400.0,9290,Fixed Deposit,2024-04-03,2024,4,April
308618,200699,Business,89643,3004.0,38026,Recurring Deposit,2023-09-12,2023,9,September
308619,203317,Current,80028,628.0,7825,Mutual Fund,2023-07-18,2023,7,July
308620,200352,Current,81111,2622.0,17425,Mutual Fund,2025-02-26,2025,2,February
308621,207165,Business,7546,3805.0,37915,Fixed Deposit,2023-10-05,2023,10,October
308622,208062,Current,11873,3738.0,6732,Mutual Fund,2022-10-22,2022,10,October
308623,208668,Current,55800,206.0,35331,Fixed Deposit,2024-02-05,2024,2,February
308624,209618,Business,18377,3803.0,42192,Mutual Fund,2024-10-04,2024,10,October
308625,204090,Current,19666,3934.0,32113,Fixed Deposit,2024-06-10,2024,6,June
308626,206809,Savings,1953,1961.0,32946,Mutual Fund,2023-09-03,2023,9,September
308627,206134,Current,95525,141.0,35817,Recurring Deposit,2022-12-13,2022,12,December
308628,201069,Savings,83757,230.0,36201,Recurring Deposit,2023-07-07,2023,7,July
308629,200861,Business,24859,3268.0,21560,Fixed Deposit,2022-05-04,2022,5,May
308630,200085,Savings,50759,933.0,25039,Fixed Deposit,2022-09-21,2022,9,September
308631,206890,Current,51532,1743.0,12888,Mutual Fund,2023-03-01,2023,3,March
308632,202641,Savings,7975,1301.0,17844,Recurring Deposit,2022-10-06,2022,10,October
308633,206020,Current,20292,888.0,9101,Fixed Deposit,2025-03-03,2025,3,March
308634,209441,Current,98850,1340.0,12315,Mutual Fund,2022-10-28,2022,10,October
308635,205265,Savings,28754,4588.0,11201,Recurring Deposit,2025-02-21,2025,2,February
308636,207421,Current,41413,2459.0,1410,Recurring Deposit,2023-03-07,2023,3,March
308637,207689,Savings,46077,4712.0,21212,Mutual Fund,2023-07-11,2023,7,July
308638,206785,Current,28612,3648.0,26201,Mutual Fund,2022-10-01,2022,10,October
308639,206106,Business,22377,1918.0,41756,Mutual Fund,2023-02-09,2023,2,February
308640,206588,Business,54705,1738.0,8078,Fixed Deposit,2022-10-09,2022,10,October
308641,209077,Savings,57365,1399.0,3468,Recurring Deposit,2022-07-21,2022,7,July
308642,205525,Savings,46046,739.0,36040,Fixed Deposit,2024-01-09,2024,1,January
308643,203977,Business,14363,384.0,19360,Mutual Fund,2025-02-26,2025,2,February
308644,203386,Business,55956,1370.0,8121,Fixed Deposit,2022-09-10,2022,9,September
308645,204075,Business,15434,3268.0,28203,Mutual Fund,2022-07-19,2022,7,July
308646,208254,Business,48284,747.0,13655,Fixed Deposit,2022-04-19,2022,4,April
308647,201777,Current,51211,3329.0,25029,Fixed Deposit,2024-04-11,2024,4,April
308648,204030,Savings,51610,3840.441274947008,43405,Mutual Fund,2024-01-19,2024,1,January
308649,203205,Savings,25081,3013.0,8760,Fixed Deposit,2022-05-26,2022,5,May
308650,200815,Business,4384,4580.0,40032,Mutual Fund,2023-01-20,2023,1,January
308651,209742,Savings,80473,1590.0,43488,Recurring Deposit,2022-09-04,2022,9,September
308652,206856,Savings,91541,1114.0,13007,Recurring Deposit,2022-05-10,2022,5,May
308653,206031,Current,73675,2933.0,9312,Recurring Deposit,2025-01-08,2025,1,January
308654,202209,Current,55249,4506.0,1780,Recurring Deposit,2024-05-26,2024,5,May
308655,203069,Savings,98320,2740.0,47803,Recurring Deposit,2024-09-27,2024,9,September
308656,208618,Current,4960,205.0,9964,Fixed Deposit,2022-06-21,2022,6,June
308657,208215,Business,96993,2690.0,45021,Recurring Deposit,2024-03-18,2024,3,March
308658,205093,Savings,24156,2211.0,6590,Recurring Deposit,2022-09-21,2022,9,September
308659,205221,Current,37342,2432.0,17650,Fixed Deposit,2023-04-18,2023,4,April
308660,201304,Current,79971,4110.0,24074,Recurring Deposit,2022-05-27,2022,5,May
308661,203947,Savings,1714,4152.0,40377,Recurring Deposit,2022-07-01,2022,7,July
308662,207933,Savings,87163,2530.422221542926,10524,Fixed Deposit,2023-07-02,2023,7,July
308663,204394,Business,34376,1025.0,41441,Fixed Deposit,2025-01-21,2025,1,January
308664,203078,Current,80497,2692.0,40198,Mutual Fund,2022-04-05,2022,4,April
308665,207098,Savings,79909,2805.0,14162,Mutual Fund,2022-08-17,2022,8,August
308666,207706,Current,63527,3092.0,23926,Mutual Fund,2022-09-29,2022,9,September
308667,208739,Current,45248,4376.0,37582,Fixed Deposit,2024-10-10,2024,10,October
308668,206120,Current,34815,5256.104009788424,25837,Mutual Fund,2023-02-03,2023,2,February
308669,205522,Current,77584,1476.0,39108,Fixed Deposit,2024-09-18,2024,9,September
308670,207352,Savings,66466,4682.0,45890,Recurring Deposit,2023-01-25,2023,1,January
308671,202275,Savings,76470,1306.2048099593503,27587,Mutual Fund,2023-01-02,2023,1,January
308672,207236,Business,74703,3744.0,45182,Recurring Deposit,2025-01-25,2025,1,January
308673,200196,Savings,20287,3052.0,48961,Fixed Deposit,2023-09-18,2023,9,September
308674,209729,Current,54070,2813.0,32770,Fixed Deposit,2022-05-05,2022,5,May
308675,209322,Business,90840,2692.0,3693,Fixed Deposit,2022-08-09,2022,8,August
308676,207313,Savings,65469,1139.0,44680,Recurring Deposit,2022-11-02,2022,11,November
308677,203231,Savings,74380,1974.0,26421,Recurring Deposit,2023-05-25,2023,5,May
308678,200368,Business,69894,622.0,5084,Recurring Deposit,2024-09-06,2024,9,September
308679,203228,Savings,50814,3153.0,26459,Mutual Fund,2023-09-12,2023,9,September
308680,209008,Savings,19174,4811.0,12778,Fixed Deposit,2023-09-19,2023,9,September
308681,201491,Savings,62962,4513.0,17274,Recurring Deposit,2022-11-25,2022,11,November
308682,207027,Current,73777,1789.0,44623,Mutual Fund,2024-05-06,2024,5,May
308683,200719,Business,11101,1242.0,34170,Recurring Deposit,2024-10-28,2024,10,October
308684,202762,Business,49789,2148.0,1410,Fixed Deposit,2023-03-31,2023,3,March
308685,204734,Current,57552,841.0,19353,Mutual Fund,2024-05-13,2024,5,May
308686,208987,Business,81245,4975.0,20364,Mutual Fund,2024-08-22,2024,8,August
308687,202202,Savings,9149,412.0,13729,Mutual Fund,2022-07-05,2022,7,July
308688,203207,Current,81164,3244.0,27098,Mutual Fund,2022-08-21,2022,8,August
308689,202503,Current,9730,706.0,9105,Mutual Fund,2024-09-04,2024,9,September
308690,205782,Current,92136,4342.0,28439,Mutual Fund,2022-04-11,2022,4,April
308691,206175,Business,91558,1731.0,17178,Fixed Deposit,2024-06-19,2024,6,June
308692,205134,Current,60012,4482.0,19023,Fixed Deposit,2023-02-21,2023,2,February
308693,201882,Current,7567,121.0,30032,Mutual Fund,2023-01-12,2023,1,January
308694,209594,Current,96771,3127.0,35753,Fixed Deposit,2023-06-01,2023,6,June
308695,201987,Business,81156,4316.0,28824,Fixed Deposit,2022-12-12,2022,12,December
308696,208287,Business,52072,2504.0,10271,Recurring Deposit,2024-07-02,2024,7,July
308697,200814,Business,18726,2725.0,48003,Recurring Deposit,2022-03-27,2022,3,March
308698,202660,Current,83482,3431.0,33569,Recurring Deposit,2022-08-21,2022,8,August
308699,209333,Savings,61515,4865.0,6257,Mutual Fund,2023-02-16,2023,2,February
308700,202569,Business,12645,1053.0,23693,Recurring Deposit,2024-05-12,2024,5,May
308701,207347,Savings,91193,4121.0,2179,Fixed Deposit,2024-03-27,2024,3,March
308702,205343,Savings,50507,4008.0,28148,Recurring Deposit,2023-10-11,2023,10,October
308703,207421,Business,28265,4714.0,49632,Mutual Fund,2025-03-09,2025,3,March
308704,204018,Business,80298,3759.0,14200,Mutual Fund,2024-09-21,2024,9,September
308705,200974,Savings,53443,2252.0,26470,Fixed Deposit,2023-01-02,2023,1,January
308706,201861,Business,40227,302.0,5782,Fixed Deposit,2024-02-01,2024,2,February
308707,200648,Savings,88955,4191.0,42412,Recurring Deposit,2025-01-30,2025,1,January
308708,208933,Savings,72186,1930.0,41210,Recurring Deposit,2022-09-03,2022,9,September
308709,201576,Current,5200,294.0,25801,Recurring Deposit,2022-12-26,2022,12,December
308710,202599,Savings,66316,4154.0,29266,Mutual Fund,2023-09-23,2023,9,September
308711,204879,Current,82550,1738.0,1934,Recurring Deposit,2023-10-31,2023,10,October
308712,201787,Current,57442,315.0,40320,Recurring Deposit,2024-01-08,2024,1,January
308713,200137,Business,36304,2116.0,20250,Fixed Deposit,2023-02-16,2023,2,February
308714,202056,Business,90285,2881.0,34393,Mutual Fund,2024-05-27,2024,5,May
308715,201831,Savings,83793,775.0,13501,Mutual Fund,2023-03-09,2023,3,March
308716,208760,Business,9439,2218.753252783415,8589,Fixed Deposit,2023-12-14,2023,12,December
308717,204726,Business,24360,3241.0,15940,Mutual Fund,2022-09-12,2022,9,September
308718,205894,Business,20724,4891.0,25513,Fixed Deposit,2023-07-22,2023,7,July
308719,204266,Business,50719,4775.0,36944,Fixed Deposit,2022-09-29,2022,9,September
308720,209075,Savings,15445,4759.213489574257,22865,Fixed Deposit,2024-03-13,2024,3,March
308721,204607,Current,96234,3092.0,25285,Recurring Deposit,2022-09-08,2022,9,September
308722,207678,Current,23316,4958.0,45432,Recurring Deposit,2024-06-05,2024,6,June
308723,204470,Current,58080,1358.0,43147,Mutual Fund,2022-10-18,2022,10,October
308724,201895,Business,2351,1062.0,2715,Fixed Deposit,2024-04-29,2024,4,April
308725,208395,Business,49342,4687.0,2805,Recurring Deposit,2023-10-03,2023,10,October
308726,204152,Savings,24840,2962.0,36355,Mutual Fund,2025-03-19,2025,3,March
308727,200656,Current,70473,3763.0,11356,Mutual Fund,2023-06-11,2023,6,June
308728,209240,Savings,13385,3401.0,35693,Fixed Deposit,2024-08-02,2024,8,August
308729,203462,Current,92416,2984.0,24690,Fixed Deposit,2022-05-23,2022,5,May
308730,203126,Savings,58149,599.0,7983,Mutual Fund,2022-07-26,2022,7,July
308731,203024,Savings,25424,2602.0,28694,Mutual Fund,2023-08-12,2023,8,August
308732,203743,Savings,52067,4007.0,37275,Mutual Fund,2024-04-25,2024,4,April
308733,200071,Current,5842,347.0,27565,Recurring Deposit,2022-09-16,2022,9,September
308734,205653,Business,87949,1347.0,20152,Recurring Deposit,2023-11-08,2023,11,November
308735,200749,Current,13443,3409.0,16270,Mutual Fund,2023-06-04,2023,6,June
308736,200952,Business,38200,2767.0,17842,Mutual Fund,2024-02-28,2024,2,February
308737,206279,Savings,23885,1827.0,43982,Mutual Fund,2024-10-08,2024,10,October
308738,204612,Current,7010,3924.0,19436,Recurring Deposit,2023-07-18,2023,7,July
308739,204122,Business,35927,2756.0,46662,Fixed Deposit,2025-02-20,2025,2,February
308740,204179,Current,23557,3949.0,3127,Fixed Deposit,2024-02-08,2024,2,February
308741,206026,Current,62056,2706.0,29317,Mutual Fund,2023-03-06,2023,3,March
308742,205171,Current,21443,1864.0,20659,Recurring Deposit,2024-07-28,2024,7,July
308743,200073,Savings,64587,3646.0,2602,Recurring Deposit,2023-12-13,2023,12,December
308744,202059,Business,60793,1475.0,23352,Mutual Fund,2023-06-15,2023,6,June
308745,209551,Savings,49736,4652.0,14492,Mutual Fund,2024-01-14,2024,1,January
308746,201277,Business,23639,4501.0,47915,Mutual Fund,2023-01-08,2023,1,January
308747,204698,Savings,10964,1383.0,4141,Recurring Deposit,2022-07-07,2022,7,July
308748,209193,Current,62498,3668.0,28247,Fixed Deposit,2024-03-28,2024,3,March
308749,201127,Savings,79822,1676.221352674777,32502,Recurring Deposit,2025-02-07,2025,2,February
308750,200602,Current,83193,4434.0,16775,Recurring Deposit,2023-10-12,2023,10,October
308751,206458,Business,10478,3989.0,41148,Recurring Deposit,2022-12-24,2022,12,December
308752,201524,Business,68772,1499.0,41119,Fixed Deposit,2022-04-09,2022,4,April
308753,205291,Current,84651,3259.0,7071,Fixed Deposit,2025-01-31,2025,1,January
308754,209898,Current,4728,3422.0,2915,Fixed Deposit,2024-04-22,2024,4,April
308755,201166,Savings,41530,2009.0,46249,Mutual Fund,2025-01-28,2025,1,January
308756,201932,Savings,95916,4355.0,16085,Fixed Deposit,2022-08-31,2022,8,August
308757,209952,Savings,53582,3250.0,21591,Mutual Fund,2023-11-26,2023,11,November
308758,204292,Business,30878,2462.0,35498,Mutual Fund,2024-01-30,2024,1,January
308759,208856,Current,22733,3653.0,37760,Fixed Deposit,2024-06-09,2024,6,June
308760,206333,Business,98252,4938.0,38530,Mutual Fund,2025-01-07,2025,1,January
308761,200962,Current,74675,2671.0,11714,Recurring Deposit,2025-02-03,2025,2,February
308762,209244,Current,14016,2765.0,2288,Mutual Fund,2022-07-31,2022,7,July
308763,209180,Business,13766,997.0,40459,Recurring Deposit,2022-09-22,2022,9,September
308764,206698,Savings,72463,3161.0,16114,Mutual Fund,2022-10-29,2022,10,October
308765,200087,Savings,87158,2965.0,23310,Mutual Fund,2023-11-24,2023,11,November
308766,204951,Business,48544,2050.0,32622,Fixed Deposit,2023-12-03,2023,12,December
308767,208664,Current,98471,2900.0,9460,Recurring Deposit,2025-03-04,2025,3,March
308768,202468,Business,23262,252.0,41902,Recurring Deposit,2024-09-23,2024,9,September
308769,206212,Savings,67762,2394.0,38353,Fixed Deposit,2022-08-26,2022,8,August
308770,204874,Current,91332,4508.0,28950,Recurring Deposit,2022-12-08,2022,12,December
308771,203495,Business,25698,3071.0,36306,Recurring Deposit,2022-06-29,2022,6,June
308772,208042,Savings,6252,3984.0,2612,Recurring Deposit,2023-10-07,2023,10,October
308773,200246,Current,77605,381.0,9308,Recurring Deposit,2023-01-24,2023,1,January
308774,202878,Business,35985,2343.0,44525,Fixed Deposit,2023-08-29,2023,8,August
308775,206131,Business,23101,4224.0,15122,Fixed Deposit,2023-01-26,2023,1,January
308776,204494,Savings,68495,2226.0,27648,Mutual Fund,2024-09-30,2024,9,September
308777,203976,Business,96130,4933.0,42171,Fixed Deposit,2023-12-09,2023,12,December
308778,209713,Business,14204,2016.0,5424,Mutual Fund,2022-09-27,2022,9,September
308779,200325,Business,7776,1715.0,40448,Recurring Deposit,2023-03-17,2023,3,March
308780,208793,Business,10491,2664.0,39628,Fixed Deposit,2024-01-09,2024,1,January
308781,200810,Savings,2823,3598.467813308465,37136,Mutual Fund,2024-05-04,2024,5,May
308782,208595,Current,60061,965.0,20051,Mutual Fund,2023-05-27,2023,5,May
308783,206780,Current,81931,3065.0,37690,Recurring Deposit,2024-09-09,2024,9,September
308784,205986,Business,23517,144.23767591852211,14308,Mutual Fund,2024-09-28,2024,9,September
308785,205546,Savings,43937,4269.0,33418,Recurring Deposit,2023-05-19,2023,5,May
308786,206845,Business,33879,1244.0,43819,Fixed Deposit,2024-12-15,2024,12,December
308787,204689,Business,5973,1437.2921958347692,1055,Recurring Deposit,2023-12-02,2023,12,December
308788,202274,Business,31274,1795.9558870270246,30138,Fixed Deposit,2023-09-25,2023,9,September
308789,202227,Business,88239,389.0,4889,Fixed Deposit,2024-03-29,2024,3,March
308790,203017,Current,66053,4760.0,17427,Mutual Fund,2025-01-19,2025,1,January
308791,208089,Business,81579,1736.0,2541,Recurring Deposit,2024-10-12,2024,10,October
308792,207133,Business,77934,4728.0,42458,Recurring Deposit,2023-12-09,2023,12,December
308793,201438,Business,96895,1531.0,31047,Mutual Fund,2024-04-11,2024,4,April
308794,203384,Current,79113,3779.0,32481,Recurring Deposit,2024-05-23,2024,5,May
308795,200663,Savings,66506,3427.552368586244,44128,Recurring Deposit,2023-05-28,2023,5,May
308796,208345,Savings,53790,3400.0,39447,Mutual Fund,2022-11-04,2022,11,November
308797,200732,Savings,46926,884.0,24897,Fixed Deposit,2024-02-25,2024,2,February
308798,200805,Savings,99931,2375.0,33773,Recurring Deposit,2022-09-04,2022,9,September
308799,204217,Savings,94774,4354.0,13324,Fixed Deposit,2022-09-26,2022,9,September
308800,208373,Business,36184,1301.0,33234,Mutual Fund,2023-04-14,2023,4,April
308801,208072,Business,31219,514.6293840165282,38089,Mutual Fund,2024-04-19,2024,4,April
308802,203679,Savings,94688,628.0,42703,Fixed Deposit,2024-05-01,2024,5,May
308803,204068,Current,76772,4017.0,7514,Recurring Deposit,2023-03-14,2023,3,March
308804,201703,Business,9634,3881.0,2257,Fixed Deposit,2024-11-21,2024,11,November
308805,208529,Savings,20011,2881.0,38722,Recurring Deposit,2022-10-16,2022,10,October
308806,206246,Current,16120,2046.0,33307,Fixed Deposit,2022-05-06,2022,5,May
308807,205301,Savings,90288,3723.0,39866,Mutual Fund,2022-08-22,2022,8,August
308808,206770,Current,64901,4232.0,17474,Recurring Deposit,2022-06-11,2022,6,June
308809,207018,Savings,40668,4851.0,10944,Recurring Deposit,2022-07-04,2022,7,July
308810,203298,Business,7590,176.0,35849,Recurring Deposit,2024-05-02,2024,5,May
308811,200727,Savings,70565,4658.0,23706,Mutual Fund,2025-02-06,2025,2,February
308812,204958,Savings,29389,1661.0,46695,Mutual Fund,2022-05-01,2022,5,May
308813,202937,Savings,16889,3614.0,40370,Recurring Deposit,2022-12-24,2022,12,December
308814,204023,Savings,42364,2624.0,27522,Mutual Fund,2023-11-05,2023,11,November
308815,202013,Savings,11914,1828.0,11243,Fixed Deposit,2024-10-15,2024,10,October
308816,201833,Current,53624,4100.0,8019,Fixed Deposit,2025-02-08,2025,2,February
308817,209691,Business,89664,223.0,39708,Mutual Fund,2023-08-10,2023,8,August
308818,209099,Business,6301,4515.0,7105,Mutual Fund,2022-11-13,2022,11,November
308819,205667,Business,69556,2629.0,37646,Recurring Deposit,2023-07-04,2023,7,July
308820,206007,Current,52351,1504.0,32683,Mutual Fund,2024-11-11,2024,11,November
308821,202010,Savings,57334,1828.0,40140,Recurring Deposit,2024-11-13,2024,11,November
308822,202249,Business,13628,2980.0,7192,Fixed Deposit,2022-08-17,2022,8,August
308823,208855,Current,67123,2627.0,43687,Recurring Deposit,2022-07-17,2022,7,July
308824,208519,Savings,30197,4896.0,45726,Mutual Fund,2025-01-10,2025,1,January
308825,209040,Business,41622,2275.0,33874,Fixed Deposit,2024-06-05,2024,6,June
308826,208456,Current,59733,3381.0,21675,Recurring Deposit,2024-04-23,2024,4,April
308827,201466,Current,77891,2980.0,28953,Mutual Fund,2024-03-13,2024,3,March
308828,208445,Business,11331,993.0,20350,Mutual Fund,2023-01-28,2023,1,January
308829,209285,Savings,37126,385.0,45215,Mutual Fund,2023-06-20,2023,6,June
308830,205654,Current,89163,844.0,34127,Fixed Deposit,2025-01-12,2025,1,January
308831,201236,Current,25527,1761.0,25215,Mutual Fund,2024-05-02,2024,5,May
308832,200609,Savings,14369,703.0,43103,Fixed Deposit,2024-04-20,2024,4,April
308833,202033,Current,2469,2106.0,19833,Mutual Fund,2024-05-13,2024,5,May
308834,203194,Savings,53405,2797.0,49577,Mutual Fund,2023-05-01,2023,5,May
308835,206680,Business,59876,4048.0,18179,Fixed Deposit,2024-07-10,2024,7,July
308836,208741,Savings,65187,3663.0,41490,Fixed Deposit,2023-09-05,2023,9,September
308837,201218,Current,46916,4265.0,31526,Fixed Deposit,2024-07-07,2024,7,July
308838,209705,Savings,98674,4992.0,38404,Recurring Deposit,2024-07-17,2024,7,July
308839,204294,Savings,40933,2545.0,30356,Mutual Fund,2022-04-17,2022,4,April
308840,202189,Savings,61569,3049.0,27384,Fixed Deposit,2022-05-09,2022,5,May
308841,209456,Savings,62210,2447.0,49286,Recurring Deposit,2024-01-18,2024,1,January
308842,205328,Current,41221,3165.0,44862,Recurring Deposit,2022-09-22,2022,9,September
308843,209481,Business,95281,3546.0,24433,Fixed Deposit,2023-11-06,2023,11,November
308844,200354,Business,77127,1143.0,12717,Mutual Fund,2024-02-18,2024,2,February
308845,202864,Savings,15984,1070.0,12082,Fixed Deposit,2023-07-22,2023,7,July
308846,208154,Business,30090,549.0,22907,Fixed Deposit,2023-10-26,2023,10,October
308847,202223,Current,40236,4540.0,3349,Mutual Fund,2024-02-06,2024,2,February
308848,203118,Current,4919,3826.0,22060,Recurring Deposit,2024-03-04,2024,3,March
308849,202840,Business,59828,4186.0,27271,Recurring Deposit,2022-05-15,2022,5,May
308850,203718,Business,28357,2418.0,44076,Mutual Fund,2022-05-11,2022,5,May
308851,208358,Current,86130,3182.0,38589,Mutual Fund,2022-12-20,2022,12,December
308852,203626,Savings,49248,4630.0,11688,Mutual Fund,2024-08-01,2024,8,August
308853,206701,Savings,86917,132.0,20325,Recurring Deposit,2025-01-08,2025,1,January
308854,205418,Current,47960,4808.0,33147,Mutual Fund,2023-07-04,2023,7,July
308855,201126,Business,18300,1504.0,1334,Fixed Deposit,2022-11-30,2022,11,November
308856,200085,Business,35051,4108.0,28978,Fixed Deposit,2024-04-22,2024,4,April
308857,203777,Business,30664,2650.0,32263,Mutual Fund,2024-01-19,2024,1,January
308858,203572,Business,43486,430.0,29598,Fixed Deposit,2022-10-15,2022,10,October
308859,202714,Business,29603,4186.0,22211,Mutual Fund,2023-07-19,2023,7,July
308860,205969,Business,72326,419.0,42104,Recurring Deposit,2023-11-15,2023,11,November
308861,202050,Business,55789,300.0,10889,Recurring Deposit,2024-04-16,2024,4,April
308862,202871,Business,6856,4782.0,20387,Fixed Deposit,2022-09-06,2022,9,September
308863,202926,Savings,69134,3076.0,39714,Recurring Deposit,2024-08-20,2024,8,August
308864,201047,Savings,8274,1156.0,36515,Mutual Fund,2025-02-01,2025,2,February
308865,205593,Business,20061,4798.0,11433,Fixed Deposit,2024-04-21,2024,4,April
308866,207827,Business,1041,1013.0,25507,Mutual Fund,2025-01-09,2025,1,January
308867,209433,Savings,14105,3489.0,48194,Mutual Fund,2024-07-28,2024,7,July
308868,202730,Current,30210,3986.0,16231,Mutual Fund,2025-02-17,2025,2,February
308869,208781,Savings,96448,1217.0,5360,Recurring Deposit,2024-07-05,2024,7,July
308870,205876,Business,33361,416.0,25115,Mutual Fund,2024-08-25,2024,8,August
308871,203173,Savings,89146,4531.0,40250,Recurring Deposit,2024-03-19,2024,3,March
308872,200029,Business,21353,1147.0,35979,Mutual Fund,2024-03-29,2024,3,March
308873,203854,Savings,54517,1828.0,15710,Mutual Fund,2024-08-10,2024,8,August
308874,206610,Savings,13395,4014.0,11716,Recurring Deposit,2022-11-18,2022,11,November
308875,206346,Savings,34714,4271.0,7666,Fixed Deposit,2024-05-16,2024,5,May
308876,200723,Business,20093,4477.0,34823,Fixed Deposit,2022-06-15,2022,6,June
308877,202090,Current,74529,1974.0,30402,Recurring Deposit,2023-11-18,2023,11,November
308878,201575,Business,45880,1060.0,31387,Fixed Deposit,2023-05-04,2023,5,May
308879,202490,Current,7845,3416.0,29454,Recurring Deposit,2024-04-27,2024,4,April
308880,202198,Current,18329,4897.0,3906,Mutual Fund,2024-09-24,2024,9,September
308881,207211,Current,69264,3439.0,42023,Mutual Fund,2023-10-28,2023,10,October
308882,205712,Current,3208,3835.0,33026,Recurring Deposit,2024-11-03,2024,11,November
308883,205376,Current,80296,2627.0,13199,Fixed Deposit,2025-02-03,2025,2,February
308884,203561,Current,6928,4857.0,29011,Fixed Deposit,2023-09-19,2023,9,September
308885,204045,Business,9274,351.0,31842,Fixed Deposit,2023-06-05,2023,6,June
308886,201126,Business,57933,3687.0,7064,Mutual Fund,2023-07-31,2023,7,July
308887,203964,Savings,23642,3200.0,14033,Fixed Deposit,2022-06-24,2022,6,June
308888,209768,Current,24793,2281.0,35170,Mutual Fund,2022-05-03,2022,5,May
308889,209609,Business,33826,4242.0,37986,Mutual Fund,2024-09-23,2024,9,September
308890,204203,Business,72778,1690.0,31701,Mutual Fund,2022-05-30,2022,5,May
308891,206472,Business,32161,2123.0,41290,Mutual Fund,2022-10-06,2022,10,October
308892,203405,Business,49515,2893.0,9053,Mutual Fund,2023-10-11,2023,10,October
308893,209723,Savings,20530,714.0,12968,Recurring Deposit,2023-09-13,2023,9,September
308894,207736,Business,78040,1113.0,40028,Mutual Fund,2024-09-13,2024,9,September
308895,204728,Savings,40426,345.0,6409,Mutual Fund,2022-05-01,2022,5,May
308896,201833,Current,97321,508.0,38632,Mutual Fund,2024-11-16,2024,11,November
308897,204692,Savings,34782,2832.0,34321,Recurring Deposit,2023-09-02,2023,9,September
308898,204521,Business,91915,3307.0,8995,Fixed Deposit,2023-11-02,2023,11,November
308899,200754,Current,37502,3950.0,5066,Recurring Deposit,2022-08-19,2022,8,August
308900,206659,Savings,38770,1979.857649191233,6468,Recurring Deposit,2024-01-15,2024,1,January
308901,203801,Savings,73866,1577.0,1145,Mutual Fund,2023-09-08,2023,9,September
308902,202531,Savings,23774,2505.0,30893,Fixed Deposit,2023-09-27,2023,9,September
308903,201265,Business,37124,2815.0,5314,Mutual Fund,2023-12-20,2023,12,December
308904,207844,Current,83236,2540.0,22670,Recurring Deposit,2023-09-17,2023,9,September
308905,208467,Savings,78830,197.0,26460,Fixed Deposit,2022-06-16,2022,6,June
308906,208031,Business,41466,3220.0,24186,Recurring Deposit,2025-01-11,2025,1,January
308907,202041,Current,64813,2085.0,28301,Recurring Deposit,2023-04-04,2023,4,April
308908,208369,Savings,34487,4106.0,25962,Recurring Deposit,2023-04-09,2023,4,April
308909,208862,Current,18274,1459.0851439467965,8028,Fixed Deposit,2023-03-20,2023,3,March
308910,200811,Business,67365,1495.0,35405,Mutual Fund,2024-12-21,2024,12,December
308911,209758,Current,69404,526.0,13563,Mutual Fund,2023-07-18,2023,7,July
308912,208522,Current,4936,2320.0,47200,Fixed Deposit,2024-09-26,2024,9,September
308913,203555,Current,87087,1676.0,31785,Fixed Deposit,2022-07-30,2022,7,July
308914,206696,Savings,12747,705.0,43822,Fixed Deposit,2025-02-21,2025,2,February
308915,207437,Savings,78306,246.0,43116,Recurring Deposit,2022-06-30,2022,6,June
308916,200173,Savings,87897,399.0,27392,Mutual Fund,2023-07-07,2023,7,July
308917,206620,Savings,91328,3065.0,19665,Recurring Deposit,2022-09-14,2022,9,September
308918,208283,Savings,4618,648.0,1052,Fixed Deposit,2023-08-27,2023,8,August
308919,202557,Savings,76660,3112.0,7348,Recurring Deposit,2022-12-09,2022,12,December
308920,207039,Savings,33197,4174.0,23411,Recurring Deposit,2022-04-20,2022,4,April
308921,202648,Business,89034,4401.0,8748,Fixed Deposit,2024-07-04,2024,7,July
308922,200598,Business,33877,2609.0,3955,Fixed Deposit,2023-08-09,2023,8,August
308923,205664,Current,55438,1580.0,8234,Fixed Deposit,2022-05-18,2022,5,May
308924,202184,Current,69081,475.0,19741,Mutual Fund,2024-03-05,2024,3,March
308925,202725,Business,38443,958.5917999831744,31595,Fixed Deposit,2025-01-05,2025,1,January
308926,204184,Business,22228,4866.0,19666,Mutual Fund,2024-01-06,2024,1,January
308927,205713,Current,48530,2968.0,6138,Fixed Deposit,2024-08-19,2024,8,August
308928,209258,Business,3431,1282.0,22332,Recurring Deposit,2024-05-28,2024,5,May
308929,205766,Business,95474,755.0,13248,Fixed Deposit,2024-01-04,2024,1,January
308930,208535,Business,95807,4494.0,34346,Recurring Deposit,2023-05-09,2023,5,May
308931,202678,Current,94901,222.0,20334,Recurring Deposit,2022-04-21,2022,4,April
308932,201341,Current,2086,3438.0,30832,Mutual Fund,2025-03-06,2025,3,March
308933,208226,Savings,93103,4115.0,30443,Recurring Deposit,2024-03-19,2024,3,March
308934,204430,Current,67013,1754.0,48286,Fixed Deposit,2024-09-19,2024,9,September
308935,204174,Savings,15789,1547.0,39138,Recurring Deposit,2022-04-24,2022,4,April
308936,207300,Business,8862,1700.0,15358,Recurring Deposit,2023-07-25,2023,7,July
308937,206515,Savings,45928,3357.0,4843,Recurring Deposit,2023-10-28,2023,10,October
308938,205287,Business,32653,254.0,31216,Fixed Deposit,2024-08-23,2024,8,August
308939,205933,Savings,95135,2316.0,11281,Fixed Deposit,2023-11-17,2023,11,November
308940,205652,Business,22972,941.958596227399,14209,Recurring Deposit,2023-08-03,2023,8,August
308941,204588,Current,10070,4535.0,11260,Recurring Deposit,2024-08-26,2024,8,August
308942,206792,Savings,14151,322.0,32855,Mutual Fund,2022-08-19,2022,8,August
308943,205446,Savings,89715,2661.0,10594,Recurring Deposit,2024-04-17,2024,4,April
308944,204250,Business,78770,3744.411811559349,41585,Recurring Deposit,2022-08-23,2022,8,August
308945,202113,Business,89097,4920.0,35313,Mutual Fund,2025-02-26,2025,2,February
308946,201767,Current,19603,1136.0,32933,Recurring Deposit,2025-02-01,2025,2,February
308947,209580,Savings,35645,3764.0,23208,Fixed Deposit,2023-02-03,2023,2,February
308948,200199,Current,46588,815.0,30795,Recurring Deposit,2023-08-24,2023,8,August
308949,208703,Current,81581,3597.0,39466,Recurring Deposit,2024-04-30,2024,4,April
308950,206641,Current,88045,313.0,12618,Fixed Deposit,2024-05-10,2024,5,May
308951,202732,Business,97774,2043.0,11732,Fixed Deposit,2025-01-20,2025,1,January
308952,201063,Current,42693,114.0,3962,Mutual Fund,2023-08-30,2023,8,August
308953,206415,Current,76270,4330.0,10161,Mutual Fund,2022-12-04,2022,12,December
308954,206303,Business,50391,4064.0,11282,Mutual Fund,2024-10-31,2024,10,October
308955,206178,Business,75517,4622.0,44609,Recurring Deposit,2023-06-29,2023,6,June
308956,206079,Current,99458,3709.0,10095,Recurring Deposit,2023-10-06,2023,10,October
308957,204381,Savings,93411,2055.5685433398844,4763,Mutual Fund,2024-01-27,2024,1,January
308958,207575,Savings,31434,2687.0,30003,Fixed Deposit,2023-01-28,2023,1,January
308959,203009,Business,76301,3032.0,47758,Mutual Fund,2024-04-30,2024,4,April
308960,208596,Current,24639,2192.0,26141,Fixed Deposit,2024-12-02,2024,12,December
308961,204583,Savings,43663,1931.0,29535,Mutual Fund,2022-07-16,2022,7,July
308962,209315,Savings,7499,2443.0,35471,Mutual Fund,2024-06-30,2024,6,June
308963,202792,Current,10932,2925.0,17094,Recurring Deposit,2023-02-16,2023,2,February
308964,209217,Savings,5708,3142.0,5252,Fixed Deposit,2023-06-10,2023,6,June
308965,201532,Savings,47195,3424.0,39983,Mutual Fund,2023-05-06,2023,5,May
308966,200527,Business,95257,915.0,39158,Mutual Fund,2022-06-02,2022,6,June
308967,206838,Savings,79282,784.0,35841,Fixed Deposit,2023-06-25,2023,6,June
308968,202446,Savings,3079,3923.0,28055,Recurring Deposit,2024-08-27,2024,8,August
308969,207190,Business,63431,4693.0,38475,Fixed Deposit,2023-12-05,2023,12,December
308970,208438,Savings,51262,2294.0,32811,Mutual Fund,2023-03-06,2023,3,March
308971,200627,Business,68844,3291.0,40676,Fixed Deposit,2024-11-15,2024,11,November
308972,202116,Current,28257,4701.0,3673,Fixed Deposit,2022-08-10,2022,8,August
308973,206041,Savings,91919,1151.0,48243,Fixed Deposit,2024-09-04,2024,9,September
308974,206707,Savings,31373,1551.0,15769,Mutual Fund,2022-08-15,2022,8,August
308975,208799,Business,3522,2106.0,1202,Fixed Deposit,2024-09-25,2024,9,September
308976,206428,Savings,67301,4217.0,5061,Recurring Deposit,2023-08-26,2023,8,August
308977,202193,Savings,71845,2447.0,33820,Mutual Fund,2023-05-19,2023,5,May
308978,205402,Business,58848,3785.0,15169,Mutual Fund,2022-07-03,2022,7,July
308979,200297,Savings,75310,595.0,34969,Recurring Deposit,2024-08-16,2024,8,August
308980,205826,Business,83353,2178.0,26335,Recurring Deposit,2024-06-22,2024,6,June
308981,203293,Savings,58749,1214.0,4552,Mutual Fund,2024-03-28,2024,3,March
308982,209736,Current,24022,3432.0,19846,Mutual Fund,2024-01-13,2024,1,January
308983,205157,Business,82480,4685.0,44777,Recurring Deposit,2023-02-09,2023,2,February
308984,209674,Current,49365,1123.0,15926,Mutual Fund,2023-09-11,2023,9,September
308985,205189,Current,8930,2344.0,44723,Recurring Deposit,2022-07-18,2022,7,July
308986,208973,Business,25940,226.0,28857,Mutual Fund,2024-12-27,2024,12,December
308987,202049,Current,61834,1973.0,29487,Mutual Fund,2023-07-02,2023,7,July
308988,203684,Savings,90445,2240.0,1962,Mutual Fund,2024-05-12,2024,5,May
308989,206985,Business,47103,4638.0,24906,Fixed Deposit,2023-06-29,2023,6,June
308990,203284,Savings,60555,3840.0,29950,Mutual Fund,2024-01-22,2024,1,January
308991,200082,Current,73500,5666.099705826566,17484,Fixed Deposit,2025-01-14,2025,1,January
308992,204450,Business,19641,2452.0,7316,Recurring Deposit,2024-07-06,2024,7,July
308993,208332,Current,73298,1635.0,24660,Mutual Fund,2023-07-20,2023,7,July
308994,201831,Savings,26497,1508.0,2826,Mutual Fund,2023-01-25,2023,1,January
308995,206743,Business,72910,998.0,16719,Fixed Deposit,2023-12-24,2023,12,December
308996,206097,Current,37302,1027.0,35164,Recurring Deposit,2023-12-05,2023,12,December
308997,205515,Business,93471,378.0,37544,Recurring Deposit,2023-04-15,2023,4,April
308998,204930,Current,84797,4174.0,37738,Fixed Deposit,2024-11-15,2024,11,November
308999,206936,Savings,44608,3509.0,47089,Recurring Deposit,2024-05-29,2024,5,May
309000,200930,Business,81426,4174.0,48603,Fixed Deposit,2024-02-23,2024,2,February
309001,205007,Current,62016,327.0,13509,Mutual Fund,2025-01-27,2025,1,January
309002,202288,Current,73488,2141.0,27233,Fixed Deposit,2024-07-18,2024,7,July
309003,202671,Savings,37440,4158.0,15457,Fixed Deposit,2022-12-26,2022,12,December
309004,205420,Business,44480,723.0,44291,Recurring Deposit,2022-04-18,2022,4,April
309005,209208,Current,88814,1011.0,8683,Mutual Fund,2024-11-20,2024,11,November
309006,209367,Savings,27407,2260.0,17500,Mutual Fund,2025-03-17,2025,3,March
309007,201020,Business,47839,2733.0,22359,Fixed Deposit,2024-05-30,2024,5,May
309008,209177,Current,35667,1610.0,39584,Recurring Deposit,2023-01-04,2023,1,January
309009,202953,Current,32639,1768.0,12459,Fixed Deposit,2024-09-02,2024,9,September
309010,204882,Business,94778,4686.0,1534,Mutual Fund,2024-05-04,2024,5,May
309011,206935,Business,43133,1240.0,13539,Mutual Fund,2023-02-14,2023,2,February
309012,205308,Current,95509,4294.0,20350,Recurring Deposit,2025-01-10,2025,1,January
309013,206276,Savings,78846,948.0,13721,Mutual Fund,2024-03-15,2024,3,March
309014,204196,Savings,82491,4184.0,34358,Mutual Fund,2023-05-11,2023,5,May
309015,208097,Savings,45371,1154.0,20200,Fixed Deposit,2024-12-05,2024,12,December
309016,205477,Business,71655,1280.0,7571,Fixed Deposit,2024-06-25,2024,6,June
309017,206107,Current,47726,3699.0,48680,Mutual Fund,2024-10-30,2024,10,October
309018,209739,Savings,87410,4250.0,34265,Recurring Deposit,2024-01-23,2024,1,January
309019,205484,Business,81810,1141.0,3412,Recurring Deposit,2024-08-16,2024,8,August
309020,203180,Current,80242,2056.0,4788,Mutual Fund,2024-11-18,2024,11,November
309021,200186,Current,75538,3743.0,47584,Recurring Deposit,2022-06-22,2022,6,June
309022,203476,Business,57600,1342.0,42893,Mutual Fund,2024-06-09,2024,6,June
309023,205471,Business,78854,3778.0,21663,Mutual Fund,2023-01-26,2023,1,January
309024,203032,Savings,79564,3386.0,3333,Fixed Deposit,2023-10-07,2023,10,October
309025,200046,Current,6375,2765.0,11067,Fixed Deposit,2024-03-08,2024,3,March
309026,202868,Current,23425,4540.0,15185,Recurring Deposit,2022-11-05,2022,11,November
309027,203912,Current,19889,665.0,33260,Recurring Deposit,2023-03-29,2023,3,March
309028,203037,Current,28616,1072.0,18384,Mutual Fund,2022-11-09,2022,11,November
309029,203305,Savings,80174,436.0,6956,Fixed Deposit,2025-02-17,2025,2,February
309030,201613,Current,27083,1847.931678285542,4957,Fixed Deposit,2023-06-30,2023,6,June
309031,206360,Business,32916,2071.0,30933,Fixed Deposit,2024-01-26,2024,1,January
309032,206317,Savings,85153,2015.0,23262,Mutual Fund,2023-12-18,2023,12,December
309033,209892,Current,27899,1252.0,29668,Fixed Deposit,2023-07-29,2023,7,July
309034,208145,Savings,11062,4378.0,30092,Fixed Deposit,2022-06-29,2022,6,June
309035,209628,Savings,35658,333.0,36535,Recurring Deposit,2024-11-29,2024,11,November
309036,200112,Savings,34981,3026.0,28796,Fixed Deposit,2023-01-31,2023,1,January
309037,204241,Business,73124,2677.0,31945,Recurring Deposit,2023-12-21,2023,12,December
309038,202691,Savings,76732,3405.0,15061,Recurring Deposit,2023-05-09,2023,5,May
309039,203584,Current,11037,1751.0,26413,Recurring Deposit,2023-06-09,2023,6,June
309040,202345,Current,20234,1254.7331678315068,36966,Mutual Fund,2024-12-18,2024,12,December
309041,200055,Current,2639,2749.0,35761,Recurring Deposit,2022-11-25,2022,11,November
309042,200580,Savings,43351,754.0,35526,Fixed Deposit,2023-04-23,2023,4,April
309043,203545,Current,57678,2609.0,20077,Fixed Deposit,2025-02-19,2025,2,February
309044,207561,Savings,12904,4204.0,48938,Recurring Deposit,2024-10-09,2024,10,October
309045,207737,Savings,99312,1282.0,30739,Mutual Fund,2023-03-22,2023,3,March
309046,201667,Savings,20560,1733.0,45982,Fixed Deposit,2023-12-11,2023,12,December
309047,208410,Current,58041,1509.0,34587,Fixed Deposit,2023-03-26,2023,3,March
309048,209083,Savings,13309,4297.0,5834,Recurring Deposit,2022-09-13,2022,9,September
309049,204426,Business,97619,4304.0,46504,Recurring Deposit,2022-11-08,2022,11,November
309050,205258,Business,54593,4809.0,15259,Mutual Fund,2023-01-13,2023,1,January
309051,206647,Savings,45747,2525.0,27014,Recurring Deposit,2022-05-03,2022,5,May
309052,207938,Current,28172,740.0,36068,Recurring Deposit,2023-04-06,2023,4,April
309053,200843,Savings,93414,1104.0,18357,Fixed Deposit,2023-07-16,2023,7,July
309054,203511,Savings,61138,4154.0,12003,Recurring Deposit,2024-03-11,2024,3,March
309055,206708,Business,94155,2852.0,37175,Fixed Deposit,2024-04-13,2024,4,April
309056,203837,Current,10647,467.0,30133,Recurring Deposit,2024-08-06,2024,8,August
309057,201119,Current,49107,362.0,27178,Mutual Fund,2024-01-27,2024,1,January
309058,209993,Savings,58473,2473.637617632314,14957,Fixed Deposit,2024-01-05,2024,1,January
309059,209327,Current,87756,3080.0,16880,Mutual Fund,2024-12-19,2024,12,December
309060,206034,Savings,55927,3542.0,49864,Fixed Deposit,2022-05-17,2022,5,May
309061,203765,Savings,36121,4884.0,26064,Fixed Deposit,2023-01-28,2023,1,January
309062,207914,Business,75108,875.0,22259,Mutual Fund,2022-11-23,2022,11,November
309063,206397,Current,13054,2465.4888947547342,42025,Recurring Deposit,2023-05-18,2023,5,May
309064,206431,Current,22883,2021.0,22311,Recurring Deposit,2022-10-18,2022,10,October
309065,207958,Business,9709,474.0,3346,Fixed Deposit,2022-05-05,2022,5,May
309066,201938,Current,78603,2192.0,34645,Mutual Fund,2023-04-26,2023,4,April
309067,203055,Savings,7805,4823.0,30115,Recurring Deposit,2023-05-26,2023,5,May
309068,208386,Current,73637,3561.0,35114,Recurring Deposit,2025-01-07,2025,1,January
309069,203096,Current,11721,1365.0,41268,Recurring Deposit,2024-07-23,2024,7,July
309070,201029,Current,32353,3080.0,17328,Mutual Fund,2022-12-19,2022,12,December
309071,201504,Savings,32700,3100.0,48271,Recurring Deposit,2024-12-15,2024,12,December
309072,200864,Current,82996,3768.515143818452,7248,Recurring Deposit,2022-05-25,2022,5,May
309073,202190,Savings,85652,2166.0,48943,Fixed Deposit,2024-04-13,2024,4,April
309074,209875,Business,74644,1856.0,44029,Fixed Deposit,2022-04-20,2022,4,April
309075,200489,Savings,43667,4242.0,22240,Mutual Fund,2022-06-14,2022,6,June
309076,207127,Business,43845,1856.0,28772,Fixed Deposit,2022-07-29,2022,7,July
309077,205314,Business,78015,2966.0,34487,Recurring Deposit,2023-07-21,2023,7,July
309078,205355,Savings,96872,2970.0,42951,Fixed Deposit,2024-10-10,2024,10,October
309079,202042,Savings,38092,3064.0,21579,Fixed Deposit,2023-06-26,2023,6,June
309080,209733,Business,45827,4100.0,40616,Recurring Deposit,2022-06-27,2022,6,June
309081,205880,Business,62955,4472.0,18147,Recurring Deposit,2023-12-13,2023,12,December
309082,204882,Current,12651,1500.0,4398,Mutual Fund,2023-10-06,2023,10,October
309083,208313,Savings,5429,2963.0,29081,Mutual Fund,2025-01-27,2025,1,January
309084,205935,Business,39602,1263.0,39512,Recurring Deposit,2025-01-05,2025,1,January
309085,203288,Savings,19518,4830.0,27663,Fixed Deposit,2022-08-08,2022,8,August
309086,207113,Savings,9685,678.0,5073,Mutual Fund,2023-11-27,2023,11,November
309087,208229,Business,96691,4331.0,18775,Fixed Deposit,2022-10-25,2022,10,October
309088,201961,Business,49367,3929.0,18226,Fixed Deposit,2023-03-22,2023,3,March
309089,205105,Savings,93270,1735.0,32242,Recurring Deposit,2022-09-10,2022,9,September
309090,203836,Current,68113,4230.0,16308,Mutual Fund,2024-08-23,2024,8,August
309091,204834,Business,4839,2106.0,11243,Mutual Fund,2024-05-06,2024,5,May
309092,201026,Savings,60587,1913.0,29120,Recurring Deposit,2022-09-24,2022,9,September
309093,205928,Current,32474,4152.0,10218,Mutual Fund,2024-06-08,2024,6,June
309094,208863,Savings,50703,673.0,30047,Recurring Deposit,2025-01-15,2025,1,January
309095,204125,Savings,79077,2271.0,22321,Recurring Deposit,2024-09-07,2024,9,September
309096,200627,Business,74801,3733.0,16556,Recurring Deposit,2024-06-13,2024,6,June
309097,205286,Current,80489,3679.0,20275,Fixed Deposit,2023-04-16,2023,4,April
309098,203160,Savings,78685,4887.0,15923,Recurring Deposit,2024-04-30,2024,4,April
309099,203767,Current,48735,2187.0,25116,Recurring Deposit,2022-08-08,2022,8,August
309100,205841,Current,34547,2603.0,25869,Recurring Deposit,2023-03-25,2023,3,March
309101,209077,Business,63706,3626.0,14774,Recurring Deposit,2024-10-07,2024,10,October
309102,206425,Savings,72479,2509.0,23262,Recurring Deposit,2022-09-26,2022,9,September
309103,200974,Savings,6963,1749.7248131802935,6123,Recurring Deposit,2023-07-20,2023,7,July
309104,208580,Business,80084,3713.0,12978,Mutual Fund,2023-08-14,2023,8,August
309105,205024,Business,78583,2455.0,33329,Mutual Fund,2024-09-13,2024,9,September
309106,205452,Savings,53359,1340.0,28590,Fixed Deposit,2023-11-16,2023,11,November
309107,204714,Business,27281,3698.0,39728,Recurring Deposit,2023-03-22,2023,3,March
309108,208603,Savings,94701,172.0,6905,Mutual Fund,2024-01-06,2024,1,January
309109,208598,Current,82328,584.0,22806,Recurring Deposit,2023-02-22,2023,2,February
309110,208188,Current,35954,4684.0,34178,Recurring Deposit,2022-10-31,2022,10,October
309111,202024,Business,49061,2361.0,36946,Mutual Fund,2022-09-02,2022,9,September
309112,209340,Current,37850,522.0,20739,Mutual Fund,2022-12-18,2022,12,December
309113,202669,Savings,55429,2507.0,21152,Mutual Fund,2023-02-16,2023,2,February
309114,203578,Current,16241,2527.0,11207,Fixed Deposit,2023-05-21,2023,5,May
309115,205949,Current,35390,3757.581968972196,5681,Mutual Fund,2024-02-01,2024,2,February
309116,203119,Current,87545,4342.0,20190,Recurring Deposit,2023-12-15,2023,12,December
309117,209537,Savings,55792,485.0,36638,Fixed Deposit,2023-04-20,2023,4,April
309118,203261,Business,29232,4261.0,27258,Mutual Fund,2024-09-21,2024,9,September
309119,207790,Savings,42585,2227.0,31417,Fixed Deposit,2022-06-15,2022,6,June
309120,209949,Business,37481,2435.0,31541,Mutual Fund,2024-04-20,2024,4,April
309121,206212,Current,85432,4617.0,43436,Recurring Deposit,2024-06-26,2024,6,June
309122,207497,Current,81644,4695.0,28705,Mutual Fund,2023-10-24,2023,10,October
309123,206638,Current,67139,4477.0,5753,Mutual Fund,2025-03-11,2025,3,March
309124,209891,Savings,66885,3267.0,24212,Fixed Deposit,2022-09-12,2022,9,September
309125,201542,Current,71190,3605.0,45274,Mutual Fund,2023-07-25,2023,7,July
309126,209088,Savings,50446,3167.0,3710,Mutual Fund,2024-07-15,2024,7,July
309127,207737,Savings,59495,2881.0,6425,Mutual Fund,2024-01-08,2024,1,January
309128,207669,Business,90861,4494.619384775878,2667,Fixed Deposit,2024-03-27,2024,3,March
309129,203347,Business,10923,171.0,11849,Mutual Fund,2025-02-13,2025,2,February
309130,208609,Business,69978,4857.0,33023,Mutual Fund,2023-04-07,2023,4,April
309131,205539,Business,33509,356.0,39923,Fixed Deposit,2023-05-26,2023,5,May
309132,206041,Savings,90253,1710.0,26884,Recurring Deposit,2022-11-01,2022,11,November
309133,201184,Savings,87711,1417.0,13549,Fixed Deposit,2023-10-05,2023,10,October
309134,202048,Business,6517,1818.0,25471,Recurring Deposit,2024-03-28,2024,3,March
309135,205186,Business,92983,2793.0,46653,Recurring Deposit,2023-10-13,2023,10,October
309136,207714,Business,12957,1379.0,46818,Recurring Deposit,2023-07-12,2023,7,July
309137,208354,Business,6220,1953.0,20856,Recurring Deposit,2022-04-22,2022,4,April
309138,200314,Business,31367,1397.0,44320,Recurring Deposit,2024-12-17,2024,12,December
309139,203680,Business,21638,949.0,27655,Mutual Fund,2024-10-17,2024,10,October
309140,208716,Business,10412,3242.0,40000,Fixed Deposit,2022-05-14,2022,5,May
309141,207445,Current,61048,4099.0,19356,Fixed Deposit,2025-01-12,2025,1,January
309142,200592,Business,40939,4219.0,11970,Mutual Fund,2022-06-13,2022,6,June
309143,207082,Business,56914,4691.0,38574,Fixed Deposit,2025-02-25,2025,2,February
309144,201737,Savings,93375,985.0,34314,Fixed Deposit,2025-01-27,2025,1,January
309145,203322,Business,36845,1046.0,26114,Fixed Deposit,2023-03-28,2023,3,March
309146,200730,Business,8615,495.0,15215,Fixed Deposit,2023-04-17,2023,4,April
309147,203692,Business,30558,6230.425546800286,37002,Fixed Deposit,2024-07-26,2024,7,July
309148,204219,Savings,25555,4007.0,29689,Fixed Deposit,2023-11-08,2023,11,November
309149,203142,Savings,5938,314.0,31614,Fixed Deposit,2023-07-14,2023,7,July
309150,209912,Current,7746,5657.775514551574,13637,Recurring Deposit,2024-12-07,2024,12,December
309151,203496,Savings,14576,2080.0,37156,Fixed Deposit,2025-03-13,2025,3,March
309152,209100,Savings,14110,3119.0,36192,Fixed Deposit,2023-10-05,2023,10,October
309153,202959,Current,9795,3976.0,11469,Mutual Fund,2025-02-17,2025,2,February
309154,208519,Savings,63958,495.0,21861,Recurring Deposit,2022-09-26,2022,9,September
309155,206710,Current,43718,2419.0,1753,Fixed Deposit,2024-06-28,2024,6,June
309156,205083,Current,47687,943.0,2152,Mutual Fund,2023-03-23,2023,3,March
309157,208646,Savings,90826,1764.0,2515,Mutual Fund,2024-02-06,2024,2,February
309158,206817,Savings,68835,4111.0,12971,Mutual Fund,2023-11-14,2023,11,November
309159,208928,Current,26158,1352.0,8596,Mutual Fund,2022-04-02,2022,4,April
309160,209347,Current,36650,304.0,5735,Fixed Deposit,2023-11-21,2023,11,November
309161,201974,Current,24335,359.0,4385,Mutual Fund,2023-04-21,2023,4,April
309162,208293,Current,76869,2635.0,33275,Mutual Fund,2023-07-01,2023,7,July
309163,204033,Savings,66081,1396.0,48824,Fixed Deposit,2022-08-08,2022,8,August
309164,207903,Business,99334,1820.0,9363,Mutual Fund,2023-03-21,2023,3,March
309165,205350,Current,58644,3877.5062021882527,43889,Mutual Fund,2023-06-26,2023,6,June
309166,205993,Savings,94679,4971.0,13589,Recurring Deposit,2023-02-10,2023,2,February
309167,206714,Current,13597,1747.0,36690,Fixed Deposit,2022-11-24,2022,11,November
309168,200808,Business,9520,3516.0,14308,Mutual Fund,2024-01-31,2024,1,January
309169,201241,Savings,92233,396.0,49509,Fixed Deposit,2024-11-25,2024,11,November
309170,207086,Savings,4541,2544.0,37199,Recurring Deposit,2023-07-26,2023,7,July
309171,203732,Business,34178,4347.0,35508,Recurring Deposit,2024-12-16,2024,12,December
309172,209953,Business,9243,2354.44179840147,20960,Recurring Deposit,2023-12-12,2023,12,December
309173,201392,Savings,36382,2246.0,28320,Fixed Deposit,2022-05-12,2022,5,May
309174,202186,Business,34818,707.0,5773,Mutual Fund,2023-05-20,2023,5,May
309175,203414,Savings,94024,1188.0,45395,Fixed Deposit,2022-07-23,2022,7,July
309176,205142,Business,96596,1538.0,9463,Fixed Deposit,2024-04-22,2024,4,April
309177,209280,Current,59028,2293.0,44430,Fixed Deposit,2024-03-21,2024,3,March
309178,207738,Current,3474,3681.0,1666,Recurring Deposit,2023-12-22,2023,12,December
309179,203672,Savings,71185,676.0,25292,Fixed Deposit,2023-08-19,2023,8,August
309180,201733,Savings,62171,3386.0,46951,Mutual Fund,2024-01-06,2024,1,January
309181,208305,Savings,93933,3541.0,34647,Mutual Fund,2022-08-23,2022,8,August
309182,201904,Current,85271,631.0,14007,Recurring Deposit,2022-11-25,2022,11,November
309183,209712,Current,8609,449.0,17206,Fixed Deposit,2025-03-10,2025,3,March
309184,209697,Savings,20994,3682.0,32655,Mutual Fund,2023-04-30,2023,4,April
309185,202587,Business,94343,4960.0,46968,Recurring Deposit,2024-05-15,2024,5,May
309186,209112,Savings,25229,3993.0,34063,Fixed Deposit,2022-07-02,2022,7,July
309187,207406,Savings,70973,4104.0,46665,Recurring Deposit,2023-09-18,2023,9,September
309188,201308,Savings,10715,4316.0,9300,Mutual Fund,2024-01-03,2024,1,January
309189,207571,Business,61084,4257.0,22814,Recurring Deposit,2024-10-11,2024,10,October
309190,209261,Current,89012,1134.0,48715,Recurring Deposit,2024-07-18,2024,7,July
309191,207864,Business,18690,653.0,9985,Recurring Deposit,2023-08-10,2023,8,August
309192,204747,Current,13011,1372.0,23553,Mutual Fund,2024-02-23,2024,2,February
309193,204551,Current,34063,2793.0,28018,Fixed Deposit,2025-03-04,2025,3,March
309194,206822,Business,9285,2377.0,30976,Recurring Deposit,2022-05-02,2022,5,May
309195,203284,Current,45492,188.0,22347,Mutual Fund,2022-06-09,2022,6,June
309196,204507,Business,6504,4636.0,27793,Recurring Deposit,2024-12-11,2024,12,December
309197,209374,Current,28881,778.0,37015,Recurring Deposit,2024-12-11,2024,12,December
309198,200910,Savings,11394,3136.0,2537,Mutual Fund,2022-12-31,2022,12,December
309199,201979,Current,66813,3720.0,15952,Recurring Deposit,2024-11-23,2024,11,November
309200,200550,Business,85472,3396.0,13891,Fixed Deposit,2024-02-07,2024,2,February
309201,205733,Current,99172,565.0,2280,Mutual Fund,2024-12-10,2024,12,December
309202,203542,Savings,65110,463.0,25709,Fixed Deposit,2022-10-18,2022,10,October
309203,203181,Business,52178,3339.0,35294,Recurring Deposit,2022-03-25,2022,3,March
309204,204871,Savings,99223,518.0,49167,Mutual Fund,2023-12-03,2023,12,December
309205,206953,Savings,17534,3545.0,1291,Fixed Deposit,2023-01-25,2023,1,January
309206,208634,Savings,31536,625.0,31976,Fixed Deposit,2024-11-21,2024,11,November
309207,201358,Business,97154,321.0,34294,Recurring Deposit,2023-07-08,2023,7,July
309208,202893,Current,94702,3728.0,2216,Recurring Deposit,2023-07-21,2023,7,July
309209,200915,Savings,6527,3221.0,40762,Recurring Deposit,2024-08-31,2024,8,August
309210,203644,Business,97383,3882.66170587758,12288,Mutual Fund,2022-07-26,2022,7,July
309211,200543,Current,21502,3792.0,1342,Recurring Deposit,2022-09-09,2022,9,September
309212,200644,Current,61422,3907.0,48549,Recurring Deposit,2022-11-21,2022,11,November
309213,209962,Business,73167,4042.0,3118,Mutual Fund,2023-04-12,2023,4,April
309214,203832,Business,62751,779.0,49929,Mutual Fund,2024-05-31,2024,5,May
309215,208214,Current,9796,255.0,3383,Fixed Deposit,2024-12-23,2024,12,December
309216,200143,Current,48507,2925.0,46038,Mutual Fund,2022-10-09,2022,10,October
309217,204679,Savings,66508,295.0,37133,Recurring Deposit,2024-09-28,2024,9,September
309218,203296,Current,85741,4958.0,33136,Fixed Deposit,2025-02-18,2025,2,February
309219,201071,Savings,47622,4671.0,28564,Recurring Deposit,2023-12-18,2023,12,December
309220,206548,Savings,33218,590.0,40714,Fixed Deposit,2023-07-30,2023,7,July
309221,206909,Current,27216,2366.0,15486,Mutual Fund,2024-02-20,2024,2,February
309222,201552,Business,85424,4708.0,14079,Fixed Deposit,2024-04-02,2024,4,April
309223,204336,Current,96165,3506.0,15709,Recurring Deposit,2022-10-14,2022,10,October
309224,209471,Savings,52839,4017.0,41963,Mutual Fund,2023-04-29,2023,4,April
309225,201970,Current,97119,3521.0,21445,Mutual Fund,2022-12-15,2022,12,December
309226,206210,Current,71245,2404.0,5090,Recurring Deposit,2025-02-20,2025,2,February
309227,204873,Business,27124,678.0,2203,Recurring Deposit,2024-09-27,2024,9,September
309228,201028,Savings,97868,4206.0,26829,Recurring Deposit,2023-08-11,2023,8,August
309229,204077,Savings,67458,1466.0,8521,Recurring Deposit,2023-06-01,2023,6,June
309230,205878,Savings,34359,3596.0,40483,Recurring Deposit,2023-01-23,2023,1,January
309231,206191,Savings,44054,4007.0,39561,Mutual Fund,2022-07-30,2022,7,July
309232,202381,Business,4512,287.0,31622,Mutual Fund,2023-12-24,2023,12,December
309233,209859,Business,97077,1603.0,26886,Fixed Deposit,2023-10-13,2023,10,October
309234,200135,Savings,13013,4625.0,13703,Fixed Deposit,2022-12-28,2022,12,December
309235,204614,Current,57067,4211.0,16395,Recurring Deposit,2023-11-22,2023,11,November
309236,207650,Savings,47694,2871.0,7741,Fixed Deposit,2023-10-28,2023,10,October
309237,203359,Current,19837,3707.0,1546,Fixed Deposit,2024-08-23,2024,8,August
309238,208533,Savings,6998,1131.0,26257,Recurring Deposit,2023-03-04,2023,3,March
309239,203349,Business,98845,2642.0,44451,Fixed Deposit,2022-04-22,2022,4,April
309240,203801,Business,86732,1447.0,24054,Mutual Fund,2022-04-25,2022,4,April
309241,206770,Savings,10344,1025.0,7885,Mutual Fund,2024-08-04,2024,8,August
309242,208476,Current,33765,408.0,30627,Mutual Fund,2024-12-20,2024,12,December
309243,209155,Current,89532,3666.0,10863,Recurring Deposit,2024-10-26,2024,10,October
309244,207390,Current,21593,3736.0,44999,Mutual Fund,2024-11-18,2024,11,November
309245,209813,Business,71206,2626.0,5835,Mutual Fund,2023-03-11,2023,3,March
309246,201724,Current,99077,1904.0,15045,Fixed Deposit,2022-08-06,2022,8,August
309247,208568,Current,84546,313.0,44030,Fixed Deposit,2024-03-08,2024,3,March
309248,200052,Current,92297,4330.0,49362,Mutual Fund,2023-01-22,2023,1,January
309249,200327,Business,35844,1075.0,17710,Recurring Deposit,2023-05-01,2023,5,May
309250,200638,Savings,25131,4606.0,12811,Fixed Deposit,2025-03-14,2025,3,March
309251,207285,Business,63150,3591.0,4238,Recurring Deposit,2022-12-08,2022,12,December
309252,205699,Business,97224,3023.0,48042,Fixed Deposit,2022-06-06,2022,6,June
309253,207657,Savings,46880,1435.0,36235,Fixed Deposit,2023-12-03,2023,12,December
309254,204601,Savings,95667,4789.0,49276,Recurring Deposit,2024-11-05,2024,11,November
309255,204963,Current,89352,4465.0,30973,Fixed Deposit,2024-01-16,2024,1,January
309256,205063,Current,36181,4580.0,17637,Mutual Fund,2024-10-08,2024,10,October
309257,208750,Savings,84415,4214.0,36718,Mutual Fund,2023-04-29,2023,4,April
309258,204035,Current,45133,2470.0,48366,Mutual Fund,2022-11-07,2022,11,November
309259,209100,Savings,57000,953.0,2556,Mutual Fund,2022-08-06,2022,8,August
309260,206797,Current,66654,2645.0,36661,Mutual Fund,2023-10-13,2023,10,October
309261,208200,Business,61833,292.0,47889,Recurring Deposit,2022-12-10,2022,12,December
309262,205531,Current,32184,1088.0,34926,Mutual Fund,2024-08-18,2024,8,August
309263,202571,Savings,50255,3986.0,34348,Fixed Deposit,2022-09-19,2022,9,September
309264,205723,Savings,66585,1386.0,23372,Mutual Fund,2022-04-11,2022,4,April
309265,200276,Business,38717,1452.0,34938,Recurring Deposit,2024-06-14,2024,6,June
309266,206582,Current,32536,2520.0,42560,Fixed Deposit,2024-01-25,2024,1,January
309267,209253,Savings,58263,1110.0,29680,Fixed Deposit,2024-02-23,2024,2,February
309268,206963,Current,1474,3395.0,15720,Recurring Deposit,2025-01-30,2025,1,January
309269,201817,Savings,46774,3741.0,41499,Fixed Deposit,2024-04-26,2024,4,April
309270,205909,Current,14142,451.0,26258,Recurring Deposit,2022-09-21,2022,9,September
309271,200434,Business,8307,3251.0,48964,Recurring Deposit,2023-03-04,2023,3,March
309272,201267,Current,96962,4101.0,46290,Fixed Deposit,2023-01-30,2023,1,January
309273,209031,Current,66648,275.0,35062,Recurring Deposit,2023-01-11,2023,1,January
309274,207716,Savings,45599,265.0,34379,Recurring Deposit,2023-05-08,2023,5,May
309275,206887,Current,60623,523.0,13881,Mutual Fund,2023-06-11,2023,6,June
309276,209557,Savings,36438,950.0,34982,Fixed Deposit,2024-04-26,2024,4,April
309277,206988,Savings,63316,2560.0,20861,Mutual Fund,2023-11-04,2023,11,November
309278,206052,Current,83844,1755.0,46845,Recurring Deposit,2022-10-09,2022,10,October
309279,204109,Savings,96396,854.0,32709,Fixed Deposit,2024-01-20,2024,1,January
309280,207150,Business,64606,2608.0,32430,Fixed Deposit,2023-02-04,2023,2,February
309281,201158,Current,18920,3722.0,20645,Fixed Deposit,2024-10-08,2024,10,October
309282,209915,Business,48435,3935.0,8941,Fixed Deposit,2023-02-18,2023,2,February
309283,205498,Current,10792,4341.0,8863,Fixed Deposit,2023-06-03,2023,6,June
309284,200566,Savings,33087,3053.0,3547,Mutual Fund,2025-02-04,2025,2,February
309285,204897,Business,52376,4379.0,24489,Mutual Fund,2023-01-09,2023,1,January
309286,200126,Business,59470,4794.0,25527,Mutual Fund,2023-12-30,2023,12,December
309287,209986,Savings,56158,3611.0,32526,Recurring Deposit,2022-12-26,2022,12,December
309288,205114,Current,54048,2375.0,43349,Fixed Deposit,2023-12-15,2023,12,December
309289,206055,Current,1482,3588.0,36232,Fixed Deposit,2022-11-02,2022,11,November
309290,201867,Current,71705,3088.0,22888,Mutual Fund,2022-05-04,2022,5,May
309291,203683,Current,65173,1502.0,41797,Recurring Deposit,2023-06-14,2023,6,June
309292,203230,Business,99569,2025.0,19957,Mutual Fund,2023-05-01,2023,5,May
309293,201558,Savings,66407,731.0,36748,Fixed Deposit,2023-03-21,2023,3,March
309294,209415,Savings,72383,1837.0,37388,Recurring Deposit,2024-11-04,2024,11,November
309295,200738,Business,45122,3599.0,26076,Mutual Fund,2024-02-19,2024,2,February
309296,200078,Savings,62702,3938.0,39882,Mutual Fund,2023-04-10,2023,4,April
309297,209972,Savings,13685,1900.0,35317,Recurring Deposit,2023-10-16,2023,10,October
309298,203163,Savings,53962,4391.0,15485,Recurring Deposit,2024-09-11,2024,9,September
309299,202187,Business,32466,1737.0,47673,Recurring Deposit,2025-02-15,2025,2,February
309300,209216,Business,4378,2398.0,5425,Fixed Deposit,2024-12-20,2024,12,December
309301,200266,Savings,54942,4609.0,36991,Mutual Fund,2024-03-01,2024,3,March
309302,207218,Business,66148,4513.0,49799,Recurring Deposit,2022-08-01,2022,8,August
309303,208420,Business,79187,644.0,15005,Fixed Deposit,2022-04-06,2022,4,April
309304,201392,Business,93346,2799.0,19036,Recurring Deposit,2024-03-18,2024,3,March
309305,202604,Current,30000,2266.0,24369,Fixed Deposit,2022-10-13,2022,10,October
309306,205218,Business,16353,2630.0,35765,Fixed Deposit,2023-08-05,2023,8,August
309307,200596,Current,72462,803.0,45502,Recurring Deposit,2025-03-01,2025,3,March
309308,209026,Savings,89494,1120.0,13063,Recurring Deposit,2023-11-28,2023,11,November
309309,208920,Savings,49160,4783.0,46358,Fixed Deposit,2025-02-19,2025,2,February
309310,207976,Savings,49165,2310.0,29286,Fixed Deposit,2023-02-13,2023,2,February
309311,201921,Business,5831,4297.0,46560,Recurring Deposit,2023-11-06,2023,11,November
309312,202624,Current,81404,4769.0,20147,Fixed Deposit,2024-01-07,2024,1,January
309313,209108,Business,44588,656.9742925067177,47632,Mutual Fund,2024-10-03,2024,10,October
309314,208846,Savings,92050,4164.0,9535,Fixed Deposit,2023-04-23,2023,4,April
309315,201974,Current,64754,3254.0,17417,Mutual Fund,2022-07-12,2022,7,July
309316,207509,Business,89540,1568.0,35862,Fixed Deposit,2022-08-16,2022,8,August
309317,203091,Business,76133,4257.0,18841,Mutual Fund,2024-08-02,2024,8,August
309318,208524,Savings,36271,2761.0,31313,Mutual Fund,2022-06-20,2022,6,June
309319,208486,Business,1730,3917.0,12656,Fixed Deposit,2022-06-09,2022,6,June
309320,203742,Business,77855,194.0,36179,Mutual Fund,2023-08-20,2023,8,August
309321,209930,Savings,72149,2413.0,34713,Fixed Deposit,2023-03-20,2023,3,March
309322,202610,Current,11024,4629.0,9883,Recurring Deposit,2024-03-21,2024,3,March
309323,205815,Business,11602,3290.0,41393,Fixed Deposit,2023-09-22,2023,9,September
309324,208032,Savings,20754,3991.0,37352,Fixed Deposit,2024-10-17,2024,10,October
309325,203868,Business,76315,2026.0,35054,Recurring Deposit,2025-01-26,2025,1,January
309326,200249,Current,65500,4508.0,5318,Mutual Fund,2024-10-05,2024,10,October
309327,207892,Current,79379,772.0,44916,Fixed Deposit,2022-05-30,2022,5,May
309328,200300,Savings,48237,4121.0,34273,Fixed Deposit,2022-03-29,2022,3,March
309329,205125,Savings,60538,338.0,48365,Mutual Fund,2023-04-19,2023,4,April
309330,204317,Business,50001,845.0,42076,Recurring Deposit,2024-05-12,2024,5,May
309331,206456,Savings,32119,2886.0,7144,Mutual Fund,2024-11-07,2024,11,November
309332,204443,Savings,26994,4368.0,25577,Recurring Deposit,2023-11-02,2023,11,November
309333,208882,Savings,69451,1270.0,41666,Mutual Fund,2023-07-03,2023,7,July
309334,206234,Business,38467,4513.0,39347,Mutual Fund,2023-11-24,2023,11,November
309335,208102,Savings,83924,908.0,46249,Recurring Deposit,2025-01-26,2025,1,January
309336,203918,Current,70235,1690.0,40972,Recurring Deposit,2023-10-18,2023,10,October
309337,201194,Savings,53310,536.7471975856733,15025,Mutual Fund,2022-10-12,2022,10,October
309338,200293,Business,30090,2065.4621378248144,40952,Mutual Fund,2024-08-06,2024,8,August
309339,202239,Business,12323,4551.0,33773,Recurring Deposit,2022-05-23,2022,5,May
309340,202853,Current,64138,4291.0,26984,Fixed Deposit,2024-09-07,2024,9,September
309341,208222,Current,34274,2289.0,18619,Mutual Fund,2022-12-24,2022,12,December
309342,204877,Business,15992,3649.0,24313,Mutual Fund,2023-04-29,2023,4,April
309343,205623,Business,48270,3857.0,4720,Fixed Deposit,2022-12-09,2022,12,December
309344,208190,Business,22994,4735.0,26119,Recurring Deposit,2024-05-11,2024,5,May
309345,205217,Business,89195,1822.0,15738,Mutual Fund,2024-04-24,2024,4,April
309346,204147,Current,14487,2133.0,46104,Recurring Deposit,2023-08-29,2023,8,August
309347,207510,Business,16814,2758.0,21620,Fixed Deposit,2024-03-17,2024,3,March
309348,202857,Current,66873,2057.0,37352,Recurring Deposit,2022-10-11,2022,10,October
309349,204445,Business,94684,1605.0,30548,Recurring Deposit,2022-08-07,2022,8,August
309350,205137,Current,24403,2284.0,16083,Fixed Deposit,2023-07-26,2023,7,July
309351,206373,Business,25637,375.0,1037,Mutual Fund,2024-06-21,2024,6,June
309352,208905,Savings,98406,842.0,19979,Recurring Deposit,2024-01-22,2024,1,January
309353,207723,Business,29694,3332.0,26186,Mutual Fund,2022-10-27,2022,10,October
309354,200609,Current,47267,255.0,9495,Fixed Deposit,2023-04-29,2023,4,April
309355,201504,Business,57987,2328.0,44872,Fixed Deposit,2022-09-18,2022,9,September
309356,205531,Business,64203,2125.0,42127,Mutual Fund,2023-07-20,2023,7,July
309357,206531,Savings,32570,1887.0,39599,Fixed Deposit,2022-05-28,2022,5,May
309358,208846,Business,20441,2036.0,10398,Mutual Fund,2022-10-05,2022,10,October
309359,206145,Savings,87073,4815.0,36219,Recurring Deposit,2024-05-04,2024,5,May
309360,202939,Business,19874,2179.0,31721,Fixed Deposit,2023-05-31,2023,5,May
309361,200150,Savings,57305,1653.0,30183,Mutual Fund,2023-10-02,2023,10,October
309362,208944,Savings,35302,3092.626804844383,13198,Fixed Deposit,2024-01-18,2024,1,January
309363,207585,Savings,37372,4223.0,17359,Fixed Deposit,2023-06-03,2023,6,June
309364,205772,Business,61386,3988.0,19907,Mutual Fund,2023-05-03,2023,5,May
309365,201191,Savings,59929,3981.0,25052,Mutual Fund,2024-10-28,2024,10,October
309366,207177,Business,20329,3442.0,41920,Mutual Fund,2023-05-04,2023,5,May
309367,204995,Current,87770,1539.0,18497,Mutual Fund,2024-06-01,2024,6,June
309368,203409,Business,15672,3642.0,13231,Fixed Deposit,2023-07-20,2023,7,July
309369,201890,Business,90930,3739.0,13381,Mutual Fund,2024-01-26,2024,1,January
309370,200110,Current,13556,3627.0,49444,Mutual Fund,2022-12-02,2022,12,December
309371,206323,Savings,98256,2456.0,34651,Mutual Fund,2023-07-24,2023,7,July
309372,200976,Business,21699,2997.0,22945,Recurring Deposit,2024-04-22,2024,4,April
309373,209626,Business,86008,4054.0,47392,Fixed Deposit,2022-11-10,2022,11,November
309374,207943,Business,20764,864.0,5160,Recurring Deposit,2024-07-31,2024,7,July
309375,204276,Savings,31807,259.433553671494,2435,Mutual Fund,2025-01-05,2025,1,January
309376,202133,Savings,36820,3449.0,39412,Fixed Deposit,2024-12-04,2024,12,December
309377,201706,Current,85449,2245.0,43728,Mutual Fund,2024-02-02,2024,2,February
309378,201629,Business,15320,3142.0,11900,Recurring Deposit,2022-06-11,2022,6,June
309379,205042,Current,28277,1587.0,24100,Fixed Deposit,2023-01-08,2023,1,January
309380,207230,Savings,31917,4118.0,20924,Mutual Fund,2022-11-06,2022,11,November
309381,207747,Savings,61328,3740.0,31247,Fixed Deposit,2022-06-13,2022,6,June
309382,203724,Current,12447,2643.0,34370,Recurring Deposit,2023-03-13,2023,3,March
309383,205765,Savings,3899,4411.0,16556,Fixed Deposit,2022-12-30,2022,12,December
309384,204264,Business,28030,580.0,44020,Recurring Deposit,2022-05-15,2022,5,May
309385,204412,Savings,72339,1639.669440756776,31923,Recurring Deposit,2024-03-20,2024,3,March
309386,202451,Savings,99719,4129.0,18319,Recurring Deposit,2023-04-29,2023,4,April
309387,200212,Current,96345,4518.0,49672,Fixed Deposit,2022-11-30,2022,11,November
309388,200633,Savings,20798,1169.0,41889,Fixed Deposit,2024-03-15,2024,3,March
309389,206017,Savings,52582,738.0,28741,Fixed Deposit,2024-01-27,2024,1,January
309390,207913,Current,82401,4696.0,38314,Fixed Deposit,2022-09-17,2022,9,September
309391,209576,Business,62523,1009.0,35351,Mutual Fund,2024-04-27,2024,4,April
309392,208863,Current,17036,3759.0,47038,Mutual Fund,2022-05-23,2022,5,May
309393,202170,Business,61205,1799.0,1645,Mutual Fund,2024-02-04,2024,2,February
309394,201045,Business,15335,3517.0,2354,Fixed Deposit,2023-09-25,2023,9,September
309395,203289,Current,34386,1575.0,23820,Recurring Deposit,2024-08-08,2024,8,August
309396,202600,Current,17980,2015.0,8974,Recurring Deposit,2024-04-12,2024,4,April
309397,200876,Current,20712,3219.0,8404,Mutual Fund,2024-03-01,2024,3,March
309398,200393,Savings,15700,2391.0,13196,Mutual Fund,2024-04-24,2024,4,April
309399,206700,Business,92301,731.0,22926,Fixed Deposit,2022-09-11,2022,9,September
309400,202571,Business,4937,875.0,25441,Fixed Deposit,2022-11-05,2022,11,November
309401,201768,Business,59268,1542.0,48474,Mutual Fund,2022-09-29,2022,9,September
309402,200232,Current,92841,4171.0,1645,Fixed Deposit,2023-09-15,2023,9,September
309403,203569,Business,38779,2502.3547575424427,18041,Mutual Fund,2022-08-13,2022,8,August
309404,205905,Business,73745,720.0,38824,Mutual Fund,2023-01-31,2023,1,January
309405,200831,Business,88608,4810.0,49563,Fixed Deposit,2023-06-05,2023,6,June
309406,208278,Business,84179,1285.0,35314,Fixed Deposit,2022-12-26,2022,12,December
309407,207040,Current,18266,4276.0,41169,Mutual Fund,2022-12-07,2022,12,December
309408,206836,Savings,75572,2803.0,33645,Mutual Fund,2024-05-19,2024,5,May
309409,205348,Savings,16879,974.0,19628,Recurring Deposit,2023-05-18,2023,5,May
309410,207761,Current,55486,4794.0,7167,Mutual Fund,2024-08-11,2024,8,August
309411,209426,Savings,27682,2515.0,8919,Fixed Deposit,2025-01-14,2025,1,January
309412,208684,Business,77527,826.0,35017,Fixed Deposit,2024-09-15,2024,9,September
309413,205659,Savings,10610,3616.0,25937,Fixed Deposit,2023-02-13,2023,2,February
309414,208213,Savings,60734,2984.0,44521,Recurring Deposit,2024-09-12,2024,9,September
309415,203877,Business,90331,320.0,28891,Recurring Deposit,2022-03-27,2022,3,March
309416,203382,Business,44555,1328.0,44659,Fixed Deposit,2024-06-15,2024,6,June
309417,200344,Business,5379,1616.0,39833,Mutual Fund,2024-08-23,2024,8,August
309418,205999,Current,17464,582.0,11018,Mutual Fund,2022-12-26,2022,12,December
309419,201160,Savings,73192,2720.0,45892,Mutual Fund,2023-12-27,2023,12,December
309420,200483,Current,55620,2540.0,7916,Mutual Fund,2022-07-18,2022,7,July
309421,204017,Current,75163,4853.0,19794,Fixed Deposit,2023-04-07,2023,4,April
309422,201828,Business,1770,1632.0,29787,Recurring Deposit,2024-05-02,2024,5,May
309423,206720,Savings,67828,114.0,46626,Mutual Fund,2025-02-04,2025,2,February
309424,200315,Current,36094,4952.0,44189,Fixed Deposit,2022-08-14,2022,8,August
309425,204862,Business,18110,3882.0,38478,Fixed Deposit,2023-08-13,2023,8,August
309426,202329,Current,90377,1836.0,49844,Mutual Fund,2022-04-30,2022,4,April
309427,209805,Savings,19073,734.0,46342,Mutual Fund,2023-06-05,2023,6,June
309428,204470,Business,37612,2627.0,38144,Mutual Fund,2025-02-11,2025,2,February
309429,202100,Current,43887,1402.0,19026,Recurring Deposit,2025-02-10,2025,2,February
309430,200808,Savings,89656,1783.0,9894,Mutual Fund,2022-09-26,2022,9,September
309431,204611,Savings,25216,656.0,46620,Mutual Fund,2023-11-23,2023,11,November
309432,208705,Current,5566,3796.619683103882,39436,Fixed Deposit,2023-10-22,2023,10,October
309433,202338,Savings,30110,391.0,49998,Recurring Deposit,2024-09-23,2024,9,September
309434,208186,Business,92675,1767.342663908001,40904,Fixed Deposit,2022-09-01,2022,9,September
309435,205024,Business,60361,1550.0,12818,Fixed Deposit,2023-08-05,2023,8,August
309436,204580,Business,70383,3127.5002988240435,39274,Fixed Deposit,2022-11-14,2022,11,November
309437,201896,Business,92882,4640.0,11798,Mutual Fund,2022-05-04,2022,5,May
309438,207601,Current,85859,1017.0,34849,Mutual Fund,2022-07-24,2022,7,July
309439,202700,Current,51450,2792.0,10449,Mutual Fund,2024-03-04,2024,3,March
309440,207282,Savings,52340,711.0,19391,Mutual Fund,2025-01-08,2025,1,January
309441,201138,Savings,62337,1923.0,32302,Mutual Fund,2024-04-04,2024,4,April
309442,200123,Savings,12570,3536.0,40166,Fixed Deposit,2024-02-24,2024,2,February
309443,201626,Business,32493,1327.0,19455,Recurring Deposit,2024-11-21,2024,11,November
309444,201584,Current,77044,1670.0,11853,Recurring Deposit,2023-05-13,2023,5,May
309445,203458,Current,86488,3380.0,15184,Recurring Deposit,2024-09-29,2024,9,September
309446,204368,Savings,69088,2616.0,32915,Mutual Fund,2025-01-06,2025,1,January
309447,204760,Current,87262,437.0,39709,Fixed Deposit,2022-03-30,2022,3,March
309448,201405,Current,69438,172.0,29570,Recurring Deposit,2023-08-14,2023,8,August
309449,201244,Savings,95073,1625.0,9314,Recurring Deposit,2022-05-28,2022,5,May
309450,205892,Current,13394,3917.0,29945,Recurring Deposit,2025-01-03,2025,1,January
309451,200198,Business,6056,1686.0,16614,Mutual Fund,2024-11-11,2024,11,November
309452,202130,Current,33298,1286.0,21647,Mutual Fund,2024-02-22,2024,2,February
309453,205622,Business,65702,2419.0,23853,Recurring Deposit,2023-08-07,2023,8,August
309454,201330,Business,59550,3430.0,48837,Mutual Fund,2024-08-21,2024,8,August
309455,203344,Savings,54453,2482.0,39524,Mutual Fund,2022-10-07,2022,10,October
309456,205757,Savings,94039,1154.0,44589,Recurring Deposit,2023-02-12,2023,2,February
309457,209174,Savings,40622,2276.0,25945,Mutual Fund,2022-06-04,2022,6,June
309458,203132,Current,37452,417.0,38136,Fixed Deposit,2024-12-14,2024,12,December
309459,204442,Savings,11280,1284.0,12242,Fixed Deposit,2023-06-03,2023,6,June
309460,206174,Business,31122,4029.0,27047,Recurring Deposit,2023-08-05,2023,8,August
309461,203598,Savings,1702,3672.0,19554,Mutual Fund,2022-06-15,2022,6,June
309462,201344,Business,20793,2829.0,3300,Recurring Deposit,2022-07-08,2022,7,July
309463,204840,Business,44528,520.0,21275,Mutual Fund,2024-07-17,2024,7,July
309464,204928,Current,11981,4230.0,37888,Fixed Deposit,2024-10-11,2024,10,October
309465,205919,Business,5755,2219.0,21011,Mutual Fund,2023-11-03,2023,11,November
309466,203311,Current,53760,6674.9699945697,2501,Fixed Deposit,2022-08-11,2022,8,August
309467,205269,Current,3333,1478.0,3559,Mutual Fund,2023-11-30,2023,11,November
309468,200428,Savings,88423,2518.0,25442,Fixed Deposit,2023-04-21,2023,4,April
309469,202298,Current,83503,2277.0,25619,Recurring Deposit,2022-12-22,2022,12,December
309470,206154,Business,4608,3608.0,10647,Mutual Fund,2023-03-28,2023,3,March
309471,202464,Business,15591,3757.0,20896,Recurring Deposit,2023-11-30,2023,11,November
309472,200576,Business,9285,431.0,14936,Mutual Fund,2022-08-06,2022,8,August
309473,208741,Business,35252,3530.0,36113,Recurring Deposit,2022-04-21,2022,4,April
309474,204552,Business,5126,285.0,26577,Fixed Deposit,2023-02-07,2023,2,February
309475,209484,Savings,75335,1019.0,21130,Recurring Deposit,2022-11-29,2022,11,November
309476,205039,Savings,95780,4179.0,2162,Fixed Deposit,2023-11-14,2023,11,November
309477,204375,Current,11223,377.0,20627,Recurring Deposit,2023-12-06,2023,12,December
309478,208995,Business,39817,3257.0,23035,Recurring Deposit,2023-06-06,2023,6,June
309479,203219,Business,74234,4839.0,2151,Fixed Deposit,2024-12-20,2024,12,December
309480,207722,Current,72641,4917.0,3664,Fixed Deposit,2024-12-31,2024,12,December
309481,209324,Savings,44667,3393.0,22155,Mutual Fund,2022-11-15,2022,11,November
309482,204194,Current,81845,2257.0,27284,Mutual Fund,2022-09-24,2022,9,September
309483,209770,Business,10450,2116.0,22305,Mutual Fund,2023-06-27,2023,6,June
309484,200851,Savings,54532,2169.0,8576,Recurring Deposit,2024-04-21,2024,4,April
309485,209319,Current,21819,3743.0,12132,Mutual Fund,2024-01-21,2024,1,January
309486,204722,Current,87552,2985.0,9738,Fixed Deposit,2023-07-15,2023,7,July
309487,208765,Business,91344,585.0,14910,Mutual Fund,2025-02-17,2025,2,February
309488,204721,Business,6559,3362.024185625681,46601,Mutual Fund,2024-10-13,2024,10,October
309489,209413,Savings,32644,4179.0,15471,Fixed Deposit,2022-10-10,2022,10,October
309490,206907,Business,96473,3145.0,11945,Fixed Deposit,2023-09-29,2023,9,September
309491,203993,Current,64464,471.0,20385,Mutual Fund,2025-01-17,2025,1,January
309492,201550,Business,2320,1297.0,31808,Fixed Deposit,2022-08-17,2022,8,August
309493,208825,Current,33897,2282.0,5652,Fixed Deposit,2023-10-12,2023,10,October
309494,209060,Business,23021,4475.0,17630,Mutual Fund,2024-05-25,2024,5,May
309495,207698,Savings,74955,367.0,26083,Mutual Fund,2023-01-25,2023,1,January
309496,204983,Savings,5282,4589.0,38005,Recurring Deposit,2024-04-19,2024,4,April
309497,206600,Savings,6312,5208.382054062607,26834,Recurring Deposit,2024-02-10,2024,2,February
309498,206586,Business,73990,3401.0,38423,Fixed Deposit,2023-11-13,2023,11,November
309499,209552,Savings,54082,3706.0,14553,Recurring Deposit,2024-03-30,2024,3,March
309500,206542,Current,18772,377.0,26842,Fixed Deposit,2023-05-12,2023,5,May
309501,206329,Business,12364,2169.0,7796,Fixed Deposit,2024-08-11,2024,8,August
309502,203636,Savings,73749,1932.0,27400,Mutual Fund,2024-10-08,2024,10,October
309503,203995,Business,44579,2203.0,18646,Recurring Deposit,2024-01-07,2024,1,January
309504,209670,Business,35349,1247.0,37019,Fixed Deposit,2022-08-08,2022,8,August
309505,202013,Current,29946,4230.0,22795,Recurring Deposit,2024-01-06,2024,1,January
309506,206785,Business,22760,1395.0,16410,Recurring Deposit,2023-10-14,2023,10,October
309507,200657,Business,21497,757.0,13975,Fixed Deposit,2024-10-29,2024,10,October
309508,200244,Business,31598,2544.0,10897,Recurring Deposit,2023-01-04,2023,1,January
309509,205113,Current,54104,121.0,45447,Mutual Fund,2024-01-24,2024,1,January
309510,203764,Savings,79239,4186.0,5579,Recurring Deposit,2024-11-24,2024,11,November
309511,208327,Savings,93386,3753.0,29074,Mutual Fund,2024-01-11,2024,1,January
309512,208396,Business,27938,978.0,7882,Fixed Deposit,2022-08-12,2022,8,August
309513,209075,Savings,83912,1141.0,23532,Recurring Deposit,2022-05-22,2022,5,May
309514,203732,Business,93332,4432.0,46451,Fixed Deposit,2024-05-26,2024,5,May
309515,205979,Savings,31359,4899.0,9658,Fixed Deposit,2023-09-02,2023,9,September
309516,204651,Savings,95645,3908.0,42918,Fixed Deposit,2024-03-10,2024,3,March
309517,208006,Current,61494,3222.0,42191,Fixed Deposit,2025-02-03,2025,2,February
309518,206392,Current,48327,3961.0,43748,Mutual Fund,2023-03-04,2023,3,March
309519,209076,Current,37119,1988.0,16522,Recurring Deposit,2024-12-21,2024,12,December
309520,209174,Savings,33688,3161.0,40295,Fixed Deposit,2025-02-19,2025,2,February
309521,208163,Savings,14017,719.0,15194,Mutual Fund,2022-11-16,2022,11,November
309522,205281,Savings,7420,2535.0,23043,Recurring Deposit,2024-04-28,2024,4,April
309523,201220,Savings,68269,3335.0,36168,Recurring Deposit,2024-06-17,2024,6,June
309524,208897,Current,15485,4227.0,20374,Fixed Deposit,2024-11-22,2024,11,November
309525,202606,Current,52833,4981.0,48907,Recurring Deposit,2024-12-20,2024,12,December
309526,209217,Savings,35924,809.0,33866,Fixed Deposit,2024-06-13,2024,6,June
309527,203283,Savings,70350,3395.0,25432,Mutual Fund,2022-07-29,2022,7,July
309528,207894,Current,58060,381.0,35678,Recurring Deposit,2023-06-15,2023,6,June
309529,201316,Savings,44722,2422.0,43186,Fixed Deposit,2024-03-17,2024,3,March
309530,203151,Business,92940,4325.0,2187,Mutual Fund,2024-01-29,2024,1,January
309531,200118,Current,12550,3383.0,42246,Fixed Deposit,2022-07-22,2022,7,July
309532,204693,Current,12552,1329.0,35786,Recurring Deposit,2024-03-31,2024,3,March
309533,206718,Savings,46932,2855.0,38531,Mutual Fund,2023-06-30,2023,6,June
309534,201908,Business,62515,3135.0,13352,Fixed Deposit,2022-11-06,2022,11,November
309535,204085,Savings,80258,3400.0,11398,Mutual Fund,2022-10-05,2022,10,October
309536,206378,Business,80949,2957.0,35931,Mutual Fund,2025-02-16,2025,2,February
309537,200426,Savings,3814,3969.0,33666,Mutual Fund,2023-06-30,2023,6,June
309538,205735,Current,53096,3308.0,4111,Recurring Deposit,2023-04-11,2023,4,April
309539,205881,Current,49703,362.0,14963,Recurring Deposit,2024-06-10,2024,6,June
309540,200639,Business,30689,4551.0,48051,Recurring Deposit,2024-01-14,2024,1,January
309541,209395,Business,20564,920.0,46914,Recurring Deposit,2023-06-23,2023,6,June
309542,203765,Savings,47705,6237.333240964573,27906,Recurring Deposit,2024-08-20,2024,8,August
309543,202763,Current,68440,1330.0,27300,Mutual Fund,2022-06-03,2022,6,June
309544,206692,Savings,18639,3796.0,25434,Mutual Fund,2024-07-23,2024,7,July
309545,207618,Savings,49604,2653.0,6741,Recurring Deposit,2022-07-17,2022,7,July
309546,200145,Current,97089,3816.0,5944,Fixed Deposit,2022-05-30,2022,5,May
309547,203130,Business,56984,3273.0,35456,Fixed Deposit,2024-05-26,2024,5,May
309548,207570,Current,74776,4409.0,12869,Recurring Deposit,2022-09-04,2022,9,September
309549,205772,Current,1179,1449.0,17009,Recurring Deposit,2024-05-22,2024,5,May
309550,209248,Business,79150,4114.0,27489,Mutual Fund,2024-01-10,2024,1,January
309551,207133,Current,54919,4496.0,21626,Mutual Fund,2023-12-22,2023,12,December
309552,201457,Business,43601,1477.0,37931,Recurring Deposit,2022-08-14,2022,8,August
309553,205490,Current,74526,1381.0,19190,Recurring Deposit,2024-03-11,2024,3,March
309554,201607,Business,62552,4599.0,4574,Fixed Deposit,2025-01-10,2025,1,January
309555,201073,Business,14561,4960.0,17992,Fixed Deposit,2024-08-20,2024,8,August
309556,201522,Savings,50681,4383.0,48538,Mutual Fund,2023-04-18,2023,4,April
309557,200535,Current,45154,2798.0,7156,Fixed Deposit,2023-09-24,2023,9,September
309558,206212,Savings,39869,4555.0,42680,Mutual Fund,2023-04-20,2023,4,April
309559,203079,Current,70562,821.0,17442,Fixed Deposit,2024-09-15,2024,9,September
309560,200760,Savings,56068,2853.0,31714,Recurring Deposit,2022-07-26,2022,7,July
309561,208399,Savings,80519,1829.0,25005,Fixed Deposit,2024-05-11,2024,5,May
309562,208099,Savings,46552,3522.0,18976,Mutual Fund,2022-04-15,2022,4,April
309563,203263,Savings,85563,1322.0,5789,Fixed Deposit,2022-09-13,2022,9,September
309564,201997,Savings,66310,1031.0,35599,Mutual Fund,2025-01-11,2025,1,January
309565,204005,Current,93842,2952.0,16709,Mutual Fund,2024-03-09,2024,3,March
309566,209587,Savings,75408,1278.0,12363,Mutual Fund,2022-12-24,2022,12,December
309567,200025,Savings,38767,4269.0,49414,Mutual Fund,2022-12-29,2022,12,December
309568,208698,Current,57106,1868.0,42228,Recurring Deposit,2023-11-21,2023,11,November
309569,200860,Business,70767,1218.0,34264,Fixed Deposit,2022-05-30,2022,5,May
309570,204473,Current,88676,2483.0,38943,Fixed Deposit,2022-07-28,2022,7,July
309571,207683,Business,8688,1398.0,46357,Fixed Deposit,2023-12-27,2023,12,December
309572,208151,Current,88469,1620.0,1769,Recurring Deposit,2025-03-19,2025,3,March
309573,204160,Savings,99617,3463.0,44829,Fixed Deposit,2023-06-26,2023,6,June
309574,203981,Business,86213,1796.0,1591,Recurring Deposit,2023-07-21,2023,7,July
309575,202850,Savings,25925,1952.0,49587,Mutual Fund,2024-09-18,2024,9,September
309576,200596,Business,16591,4073.0,24323,Mutual Fund,2024-02-25,2024,2,February
309577,202019,Savings,57623,2256.0,43628,Recurring Deposit,2025-01-25,2025,1,January
309578,206422,Business,14161,1639.0,47608,Recurring Deposit,2024-02-17,2024,2,February
309579,205907,Savings,61042,3820.0,46203,Recurring Deposit,2024-11-14,2024,11,November
309580,205977,Business,25447,380.0,20928,Recurring Deposit,2023-05-06,2023,5,May
309581,200168,Business,21964,3751.0,38457,Fixed Deposit,2023-09-02,2023,9,September
309582,201923,Savings,91441,156.0,18813,Fixed Deposit,2023-01-05,2023,1,January
309583,206506,Current,84872,190.0,39708,Mutual Fund,2023-02-11,2023,2,February
309584,207654,Current,83364,103.0,37519,Mutual Fund,2023-01-02,2023,1,January
309585,206227,Savings,10303,632.0,18326,Recurring Deposit,2022-07-20,2022,7,July
309586,203309,Savings,69878,514.0,28644,Fixed Deposit,2024-10-14,2024,10,October
309587,207625,Current,76292,735.0,17841,Recurring Deposit,2023-04-27,2023,4,April
309588,207873,Business,74491,362.0,46264,Recurring Deposit,2025-01-30,2025,1,January
309589,208700,Savings,84981,844.0,22037,Mutual Fund,2022-09-02,2022,9,September
309590,204076,Savings,58852,410.0,45399,Fixed Deposit,2024-01-23,2024,1,January
309591,206984,Savings,17932,706.0,31137,Mutual Fund,2024-06-28,2024,6,June
309592,205117,Savings,33752,1644.0,40706,Recurring Deposit,2022-04-17,2022,4,April
309593,200873,Current,72139,3086.0,31259,Mutual Fund,2022-03-30,2022,3,March
309594,203842,Current,17228,208.0,43268,Mutual Fund,2023-11-24,2023,11,November
309595,205823,Savings,10431,2433.0,14317,Mutual Fund,2022-09-18,2022,9,September
309596,200181,Current,75800,4750.981166100882,10363,Fixed Deposit,2022-04-10,2022,4,April
309597,208198,Current,23250,4195.0,38860,Mutual Fund,2022-12-12,2022,12,December
309598,204760,Current,29579,3623.0,35634,Recurring Deposit,2025-01-02,2025,1,January
309599,200407,Business,41377,4256.0,17017,Fixed Deposit,2024-03-31,2024,3,March
309600,206405,Savings,56310,2097.5141028965795,44622,Recurring Deposit,2024-03-04,2024,3,March
309601,209614,Savings,99214,4568.0,26010,Fixed Deposit,2025-02-27,2025,2,February
309602,209806,Savings,99820,2394.0,40913,Fixed Deposit,2023-12-10,2023,12,December
309603,207356,Savings,22485,4618.0,9568,Fixed Deposit,2025-01-05,2025,1,January
309604,208058,Current,57928,3545.658549518977,21997,Mutual Fund,2024-10-10,2024,10,October
309605,200825,Current,7886,437.0,45308,Fixed Deposit,2024-04-15,2024,4,April
309606,205740,Business,77780,3962.0,46887,Mutual Fund,2023-07-04,2023,7,July
309607,200095,Savings,60180,3360.0,8943,Recurring Deposit,2024-11-05,2024,11,November
309608,208590,Business,55144,712.0,24313,Fixed Deposit,2024-11-03,2024,11,November
309609,201261,Business,72982,2911.0,30077,Fixed Deposit,2023-10-02,2023,10,October
309610,206023,Business,85984,3142.065594585343,4781,Fixed Deposit,2025-02-25,2025,2,February
309611,207700,Business,54383,2835.0,40542,Fixed Deposit,2025-01-30,2025,1,January
309612,207980,Current,74965,2131.0,36682,Recurring Deposit,2025-02-25,2025,2,February
309613,208920,Business,45597,2681.0,27274,Mutual Fund,2025-02-01,2025,2,February
309614,205090,Current,58430,3530.0,38164,Recurring Deposit,2023-11-24,2023,11,November
309615,201656,Current,19659,4119.0,38367,Mutual Fund,2023-07-04,2023,7,July
309616,208999,Business,98228,616.0,8477,Mutual Fund,2022-08-04,2022,8,August
309617,205469,Savings,30101,2902.0,27808,Fixed Deposit,2022-10-01,2022,10,October
309618,205470,Current,45305,2231.0,2103,Recurring Deposit,2022-10-16,2022,10,October
309619,208958,Savings,84523,435.0,12466,Mutual Fund,2022-04-11,2022,4,April
309620,205130,Current,64174,3433.0,44055,Mutual Fund,2023-01-11,2023,1,January
309621,205241,Current,9789,3425.0,26044,Fixed Deposit,2022-09-10,2022,9,September
309622,200381,Business,6994,163.0,33022,Recurring Deposit,2022-04-14,2022,4,April
309623,200294,Business,28114,3997.0,22685,Fixed Deposit,2025-03-06,2025,3,March
309624,200054,Savings,82739,2401.0,24101,Mutual Fund,2023-01-07,2023,1,January
309625,205963,Current,94591,483.0,12961,Fixed Deposit,2022-05-01,2022,5,May
309626,208834,Savings,72470,224.0,32660,Recurring Deposit,2023-02-09,2023,2,February
309627,205546,Business,3084,2679.0,18107,Fixed Deposit,2024-04-06,2024,4,April
309628,200079,Business,29871,4172.0,18232,Recurring Deposit,2024-12-22,2024,12,December
309629,208831,Savings,19474,4643.0,43462,Mutual Fund,2022-11-01,2022,11,November
309630,209704,Savings,49337,1100.699759429326,4059,Mutual Fund,2024-12-24,2024,12,December
309631,205370,Current,36569,4454.0,15767,Recurring Deposit,2023-03-31,2023,3,March
309632,202343,Savings,17214,2383.0,11911,Fixed Deposit,2024-01-26,2024,1,January
309633,203906,Savings,48589,3559.0,49519,Recurring Deposit,2024-11-17,2024,11,November
309634,204834,Business,69241,4357.0,38937,Recurring Deposit,2024-07-04,2024,7,July
309635,200898,Business,97178,2360.0,8560,Mutual Fund,2023-01-11,2023,1,January
309636,203998,Savings,44722,2575.0,12897,Fixed Deposit,2022-08-01,2022,8,August
309637,201512,Business,48034,6050.17918472822,37164,Recurring Deposit,2023-07-01,2023,7,July
309638,201820,Business,41102,525.0,36244,Recurring Deposit,2024-03-09,2024,3,March
309639,207293,Business,50485,3735.0,31412,Fixed Deposit,2022-11-06,2022,11,November
309640,202815,Business,9047,1575.0,21632,Mutual Fund,2024-03-26,2024,3,March
309641,209504,Current,84197,239.0,23878,Mutual Fund,2024-01-05,2024,1,January
309642,202021,Current,29908,2258.0,49865,Fixed Deposit,2022-04-23,2022,4,April
309643,203250,Savings,90509,3141.0,10168,Mutual Fund,2022-09-17,2022,9,September
309644,205199,Current,73374,214.0,44576,Mutual Fund,2022-12-04,2022,12,December
309645,204192,Savings,33880,139.0,7297,Fixed Deposit,2022-11-12,2022,11,November
309646,200029,Current,58732,3605.0,33083,Fixed Deposit,2025-03-16,2025,3,March
309647,200993,Current,63328,209.0,22509,Mutual Fund,2024-02-10,2024,2,February
309648,205794,Savings,38553,4107.0,28231,Mutual Fund,2024-04-12,2024,4,April
309649,201286,Savings,33553,636.0,12744,Recurring Deposit,2024-03-22,2024,3,March
309650,209055,Savings,59770,4828.0,44475,Mutual Fund,2022-04-20,2022,4,April
309651,205185,Business,44681,2878.0,47395,Recurring Deposit,2024-02-17,2024,2,February
309652,206879,Business,15644,4751.0,24562,Fixed Deposit,2024-09-15,2024,9,September
309653,204948,Business,78775,2148.0,4630,Recurring Deposit,2023-04-01,2023,4,April
309654,205904,Savings,10236,3725.0,21394,Mutual Fund,2023-01-27,2023,1,January
309655,207437,Business,22804,4197.0,10894,Recurring Deposit,2023-06-22,2023,6,June
309656,209249,Current,40903,3334.0,8578,Mutual Fund,2024-08-21,2024,8,August
309657,208787,Current,96803,1401.0,41871,Mutual Fund,2023-11-19,2023,11,November
309658,201940,Current,60316,1042.0,3529,Mutual Fund,2022-06-08,2022,6,June
309659,206831,Current,65501,328.0,29717,Fixed Deposit,2023-08-21,2023,8,August
309660,202361,Business,12794,3540.0,6705,Recurring Deposit,2022-04-02,2022,4,April
309661,205574,Business,23999,877.0,1062,Recurring Deposit,2022-08-27,2022,8,August
309662,209193,Current,69386,470.0,29839,Recurring Deposit,2024-11-24,2024,11,November
309663,200156,Savings,35641,201.0,9871,Recurring Deposit,2024-01-20,2024,1,January
309664,202952,Current,73440,4397.0,40003,Mutual Fund,2023-12-26,2023,12,December
309665,201230,Current,58357,3342.0,29572,Recurring Deposit,2024-04-29,2024,4,April
309666,207579,Savings,6717,4784.0,24829,Recurring Deposit,2024-09-04,2024,9,September
309667,201189,Savings,9806,2862.0,22448,Fixed Deposit,2024-10-01,2024,10,October
309668,207694,Business,30963,2283.0,47796,Fixed Deposit,2024-07-29,2024,7,July
309669,204600,Savings,87704,4666.0,37130,Recurring Deposit,2023-06-15,2023,6,June
309670,200543,Savings,23219,1223.0,25602,Fixed Deposit,2022-05-17,2022,5,May
309671,201575,Business,4074,2154.0,10662,Fixed Deposit,2024-04-16,2024,4,April
309672,209291,Business,19535,877.0,38924,Fixed Deposit,2023-12-01,2023,12,December
309673,205889,Current,37506,495.0,28634,Mutual Fund,2024-04-14,2024,4,April
309674,205864,Current,34499,578.0,45542,Fixed Deposit,2024-05-26,2024,5,May
309675,208483,Savings,31161,1032.0,38529,Fixed Deposit,2024-09-24,2024,9,September
309676,201433,Business,5084,253.0,44618,Recurring Deposit,2024-10-25,2024,10,October
309677,200612,Savings,55644,104.0,31601,Recurring Deposit,2025-02-07,2025,2,February
309678,202640,Savings,95872,874.0,27515,Mutual Fund,2024-04-16,2024,4,April
309679,207288,Current,90598,1415.0,39256,Fixed Deposit,2023-03-16,2023,3,March
309680,207678,Savings,90998,1546.0,46577,Recurring Deposit,2022-06-23,2022,6,June
309681,208922,Savings,36567,353.0,34309,Mutual Fund,2024-06-18,2024,6,June
309682,206377,Current,47106,2503.0,18994,Recurring Deposit,2022-04-19,2022,4,April
309683,208409,Current,37622,3353.0,45687,Recurring Deposit,2024-01-05,2024,1,January
309684,209677,Business,68741,3433.0,26990,Fixed Deposit,2024-09-01,2024,9,September
309685,207506,Current,47794,3128.0,37981,Recurring Deposit,2023-07-24,2023,7,July
309686,201770,Business,93858,678.0,22398,Fixed Deposit,2024-07-27,2024,7,July
309687,205696,Business,19348,202.0,35343,Fixed Deposit,2022-06-27,2022,6,June
309688,208437,Current,60981,1393.0,17384,Recurring Deposit,2023-05-11,2023,5,May
309689,200403,Current,54548,2142.0,29972,Mutual Fund,2024-12-22,2024,12,December
309690,206112,Current,45891,6515.9011104656665,7918,Recurring Deposit,2023-12-29,2023,12,December
309691,202080,Savings,77999,2120.0,17680,Mutual Fund,2024-03-25,2024,3,March
309692,209640,Current,40356,3299.0,11563,Recurring Deposit,2022-09-18,2022,9,September
309693,208460,Business,79090,2354.0,20969,Fixed Deposit,2024-04-27,2024,4,April
309694,209968,Business,21557,1619.0,10488,Mutual Fund,2024-11-12,2024,11,November
309695,206442,Business,17050,3579.0,48591,Recurring Deposit,2024-12-18,2024,12,December
309696,208304,Current,66496,4748.0,18800,Recurring Deposit,2023-09-10,2023,9,September
309697,203912,Business,39089,4445.0,6770,Fixed Deposit,2024-02-15,2024,2,February
309698,205623,Business,5323,2457.0,26899,Recurring Deposit,2025-03-08,2025,3,March
309699,205101,Savings,94606,1760.0,15930,Fixed Deposit,2024-01-27,2024,1,January
309700,209536,Current,14335,3517.0,27039,Mutual Fund,2022-04-22,2022,4,April
309701,207715,Current,25197,776.0,33525,Recurring Deposit,2022-11-26,2022,11,November
309702,200205,Business,82299,195.0,17462,Recurring Deposit,2023-06-11,2023,6,June
309703,201909,Savings,12274,4284.0,49558,Fixed Deposit,2023-01-13,2023,1,January
309704,209172,Business,63578,4030.0,33711,Fixed Deposit,2024-03-18,2024,3,March
309705,209450,Savings,40714,4088.0,16904,Recurring Deposit,2023-09-06,2023,9,September
309706,202644,Business,57525,4410.0,36457,Mutual Fund,2024-01-30,2024,1,January
309707,209951,Business,34857,4129.0,37865,Fixed Deposit,2023-03-16,2023,3,March
309708,200039,Current,28268,2862.0,2083,Mutual Fund,2024-05-17,2024,5,May
309709,206539,Savings,18062,2318.0,29051,Mutual Fund,2023-02-25,2023,2,February
309710,203676,Savings,25654,3485.0,48225,Mutual Fund,2024-09-18,2024,9,September
309711,203968,Savings,98236,3206.0,16441,Fixed Deposit,2025-02-17,2025,2,February
309712,207951,Current,46788,3479.0,37564,Fixed Deposit,2023-08-29,2023,8,August
309713,203059,Current,10650,3410.0,48682,Mutual Fund,2024-10-11,2024,10,October
309714,202353,Business,3452,898.0,27768,Fixed Deposit,2025-01-04,2025,1,January
309715,209961,Savings,45197,1968.0,43981,Recurring Deposit,2024-03-17,2024,3,March
309716,206998,Savings,32219,4429.0,20395,Mutual Fund,2022-10-10,2022,10,October
309717,201007,Business,16779,237.0,34952,Recurring Deposit,2023-06-19,2023,6,June
309718,204027,Business,86773,659.0,2249,Fixed Deposit,2023-11-17,2023,11,November
309719,207300,Business,36232,3657.0,48916,Recurring Deposit,2023-12-28,2023,12,December
309720,203988,Business,24062,2984.0,17565,Mutual Fund,2025-01-29,2025,1,January
309721,201617,Savings,24763,1955.0,24967,Recurring Deposit,2024-12-28,2024,12,December
309722,208340,Business,50317,2964.0,10530,Fixed Deposit,2023-10-01,2023,10,October
309723,202118,Savings,25293,3431.0,17903,Recurring Deposit,2024-03-23,2024,3,March
309724,202368,Savings,59112,1199.0,40281,Mutual Fund,2022-11-27,2022,11,November
309725,205722,Savings,93969,848.0,33699,Recurring Deposit,2024-11-10,2024,11,November
309726,202491,Business,43957,4639.0,41718,Fixed Deposit,2023-02-05,2023,2,February
309727,207992,Business,7859,270.0,7782,Fixed Deposit,2023-06-02,2023,6,June
309728,209999,Business,27136,1955.0,2694,Recurring Deposit,2025-02-25,2025,2,February
309729,205479,Business,39515,4082.0,38439,Mutual Fund,2022-08-01,2022,8,August
309730,200457,Current,95575,2176.0,13292,Recurring Deposit,2025-01-20,2025,1,January
309731,201875,Business,17568,4697.0,34961,Mutual Fund,2024-04-09,2024,4,April
309732,208879,Current,93339,2305.0,20817,Recurring Deposit,2022-10-07,2022,10,October
309733,206116,Business,97134,640.0,26372,Fixed Deposit,2022-12-15,2022,12,December
309734,204888,Current,22382,4670.0,43893,Mutual Fund,2023-01-24,2023,1,January
309735,201219,Business,55199,306.0,26779,Mutual Fund,2022-11-18,2022,11,November
309736,207327,Business,57261,1607.0,21660,Mutual Fund,2024-10-16,2024,10,October
309737,204187,Savings,61857,447.0,38900,Fixed Deposit,2024-04-23,2024,4,April
309738,207847,Current,14163,4487.815248596682,30627,Fixed Deposit,2022-08-24,2022,8,August
309739,206288,Business,33711,1570.0,10007,Fixed Deposit,2023-12-27,2023,12,December
309740,201094,Current,34443,1007.0,44934,Recurring Deposit,2024-04-25,2024,4,April
309741,207866,Savings,17326,1891.0,48139,Recurring Deposit,2023-07-05,2023,7,July
309742,202714,Current,13150,2523.0,27138,Recurring Deposit,2023-03-20,2023,3,March
309743,207566,Business,18026,3801.0,3276,Mutual Fund,2023-02-09,2023,2,February
309744,203773,Savings,73775,451.0,15974,Mutual Fund,2024-08-02,2024,8,August
309745,208965,Business,85300,2235.0,22600,Mutual Fund,2022-06-02,2022,6,June
309746,207145,Savings,65990,1270.0,3652,Mutual Fund,2022-04-18,2022,4,April
309747,209318,Savings,54644,3246.0,10306,Fixed Deposit,2023-09-29,2023,9,September
309748,204375,Current,94145,3337.0,37611,Mutual Fund,2023-04-30,2023,4,April
309749,206276,Business,97879,1922.0,34482,Recurring Deposit,2023-09-26,2023,9,September
309750,206229,Business,98857,1066.0,16576,Recurring Deposit,2025-02-04,2025,2,February
309751,201204,Savings,85610,2022.0,11359,Fixed Deposit,2022-11-22,2022,11,November
309752,201529,Business,84518,2351.0,13420,Mutual Fund,2022-12-17,2022,12,December
309753,208801,Savings,43625,4669.0,17434,Fixed Deposit,2024-05-11,2024,5,May
309754,204573,Current,72612,843.0,26153,Fixed Deposit,2022-05-09,2022,5,May
309755,201746,Savings,68514,1894.0,36879,Recurring Deposit,2022-06-27,2022,6,June
309756,200465,Business,32888,2066.0,2996,Fixed Deposit,2023-08-27,2023,8,August
309757,202432,Savings,49613,4361.0,42591,Fixed Deposit,2024-01-18,2024,1,January
309758,207848,Business,1778,896.0,36322,Recurring Deposit,2022-09-14,2022,9,September
309759,203193,Current,73964,1355.0,40398,Recurring Deposit,2024-11-04,2024,11,November
309760,209524,Current,69418,1936.0,46264,Mutual Fund,2023-03-08,2023,3,March
309761,207375,Savings,94974,4628.0,18374,Recurring Deposit,2022-09-24,2022,9,September
309762,209341,Current,41510,3092.0,20833,Fixed Deposit,2024-08-10,2024,8,August
309763,201959,Current,22891,4416.0,29874,Recurring Deposit,2023-03-04,2023,3,March
309764,205181,Savings,83670,606.0,28144,Fixed Deposit,2024-04-14,2024,4,April
309765,205467,Business,83460,3921.0,15602,Recurring Deposit,2023-04-25,2023,4,April
309766,203594,Savings,42104,2990.0,36718,Mutual Fund,2023-08-31,2023,8,August
309767,200239,Savings,34758,4553.0,15052,Mutual Fund,2023-09-23,2023,9,September
309768,200819,Business,20106,3713.0,38917,Fixed Deposit,2022-06-01,2022,6,June
309769,204950,Current,12604,845.0,31300,Mutual Fund,2024-08-02,2024,8,August
309770,208239,Savings,53220,714.0,1470,Fixed Deposit,2023-05-10,2023,5,May
309771,200812,Savings,23831,4026.0,23860,Recurring Deposit,2022-11-10,2022,11,November
309772,204582,Business,86982,4319.0,32861,Mutual Fund,2025-02-25,2025,2,February
309773,203007,Savings,22440,3116.0,36275,Recurring Deposit,2024-05-29,2024,5,May
309774,201613,Business,24156,1407.0,13204,Recurring Deposit,2024-10-14,2024,10,October
309775,205640,Savings,6322,4345.0,49378,Fixed Deposit,2025-01-24,2025,1,January
309776,205633,Savings,2280,1023.0,39371,Fixed Deposit,2022-08-29,2022,8,August
309777,207676,Business,14958,559.0,16732,Mutual Fund,2022-06-07,2022,6,June
309778,209674,Business,86224,2851.0,32497,Recurring Deposit,2024-01-30,2024,1,January
309779,205901,Savings,65076,1207.0,12835,Recurring Deposit,2024-02-29,2024,2,February
309780,200034,Business,13661,713.0,32510,Recurring Deposit,2022-09-09,2022,9,September
309781,209791,Savings,96941,3858.0,49413,Mutual Fund,2022-09-01,2022,9,September
309782,205737,Business,93016,3219.0,45151,Recurring Deposit,2024-10-24,2024,10,October
309783,207576,Current,82779,3685.0,48387,Recurring Deposit,2024-10-23,2024,10,October
309784,202912,Current,81993,565.0,32894,Recurring Deposit,2022-08-26,2022,8,August
309785,201544,Current,17994,3512.0,14252,Recurring Deposit,2024-08-10,2024,8,August
309786,206348,Current,97339,3138.0,1413,Mutual Fund,2022-05-25,2022,5,May
309787,205897,Savings,7301,2536.0,13488,Mutual Fund,2024-05-17,2024,5,May
309788,204640,Savings,52087,1451.0,49737,Recurring Deposit,2022-08-31,2022,8,August
309789,205612,Current,4687,4750.0,31063,Recurring Deposit,2022-12-05,2022,12,December
309790,200904,Current,36427,2248.0,41985,Mutual Fund,2024-11-23,2024,11,November
309791,201589,Current,92925,639.0,1379,Mutual Fund,2022-09-20,2022,9,September
309792,208343,Business,57718,1709.0,49464,Mutual Fund,2023-02-03,2023,2,February
309793,207229,Savings,83989,4201.0,26505,Fixed Deposit,2023-10-03,2023,10,October
309794,207551,Current,15720,2679.0,43563,Mutual Fund,2022-11-19,2022,11,November
309795,206970,Current,29259,1703.0,16617,Mutual Fund,2023-06-17,2023,6,June
309796,205431,Savings,41334,2086.0,18199,Mutual Fund,2024-02-04,2024,2,February
309797,208251,Current,15302,3349.0,11821,Recurring Deposit,2024-05-14,2024,5,May
309798,208160,Current,5408,3214.0,29151,Mutual Fund,2024-05-03,2024,5,May
309799,203738,Savings,95533,3004.0,5552,Recurring Deposit,2022-08-22,2022,8,August
309800,203691,Savings,2731,659.0,18303,Recurring Deposit,2022-11-15,2022,11,November
309801,203371,Business,58107,4940.0,18228,Recurring Deposit,2024-12-20,2024,12,December
309802,207736,Savings,21995,3150.0,16690,Recurring Deposit,2023-10-07,2023,10,October
309803,202007,Current,63473,2943.0,37455,Mutual Fund,2023-08-22,2023,8,August
309804,208138,Savings,83694,3650.0,30469,Fixed Deposit,2022-10-21,2022,10,October
309805,205980,Savings,18370,2780.0,22975,Recurring Deposit,2022-09-28,2022,9,September
309806,201135,Current,85280,1836.0,44937,Mutual Fund,2023-01-28,2023,1,January
309807,206079,Savings,90398,4908.0,35454,Mutual Fund,2024-02-01,2024,2,February
309808,206006,Business,41606,4234.0,39354,Fixed Deposit,2023-12-26,2023,12,December
309809,205961,Savings,90407,3564.0,3809,Fixed Deposit,2022-03-31,2022,3,March
309810,203806,Savings,87435,3332.0,44383,Recurring Deposit,2023-04-06,2023,4,April
309811,205826,Current,56386,3911.0,6037,Fixed Deposit,2024-03-25,2024,3,March
309812,201716,Business,55346,3401.0,5925,Fixed Deposit,2023-09-02,2023,9,September
309813,207338,Business,20828,1841.0,21021,Recurring Deposit,2023-06-09,2023,6,June
309814,206503,Savings,53552,3508.0,42313,Mutual Fund,2024-05-13,2024,5,May
309815,205530,Business,54191,1723.0,16082,Fixed Deposit,2022-12-12,2022,12,December
309816,207216,Current,34801,4948.0,30497,Fixed Deposit,2022-07-31,2022,7,July
309817,206703,Savings,1449,1580.0,21373,Mutual Fund,2023-05-08,2023,5,May
309818,201487,Business,26239,3565.0,7913,Fixed Deposit,2023-10-20,2023,10,October
309819,200738,Current,40266,4341.0,6424,Recurring Deposit,2023-12-25,2023,12,December
309820,204321,Current,28553,1372.0,19316,Mutual Fund,2023-10-02,2023,10,October
309821,202440,Current,44441,3168.0,45450,Fixed Deposit,2024-11-22,2024,11,November
309822,209020,Savings,53554,1648.0,2556,Fixed Deposit,2025-01-17,2025,1,January
309823,207800,Current,15976,2958.0,17967,Recurring Deposit,2023-04-06,2023,4,April
309824,208279,Current,84974,2535.0,18564,Recurring Deposit,2022-11-11,2022,11,November
309825,202146,Savings,80089,654.0,24789,Mutual Fund,2024-06-20,2024,6,June
309826,202475,Savings,4172,3646.0,15152,Recurring Deposit,2024-01-05,2024,1,January
309827,200315,Current,95707,3660.0,25116,Fixed Deposit,2023-03-10,2023,3,March
309828,200476,Savings,9421,4411.0,4778,Recurring Deposit,2022-10-21,2022,10,October
309829,206270,Business,19176,1199.0,21850,Fixed Deposit,2024-01-16,2024,1,January
309830,200550,Savings,81159,3444.0,10066,Mutual Fund,2023-12-23,2023,12,December
309831,202472,Current,59000,812.0,42050,Recurring Deposit,2023-12-16,2023,12,December
309832,208072,Savings,91385,1191.0,42337,Recurring Deposit,2024-03-02,2024,3,March
309833,207040,Savings,7723,4264.0,31685,Fixed Deposit,2024-05-30,2024,5,May
309834,209156,Current,29208,1208.0,7543,Fixed Deposit,2025-02-12,2025,2,February
309835,202186,Current,8948,2417.0,48963,Mutual Fund,2023-10-03,2023,10,October
309836,204227,Savings,41853,1260.0,35486,Fixed Deposit,2022-05-06,2022,5,May
309837,206304,Business,51073,845.0,42419,Mutual Fund,2024-02-06,2024,2,February
309838,208748,Business,53868,399.0,18435,Mutual Fund,2022-11-02,2022,11,November
309839,203475,Current,79924,4734.0,47714,Mutual Fund,2022-04-05,2022,4,April
309840,206308,Business,71723,3739.0,44067,Fixed Deposit,2024-06-01,2024,6,June
309841,206995,Savings,60609,3181.0,35803,Fixed Deposit,2022-07-07,2022,7,July
309842,206369,Current,37429,1539.0,46428,Fixed Deposit,2022-07-30,2022,7,July
309843,201330,Savings,31814,4777.0,15580,Recurring Deposit,2023-08-28,2023,8,August
309844,207823,Business,36505,3453.0,11093,Recurring Deposit,2023-07-23,2023,7,July
309845,206879,Business,7962,1851.0,48747,Recurring Deposit,2023-12-04,2023,12,December
309846,209635,Business,65985,2135.0,40522,Mutual Fund,2022-12-01,2022,12,December
309847,204273,Current,7145,3985.0,8590,Recurring Deposit,2024-01-24,2024,1,January
309848,203575,Business,29584,1277.0,11820,Recurring Deposit,2022-06-24,2022,6,June
309849,203369,Current,62933,1735.0,32985,Recurring Deposit,2023-11-21,2023,11,November
309850,203681,Current,97939,3178.0,48132,Recurring Deposit,2022-05-17,2022,5,May
309851,203258,Current,75291,776.0,29408,Mutual Fund,2025-01-09,2025,1,January
309852,200950,Current,70697,327.0,25222,Mutual Fund,2024-12-11,2024,12,December
309853,202935,Current,78799,1997.0,12019,Fixed Deposit,2022-11-10,2022,11,November
309854,209951,Current,84035,1355.0,17483,Fixed Deposit,2024-08-29,2024,8,August
309855,205203,Business,78590,3415.0,14150,Mutual Fund,2022-06-18,2022,6,June
309856,204987,Current,11438,364.0,15346,Mutual Fund,2024-11-26,2024,11,November
309857,202687,Savings,96910,2523.0,14229,Mutual Fund,2025-01-09,2025,1,January
309858,202698,Savings,5839,1592.0,17029,Fixed Deposit,2024-06-05,2024,6,June
309859,200921,Savings,99675,1775.9804343644369,18351,Recurring Deposit,2023-06-23,2023,6,June
309860,204642,Business,72765,3776.0,28914,Recurring Deposit,2024-01-01,2024,1,January
309861,204071,Current,88867,757.0,42142,Mutual Fund,2023-12-05,2023,12,December
309862,203716,Business,19743,494.0,9296,Fixed Deposit,2025-02-10,2025,2,February
309863,208809,Business,12639,380.0,20973,Mutual Fund,2025-03-13,2025,3,March
309864,202829,Current,26472,3383.0,10233,Fixed Deposit,2024-07-28,2024,7,July
309865,201809,Business,8521,1852.0,30542,Recurring Deposit,2023-07-06,2023,7,July
309866,200971,Current,68682,3821.0,2318,Recurring Deposit,2023-07-21,2023,7,July
309867,201986,Current,74652,688.0,5429,Mutual Fund,2023-09-06,2023,9,September
309868,209831,Current,62598,2734.863587877541,40870,Recurring Deposit,2022-04-02,2022,4,April
309869,208365,Savings,15752,3452.0,42614,Mutual Fund,2023-05-29,2023,5,May
309870,200579,Current,51172,768.0,47385,Fixed Deposit,2024-06-17,2024,6,June
309871,205688,Current,88428,1798.0,7324,Mutual Fund,2024-10-24,2024,10,October
309872,206695,Business,91538,663.0,48651,Fixed Deposit,2022-11-04,2022,11,November
309873,200473,Savings,58738,2644.0,39616,Mutual Fund,2025-03-12,2025,3,March
309874,205519,Business,18439,3384.0,23536,Mutual Fund,2023-12-08,2023,12,December
309875,203901,Business,86358,1007.0,32548,Fixed Deposit,2024-02-12,2024,2,February
309876,202326,Savings,63848,4371.0,8268,Recurring Deposit,2024-12-15,2024,12,December
309877,200215,Business,30738,2858.0,21119,Fixed Deposit,2023-02-02,2023,2,February
309878,206139,Business,13037,188.99198400807944,16203,Mutual Fund,2024-07-13,2024,7,July
309879,204605,Current,36419,2712.0,47780,Recurring Deposit,2024-11-14,2024,11,November
309880,204690,Savings,80056,1703.0,2889,Fixed Deposit,2024-11-05,2024,11,November
309881,206247,Savings,10073,4820.0,3250,Fixed Deposit,2024-12-27,2024,12,December
309882,207134,Savings,89842,3972.0,21095,Recurring Deposit,2024-02-05,2024,2,February
309883,203122,Business,82576,2091.0,26378,Recurring Deposit,2025-03-08,2025,3,March
309884,208960,Business,42242,4469.0,5443,Fixed Deposit,2023-09-08,2023,9,September
309885,209292,Savings,10291,4755.0,22875,Fixed Deposit,2024-12-22,2024,12,December
309886,201112,Business,69620,3252.0,11856,Mutual Fund,2023-12-09,2023,12,December
309887,206793,Savings,9542,4786.0,6662,Fixed Deposit,2023-01-21,2023,1,January
309888,204857,Business,50698,770.0,22091,Recurring Deposit,2023-07-02,2023,7,July
309889,202077,Savings,34571,1547.0,15560,Fixed Deposit,2022-07-29,2022,7,July
309890,208077,Savings,67196,2708.0,41078,Recurring Deposit,2022-05-17,2022,5,May
309891,201759,Business,3358,4368.0,9550,Mutual Fund,2024-07-02,2024,7,July
309892,205277,Savings,7179,3851.0,44262,Recurring Deposit,2023-08-22,2023,8,August
309893,208708,Savings,58243,3296.0,6105,Recurring Deposit,2023-11-16,2023,11,November
309894,206636,Current,94338,357.0,46594,Recurring Deposit,2022-10-02,2022,10,October
309895,206414,Savings,10611,792.0,22058,Fixed Deposit,2024-06-06,2024,6,June
309896,205472,Savings,10417,1842.0,10754,Fixed Deposit,2024-07-08,2024,7,July
309897,201739,Current,60929,154.0,25479,Fixed Deposit,2023-06-05,2023,6,June
309898,202328,Savings,29636,253.0956960367928,16033,Recurring Deposit,2023-02-16,2023,2,February
309899,208466,Savings,59540,1897.0,28799,Fixed Deposit,2022-08-12,2022,8,August
309900,209274,Current,95085,2571.0,31278,Fixed Deposit,2024-05-23,2024,5,May
309901,204566,Business,14272,3930.0,34648,Recurring Deposit,2024-07-25,2024,7,July
309902,200678,Savings,18927,1754.0,34767,Recurring Deposit,2023-07-19,2023,7,July
309903,200894,Business,24370,4389.0,35982,Fixed Deposit,2024-06-07,2024,6,June
309904,209639,Savings,31117,2400.0,27418,Fixed Deposit,2023-09-01,2023,9,September
309905,207380,Savings,40150,1774.0,11751,Fixed Deposit,2024-12-02,2024,12,December
309906,208291,Business,94388,2770.0,38383,Mutual Fund,2022-11-24,2022,11,November
309907,206162,Current,43664,2812.0,14912,Fixed Deposit,2022-04-26,2022,4,April
309908,203907,Current,51574,933.0,6185,Recurring Deposit,2022-05-03,2022,5,May
309909,206633,Savings,69178,1260.0,27157,Fixed Deposit,2024-07-06,2024,7,July
309910,205778,Current,64996,2848.0,29497,Mutual Fund,2024-09-26,2024,9,September
309911,205434,Savings,70705,4436.0,34240,Mutual Fund,2023-04-26,2023,4,April
309912,205436,Savings,34563,2334.0,46519,Mutual Fund,2023-03-30,2023,3,March
309913,208223,Business,83404,3578.0,42678,Fixed Deposit,2023-07-06,2023,7,July
309914,207017,Business,86144,1099.0,15278,Recurring Deposit,2024-01-06,2024,1,January
309915,201580,Current,54922,3812.0,28339,Recurring Deposit,2024-05-13,2024,5,May
309916,202466,Business,67596,1843.0,12615,Fixed Deposit,2022-09-08,2022,9,September
309917,203509,Savings,61164,1664.0,41642,Fixed Deposit,2022-06-22,2022,6,June
309918,201001,Current,37794,2313.0,42856,Fixed Deposit,2023-10-21,2023,10,October
309919,204832,Business,57919,103.0,21279,Fixed Deposit,2023-04-28,2023,4,April
309920,208864,Current,44713,3911.0,4882,Recurring Deposit,2024-11-18,2024,11,November
309921,207958,Current,35663,3737.0,25316,Mutual Fund,2024-05-17,2024,5,May
309922,205112,Savings,87896,4447.0,37310,Mutual Fund,2023-09-22,2023,9,September
309923,207785,Current,49098,296.3293396574479,11402,Recurring Deposit,2022-09-29,2022,9,September
309924,207133,Savings,64476,2646.0,13608,Fixed Deposit,2022-06-03,2022,6,June
309925,204676,Savings,57888,1617.5147193699445,40851,Fixed Deposit,2024-12-26,2024,12,December
309926,208148,Current,39588,1359.0,25569,Recurring Deposit,2022-09-30,2022,9,September
309927,204303,Business,2662,2654.5809002561555,30779,Recurring Deposit,2024-02-16,2024,2,February
309928,205318,Business,70114,1307.0,9399,Mutual Fund,2023-06-26,2023,6,June
309929,207816,Current,89544,1889.0,20940,Recurring Deposit,2024-08-26,2024,8,August
309930,209776,Savings,36701,2163.0,30218,Fixed Deposit,2022-03-29,2022,3,March
309931,208217,Savings,41937,4979.0,34316,Recurring Deposit,2024-02-22,2024,2,February
309932,207391,Current,51655,3269.0,2600,Recurring Deposit,2023-08-29,2023,8,August
309933,205610,Current,18211,3686.0,12937,Recurring Deposit,2023-03-22,2023,3,March
309934,207450,Business,29095,4753.079495247054,9212,Fixed Deposit,2024-09-09,2024,9,September
309935,206312,Savings,76295,895.0,23297,Fixed Deposit,2024-08-15,2024,8,August
309936,202020,Savings,45908,3785.0,11253,Mutual Fund,2024-11-20,2024,11,November
309937,208402,Current,48468,4813.0,27769,Recurring Deposit,2025-01-17,2025,1,January
309938,203178,Savings,84158,1803.0,22335,Fixed Deposit,2024-06-26,2024,6,June
309939,209046,Current,44129,2744.0,43530,Mutual Fund,2024-10-01,2024,10,October
309940,209025,Savings,3374,3140.0,31144,Fixed Deposit,2023-03-19,2023,3,March
309941,200316,Business,42633,4582.0,40157,Mutual Fund,2023-09-16,2023,9,September
309942,204417,Savings,11481,1003.0,15574,Recurring Deposit,2023-06-28,2023,6,June
309943,208088,Current,34737,1546.0,30674,Mutual Fund,2023-06-06,2023,6,June
309944,202666,Current,67167,4142.0,31223,Recurring Deposit,2025-01-20,2025,1,January
309945,201085,Savings,27197,3597.0,17956,Recurring Deposit,2024-08-26,2024,8,August
309946,207645,Business,79100,1024.0,3551,Recurring Deposit,2025-01-28,2025,1,January
309947,207250,Business,97819,2935.0,10062,Recurring Deposit,2022-10-24,2022,10,October
309948,203863,Business,82015,3394.0,21837,Mutual Fund,2023-10-28,2023,10,October
309949,207541,Current,62353,4532.0,24060,Mutual Fund,2024-06-05,2024,6,June
309950,204960,Current,38926,2311.0,1983,Fixed Deposit,2023-04-09,2023,4,April
309951,204026,Business,21268,4420.0,6145,Mutual Fund,2022-08-31,2022,8,August
309952,208780,Savings,13114,4232.0,20630,Recurring Deposit,2023-08-12,2023,8,August
309953,206238,Savings,82606,3141.0,11598,Fixed Deposit,2024-05-31,2024,5,May
309954,208869,Savings,84422,3533.0,20880,Mutual Fund,2024-09-10,2024,9,September
309955,207687,Savings,84137,4981.0,9427,Recurring Deposit,2023-01-14,2023,1,January
309956,201849,Current,76395,5330.973159357537,38723,Fixed Deposit,2023-10-03,2023,10,October
309957,201309,Business,98664,1320.0,36091,Mutual Fund,2024-02-24,2024,2,February
309958,201590,Business,42715,2340.7221588868506,23396,Fixed Deposit,2022-08-20,2022,8,August
309959,207521,Savings,77910,4956.0,34382,Mutual Fund,2022-11-03,2022,11,November
309960,209587,Business,31267,3483.0,33208,Mutual Fund,2024-01-11,2024,1,January
309961,203973,Current,18713,2661.0,4313,Fixed Deposit,2023-12-21,2023,12,December
309962,206593,Savings,91454,1912.0,17273,Fixed Deposit,2022-07-26,2022,7,July
309963,200836,Business,61718,2419.0,32972,Fixed Deposit,2022-08-11,2022,8,August
309964,209257,Current,58360,951.6229411867808,5677,Recurring Deposit,2022-06-25,2022,6,June
309965,205374,Business,78653,198.0,33162,Recurring Deposit,2024-01-10,2024,1,January
309966,207122,Current,97930,197.0,22735,Fixed Deposit,2022-10-09,2022,10,October
309967,204160,Business,15855,1655.0,37321,Mutual Fund,2024-03-29,2024,3,March
309968,203045,Business,44575,3759.0,4511,Fixed Deposit,2023-02-17,2023,2,February
309969,206616,Current,27299,1360.0,15948,Recurring Deposit,2024-02-12,2024,2,February
309970,204431,Business,45214,470.0,33069,Fixed Deposit,2022-07-20,2022,7,July
309971,201959,Savings,5358,1274.0,6091,Fixed Deposit,2023-10-15,2023,10,October
309972,201715,Business,63528,4188.0,42857,Recurring Deposit,2025-02-04,2025,2,February
309973,207098,Business,70912,4880.0,18231,Mutual Fund,2024-06-15,2024,6,June
309974,208212,Current,72191,4647.0,25359,Mutual Fund,2023-12-06,2023,12,December
309975,202406,Savings,8793,1171.0,47931,Recurring Deposit,2024-09-19,2024,9,September
309976,207246,Business,23624,2773.0,42690,Recurring Deposit,2024-08-05,2024,8,August
309977,200132,Business,14919,3554.0,40725,Fixed Deposit,2024-06-04,2024,6,June
309978,208867,Business,35140,3250.0,1910,Mutual Fund,2023-11-24,2023,11,November
309979,208818,Business,61718,1454.0,47055,Mutual Fund,2023-05-04,2023,5,May
309980,207154,Current,81519,2914.0,39729,Recurring Deposit,2024-09-13,2024,9,September
309981,200789,Business,21652,3363.0,45517,Mutual Fund,2024-05-03,2024,5,May
309982,205511,Current,68996,3931.0,41446,Recurring Deposit,2024-12-03,2024,12,December
309983,200990,Savings,89094,2929.0,28866,Mutual Fund,2024-01-07,2024,1,January
309984,203456,Current,47904,1870.0,38008,Mutual Fund,2024-02-02,2024,2,February
309985,208987,Savings,60526,1045.0,25149,Recurring Deposit,2025-02-23,2025,2,February
309986,207988,Savings,17542,1483.0,43982,Fixed Deposit,2024-04-19,2024,4,April
309987,204247,Savings,83540,3052.0,19445,Fixed Deposit,2023-12-28,2023,12,December
309988,207421,Business,74969,143.0,9816,Mutual Fund,2022-11-28,2022,11,November
309989,206273,Current,86179,1859.0,7890,Fixed Deposit,2022-10-31,2022,10,October
309990,201598,Savings,37023,2364.0,5507,Mutual Fund,2024-05-14,2024,5,May
309991,203922,Current,20037,1827.0,6880,Fixed Deposit,2022-10-04,2022,10,October
309992,206696,Savings,31012,1134.0,30685,Fixed Deposit,2024-04-12,2024,4,April
309993,202032,Savings,3236,2626.0,15407,Mutual Fund,2024-03-01,2024,3,March
309994,207958,Savings,53811,993.0,29551,Fixed Deposit,2022-10-07,2022,10,October
309995,209905,Business,65866,668.0,23300,Recurring Deposit,2025-03-19,2025,3,March
309996,208521,Current,87463,1858.0,49424,Fixed Deposit,2024-05-26,2024,5,May
309997,203542,Business,34033,204.0,24744,Mutual Fund,2024-06-19,2024,6,June
309998,201696,Current,43393,4149.0,9044,Fixed Deposit,2022-09-20,2022,9,September
309999,209682,Savings,43052,3764.0,40989,Recurring Deposit,2025-03-03,2025,3,March
